movieId,title,year,clean_title,rating_count,rating_mean,rating_std,imdbId,tmdbId
318,"Shawshank Redemption, The (1994)",1994,"Shawshank Redemption, The",102929.0,4.404614,0.7661482,0111161,278
356,Forrest Gump (1994),1994,Forrest Gump,100296.0,4.052744,0.93517375,0109830,13
296,Pulp Fiction (1994),1994,Pulp Fiction,98409.0,4.1969686,0.945559,0110912,680
2571,"Matrix, The (1999)",1999,"Matrix, The",93808.0,4.1564364,0.90719134,0133093,603
593,"Silence of the Lambs, The (1991)",1991,"Silence of the Lambs, The",90330.0,4.148367,0.86292845,0102926,274
260,Star Wars: Episode IV - A New Hope (1977),1977,Star Wars: Episode IV - A New Hope,85010.0,4.0998235,0.9930465,0076759,11
2959,Fight Club (1999),1999,Fight Club,77332.0,4.22878,0.8604316,0137523,550
480,Jurassic Park (1993),1993,Jurassic Park,75233.0,3.698623,0.9373093,0107290,329
527,Schindler's List (1993),1993,Schindler's List,73849.0,4.2369905,0.88331884,0108052,424
4993,"Lord of the Rings: The Fellowship of the Ring, The (2001)",2001,"Lord of the Rings: The Fellowship of the Ring, The",73122.0,4.0921335,1.0092758,0120737,120
1196,Star Wars: Episode V - The Empire Strikes Back (1980),1980,Star Wars: Episode V - The Empire Strikes Back,72151.0,4.1303515,0.95592797,0080684,1891
110,Braveheart (1995),1995,Braveheart,69482.0,3.98863,0.9693495,0112573,197
1,Toy Story (1995),1995,Toy Story,68997.0,3.8974376,0.9214502,0114709,862
589,Terminator 2: Judgment Day (1991),1991,Terminator 2: Judgment Day,68383.0,3.9620447,0.91091233,0103064,280
50,"Usual Suspects, The (1995)",1995,"Usual Suspects, The",67750.0,4.26507,0.79321027,0114814,629
1210,Star Wars: Episode VI - Return of the Jedi (1983),1983,Star Wars: Episode VI - Return of the Jedi,67496.0,3.991555,0.9452153,0086190,1892
5952,"Lord of the Rings: The Two Towers, The (2002)",2002,"Lord of the Rings: The Two Towers, The",67463.0,4.072188,0.9970603,0167261,121
7153,"Lord of the Rings: The Return of the King, The (2003)",2003,"Lord of the Rings: The Return of the King, The",67449.0,4.0943604,1.0103595,0167260,122
1198,Raiders of the Lost Ark (Indiana Jones and the Raiders of the Lost Ark) (1981),1981,Raiders of the Lost Ark (Indiana Jones and the Raiders of the Lost Ark),67408.0,4.111893,0.8773012,0082971,85
858,"Godfather, The (1972)",1972,"Godfather, The",66440.0,4.3170304,0.8752461,0068646,238
2858,American Beauty (1999),1999,American Beauty,65158.0,4.093051,0.90930253,0169547,14
47,Seven (a.k.a. Se7en) (1995),1995,Seven (a.k.a. Se7en),63298.0,4.0871987,0.8458392,0114369,807
1270,Back to the Future (1985),1985,Back to the Future,61879.0,3.9691494,0.85889184,0088763,105
58559,"Dark Knight, The (2008)",2008,"Dark Knight, The",59334.0,4.1733494,0.89702255,0468569,155
2028,Saving Private Ryan (1998),1998,Saving Private Ryan,58368.0,4.0487423,0.89839053,0120815,857
608,Fargo (1996),1996,Fargo,58031.0,4.1165323,0.8950839,0116282,275
79132,Inception (2010),2010,Inception,57931.0,4.15717,0.84444314,1375666,27205
3578,Gladiator (2000),2000,Gladiator,57449.0,3.961183,0.9212191,0172495,98
780,Independence Day (a.k.a. ID4) (1996),1996,Independence Day (a.k.a. ID4),57224.0,3.3810987,1.0471555,0116629,602
457,"Fugitive, The (1993)",1993,"Fugitive, The",57073.0,3.969942,0.7799391,0106977,5503
2762,"Sixth Sense, The (1999)",1999,"Sixth Sense, The",57010.0,4.00321,0.84466326,0167404,745
150,Apollo 13 (1995),1995,Apollo 13,55940.0,3.8782089,0.85082835,0112384,568
32,Twelve Monkeys (a.k.a. 12 Monkeys) (1995),1995,Twelve Monkeys (a.k.a. 12 Monkeys),55275.0,3.9101853,0.8594078,0114746,63
4306,Shrek (2001),2001,Shrek,54844.0,3.7404912,0.95437074,0126029,808
4226,Memento (2000),2000,Memento,53658.0,4.1416006,0.79809487,0209144,77
364,"Lion King, The (1994)",1994,"Lion King, The",51518.0,3.8331554,0.9375158,0110357,8587
1704,Good Will Hunting (1997),1997,Good Will Hunting,50824.0,4.0911083,0.8088867,0119217,489
588,Aladdin (1992),1992,Aladdin,50442.0,3.7073174,0.9251623,0103639,812
592,Batman (1989),1989,Batman,49789.0,3.40992,0.8480798,0096895,268
6539,Pirates of the Caribbean: The Curse of the Black Pearl (2003),2003,Pirates of the Caribbean: The Curse of the Black Pearl,48722.0,3.7805305,0.9430665,0325980,22
1580,Men in Black (a.k.a. MIB) (1997),1997,Men in Black (a.k.a. MIB),48434.0,3.5937564,0.9004991,0119654,607
377,Speed (1994),1994,Speed,47210.0,3.4872272,0.9361661,0111257,1637
380,True Lies (1994),1994,True Lies,47148.0,3.4964898,0.9353695,0111503,36955
1240,"Terminator, The (1984)",1984,"Terminator, The",47131.0,3.902092,0.8787813,0088247,218
1197,"Princess Bride, The (1987)",1987,"Princess Bride, The",46957.0,4.119109,0.9212638,0093779,2493
590,Dances with Wolves (1990),1990,Dances with Wolves,46771.0,3.728956,0.9613659,0099348,581
1265,Groundhog Day (1993),1993,Groundhog Day,46512.0,3.9043903,0.8764282,0107048,137
1136,Monty Python and the Holy Grail (1975),1975,Monty Python and the Holy Grail,46508.0,4.1356325,0.9037165,0071853,762
1291,Indiana Jones and the Last Crusade (1989),1989,Indiana Jones and the Last Crusade,46401.0,3.9868646,0.863948,0097576,89
541,Blade Runner (1982),1982,Blade Runner,46289.0,4.1100044,0.9031161,0083658,78
6377,Finding Nemo (2003),2003,Finding Nemo,46128.0,3.8164997,0.8977346,0266543,12
4886,"Monsters, Inc. (2001)",2001,"Monsters, Inc.",46036.0,3.8374424,0.8860792,0198781,585
1721,Titanic (1997),1997,Titanic,45767.0,3.4019272,1.1293902,0120338,597
1036,Die Hard (1988),1988,Die Hard,45553.0,3.942309,0.8656944,0095016,562
1214,Alien (1979),1979,Alien,45211.0,4.0684013,0.88946396,0078748,348
6874,Kill Bill: Vol. 1 (2003),2003,Kill Bill: Vol. 1,45135.0,3.8535616,1.0100842,0266697,24
1193,One Flew Over the Cuckoo's Nest (1975),1975,One Flew Over the Cuckoo's Nest,44592.0,4.2042294,0.79236454,0073486,510
7361,Eternal Sunshine of the Spotless Mind (2004),2004,Eternal Sunshine of the Spotless Mind,44430.0,4.065294,0.8984305,0338013,38
1682,"Truman Show, The (1998)",1998,"Truman Show, The",44140.0,3.8918328,0.8163413,0120382,37165
1089,Reservoir Dogs (1992),1992,Reservoir Dogs,43730.0,4.0926824,0.83453304,0105236,500
4973,"Amelie (Fabuleux destin d'Amélie Poulain, Le) (2001)",2001,"Amelie (Fabuleux destin d'Amélie Poulain, Le)",43459.0,4.0821695,0.9420734,0211915,194
1221,"Godfather: Part II, The (1974)",1974,"Godfather: Part II, The",43111.0,4.2644687,0.8755873,0071562,240
648,Mission: Impossible (1996),1996,Mission: Impossible,42879.0,3.4111803,0.8997901,0117060,954
344,Ace Ventura: Pet Detective (1994),1994,Ace Ventura: Pet Detective,42728.0,3.0017552,1.1129788,0109040,3049
1213,Goodfellas (1990),1990,Goodfellas,42003.0,4.188427,0.80076844,0099685,769
293,Léon: The Professional (a.k.a. The Professional) (Léon) (1994),1994,Léon: The Professional (a.k.a. The Professional) (Léon),41846.0,4.0937605,0.8062055,0110413,101
33794,Batman Begins (2005),2005,Batman Begins,41686.0,3.920405,0.8638017,0372784,272
8961,"Incredibles, The (2004)",2004,"Incredibles, The",41463.0,3.8482382,0.9100875,0317705,9806
595,Beauty and the Beast (1991),1991,Beauty and the Beast,41342.0,3.6791883,0.98986876,0101414,10020
4963,Ocean's Eleven (2001),2001,Ocean's Eleven,41217.0,3.813366,0.8299834,0240772,161
4995,"Beautiful Mind, A (2001)",2001,"Beautiful Mind, A",41139.0,3.9586039,0.8053027,0268978,453
1097,E.T. the Extra-Terrestrial (1982),1982,E.T. the Extra-Terrestrial,40585.0,3.729124,0.96107304,0083866,601
1527,"Fifth Element, The (1997)",1997,"Fifth Element, The",40550.0,3.7858694,0.94915897,0119116,18
3793,X-Men (2000),2000,X-Men,40334.0,3.5350325,0.92008287,0120903,36657
367,"Mask, The (1994)",1994,"Mask, The",40007.0,3.186905,0.9972049,0110475,854
60069,WALL·E (2008),2008,WALL·E,39993.0,4.0076137,0.8960658,0910970,10681
500,Mrs. Doubtfire (1993),1993,Mrs. Doubtfire,39296.0,3.3921773,0.95912987,0107614,788
597,Pretty Woman (1990),1990,Pretty Woman,39189.0,3.4345224,0.98423946,0100405,114
2329,American History X (1998),1998,American History X,38967.0,4.1304436,0.7677472,0120586,73
3147,"Green Mile, The (1999)",1999,"Green Mile, The",38965.0,4.0355577,0.8419758,0120689,497
1200,Aliens (1986),1986,Aliens,38846.0,4.0072594,0.9153087,0090605,679
5989,Catch Me If You Can (2002),2002,Catch Me If You Can,38652.0,3.956781,0.74648803,0264464,640
1258,"Shining, The (1980)",1980,"Shining, The",38640.0,4.036439,0.87986255,0081505,694
5349,Spider-Man (2002),2002,Spider-Man,38627.0,3.4794445,0.9468569,0145487,557
165,Die Hard: With a Vengeance (1995),1995,Die Hard: With a Vengeance,38488.0,3.5161219,0.8983135,0112864,1572
5445,Minority Report (2002),2002,Minority Report,38446.0,3.6975238,0.8241858,0181689,180
2716,Ghostbusters (a.k.a. Ghost Busters) (1984),1984,Ghostbusters (a.k.a. Ghost Busters),38267.0,3.7626545,0.8793296,0087332,620
2628,Star Wars: Episode I - The Phantom Menace (1999),1999,Star Wars: Episode I - The Phantom Menace,37973.0,3.0634925,1.1437594,0120915,1893
5418,"Bourne Identity, The (2002)",2002,"Bourne Identity, The",37489.0,3.9033582,0.83541197,0258463,2501
7438,Kill Bill: Vol. 2 (2004),2004,Kill Bill: Vol. 2,37301.0,3.824482,0.99352306,0378194,393
109487,Interstellar (2014),2014,Interstellar,37157.0,4.133447,0.8948897,0816692,157336
733,"Rock, The (1996)",1996,"Rock, The",37001.0,3.671063,0.91899633,0117500,9802
1206,"Clockwork Orange, A (1971)",1971,"Clockwork Orange, A",36818.0,3.985442,1.0014955,0066921,185
231,Dumb & Dumber (Dumb and Dumber) (1994),1994,Dumb & Dumber (Dumb and Dumber),36802.0,2.982691,1.2034544,0109686,8467
111,Taxi Driver (1976),1976,Taxi Driver,36647.0,4.076664,0.8547402,0075314,103
59315,Iron Man (2008),2008,Iron Man,36468.0,3.8151393,0.9242947,0371746,1726
68954,Up (2009),2009,Up,36382.0,3.9504426,0.8848158,1049413,14160
1732,"Big Lebowski, The (1998)",1998,"Big Lebowski, The",36349.0,3.9925308,0.95337003,0118715,115
2997,Being John Malkovich (1999),1999,Being John Malkovich,36151.0,3.9338884,0.9319516,0120601,492
34,Babe (1995),1995,Babe,35969.0,3.586936,1.110269,0112431,9598
924,2001: A Space Odyssey (1968),1968,2001: A Space Odyssey,35934.0,3.9951718,1.0316076,0062622,62
4878,Donnie Darko (2001),2001,Donnie Darko,35452.0,3.9355326,0.94306946,0246578,141
736,Twister (1996),1996,Twister,35315.0,3.192043,1.0055076,0117998,664
778,Trainspotting (1996),1996,Trainspotting,35303.0,4.00888,0.88652796,0117951,627
153,Batman Forever (1995),1995,Batman Forever,35288.0,2.862687,0.96519476,0112462,414
48516,"Departed, The (2006)",2006,"Departed, The",35236.0,4.1313715,0.77265936,0407887,1422
316,Stargate (1994),1994,Stargate,35215.0,3.3812296,0.9459613,0111282,2164
44191,V for Vendetta (2006),2006,V for Vendetta,35173.0,3.9038467,0.89189184,0434409,752
72998,Avatar (2009),2009,Avatar,35043.0,3.5943127,1.0795085,0499549,19995
68157,Inglourious Basterds (2009),2009,Inglourious Basterds,34888.0,4.03795,0.88565373,0361748,16869
4896,Harry Potter and the Sorcerer's Stone (a.k.a. Harry Potter and the Philosopher's Stone) (2001),2001,Harry Potter and the Sorcerer's Stone (a.k.a. Harry Potter and the Philosopher's Stone),34825.0,3.6884854,1.0085891,0241527,671
586,Home Alone (1990),1990,Home Alone,34648.0,3.1783075,1.0240197,0099785,771
2918,Ferris Bueller's Day Off (1986),1986,Ferris Bueller's Day Off,33683.0,3.9081583,0.8761759,0091042,9377
3996,"Crouching Tiger, Hidden Dragon (Wo hu cang long) (2000)",2000,"Crouching Tiger, Hidden Dragon (Wo hu cang long)",33343.0,3.8394716,0.9746967,0190332,146
5618,Spirited Away (Sen to Chihiro no kamikakushi) (2001),2001,Spirited Away (Sen to Chihiro no kamikakushi),33333.0,4.213107,0.9122755,0245429,129
1961,Rain Man (1988),1988,Rain Man,33284.0,3.9013941,0.7826629,0095953,380
48780,"Prestige, The (2006)",2006,"Prestige, The",32965.0,4.117731,0.7749821,0482571,1124
1617,L.A. Confidential (1997),1997,L.A. Confidential,32831.0,4.055649,0.82177067,0119488,2118
750,Dr. Strangelove or: How I Learned to Stop Worrying and Love the Bomb (1964),1964,Dr. Strangelove or: How I Learned to Stop Worrying and Love the Bomb,32830.0,4.2026806,0.8834906,0057012,935
3114,Toy Story 2 (1999),1999,Toy Story 2,32683.0,3.812043,0.9552976,0120363,863
1073,Willy Wonka & the Chocolate Factory (1971),1971,Willy Wonka & the Chocolate Factory,32575.0,3.7156563,0.9594853,0067992,252
1208,Apocalypse Now (1979),1979,Apocalypse Now,32518.0,4.1199026,0.88425034,0078788,28
4011,Snatch (2000),2000,Snatch,32509.0,4.0669813,0.83348835,0208092,107
1222,Full Metal Jacket (1987),1987,Full Metal Jacket,32501.0,4.0490294,0.78620064,0093058,600
10,GoldenEye (1995),1995,GoldenEye,32474.0,3.42785,0.87551564,0113189,710
587,Ghost (1990),1990,Ghost,32382.0,3.4419894,0.98942524,0099653,251
4022,Cast Away (2000),2000,Cast Away,32200.0,3.6836956,0.8793386,0162222,8358
912,Casablanca (1942),1942,Casablanca,32190.0,4.194517,0.9012365,0034583,289
539,Sleepless in Seattle (1993),1993,Sleepless in Seattle,32129.0,3.51024,0.970239,0108160,858
99114,Django Unchained (2012),2012,Django Unchained,32043.0,4.026371,0.8623457,1853728,68718
253,Interview with the Vampire: The Vampire Chronicles (1994),1994,Interview with the Vampire: The Vampire Chronicles,31756.0,3.5143752,0.9363996,0110148,628
8368,Harry Potter and the Prisoner of Azkaban (2004),2004,Harry Potter and the Prisoner of Azkaban,31427.0,3.8174977,0.96579653,0304141,673
208,Waterworld (1995),1995,Waterworld,31329.0,2.877414,1.0351329,0114898,9804
349,Clear and Present Danger (1994),1994,Clear and Present Danger,31300.0,3.6546166,0.8216744,0109444,9331
1246,Dead Poets Society (1989),1989,Dead Poets Society,31035.0,3.9384243,0.86045104,0097165,207
39,Clueless (1995),1995,Clueless,30616.0,3.429024,0.9917637,0112697,9603
91529,"Dark Knight Rises, The (2012)",2012,"Dark Knight Rises, The",30369.0,3.9635649,0.93520194,1345836,49026
357,Four Weddings and a Funeral (1994),1994,Four Weddings and a Funeral,30312.0,3.6414456,0.9315829,0109831,712
5816,Harry Potter and the Chamber of Secrets (2002),2002,Harry Potter and the Chamber of Secrets,29900.0,3.6472073,0.9962775,0295297,672
6365,"Matrix Reloaded, The (2003)",2003,"Matrix Reloaded, The",29835.0,3.372616,1.0539612,0234215,604
2324,Life Is Beautiful (La Vita è bella) (1997),1997,Life Is Beautiful (La Vita è bella),29819.0,4.150374,0.9362023,0118799,637
1968,"Breakfast Club, The (1985)",1985,"Breakfast Club, The",29669.0,3.8315582,0.876076,0088847,2108
4027,"O Brother, Where Art Thou? (2000)",2000,"O Brother, Where Art Thou?",29593.0,3.8739905,0.9136962,0190590,134
2706,American Pie (1999),1999,American Pie,29519.0,3.2760086,1.134838,0163651,2105
6,Heat (1995),1995,Heat,29490.0,3.8682773,0.874817,0113277,949
1923,There's Something About Mary (1998),1998,There's Something About Mary,29426.0,3.5118773,1.0357271,0129387,544
2115,Indiana Jones and the Temple of Doom (1984),1984,Indiana Jones and the Temple of Doom,29294.0,3.6989315,0.910599,0087469,87
1387,Jaws (1975),1975,Jaws,29265.0,3.7850163,0.97092754,0073195,578
919,"Wizard of Oz, The (1939)",1939,"Wizard of Oz, The",29260.0,3.919942,0.97101986,0032138,630
3949,Requiem for a Dream (2000),2000,Requiem for a Dream,29235.0,3.9839234,0.942422,0180093,641
74458,Shutter Island (2010),2010,Shutter Island,29096.0,3.9931262,0.83523387,1130884,11324
2683,Austin Powers: The Spy Who Shagged Me (1999),1999,Austin Powers: The Spy Who Shagged Me,29089.0,3.1995428,1.0961494,0145660,817
2,Jumanji (1995),1995,Jumanji,28904.0,3.2757578,0.9555445,0113497,8844
2291,Edward Scissorhands (1990),1990,Edward Scissorhands,28689.0,3.725888,0.89414424,0099487,162
2502,Office Space (1999),1999,Office Space,28330.0,3.9910166,0.83707476,0151804,1542
2011,Back to the Future Part II (1989),1989,Back to the Future Part II,28236.0,3.593533,0.9621485,0096874,165
50872,Ratatouille (2007),2007,Ratatouille,28187.0,3.8322985,0.89369255,0382932,2062
134130,The Martian (2015),2015,The Martian,28104.0,4.024783,0.81432897,3659388,286217
32587,Sin City (2005),2005,Sin City,28015.0,3.758897,0.9821299,0401792,187
223,Clerks (1994),1994,Clerks,27906.0,3.8398552,0.97895455,0109445,2292
292,Outbreak (1995),1995,Outbreak,27883.0,3.4108596,0.8686345,0114069,6950
329,Star Trek: Generations (1994),1994,Star Trek: Generations,27773.0,3.3230295,0.9669981,0111280,193
49272,Casino Royale (2006),2006,Casino Royale,27689.0,3.8356025,0.86267555,0381061,36557
1517,Austin Powers: International Man of Mystery (1997),1997,Austin Powers: International Man of Mystery,27589.0,3.4132807,1.083278,0118655,816
2396,Shakespeare in Love (1998),1998,Shakespeare in Love,27514.0,3.7738423,1.0103503,0138097,1934
5378,Star Wars: Episode II - Attack of the Clones (2002),2002,Star Wars: Episode II - Attack of the Clones,27415.0,3.0236914,1.1441383,0121765,1894
55820,No Country for Old Men (2007),2007,No Country for Old Men,27384.0,4.050814,0.8847006,0477348,6977
1259,Stand by Me (1986),1986,Stand by Me,27367.0,3.9866629,0.7828212,0092005,235
1307,When Harry Met Sally... (1989),1989,When Harry Met Sally...,27362.0,3.835721,0.9334918,0098635,639
1080,Monty Python's Life of Brian (1979),1979,Monty Python's Life of Brian,27292.0,3.987304,0.89324963,0079470,583
454,"Firm, The (1993)",1993,"Firm, The",27224.0,3.502314,0.81296146,0106918,37233
1784,As Good as It Gets (1997),1997,As Good as It Gets,27176.0,3.7716,0.90204346,0119822,2898
1219,Psycho (1960),1960,Psycho,27027.0,4.0625114,0.8570522,0054215,539
8636,Spider-Man 2 (2004),2004,Spider-Man 2,26989.0,3.449294,1.0011638,0316654,558
1653,Gattaca (1997),1997,Gattaca,26958.0,3.822817,0.86516154,0119177,782
54286,"Bourne Ultimatum, The (2007)",2007,"Bourne Ultimatum, The",26934.0,3.8992538,0.8742103,0440963,2503
2916,Total Recall (1990),1990,Total Recall,26920.0,3.6287334,0.87163454,0100802,861
8874,Shaun of the Dead (2004),2004,Shaun of the Dead,26914.0,3.8780189,0.91693294,0365748,747
106782,"Wolf of Wall Street, The (2013)",2013,"Wolf of Wall Street, The",26861.0,3.9342728,0.9144881,0993846,106646
2355,"Bug's Life, A (1998)",1998,"Bug's Life, A",26736.0,3.5581052,0.9048212,0120623,9487
1917,Armageddon (1998),1998,Armageddon,26671.0,3.0057554,1.1277322,0120591,95
1393,Jerry Maguire (1996),1996,Jerry Maguire,26643.0,3.5950718,0.92470825,0116695,9390
112852,Guardians of the Galaxy (2014),2014,Guardians of the Galaxy,26482.0,3.9101844,0.95539117,2015381,118340
288,Natural Born Killers (1994),1994,Natural Born Killers,26472.0,3.2615595,1.1778971,0110632,241
89745,"Avengers, The (2012)",2012,"Avengers, The",26315.0,3.733574,1.0508032,0848228,24428
6711,Lost in Translation (2003),2003,Lost in Translation,26273.0,3.7936854,1.0007405,0335266,153
48394,"Pan's Labyrinth (Laberinto del fauno, El) (2006)",2006,"Pan's Labyrinth (Laberinto del fauno, El)",26258.0,3.969038,0.91829914,0457430,1417
1610,"Hunt for Red October, The (1990)",1990,"Hunt for Red October, The",26219.0,3.871105,0.8328229,0099810,1669
40815,Harry Potter and the Goblet of Fire (2005),2005,Harry Potter and the Goblet of Fire,26211.0,3.762142,0.9861367,0330373,674
2012,Back to the Future Part III (1990),1990,Back to the Future Part III,26166.0,3.3676527,1.0098726,0099088,196
8360,Shrek 2 (2004),2004,Shrek 2,26102.0,3.4748487,1.0031222,0298148,809
551,"Nightmare Before Christmas, The (1993)",1993,"Nightmare Before Christmas, The",26081.0,3.7421494,0.96824497,0107688,9479
1584,Contact (1997),1997,Contact,25896.0,3.7011313,0.94744414,0118884,686
8665,"Bourne Supremacy, The (2004)",2004,"Bourne Supremacy, The",25836.0,3.8454094,0.85376626,0372183,2502
434,Cliffhanger (1993),1993,Cliffhanger,25769.0,3.0520976,0.92782897,0106582,9350
63082,Slumdog Millionaire (2008),2008,Slumdog Millionaire,25745.0,3.8221402,0.88962364,1010048,12405
6016,City of God (Cidade de Deus) (2002),2002,City of God (Cidade de Deus),25688.0,4.1786633,0.84524447,0317248,598
185,"Net, The (1995)",1995,"Net, The",25669.0,3.1011336,0.9609193,0113957,1642
2987,Who Framed Roger Rabbit? (1988),1988,Who Framed Roger Rabbit?,25451.0,3.551884,0.9447661,0096438,856
3948,Meet the Parents (2000),2000,Meet the Parents,25370.0,3.3842332,0.9956247,0212338,1597
161,Crimson Tide (1995),1995,Crimson Tide,25270.0,3.7449348,0.825348,0112740,8963
46578,Little Miss Sunshine (2006),2006,Little Miss Sunshine,25057.0,3.8611565,0.8746456,0449059,773
1225,Amadeus (1984),1984,Amadeus,24986.0,4.072641,0.84041065,0086879,279
339,While You Were Sleeping (1995),1995,While You Were Sleeping,24940.0,3.496251,0.93497,0114924,2064
2791,Airplane! (1980),1980,Airplane!,24936.0,3.8069057,0.96564716,0080339,813
904,Rear Window (1954),1954,Rear Window,24883.0,4.226701,0.77754796,0047396,567
19,Ace Ventura: When Nature Calls (1995),1995,Ace Ventura: When Nature Calls,24849.0,2.66391,1.1657696,0112281,9273
51662,300 (2007),2007,300,24833.0,3.548222,1.0541669,0416449,1271
21,Get Shorty (1995),1995,Get Shorty,24829.0,3.5650852,0.9231228,0113161,8012
70286,District 9 (2009),2009,District 9,24808.0,3.8061714,0.9193224,1136608,17654
33493,Star Wars: Episode III - Revenge of the Sith (2005),2005,Star Wars: Episode III - Revenge of the Sith,24773.0,3.3887095,1.1233501,0121766,1895
2174,Beetlejuice (1988),1988,Beetlejuice,24681.0,3.51645,0.9416274,0094721,4011
6333,X2: X-Men United (2003),2003,X2: X-Men United,24680.0,3.5699756,0.9179794,0290334,36658
116797,The Imitation Game (2014),2014,The Imitation Game,24460.0,3.9924774,0.803871,2084970,205596
2542,"Lock, Stock & Two Smoking Barrels (1998)",1998,"Lock, Stock & Two Smoking Barrels",24152.0,4.028093,0.8435844,0120735,100
56367,Juno (2007),2007,Juno,24094.0,3.7047398,0.92975414,0467406,7326
1101,Top Gun (1986),1986,Top Gun,24068.0,3.4197066,1.0016001,0092099,744
1220,"Blues Brothers, The (1980)",1980,"Blues Brothers, The",24039.0,3.8010316,0.9564272,0080455,525
3897,Almost Famous (2000),2000,Almost Famous,24024.0,3.8308775,0.8867842,0181875,786
2797,Big (1988),1988,Big,24016.0,3.620503,0.8879503,0094737,2280
5218,Ice Age (2002),2002,Ice Age,24005.0,3.5244532,0.95496505,0268380,425
1573,Face/Off (1997),1997,Face/Off,23875.0,3.3280838,1.0246526,0119094,754
6934,"Matrix Revolutions, The (2003)",2003,"Matrix Revolutions, The",23699.0,3.2361703,1.1108806,0242653,605
141,"Birdcage, The (1996)",1996,"Birdcage, The",23546.0,3.513739,0.978193,0115685,11000
8644,"I, Robot (2004)",2004,"I, Robot",23382.0,3.4726286,0.912644,0343818,2048
69122,"Hangover, The (2009)",2009,"Hangover, The",23372.0,3.594964,1.0190303,1119646,18785
1625,"Game, The (1997)",1997,"Game, The",23310.0,3.8745174,0.85299057,0119174,2649
95,Broken Arrow (1996),1996,Broken Arrow,23156.0,3.0771074,0.9624134,0115759,9208
122904,Deadpool (2016),2016,Deadpool,23147.0,3.850283,1.0141232,1431045,293660
104,Happy Gilmore (1996),1996,Happy Gilmore,22963.0,3.397988,1.0735675,0116483,9614
2617,"Mummy, The (1999)",1999,"Mummy, The",22927.0,3.2302308,1.0548401,0120616,564
1201,"Good, the Bad and the Ugly, The (Buono, il brutto, il cattivo, Il) (1966)",1966,"Good, the Bad and the Ugly, The (Buono, il brutto, il cattivo, Il)",22922.0,4.1340632,0.8403107,0060196,429
923,Citizen Kane (1941),1941,Citizen Kane,22920.0,4.0713787,0.98693913,0033467,15
508,Philadelphia (1993),1993,Philadelphia,22912.0,3.8042073,0.8731884,0107818,9800
3751,Chicken Run (2000),2000,Chicken Run,22822.0,3.4687364,1.0081271,0120630,7443
2710,"Blair Witch Project, The (1999)",1999,"Blair Witch Project, The",22780.0,2.9161105,1.2286401,0185937,2667
5995,"Pianist, The (2002)",2002,"Pianist, The",22683.0,4.052859,0.83075637,0253474,423
1079,"Fish Called Wanda, A (1988)",1988,"Fish Called Wanda, A",22610.0,3.825763,0.8945049,0095159,623
25,Leaving Las Vegas (1995),1995,Leaving Las Vegas,22525.0,3.676182,1.0337187,0113627,451
1485,Liar Liar (1997),1997,Liar Liar,22475.0,3.2527475,0.9754488,0119528,1624
1247,"Graduate, The (1967)",1967,"Graduate, The",22319.0,4.0210805,0.85823816,0061722,37247
16,Casino (1995),1995,Casino,22298.0,3.8383486,0.8543418,0112641,524
3623,Mission: Impossible II (2000),2000,Mission: Impossible II,22254.0,2.98252,1.0516201,0120755,955
17,Sense and Sensibility (1995),1995,Sense and Sensibility,22251.0,3.945126,0.9670411,0114388,4584
2692,Run Lola Run (Lola rennt) (1998),1998,Run Lola Run (Lola rennt),22239.0,3.9599352,0.843517,0130827,104
1356,Star Trek: First Contact (1996),1996,Star Trek: First Contact,22188.0,3.6553316,0.99258983,0117731,199
2000,Lethal Weapon (1987),1987,Lethal Weapon,22152.0,3.6973186,0.8693233,0093409,941
7147,Big Fish (2003),2003,Big Fish,22072.0,3.798002,0.88939404,0319061,587
788,"Nutty Professor, The (1996)",1996,"Nutty Professor, The",22021.0,2.7973526,1.105174,0117218,9327
1203,12 Angry Men (1957),1957,12 Angry Men,21863.0,4.2653112,0.7777087,0050083,389
36,Dead Man Walking (1995),1995,Dead Man Walking,21759.0,3.9205616,0.8985424,0112818,687
3408,Erin Brockovich (2000),2000,Erin Brockovich,21645.0,3.5805035,0.9134858,0195685,462
109374,"Grand Budapest Hotel, The (2014)",2014,"Grand Budapest Hotel, The",21554.0,4.0289736,0.8925644,2278388,120467
134853,Inside Out (2015),2015,Inside Out,21483.0,3.9099753,0.96301574,2096673,150540
45722,Pirates of the Caribbean: Dead Man's Chest (2006),2006,Pirates of the Caribbean: Dead Man's Chest,21481.0,3.4652717,1.0006537,0383574,58
3977,Charlie's Angels (2000),2000,Charlie's Angels,21392.0,2.7400663,1.0859123,0160127,4327
6502,28 Days Later (2002),2002,28 Days Later,21390.0,3.7721364,0.8993713,0289043,170
80463,"Social Network, The (2010)",2010,"Social Network, The",21335.0,3.780314,0.8762844,1285016,37799
122882,Mad Max: Fury Road (2015),2015,Mad Max: Fury Road,21315.0,3.8687074,1.0382077,1392190,76341
68358,Star Trek (2009),2009,Star Trek,21229.0,3.8002496,0.9500233,0796366,13475
300,Quiz Show (1994),1994,Quiz Show,21085.0,3.6608253,0.81315374,0110932,11450
54001,Harry Potter and the Order of the Phoenix (2007),2007,Harry Potter and the Order of the Phoenix,21073.0,3.7549472,1.0077893,0373889,675
1676,Starship Troopers (1997),1997,Starship Troopers,21043.0,3.329183,1.0932922,0120201,563
69844,Harry Potter and the Half-Blood Prince (2009),2009,Harry Potter and the Half-Blood Prince,21033.0,3.816788,1.0088931,0417741,767
81834,Harry Potter and the Deathly Hallows: Part 1 (2010),2010,Harry Potter and the Deathly Hallows: Part 1,20969.0,3.8310363,1.0168685,0926084,12444
3994,Unbreakable (2000),2000,Unbreakable,20917.0,3.5090358,0.91975284,0217869,9741
2700,"South Park: Bigger, Longer and Uncut (1999)",1999,"South Park: Bigger, Longer and Uncut",20870.0,3.6265693,1.1108247,0158983,9473
442,Demolition Man (1993),1993,Demolition Man,20850.0,3.0941248,0.98771846,0106697,9739
7254,The Butterfly Effect (2004),2004,The Butterfly Effect,20839.0,3.6991937,0.9637505,0289879,1954
1391,Mars Attacks! (1996),1996,Mars Attacks!,20793.0,2.982903,1.0908644,0116996,75
3527,Predator (1987),1987,Predator,20776.0,3.6726751,0.9190006,0093773,106
1252,Chinatown (1974),1974,Chinatown,20730.0,4.154631,0.8376045,0071315,829
48774,Children of Men (2006),2006,Children of Men,20686.0,3.9171903,0.867417,0206634,9693
1954,Rocky (1976),1976,Rocky,20682.0,3.742965,0.9598235,0075148,1366
51255,Hot Fuzz (2007),2007,Hot Fuzz,20655.0,3.8697653,0.90530825,0425112,4638
62,Mr. Holland's Opus (1995),1995,Mr. Holland's Opus,20596.0,3.7118616,0.9844701,0113862,2054
115713,Ex Machina (2015),2015,Ex Machina,20588.0,3.9880028,0.8313494,0470752,264660
594,Snow White and the Seven Dwarfs (1937),1937,Snow White and the Seven Dwarfs,20567.0,3.5753634,0.981527,0029583,408
56174,I Am Legend (2007),2007,I Am Legend,20415.0,3.5128093,0.9301667,0480249,6479
1127,"Abyss, The (1989)",1989,"Abyss, The",20399.0,3.6745675,0.8722685,0096754,2756
474,In the Line of Fire (1993),1993,In the Line of Fire,20399.0,3.7202313,0.759483,0107206,9386
4979,"Royal Tenenbaums, The (2001)",2001,"Royal Tenenbaums, The",20357.0,3.784374,1.026586,0265666,9428
73017,Sherlock Holmes (2009),2009,Sherlock Holmes,20352.0,3.7379127,0.90569335,0988045,10528
78499,Toy Story 3 (2010),2010,Toy Story 3,20327.0,3.827643,0.9913256,0435761,10193
91500,The Hunger Games (2012),2012,The Hunger Games,20315.0,3.5112724,1.0151074,1392170,70160
81845,"King's Speech, The (2010)",2010,"King's Speech, The",20274.0,3.9033492,0.8291763,1504320,45269
3481,High Fidelity (2000),2000,High Fidelity,20240.0,3.8018281,0.86731905,0146882,243
88125,Harry Potter and the Deathly Hallows: Part 2 (2011),2011,Harry Potter and the Deathly Hallows: Part 2,20227.0,3.8915312,1.0161852,1201607,12445
7143,"Last Samurai, The (2003)",2003,"Last Samurai, The",20186.0,3.6673188,0.92114484,0325710,616
410,Addams Family Values (1993),1993,Addams Family Values,20166.0,3.0268025,0.9396826,0106220,2758
112556,Gone Girl (2014),2014,Gone Girl,20160.0,3.9535465,0.84714633,2267998,210577
76093,How to Train Your Dragon (2010),2010,How to Train Your Dragon,20142.0,3.899737,0.9271613,0892769,10191
6373,Bruce Almighty (2003),2003,Bruce Almighty,20141.0,3.2271733,0.95458746,0315327,310
3052,Dogma (1999),1999,Dogma,20101.0,3.627929,1.0073926,0120655,1832
35836,"40-Year-Old Virgin, The (2005)",2005,"40-Year-Old Virgin, The",20093.0,3.456801,1.0139751,0405422,6957
908,North by Northwest (1959),1959,North by Northwest,20093.0,4.1872544,0.77882606,0053125,213
440,Dave (1993),1993,Dave,19992.0,3.597214,0.8150243,0106673,11566
1407,Scream (1996),1996,Scream,19963.0,3.304939,1.0759978,0117571,4232
71535,Zombieland (2009),2009,Zombieland,19908.0,3.7364879,0.9027571,1156398,19908
1090,Platoon (1986),1986,Platoon,19876.0,3.905313,0.833702,0091763,792
4034,Traffic (2000),2000,Traffic,19788.0,3.7854002,0.8837365,0181865,1900
111759,Edge of Tomorrow (2014),2014,Edge of Tomorrow,19760.0,3.9581983,0.82472396,1631867,137113
164179,Arrival (2016),2016,Arrival,19742.0,4.0451827,0.83712906,2543164,329865
2712,Eyes Wide Shut (1999),1999,Eyes Wide Shut,19727.0,3.3281035,1.1393259,0120663,345
2268,"Few Good Men, A (1992)",1992,"Few Good Men, A",19616.0,3.831515,0.8216159,0104257,881
48385,Borat: Cultural Learnings of America for Make Benefit Glorious Nation of Kazakhstan (2006),2006,Borat: Cultural Learnings of America for Make Benefit Glorious Nation of Kazakhstan,19566.0,3.4152355,1.1869072,0443453,496
54503,Superbad (2007),2007,Superbad,19565.0,3.7673397,0.9753513,0829482,8363
4262,Scarface (1983),1983,Scarface,19546.0,3.9363809,0.8614759,0086250,111
903,Vertigo (1958),1958,Vertigo,19529.0,4.1170053,0.8232414,0052357,426
337,What's Eating Gilbert Grape (1993),1993,What's Eating Gilbert Grape,19510.0,3.747386,0.8686993,0108550,1587
1288,This Is Spinal Tap (1984),1984,This Is Spinal Tap,19492.0,4.007875,0.930242,0088258,11031
112552,Whiplash (2014),2014,Whiplash,19477.0,4.1547465,0.86617637,2582802,244786
1230,Annie Hall (1977),1977,Annie Hall,19323.0,4.033406,0.97872746,0075686,703
1370,Die Hard 2 (1990),1990,Die Hard 2,19308.0,3.4572976,0.90208006,0099423,1573
81591,Black Swan (2010),2010,Black Swan,19149.0,3.7956812,0.93911564,0947798,44214
11,"American President, The (1995)",1995,"American President, The",19127.0,3.65716,0.9037832,0112346,9087
1544,"Lost World: Jurassic Park, The (1997)",1997,"Lost World: Jurassic Park, The",19112.0,3.0120604,1.0045413,0119567,330
6863,School of Rock (2003),2003,School of Rock,19044.0,3.4065847,0.9449288,0332379,1584
2194,"Untouchables, The (1987)",1987,"Untouchables, The",18929.0,3.8749802,0.77766293,0094226,117
1380,Grease (1978),1978,Grease,18926.0,3.3075926,1.1185266,0077631,621
3535,American Psycho (2000),2000,American Psycho,18868.0,3.6855257,0.97044677,0144084,1359
64614,Gran Torino (2008),2008,Gran Torino,18810.0,3.8931952,0.8356945,1205489,13223
5459,Men in Black II (a.k.a. MIIB) (a.k.a. MIB 2) (2002),2002,Men in Black II (a.k.a. MIIB) (a.k.a. MIB 2),18809.0,3.0413897,0.992556,0120912,608
1207,To Kill a Mockingbird (1962),1962,To Kill a Mockingbird,18785.0,4.134469,0.8551325,0056592,595
122886,Star Wars: Episode VII - The Force Awakens (2015),2015,Star Wars: Episode VII - The Force Awakens,18727.0,3.617611,1.0758809,2488496,140607
1199,Brazil (1985),1985,Brazil,18702.0,4.006764,0.9801897,0088846,68
368,Maverick (1994),1994,Maverick,18685.0,3.417902,0.89803606,0110478,9359
3753,"Patriot, The (2000)",2000,"Patriot, The",18624.0,3.448051,1.0528378,0187393,2024
4246,Bridget Jones's Diary (2001),2001,Bridget Jones's Diary,18623.0,3.3745637,1.0466249,0243155,634
353,"Crow, The (1994)",1994,"Crow, The",18497.0,3.5157323,0.9968436,0109506,9495
30707,Million Dollar Baby (2004),2004,Million Dollar Baby,18458.0,3.8210802,0.8836792,0405159,70
92259,Intouchables (2011),2011,Intouchables,18416.0,4.1188097,0.9121631,1675434,77338
1234,"Sting, The (1973)",1973,"Sting, The",18416.0,4.143218,0.78443706,0070735,9277
1374,Star Trek II: The Wrath of Khan (1982),1982,Star Trek II: The Wrath of Khan,18400.0,3.706875,1.0083833,0084726,154
2985,RoboCop (1987),1987,RoboCop,18396.0,3.3926668,1.0054438,0093870,5548
953,It's a Wonderful Life (1946),1946,It's a Wonderful Life,18374.0,4.039131,0.9859781,0038650,1585
2054,"Honey, I Shrunk the Kids (1989)",1989,"Honey, I Shrunk the Kids",18346.0,2.736046,0.9933426,0097523,9354
1278,Young Frankenstein (1974),1974,Young Frankenstein,18311.0,3.9769812,0.9168919,0072431,3034
6942,Love Actually (2003),2003,Love Actually,18272.0,3.697789,1.0414798,0314331,508
2353,Enemy of the State (1998),1998,Enemy of the State,18246.0,3.5745642,0.86099696,0120660,9798
1997,"Exorcist, The (1973)",1973,"Exorcist, The",18245.0,3.7577145,1.0363971,0070047,9552
104841,Gravity (2013),2013,Gravity,18126.0,3.5974844,0.9734473,1454468,49047
1035,"Sound of Music, The (1965)",1965,"Sound of Music, The",18122.0,3.8070302,1.0784494,0059742,15121
1394,Raising Arizona (1987),1987,Raising Arizona,18065.0,3.8685856,0.9469288,0093822,378
509,"Piano, The (1993)",1993,"Piano, The",17960.0,3.6839087,1.0522052,0107822,713
2081,"Little Mermaid, The (1989)",1989,"Little Mermaid, The",17911.0,3.5357044,1.0382392,0097757,10144
317,"Santa Clause, The (1994)",1994,"Santa Clause, The",17903.0,3.1236665,1.0132818,0111070,11395
3471,Close Encounters of the Third Kind (1977),1977,Close Encounters of the Third Kind,17834.0,3.7790737,0.8836144,0075860,840
266,Legends of the Fall (1994),1994,Legends of the Fall,17820.0,3.5056398,1.0391809,0110322,4476
1552,Con Air (1997),1997,Con Air,17747.0,3.209951,0.9996681,0118880,1701
555,True Romance (1993),1993,True Romance,17743.0,3.8156457,0.8856207,0108399,319
3000,Princess Mononoke (Mononoke-hime) (1997),1997,Princess Mononoke (Mononoke-hime),17730.0,4.164157,0.8600198,0119698,128
2395,Rushmore (1998),1998,Rushmore,17715.0,3.8545017,1.0059024,0128445,11545
1028,Mary Poppins (1964),1964,Mary Poppins,17710.0,3.7283456,0.9960272,0058331,433
1148,Wallace & Gromit: The Wrong Trousers (1993),1993,Wallace & Gromit: The Wrong Trousers,17652.0,4.1118,0.95076257,0108598,531
1266,Unforgiven (1992),1992,Unforgiven,17593.0,3.9933496,0.8569103,0105695,33
1304,Butch Cassidy and the Sundance Kid (1969),1969,Butch Cassidy and the Sundance Kid,17587.0,4.0419345,0.8178821,0064115,642
5502,Signs (2002),2002,Signs,17526.0,3.2574174,1.0215625,0286106,2675
3175,Galaxy Quest (1999),1999,Galaxy Quest,17512.0,3.6193182,0.96391207,0177789,926
4308,Moulin Rouge (2001),2001,Moulin Rouge,17506.0,3.5062835,1.1653085,0203009,824
235,Ed Wood (1994),1994,Ed Wood,17428.0,3.6632144,0.9526275,0109707,522
3081,Sleepy Hollow (1999),1999,Sleepy Hollow,17415.0,3.5223658,0.8746864,0162661,2668
2671,Notting Hill (1999),1999,Notting Hill,17387.0,3.480215,0.993919,0125439,509
33679,Mr. & Mrs. Smith (2005),2005,Mr. & Mrs. Smith,17358.0,3.2419057,0.99052775,0356910,787
786,Eraser (1996),1996,Eraser,17341.0,3.139121,0.9881979,0116213,9268
27773,Old Boy (2003),2003,Old Boy,17331.0,4.089464,0.9067305,0364569,670
1608,Air Force One (1997),1997,Air Force One,17233.0,3.312946,0.9636434,0118571,9772
4370,A.I. Artificial Intelligence (2001),2001,A.I. Artificial Intelligence,17225.0,3.2910595,1.0399035,0212720,644
30793,Charlie and the Chocolate Factory (2005),2005,Charlie and the Chocolate Factory,17186.0,3.127313,1.0405074,0367594,118
1641,"Full Monty, The (1997)",1997,"Full Monty, The",17167.0,3.6815984,0.91636187,0119164,9427
106920,Her (2013),2013,Her,17110.0,3.9014904,0.9398352,1798709,152601
77561,Iron Man 2 (2010),2010,Iron Man 2,17099.0,3.4225101,1.0083673,1228705,10138
5010,Black Hawk Down (2001),2001,Black Hawk Down,17083.0,3.6856525,0.9219149,0265086,855
60684,Watchmen (2009),2009,Watchmen,17016.0,3.692554,0.9955336,0409459,13183
6378,"Italian Job, The (2003)",2003,"Italian Job, The",17009.0,3.5438004,0.887348,0317740,9654
2640,Superman (1978),1978,Superman,16890.0,3.3977797,0.9321771,0078346,1924
2572,10 Things I Hate About You (1999),1999,10 Things I Hate About You,16876.0,3.55653,0.97932917,0147800,4951
173,Judge Dredd (1995),1995,Judge Dredd,16833.0,2.5674272,1.0420681,0113492,9482
920,Gone with the Wind (1939),1939,Gone with the Wind,16824.0,3.8037624,1.0869819,0031381,770
70,From Dusk Till Dawn (1996),1996,From Dusk Till Dawn,16824.0,3.3432596,1.0418535,0116367,755
1183,"English Patient, The (1996)",1996,"English Patient, The",16746.0,3.6201482,1.1397632,0116209,409
1645,The Devil's Advocate (1997),1997,The Devil's Advocate,16718.0,3.5685787,0.9541008,0118971,1813
784,"Cable Guy, The (1996)",1996,"Cable Guy, The",16699.0,2.7213006,1.0575695,0115798,9894
3253,Wayne's World (1992),1992,Wayne's World,16697.0,3.4630473,0.95209587,0105793,8872
1673,Boogie Nights (1997),1997,Boogie Nights,16652.0,3.723727,0.95089185,0118749,4995
4848,Mulholland Drive (2001),2001,Mulholland Drive,16635.0,3.8506162,1.0366403,0166924,1018
4720,"Others, The (2001)",2001,"Others, The",16578.0,3.7102485,0.8726066,0230600,1933
41566,"Chronicles of Narnia: The Lion, the Witch and the Wardrobe, The (2005)",2005,"Chronicles of Narnia: The Lion, the Witch and the Wardrobe, The",16536.0,3.3893929,0.9986595,0363771,411
2019,Seven Samurai (Shichinin no samurai) (1954),1954,Seven Samurai (Shichinin no samurai),16531.0,4.249622,0.86026716,0047478,346
350,"Client, The (1994)",1994,"Client, The",16467.0,3.4689379,0.8167021,0109446,10731
59784,Kung Fu Panda (2008),2008,Kung Fu Panda,16390.0,3.6194022,0.984545,0441773,9502
520,Robin Hood: Men in Tights (1993),1993,Robin Hood: Men in Tights,16363.0,3.0818005,1.0382243,0107977,8005
1777,"Wedding Singer, The (1998)",1998,"Wedding Singer, The",16337.0,3.388076,0.9700806,0120888,11003
163,Desperado (1995),1995,Desperado,16327.0,3.4473877,0.9399072,0112851,8068
49530,Blood Diamond (2006),2006,Blood Diamond,16325.0,3.846738,0.79472494,0450259,1372
4447,Legally Blonde (2001),2001,Legally Blonde,16274.0,3.1944206,1.0842881,0250494,8835
5679,"Ring, The (2002)",2002,"Ring, The",16246.0,3.3409762,1.060712,0298130,565
553,Tombstone (1993),1993,Tombstone,16211.0,3.7099192,0.9171122,0108358,11969
1320,Alien³ (a.k.a. Alien 3) (1992),1992,Alien³ (a.k.a. Alien 3),16179.0,3.1244514,0.986814,0103644,8077
5669,Bowling for Columbine (2002),2002,Bowling for Columbine,16169.0,3.6863751,1.0263599,0310793,1430
2302,My Cousin Vinny (1992),1992,My Cousin Vinny,16164.0,3.619989,0.9012366,0104952,10377
98809,"Hobbit: An Unexpected Journey, The (2012)",2012,"Hobbit: An Unexpected Journey, The",16149.0,3.6211221,1.0534421,0903624,49051
59369,Taken (2008),2008,Taken,16133.0,3.7247567,0.89910805,0936501,8681
3176,"Talented Mr. Ripley, The (1999)",1999,"Talented Mr. Ripley, The",16075.0,3.5242612,0.95516765,0134119,1213
2006,"Mask of Zorro, The (1998)",1998,"Mask of Zorro, The",16068.0,3.2843852,0.9686777,0120746,9342
31658,Howl's Moving Castle (Hauru no ugoku shiro) (2004),2004,Howl's Moving Castle (Hauru no ugoku shiro),16009.0,4.112218,0.8799132,0347149,4935
69757,(500) Days of Summer (2009),2009,(500) Days of Summer,15977.0,3.718752,0.94314337,1022603,19913
84152,Limitless (2011),2011,Limitless,15946.0,3.83927,0.8613345,1219289,51876
370,Naked Gun 33 1/3: The Final Insult (1994),1994,Naked Gun 33 1/3: The Final Insult,15893.0,2.9951236,1.0530053,0110622,36593
1377,Batman Returns (1992),1992,Batman Returns,15834.0,3.1450992,0.9456387,0103776,364
1233,"Boot, Das (Boat, The) (1981)",1981,"Boot, Das (Boat, The)",15804.0,4.1293344,0.867135,0082096,387
76251,Kick-Ass (2010),2010,Kick-Ass,15783.0,3.5939934,0.9552399,1250777,23483
1204,Lawrence of Arabia (1962),1962,Lawrence of Arabia,15772.0,4.134257,0.92108095,0056172,947
5299,My Big Fat Greek Wedding (2002),2002,My Big Fat Greek Wedding,15762.0,3.3808844,1.0474168,0259446,8346
68237,Moon (2009),2009,Moon,15744.0,4.0065103,0.7849333,1182345,17431
832,Ransom (1996),1996,Ransom,15696.0,3.442597,0.90672964,0117438,3595
115617,Big Hero 6 (2014),2014,Big Hero 6,15680.0,3.8587692,0.93079615,2245084,177572
2167,Blade (1998),1998,Blade,15679.0,3.3771925,0.99620676,0120611,36647
1500,Grosse Pointe Blank (1997),1997,Grosse Pointe Blank,15667.0,3.732878,0.8730761,0119229,9434
48,Pocahontas (1995),1995,Pocahontas,15667.0,2.9902341,1.0606378,0114148,10530
420,Beverly Hills Cop III (1994),1994,Beverly Hills Cop III,15601.0,2.7554965,0.9916992,0109254,306
2529,Planet of the Apes (1968),1968,Planet of the Apes,15599.0,3.6233733,0.9918186,0063442,871
3160,Magnolia (1999),1999,Magnolia,15557.0,3.8780613,1.0132569,0175880,334
96079,Skyfall (2012),2012,Skyfall,15512.0,3.7381382,0.8915219,1074638,37724
160,Congo (1995),1995,Congo,15511.0,2.603056,1.0252616,0112715,10329
56782,There Will Be Blood (2007),2007,There Will Be Blood,15494.0,4.0315604,0.91446865,0469494,7345
1639,Chasing Amy (1997),1997,Chasing Amy,15477.0,3.6062543,0.994038,0118842,2255
2657,"Rocky Horror Picture Show, The (1975)",1975,"Rocky Horror Picture Show, The",15472.0,3.3639479,1.207273,0073629,36685
57669,In Bruges (2008),2008,In Bruges,15472.0,3.9089,0.86468446,0780536,8321
708,"Truth About Cats & Dogs, The (1996)",1996,"Truth About Cats & Dogs, The",15472.0,3.3887022,0.9186884,0117979,8866
653,Dragonheart (1996),1996,Dragonheart,15471.0,3.2165666,0.97847366,0116136,8840
4025,Miss Congeniality (2000),2000,Miss Congeniality,15462.0,3.0724356,1.0681418,0212346,1493
53125,Pirates of the Caribbean: At World's End (2007),2007,Pirates of the Caribbean: At World's End,15453.0,3.3906362,1.0701113,0449088,285
2321,Pleasantville (1998),1998,Pleasantville,15417.0,3.5744307,0.8669178,0120789,2657
119145,Kingsman: The Secret Service (2015),2015,Kingsman: The Secret Service,15392.0,3.8023648,0.94089144,2802144,207703
87232,X-Men: First Class (2011),2011,X-Men: First Class,15387.0,3.691103,0.93120337,1270798,49538
34405,Serenity (2005),2005,Serenity,15364.0,3.9650156,0.91276205,0379786,16320
47610,"Illusionist, The (2006)",2006,"Illusionist, The",15298.0,3.804811,0.8281692,0443543,1491
2599,Election (1999),1999,Election,15290.0,3.7663505,0.9440852,0126886,9451
4014,Chocolat (2000),2000,Chocolat,15269.0,3.6640906,0.9379184,0241303,392
3033,Spaceballs (1987),1987,Spaceballs,15168.0,3.4327202,1.0424051,0094012,957
145,Bad Boys (1995),1995,Bad Boys,15155.0,3.282547,0.98167294,0112442,9737
2001,Lethal Weapon 2 (1989),1989,Lethal Weapon 2,15124.0,3.3500066,0.94083697,0097733,942
2406,Romancing the Stone (1984),1984,Romancing the Stone,15101.0,3.4869545,0.879435,0088011,9326
1729,Jackie Brown (1997),1997,Jackie Brown,15038.0,3.7077403,0.8417562,0119396,184
485,Last Action Hero (1993),1993,Last Action Hero,15028.0,2.819038,0.9833282,0107362,9593
2804,"Christmas Story, A (1983)",1983,"Christmas Story, A",15016.0,3.9731286,1.0088323,0085334,850
64957,"Curious Case of Benjamin Button, The (2008)",2008,"Curious Case of Benjamin Button, The",14997.0,3.5886178,0.9591109,0421715,4922
148626,"Big Short, The (2015)",2015,"Big Short, The",14997.0,4.0567446,0.79876,1596363,318846
2424,You've Got Mail (1998),1998,You've Got Mail,14973.0,3.2063048,1.0859787,0128853,9489
1907,Mulan (1998),1998,Mulan,14851.0,3.7641237,0.9414948,0120762,10674
435,Coneheads (1993),1993,Coneheads,14828.0,2.5808942,1.0071645,0106598,9612
4816,Zoolander (2001),2001,Zoolander,14824.0,3.238802,1.0927333,0196229,9398
96610,Looper (2012),2012,Looper,14824.0,3.6525903,0.841614,1276104,59967
7293,50 First Dates (2004),2004,50 First Dates,14774.0,3.2785637,1.0253282,0343660,1824
6870,Mystic River (2003),2003,Mystic River,14774.0,3.8169081,0.8062798,0327056,322
79702,Scott Pilgrim vs. the World (2010),2010,Scott Pilgrim vs. the World,14772.0,3.7705457,0.99119455,0446029,22538
1250,"Bridge on the River Kwai, The (1957)",1957,"Bridge on the River Kwai, The",14726.0,4.09086,0.81298584,0050212,826
596,Pinocchio (1940),1940,Pinocchio,14721.0,3.481421,1.0050372,0032910,10895
2288,"Thing, The (1982)",1982,"Thing, The",14719.0,3.9359672,0.93394774,0084787,1091
4776,Training Day (2001),2001,Training Day,14680.0,3.7417915,0.84133744,0139654,2034
196,Species (1995),1995,Species,14662.0,2.8389714,0.9849426,0114508,9348
3785,Scary Movie (2000),2000,Scary Movie,14648.0,2.7364829,1.179243,0175142,4247
122912,Avengers: Infinity War - Part I (2018),2018,Avengers: Infinity War - Part I,14645.0,3.8967223,1.0683274,4154756,299536
2273,Rush Hour (1998),1998,Rush Hour,14643.0,3.4672198,0.9361083,0120812,2109
466,Hot Shots! Part Deux (1993),1993,Hot Shots! Part Deux,14637.0,2.9440117,1.0205214,0107144,9255
34162,Wedding Crashers (2005),2005,Wedding Crashers,14627.0,3.425275,1.0033046,0396269,9522
2005,"Goonies, The (1985)",1985,"Goonies, The",14603.0,3.6540437,0.9996825,0089218,9340
497,Much Ado About Nothing (1993),1993,Much Ado About Nothing,14593.0,3.8817925,0.91029954,0107616,11971
6537,Terminator 3: Rise of the Machines (2003),2003,Terminator 3: Rise of the Machines,14509.0,3.044283,0.9897739,0181852,296
55247,Into the Wild (2007),2007,Into the Wild,14477.0,3.849209,0.95598865,0758758,5915
86332,Thor (2011),2011,Thor,14456.0,3.315509,1.0105621,0800369,10195
152081,Zootopia (2016),2016,Zootopia,14431.0,3.8504608,0.90611976,2948356,269149
8361,"Day After Tomorrow, The (2004)",2004,"Day After Tomorrow, The",14428.0,3.0702453,1.0241777,0319262,435
2947,Goldfinger (1964),1964,Goldfinger,14422.0,3.7436554,0.85595983,0058150,658
1748,Dark City (1998),1998,Dark City,14404.0,3.80436,0.8916395,0118929,2666
158,Casper (1995),1995,Casper,14395.0,2.912157,1.0247619,0112642,8839
1215,Army of Darkness (1993),1993,Army of Darkness,14379.0,3.7317963,0.9952042,0106308,766
3448,"Good Morning, Vietnam (1987)",1987,"Good Morning, Vietnam",14376.0,3.6753268,0.81966436,0093105,801
1376,Star Trek IV: The Voyage Home (1986),1986,Star Trek IV: The Voyage Home,14369.0,3.5138493,1.0482095,0092007,168
1358,Sling Blade (1996),1996,Sling Blade,14354.0,3.998711,0.8960159,0117666,12498
2699,Arachnophobia (1990),1990,Arachnophobia,14351.0,2.8014424,1.0069604,0099052,6488
88129,Drive (2011),2011,Drive,14327.0,3.8492358,0.9102105,0780504,64690
47099,"Pursuit of Happyness, The (2006)",2006,"Pursuit of Happyness, The",14319.0,3.8413994,0.9345392,0454921,1402
1722,Tomorrow Never Dies (1997),1997,Tomorrow Never Dies,14288.0,3.2296333,0.92948234,0120347,714
1302,Field of Dreams (1989),1989,Field of Dreams,14286.0,3.6350274,0.96814984,0097351,2323
30749,Hotel Rwanda (2004),2004,Hotel Rwanda,14276.0,3.9670076,0.79179066,0395169,205
2003,Gremlins (1984),1984,Gremlins,14222.0,3.3125439,0.93960965,0087363,927
8376,Napoleon Dynamite (2004),2004,Napoleon Dynamite,14216.0,3.37704,1.1413953,0374900,8193
913,"Maltese Falcon, The (1941)",1941,"Maltese Falcon, The",14190.0,4.145631,0.83548003,0033870,963
1282,Fantasia (1940),1940,Fantasia,14154.0,3.7127314,1.057369,0032455,756
7458,Troy (2004),2004,Troy,14150.0,3.3791165,1.0048816,0332452,652
79091,Despicable Me (2010),2010,Despicable Me,14136.0,3.653332,0.9919522,1323594,20352
4018,What Women Want (2000),2000,What Women Want,14132.0,3.0886285,1.0364438,0207201,3981
1088,Dirty Dancing (1987),1987,Dirty Dancing,14112.0,3.2701955,1.1276743,0092890,88
802,Phenomenon (1996),1996,Phenomenon,14093.0,3.4571419,0.98863876,0117333,9294
45499,X-Men: The Last Stand (2006),2006,X-Men: The Last Stand,13991.0,3.2085626,1.0570542,0376994,36668
33166,Crash (2004),2004,Crash,13969.0,3.716909,1.0210158,0375679,1640
745,Wallace & Gromit: A Close Shave (1995),1995,Wallace & Gromit: A Close Shave,13944.0,4.0953097,0.97160184,0112691,532
8529,"Terminal, The (2004)",2004,"Terminal, The",13939.0,3.6227133,0.8944452,0362227,594
8798,Collateral (2004),2004,Collateral,13937.0,3.6973524,0.7879297,0369339,1538
3717,Gone in 60 Seconds (2000),2000,Gone in 60 Seconds,13937.0,3.101277,1.0431216,0187078,9679
5481,Austin Powers in Goldmember (2002),2002,Austin Powers in Goldmember,13934.0,2.9681356,1.1019368,0295178,818
8784,Garden State (2004),2004,Garden State,13860.0,3.7212481,0.94920385,0333766,401
88140,Captain America: The First Avenger (2011),2011,Captain America: The First Avenger,13852.0,3.4727476,1.0103773,0458339,1771
5956,Gangs of New York (2002),2002,Gangs of New York,13844.0,3.5620847,0.92304444,0217505,3131
110102,Captain America: The Winter Soldier (2014),2014,Captain America: The Winter Soldier,13830.0,3.6850326,1.0129861,1843866,100402
1333,"Birds, The (1963)",1963,"Birds, The",13793.0,3.7365692,0.89988136,0056869,571
34048,War of the Worlds (2005),2005,War of the Worlds,13793.0,3.15642,0.95202017,0407304,74
172,Johnny Mnemonic (1995),1995,Johnny Mnemonic,13788.0,2.7629824,1.0332623,0113481,9886
106487,The Hunger Games: Catching Fire (2013),2013,The Hunger Games: Catching Fire,13777.0,3.4972417,1.0510488,1951264,101299
8464,Super Size Me (2004),2004,Super Size Me,13770.0,3.4676833,0.9399548,0390521,9372
5902,Adaptation (2002),2002,Adaptation,13719.0,3.847365,0.9275545,0268126,2757
2470,Crocodile Dundee (1986),1986,Crocodile Dundee,13719.0,3.146585,0.9624158,0090555,9671
4085,Beverly Hills Cop (1984),1984,Beverly Hills Cop,13714.0,3.582033,0.8560726,0086960,90
4310,Pearl Harbor (2001),2001,Pearl Harbor,13699.0,2.8367765,1.1788374,0213149,676
2701,Wild Wild West (1999),1999,Wild Wild West,13691.0,2.3288658,1.0656168,0120891,8487
3418,Thelma & Louise (1991),1991,Thelma & Louise,13685.0,3.597552,0.92406714,0103074,1541
3671,Blazing Saddles (1974),1974,Blazing Saddles,13664.0,3.8643882,0.93306744,0071230,11072
1408,"Last of the Mohicans, The (1992)",1992,"Last of the Mohicans, The",13630.0,3.718452,0.93643093,0104691,9361
1263,"Deer Hunter, The (1978)",1978,"Deer Hunter, The",13621.0,3.9755893,0.90014005,0077416,11778
2890,Three Kings (1999),1999,Three Kings,13609.0,3.5864868,0.8866624,0120188,6415
910,Some Like It Hot (1959),1959,Some Like It Hot,13608.0,4.0476556,0.88879114,0053291,239
7,Sabrina (1995),1995,Sabrina,13585.0,3.3639677,0.964193,0114319,11860
85414,Source Code (2011),2011,Source Code,13580.0,3.7502944,0.8051243,0945513,45612
97921,Silver Linings Playbook (2012),2012,Silver Linings Playbook,13576.0,3.6964865,0.9226083,1045658,82693
5971,My Neighbor Totoro (Tonari no Totoro) (1988),1988,My Neighbor Totoro (Tonari no Totoro),13556.0,4.161773,0.85526687,0096283,8392
552,"Three Musketeers, The (1993)",1993,"Three Musketeers, The",13547.0,3.2174282,0.9191362,0108333,10057
7451,Mean Girls (2004),2004,Mean Girls,13543.0,3.5984643,0.98893404,0377092,10625
4270,"Mummy Returns, The (2001)",2001,"Mummy Returns, The",13542.0,2.9901786,1.0848942,0209163,1734
5903,Equilibrium (2002),2002,Equilibrium,13539.0,3.7287097,0.906492,0238380,7299
1690,Alien: Resurrection (1997),1997,Alien: Resurrection,13485.0,3.0349276,1.031039,0118583,8078
4975,Vanilla Sky (2001),2001,Vanilla Sky,13471.0,3.4055007,1.0597657,0259711,1903
1276,Cool Hand Luke (1967),1967,Cool Hand Luke,13466.0,4.088519,0.8101879,0061512,903
1876,Deep Impact (1998),1998,Deep Impact,13458.0,2.9677143,0.9992277,0120647,8656
5060,M*A*S*H (a.k.a. MASH) (1970),1970,M*A*S*H (a.k.a. MASH),13455.0,3.8806763,0.9710457,0066026,651
8641,Anchorman: The Legend of Ron Burgundy (2004),2004,Anchorman: The Legend of Ron Burgundy,13409.0,3.5022745,1.0705352,0357413,8699
53996,Transformers (2007),2007,Transformers,13390.0,3.046826,1.200435,0418279,1858
1466,Donnie Brasco (1997),1997,Donnie Brasco,13390.0,3.8162062,0.7572037,0119008,9366
8984,Ocean's Twelve (2004),2004,Ocean's Twelve,13348.0,3.3402758,0.9681938,0349903,163
3421,Animal House (1978),1978,Animal House,13334.0,3.7847607,0.98816454,0077975,8469
2763,"Thomas Crown Affair, The (1999)",1999,"Thomas Crown Affair, The",13325.0,3.5110319,0.93396413,0155267,913
1275,Highlander (1986),1986,Highlander,13311.0,3.6113365,0.9669598,0091203,8009
122916,Thor: Ragnarok (2017),2017,Thor: Ragnarok,13286.0,3.8786316,0.9894264,3501632,284053
1396,Sneakers (1992),1992,Sneakers,13275.0,3.649793,0.85620016,0105435,2322
44195,Thank You for Smoking (2006),2006,Thank You for Smoking,13226.0,3.817027,0.7986617,0427944,9388
1262,"Great Escape, The (1963)",1963,"Great Escape, The",13217.0,4.0964665,0.7692252,0057115,5925
115569,Nightcrawler (2014),2014,Nightcrawler,13215.0,3.9763904,0.7859797,2872718,242582
1884,Fear and Loathing in Las Vegas (1998),1998,Fear and Loathing in Las Vegas,13214.0,3.7602544,1.0629005,0120669,1878
45447,"Da Vinci Code, The (2006)",2006,"Da Vinci Code, The",13183.0,3.1727984,1.0212009,0382625,591
5,Father of the Bride Part II (1995),1995,Father of the Bride Part II,13154.0,3.0596015,0.9990786,0113041,11862
1242,Glory (1989),1989,Glory,13152.0,3.9573069,0.83557224,0097441,9665
111362,X-Men: Days of Future Past (2014),2014,X-Men: Days of Future Past,13151.0,3.692837,0.95815355,1877832,127585
4718,American Pie 2 (2001),2001,American Pie 2,13139.0,2.8788722,1.1749295,0252866,2770
3,Grumpier Old Men (1995),1995,Grumpier Old Men,13134.0,3.1394472,1.0122734,0113228,15602
122918,Guardians of the Galaxy 2 (2017),2017,Guardians of the Galaxy 2,13115.0,3.8126192,0.94973415,3896198,283995
1909,"X-Files: Fight the Future, The (1998)",1998,"X-Files: Fight the Future, The",13082.0,3.3418055,0.9473716,0120902,846
115149,John Wick (2014),2014,John Wick,13055.0,3.8463807,0.9457341,2911666,245891
1228,Raging Bull (1980),1980,Raging Bull,13049.0,4.0378575,0.88808095,0081398,1578
432,City Slickers II: The Legend of Curly's Gold (1994),1994,City Slickers II: The Legend of Curly's Gold,13005.0,2.7299886,0.93863976,0109439,11310
5377,About a Boy (2002),2002,About a Boy,12969.0,3.6268795,0.87602806,0276751,245
1092,Basic Instinct (1992),1992,Basic Instinct,12968.0,3.363703,0.9242475,0103772,402
2455,"Fly, The (1986)",1986,"Fly, The",12962.0,3.476894,0.9524142,0091064,9426
899,Singin' in the Rain (1952),1952,Singin' in the Rain,12913.0,4.044916,0.9745224,0045152,872
3275,"Boondock Saints, The (2000)",2000,"Boondock Saints, The",12878.0,3.8557618,0.9803073,0144117,8374
151,Rob Roy (1995),1995,Rob Roy,12868.0,3.5291421,0.9422004,0114287,11780
673,Space Jam (1996),1996,Space Jam,12859.0,2.7847033,1.1042172,0117705,2300
33004,"Hitchhiker's Guide to the Galaxy, The (2005)",2005,"Hitchhiker's Guide to the Galaxy, The",12859.0,3.4475853,0.9708247,0371724,7453
36529,Lord of War (2005),2005,Lord of War,12859.0,3.7684112,0.8503167,0399295,1830
2294,Antz (1998),1998,Antz,12857.0,3.2133858,0.9532404,0120587,8916
225,Disclosure (1994),1994,Disclosure,12836.0,3.281435,0.8772352,0109635,8984
3911,Best in Show (2000),2000,Best in Show,12835.0,3.8162057,0.9411518,0218839,13785
8957,Saw (2004),2004,Saw,12829.0,3.2879415,1.2464588,0387564,176
805,"Time to Kill, A (1996)",1996,"Time to Kill, A",12809.0,3.6945899,0.9029125,0117913,1645
628,Primal Fear (1996),1996,Primal Fear,12797.0,3.7686567,0.8277227,0117381,1592
3755,"Perfect Storm, The (2000)",2000,"Perfect Storm, The",12771.0,3.0822568,0.9638671,0177971,2133
543,So I Married an Axe Murderer (1993),1993,So I Married an Axe Murderer,12764.0,3.2310796,1.0034486,0108174,10442
168252,Logan (2017),2017,Logan,12727.0,3.9060266,0.9046394,3315342,263115
102125,Iron Man 3 (2013),2013,Iron Man 3,12709.0,3.462625,1.0223635,1300854,68721
1094,"Crying Game, The (1992)",1992,"Crying Game, The",12703.0,3.6481934,1.0064849,0104036,11386
168,First Knight (1995),1995,First Knight,12664.0,3.0793588,1.0964772,0113071,6520
494,Executive Decision (1996),1996,Executive Decision,12663.0,3.3522072,0.921417,0116253,2320
333,Tommy Boy (1995),1995,Tommy Boy,12644.0,3.3695033,1.0734211,0114694,11381
4369,"Fast and the Furious, The (2001)",2001,"Fast and the Furious, The",12641.0,2.962859,1.1888629,0232500,9799
91542,Sherlock Holmes: A Game of Shadows (2011),2011,Sherlock Holmes: A Game of Shadows,12627.0,3.7148175,0.93747836,1515091,58574
236,French Kiss (1995),1995,French Kiss,12617.0,3.3171117,0.9228196,0113117,397
1285,Heathers (1989),1989,Heathers,12600.0,3.7544444,0.9291622,0097493,2640
2100,Splash (1984),1984,Splash,12558.0,3.2168338,0.9133678,0088161,2619
51540,Zodiac (2007),2007,Zodiac,12549.0,3.7899036,0.8196868,0443706,1949
54272,"Simpsons Movie, The (2007)",2007,"Simpsons Movie, The",12517.0,3.383838,0.95121497,0462538,35
8972,National Treasure (2004),2004,National Treasure,12517.0,3.3887513,0.99486685,0368891,2059
166528,Rogue One: A Star Wars Story (2016),2016,Rogue One: A Star Wars Story,12513.0,3.755854,0.97399175,3748528,330459
783,"Hunchback of Notre Dame, The (1996)",1996,"Hunchback of Notre Dame, The",12497.0,3.2682245,1.0566316,0116583,10545
2161,"NeverEnding Story, The (1984)",1984,"NeverEnding Story, The",12497.0,3.5310075,0.9934458,0088323,34584
3752,"Me, Myself & Irene (2000)",2000,"Me, Myself & Irene",12467.0,2.9926205,1.0694,0183505,2123
2080,Lady and the Tramp (1955),1955,Lady and the Tramp,12430.0,3.5802093,0.9383409,0048280,10340
4643,Planet of the Apes (2001),2001,Planet of the Apes,12420.0,2.755596,1.0382748,0133152,869
122922,Doctor Strange (2016),2016,Doctor Strange,12404.0,3.7505643,0.92320836,1211837,284052
45720,"Devil Wears Prada, The (2006)",2006,"Devil Wears Prada, The",12386.0,3.5181656,0.9746448,0458352,350
2761,"Iron Giant, The (1999)",1999,"Iron Giant, The",12381.0,3.8877716,0.9092421,0129167,10386
5991,Chicago (2002),2002,Chicago,12378.0,3.5248425,1.0549885,0299658,1574
1674,Witness (1985),1985,Witness,12332.0,3.8352253,0.7819469,0090329,9281
2023,"Godfather: Part III, The (1990)",1990,"Godfather: Part III, The",12326.0,3.4355428,1.0093092,0099674,242
112,Rumble in the Bronx (Hont faan kui) (1995),1995,Rumble in the Bronx (Hont faan kui),12308.0,3.4052243,0.9485074,0113326,33542
91658,"Girl with the Dragon Tattoo, The (2011)",2011,"Girl with the Dragon Tattoo, The",12307.0,3.8116112,0.8904513,1568346,65754
2076,Blue Velvet (1986),1986,Blue Velvet,12303.0,3.8593433,0.980622,0090756,793
44555,"Lives of Others, The (Das leben der Anderen) (2006)",2006,"Lives of Others, The (Das leben der Anderen)",12273.0,4.1987696,0.78934973,0405094,582
44,Mortal Kombat (1995),1995,Mortal Kombat,12261.0,2.669195,1.1212305,0113855,9312
8533,"Notebook, The (2004)",2004,"Notebook, The",12215.0,3.642325,1.1153328,0332280,11036
8950,The Machinist (2004),2004,The Machinist,12200.0,3.8106968,0.8045058,0361862,4553
106489,"Hobbit: The Desolation of Smaug, The (2013)",2013,"Hobbit: The Desolation of Smaug, The",12175.0,3.5856674,1.0844363,1170358,57158
7373,Hellboy (2004),2004,Hellboy,12169.0,3.3059003,0.9595722,0167190,1487
1059,William Shakespeare's Romeo + Juliet (1996),1996,William Shakespeare's Romeo + Juliet,12161.0,3.5419374,1.0537219,0117509,454
94959,Moonrise Kingdom (2012),2012,Moonrise Kingdom,12136.0,3.9639502,0.8844664,1748122,83666
3039,Trading Places (1983),1983,Trading Places,12106.0,3.749876,0.8224004,0086465,1621
122892,Avengers: Age of Ultron (2015),2015,Avengers: Age of Ultron,12099.0,3.4871063,1.0489345,2395427,99861
2078,"Jungle Book, The (1967)",1967,"Jungle Book, The",12077.0,3.656206,0.93437654,0061852,9325
265,Like Water for Chocolate (Como agua para chocolate) (1992),1992,Like Water for Chocolate (Como agua para chocolate),12026.0,3.9179277,0.95977277,0103994,18183
3499,Misery (1990),1990,Misery,12018.0,3.7796638,0.79977477,0100157,1700
471,"Hudsucker Proxy, The (1994)",1994,"Hudsucker Proxy, The",12016.0,3.6582057,0.92522115,0110074,11934
97938,Life of Pi (2012),2012,Life of Pi,11982.0,3.6684194,0.941806,0454876,87827
2105,Tron (1982),1982,Tron,11973.0,3.3346279,0.99983555,0084827,97
3916,Remember the Titans (2000),2000,Remember the Titans,11927.0,3.7787793,0.94018936,0210945,10637
97304,Argo (2012),2012,Argo,11926.0,3.7652187,0.82784927,1024648,68734
342,Muriel's Wedding (1994),1994,Muriel's Wedding,11920.0,3.509354,1.0149982,0110598,236
30812,"Aviator, The (2004)",2004,"Aviator, The",11885.0,3.6103072,0.85511744,0338751,2567
139385,The Revenant (2015),2015,The Revenant,11873.0,3.782153,0.89845294,1663202,281957
46976,Stranger than Fiction (2006),2006,Stranger than Fiction,11865.0,3.7805731,0.8293835,0420223,1262
902,Breakfast at Tiffany's (1961),1961,Breakfast at Tiffany's,11835.0,3.815885,0.93832606,0054698,164
1375,Star Trek III: The Search for Spock (1984),1984,Star Trek III: The Search for Spock,11835.0,3.2622728,0.96251374,0088170,157
122914,Avengers: Infinity War - Part II (2019),2019,Avengers: Infinity War - Part II,11811.0,3.8705444,1.0853525,4154796,299534
1569,My Best Friend's Wedding (1997),1997,My Best Friend's Wedding,11802.0,3.273513,1.0085264,0119738,8874
3702,Mad Max (1979),1979,Mad Max,11801.0,3.5135581,0.94460243,0079501,9659
2694,Big Daddy (1999),1999,Big Daddy,11737.0,3.1113572,1.0485998,0142342,9032
1372,Star Trek VI: The Undiscovered Country (1991),1991,Star Trek VI: The Undiscovered Country,11736.0,3.3283913,1.0694016,0102975,174
45517,Cars (2006),2006,Cars,11703.0,3.3147056,1.0545876,0317219,920
969,"African Queen, The (1951)",1951,"African Queen, The",11693.0,4.0584965,0.8763333,0043265,488
1562,Batman & Robin (1997),1997,Batman & Robin,11686.0,2.1610045,1.0815415,0118688,415
168250,Get Out (2017),2017,Get Out,11679.0,3.991138,0.8643841,5052448,419430
3703,"Road Warrior, The (Mad Max 2) (1981)",1981,"Road Warrior, The (Mad Max 2)",11672.0,3.6725497,0.94252557,0082694,8810
2278,Ronin (1998),1998,Ronin,11672.0,3.5785213,0.8916681,0122690,8195
202439,Parasite (2019),2019,Parasite,11670.0,4.3122535,0.7747763,6751668,496243
58,"Postman, The (Postino, Il) (1994)",1994,"Postman, The (Postino, Il)",11659.0,3.9677503,0.9695516,0110877,11010
204698,Joker (2019),2019,Joker,11635.0,3.9020197,0.94556147,7286456,475557
3300,Pitch Black (2000),2000,Pitch Black,11632.0,3.4705553,0.9737843,0134847,2787
1274,Akira (1988),1988,Akira,11622.0,3.9327137,0.9362422,0094625,149
785,Kingpin (1996),1996,Kingpin,11611.0,3.2880888,1.0354335,0116778,11543
5464,Road to Perdition (2002),2002,Road to Perdition,11605.0,3.6759155,0.7972515,0257044,4147
44665,Lucky Number Slevin (2006),2006,Lucky Number Slevin,11593.0,3.836453,0.86029947,0425210,186
2407,Cocoon (1985),1985,Cocoon,11559.0,3.2972143,0.9052571,0088933,10328
44199,Inside Man (2006),2006,Inside Man,11559.0,3.8947573,0.75189227,0454848,388
4638,Jurassic Park III (2001),2001,Jurassic Park III,11545.0,2.7368991,1.0436,0163025,331
1921,Pi (1998),1998,Pi,11543.0,3.7297063,1.0064634,0138704,473
376,"River Wild, The (1994)",1994,"River Wild, The",11536.0,3.2762222,0.8531574,0110997,8987
282,Nell (1994),1994,Nell,11523.0,3.4025862,0.99335593,0110638,1945
1597,Conspiracy Theory (1997),1997,Conspiracy Theory,11518.0,3.3338253,0.92573696,0118883,8834
3255,"League of Their Own, A (1992)",1992,"League of Their Own, A",11506.0,3.5309403,0.9000693,0104694,11287
2420,"Karate Kid, The (1984)",1984,"Karate Kid, The",11493.0,3.3710084,0.9338791,0087538,1885
81847,Tangled (2010),2010,Tangled,11492.0,3.7234163,0.96006906,0398286,38757
186,Nine Months (1995),1995,Nine Months,11491.0,2.879732,0.9977908,0113986,11472
40819,Walk the Line (2005),2005,Walk the Line,11478.0,3.770561,0.80077523,0358273,69
4148,Hannibal (2001),2001,Hannibal,11444.0,3.2367616,1.0484732,0212985,9740
3489,Hook (1991),1991,Hook,11443.0,3.2389233,0.98829824,0102057,879
4016,"Emperor's New Groove, The (2000)",2000,"Emperor's New Groove, The",11437.0,3.6507826,0.993408,0120917,11688
315,"Specialist, The (1994)",1994,"Specialist, The",11413.0,2.893674,1.0147753,0111255,2636
6807,Monty Python's The Meaning of Life (1983),1983,Monty Python's The Meaning of Life,11412.0,3.8586576,0.8443918,0085959,4543
69481,"Hurt Locker, The (2008)",2008,"Hurt Locker, The",11402.0,3.72154,0.8723144,0887912,12162
1747,Wag the Dog (1997),1997,Wag the Dog,11401.0,3.5199983,0.9336281,0120885,586
128360,The Hateful Eight (2015),2015,The Hateful Eight,11400.0,3.8829386,0.8861169,3460252,273248
52722,Spider-Man 3 (2007),2007,Spider-Man 3,11399.0,2.872401,1.076747,0413300,559
4367,Lara Croft: Tomb Raider (2001),2001,Lara Croft: Tomb Raider,11388.0,2.7745433,1.0599568,0146316,1995
1994,Poltergeist (1982),1982,Poltergeist,11366.0,3.5179482,0.9603828,0084516,609
6936,Elf (2003),2003,Elf,11360.0,3.3544455,1.0913498,0319343,10719
31696,Constantine (2005),2005,Constantine,11347.0,3.4863842,0.98423797,0360486,561
1339,Dracula (Bram Stoker's Dracula) (1992),1992,Dracula (Bram Stoker's Dracula),11331.0,3.4594476,0.9656097,0103874,6114
661,James and the Giant Peach (1996),1996,James and the Giant Peach,11317.0,3.3015375,0.9876962,0116683,10539
112183,Birdman: Or (The Unexpected Virtue of Ignorance) (2014),2014,Birdman: Or (The Unexpected Virtue of Ignorance),11268.0,3.7285233,1.0327276,2562232,194662
89492,Moneyball (2011),2011,Moneyball,11259.0,3.9027889,0.7660959,1210166,60308
3252,Scent of a Woman (1992),1992,Scent of a Woman,11254.0,3.787098,0.88310295,0105323,9475
94864,Prometheus (2012),2012,Prometheus,11254.0,3.3675137,0.99990946,1446714,70981
4223,Enemy at the Gates (2001),2001,Enemy at the Gates,11246.0,3.7150986,0.83125776,0215750,853
1022,Cinderella (1950),1950,Cinderella,11226.0,3.5493052,0.97692573,0042332,11224
515,"Remains of the Day, The (1993)",1993,"Remains of the Day, The",11206.0,3.8945653,0.90013033,0107943,1245
529,Searching for Bobby Fischer (1993),1993,Searching for Bobby Fischer,11176.0,3.8419828,0.8173697,0108065,14291
59615,Indiana Jones and the Kingdom of the Crystal Skull (2008),2008,Indiana Jones and the Kingdom of the Crystal Skull,11152.0,2.8696198,1.0820905,0367882,217
4239,Blow (2001),2001,Blow,11146.0,3.7308004,0.8572922,0221027,4133
88744,Rise of the Planet of the Apes (2011),2011,Rise of the Planet of the Apes,11128.0,3.5371585,0.9738601,1318514,61791
52973,Knocked Up (2007),2007,Knocked Up,11104.0,3.3872027,0.97676194,0478311,4964
106696,Frozen (2013),2013,Frozen,11102.0,3.4398308,1.0856612,2294629,109445
176371,Blade Runner 2049 (2017),2017,Blade Runner 2049,11094.0,3.9572742,0.89864266,1856101,335984
1293,Gandhi (1982),1982,Gandhi,11078.0,3.9795542,0.86471456,0083987,783
914,My Fair Lady (1964),1964,My Fair Lady,11077.0,3.8946466,0.96039546,0058385,11113
31685,Hitch (2005),2005,Hitch,11066.0,3.3429422,0.9948141,0386588,8488
3624,Shanghai Noon (2000),2000,Shanghai Noon,11026.0,3.259931,0.9878875,0184894,8584
3552,Caddyshack (1980),1980,Caddyshack,11006.0,3.6698618,1.0065525,0080487,11977
122920,Captain America: Civil War (2016),2016,Captain America: Civil War,10997.0,3.6957352,1.008171,3498820,271110
1172,Cinema Paradiso (Nuovo cinema Paradiso) (1989),1989,Cinema Paradiso (Nuovo cinema Paradiso),10982.0,4.1299853,0.90683365,0095765,11216
1129,Escape from New York (1981),1981,Escape from New York,10981.0,3.4105728,0.92598015,0082340,1103
8528,Dodgeball: A True Underdog Story (2004),2004,Dodgeball: A True Underdog Story,10974.0,3.3153362,0.9878063,0364725,9472
5266,Panic Room (2002),2002,Panic Room,10957.0,3.244501,0.85424554,0258000,4547
60074,Hancock (2008),2008,Hancock,10948.0,3.123493,0.95344913,0448157,8960
8622,Fahrenheit 9/11 (2004),2004,Fahrenheit 9/11,10946.0,3.478531,1.1079865,0361596,1777
61323,Burn After Reading (2008),2008,Burn After Reading,10946.0,3.567422,0.91091263,0887883,4944
852,Tin Cup (1996),1996,Tin Cup,10937.0,3.1775625,0.94659775,0117918,10478
41569,King Kong (2005),2005,King Kong,10934.0,3.18726,1.0091883,0360717,254
8949,Sideways (2004),2004,Sideways,10928.0,3.6472821,0.94578,0375063,9675
261,Little Women (1994),1994,Little Women,10899.0,3.6265712,0.9740223,0110367,9587
1345,Carrie (1976),1976,Carrie,10870.0,3.4817848,0.9445669,0074285,7340
246,Hoop Dreams (1994),1994,Hoop Dreams,10852.0,4.0248804,0.96590966,0110057,14275
93510,21 Jump Street (2012),2012,21 Jump Street,10851.0,3.620726,0.9400141,1232829,64688
4571,Bill & Ted's Excellent Adventure (1989),1989,Bill & Ted's Excellent Adventure,10845.0,3.4056246,0.95401734,0096928,1648
102903,Now You See Me (2013),2013,Now You See Me,10821.0,3.6140375,1.0098991,1670345,75656
61132,Tropic Thunder (2008),2008,Tropic Thunder,10818.0,3.4294693,1.0025706,0942385,7446
355,"Flintstones, The (1994)",1994,"Flintstones, The",10815.0,2.4135923,0.9953425,0109813,888
2539,Analyze This (1999),1999,Analyze This,10791.0,3.2486331,0.91166455,0122933,9535
207313,Knives Out (2019),2019,Knives Out,10740.0,4.042505,0.80231804,8946378,546554
3967,Billy Elliot (2000),2000,Billy Elliot,10736.0,3.7807844,0.8940275,0249462,71
216,Billy Madison (1995),1995,Billy Madison,10728.0,3.2509787,1.1228696,0112508,11017
1371,Star Trek: The Motion Picture (1979),1979,Star Trek: The Motion Picture,10727.0,3.100028,1.0592934,0079945,152
6218,Bend It Like Beckham (2002),2002,Bend It Like Beckham,10725.0,3.4602797,0.99124664,0286499,455
72641,"Blind Side, The  (2009)",2009,"Blind Side, The",10723.0,3.667304,1.0242288,0878804,22881
741,Ghost in the Shell (Kôkaku kidôtai) (1995),1995,Ghost in the Shell (Kôkaku kidôtai),10719.0,3.9867992,0.90613705,0113568,9323
97913,Wreck-It Ralph (2012),2012,Wreck-It Ralph,10694.0,3.691556,0.92838824,1772341,82690
2160,Rosemary's Baby (1968),1968,Rosemary's Baby,10690.0,3.8041627,0.96744,0063522,805
2541,Cruel Intentions (1999),1999,Cruel Intentions,10690.0,3.300187,1.0139452,0139134,796
2193,Willow (1988),1988,Willow,10683.0,3.4721053,0.9826089,0096446,847
256,Junior (1994),1994,Junior,10683.0,2.6914725,1.0289115,0110216,6280
82459,True Grit (2010),2010,True Grit,10677.0,3.783975,0.79317105,1403865,44264
2021,Dune (1984),1984,Dune,10675.0,3.3024824,1.1157392,0087182,841
345,"Adventures of Priscilla, Queen of the Desert, The (1994)",1994,"Adventures of Priscilla, Queen of the Desert, The",10642.0,3.6484213,1.0191668,0109045,2759
1084,Bonnie and Clyde (1967),1967,Bonnie and Clyde,10610.0,3.8675778,0.84577245,0061418,475
122900,Ant-Man (2015),2015,Ant-Man,10595.0,3.5421896,0.93111026,0478970,102899
3256,Patriot Games (1992),1992,Patriot Games,10572.0,3.6263716,0.83240736,0105112,9869
2002,Lethal Weapon 3 (1992),1992,Lethal Weapon 3,10567.0,3.2231002,0.9689135,0104714,943
1029,Dumbo (1941),1941,Dumbo,10545.0,3.467378,0.99091464,0033563,11360
1967,Labyrinth (1986),1986,Labyrinth,10534.0,3.643915,0.9863699,0091369,13597
1060,Swingers (1996),1996,Swingers,10519.0,3.8260765,0.9410792,0117802,10218
106100,Dallas Buyers Club (2013),2013,Dallas Buyers Club,10511.0,3.9038627,0.7982559,0790636,152532
1343,Cape Fear (1991),1991,Cape Fear,10505.0,3.5475965,0.8536357,0101540,1598
3082,"World Is Not Enough, The (1999)",1999,"World Is Not Enough, The",10496.0,3.203649,0.94762564,0143145,36643
30810,"Life Aquatic with Steve Zissou, The (2004)",2004,"Life Aquatic with Steve Zissou, The",10482.0,3.7186606,1.0034921,0362270,421
102445,Star Trek Into Darkness (2013),2013,Star Trek Into Darkness,10480.0,3.6930344,0.99468917,1408101,54138
2144,Sixteen Candles (1984),1984,Sixteen Candles,10459.0,3.6227174,0.90332794,0088128,15144
2058,"Negotiator, The (1998)",1998,"Negotiator, The",10438.0,3.6009772,0.83391684,0120768,9631
195159,Spider-Man: Into the Spider-Verse (2018),2018,Spider-Man: Into the Spider-Verse,10434.0,4.18526,0.9157918,4633694,324857
53322,Ocean's Thirteen (2007),2007,Ocean's Thirteen,10379.0,3.5209076,0.9419693,0496806,298
252,I.Q. (1994),1994,I.Q.,10334.0,3.2123573,0.88798404,0110099,11777
22,Copycat (1995),1995,Copycat,10317.0,3.3158865,0.9234739,0112722,1710
3101,Fatal Attraction (1987),1987,Fatal Attraction,10267.0,3.4232492,0.92579865,0093010,10998
431,Carlito's Way (1993),1993,Carlito's Way,10266.0,3.7200468,0.8291401,0106519,6075
2124,"Addams Family, The (1991)",1991,"Addams Family, The",10248.0,3.2586846,0.94520134,0101272,2907
3868,"Naked Gun: From the Files of Police Squad!, The (1988)",1988,"Naked Gun: From the Files of Police Squad!, The",10237.0,3.6368566,0.99746966,0095705,37136
108932,The Lego Movie (2014),2014,The Lego Movie,10233.0,3.6670575,1.0242927,1490017,137106
31,Dangerous Minds (1995),1995,Dangerous Minds,10223.0,3.2411718,0.9393744,0112792,9909
4874,K-PAX (2001),2001,K-PAX,10219.0,3.5322928,0.95103467,0272152,167
1367,101 Dalmatians (1996),1996,101 Dalmatians,10185.0,3.0222385,1.039915,0115433,11674
93840,"Cabin in the Woods, The (2012)",2012,"Cabin in the Woods, The",10172.0,3.6493316,1.0284119,1259521,22970
2717,Ghostbusters II (1989),1989,Ghostbusters II,10171.0,3.0503392,0.9512568,0097428,2978
1287,Ben-Hur (1959),1959,Ben-Hur,10165.0,3.825037,0.9573027,0052618,665
68319,X-Men Origins: Wolverine (2009),2009,X-Men Origins: Wolverine,10164.0,3.1395612,1.1364751,0458525,2080
39183,Brokeback Mountain (2005),2005,Brokeback Mountain,10155.0,3.6007385,1.11856,0388795,142
2770,Bowfinger (1999),1999,Bowfinger,10147.0,3.0746527,1.0478029,0131325,11353
105,"Bridges of Madison County, The (1995)",1995,"Bridges of Madison County, The",10131.0,3.33511,1.1302536,0112579,688
1244,Manhattan (1979),1979,Manhattan,10130.0,4.0383515,0.91705304,0079522,696
1918,Lethal Weapon 4 (1998),1998,Lethal Weapon 4,10129.0,3.131701,1.0639278,0122151,944
5810,8 Mile (2002),2002,8 Mile,10093.0,3.3363223,0.94112265,0298203,65
4299,"Knight's Tale, A (2001)",2001,"Knight's Tale, A",10077.0,3.3593829,1.007231,0183790,9476
2248,Say Anything... (1989),1989,Say Anything...,10045.0,3.8445494,0.85823107,0098258,2028
1267,"Manchurian Candidate, The (1962)",1962,"Manchurian Candidate, The",10028.0,4.089948,0.8313367,0056218,982
37729,Corpse Bride (2005),2005,Corpse Bride,10006.0,3.5451229,0.92812014,0121164,3933
762,Striptease (1996),1996,Striptease,10004.0,2.394592,1.0943036,0117765,9879
86882,Midnight in Paris (2011),2011,Midnight in Paris,10003.0,3.7690692,0.910708,1605783,59436
3006,"Insider, The (1999)",1999,"Insider, The",9981.0,3.9156897,0.80353695,0140352,9008
1032,Alice in Wonderland (1951),1951,Alice in Wonderland,9981.0,3.6270413,0.93615913,0043274,12092
1953,"French Connection, The (1971)",1971,"French Connection, The",9961.0,3.9277682,0.8366768,0067116,1051
3617,Road Trip (2000),2000,Road Trip,9947.0,3.1204886,1.0717918,0215129,9285
7445,Man on Fire (2004),2004,Man on Fire,9935.0,3.810317,0.8563406,0328107,9509
63113,Quantum of Solace (2008),2008,Quantum of Solace,9919.0,3.2977114,0.9365513,0830515,10764
2085,101 Dalmatians (One Hundred and One Dalmatians) (1961),1961,101 Dalmatians (One Hundred and One Dalmatians),9908.0,3.4443884,0.964331,0055254,12230
585,"Brady Bunch Movie, The (1995)",1995,"Brady Bunch Movie, The",9903.0,2.657528,1.1102502,0112572,9066
4701,Rush Hour 2 (2001),2001,Rush Hour 2,9895.0,3.2738757,1.0312628,0266915,5175
1249,"Femme Nikita, La (Nikita) (1990)",1990,"Femme Nikita, La (Nikita)",9868.0,3.863397,0.8651537,0100263,9322
1261,Evil Dead II (Dead by Dawn) (1987),1987,Evil Dead II (Dead by Dawn),9858.0,3.7923007,1.0486776,0092991,765
1120,"People vs. Larry Flynt, The (1996)",1996,"People vs. Larry Flynt, The",9830.0,3.560173,0.86616683,0117318,1630
72226,Fantastic Mr. Fox (2009),2009,Fantastic Mr. Fox,9818.0,3.8910675,0.91024,0432283,10315
187593,Deadpool 2 (2018),2018,Deadpool 2,9815.0,3.7828834,0.95958817,5463162,383498
1947,West Side Story (1961),1961,West Side Story,9813.0,3.7427392,1.0706445,0055614,1725
6947,Master and Commander: The Far Side of the World (2003),2003,Master and Commander: The Far Side of the World,9808.0,3.6605322,0.8760777,0311113,8619
1271,Fried Green Tomatoes (1991),1991,Fried Green Tomatoes,9797.0,3.7468612,0.9558825,0101921,1633
2953,Home Alone 2: Lost in New York (1992),1992,Home Alone 2: Lost in New York,9790.0,2.7313075,1.1337851,0104431,772
3863,"Cell, The (2000)",2000,"Cell, The",9750.0,3.0427692,1.0571264,0209958,8843
198,Strange Days (1995),1995,Strange Days,9747.0,3.4221299,0.9679555,0114558,281
7090,Hero (Ying xiong) (2002),2002,Hero (Ying xiong),9744.0,3.895628,0.8687236,0299977,79
475,In the Name of the Father (1993),1993,In the Name of the Father,9723.0,3.9176695,0.8067706,0107207,7984
1347,"Nightmare on Elm Street, A (1984)",1984,"Nightmare on Elm Street, A",9714.0,3.3471794,1.0937421,0087800,377
180,Mallrats (1995),1995,Mallrats,9714.0,3.5687153,0.9903988,0113749,2293
33615,Madagascar (2005),2005,Madagascar,9708.0,3.3572311,0.96124136,0351283,953
2746,Little Shop of Horrors (1986),1986,Little Shop of Horrors,9699.0,3.3219404,1.0344894,0091419,10776
55765,American Gangster (2007),2007,American Gangster,9697.0,3.8089616,0.7932946,0765429,4982
96821,"Perks of Being a Wallflower, The (2012)",2012,"Perks of Being a Wallflower, The",9680.0,3.8172522,0.9503219,1659337,84892
66097,Coraline (2009),2009,Coraline,9671.0,3.7475443,0.9232087,0327597,14836
441,Dazed and Confused (1993),1993,Dazed and Confused,9667.0,3.700476,0.95073,0106677,9571
116823,The Hunger Games: Mockingjay - Part 1 (2014),2014,The Hunger Games: Mockingjay - Part 1,9665.0,3.406415,1.0742365,1951265,131631
1061,Sleepers (1996),1996,Sleepers,9639.0,3.6353874,0.8699593,0117665,819
58998,Forgetting Sarah Marshall (2008),2008,Forgetting Sarah Marshall,9638.0,3.5737705,0.95548147,0800039,9870
177765,Coco (2017),2017,Coco,9638.0,4.0186243,0.90494055,2380307,354912
103249,World War Z (2013),2013,World War Z,9609.0,3.284473,0.9913575,0816711,72190
2724,Runaway Bride (1999),1999,Runaway Bride,9604.0,2.8696897,1.0888454,0163187,4806
2336,Elizabeth (1998),1998,Elizabeth,9604.0,3.8702104,0.87023675,0127536,4518
3362,Dog Day Afternoon (1975),1975,Dog Day Afternoon,9597.0,3.9614463,0.7879112,0072890,968
1405,Beavis and Butt-Head Do America (1996),1996,Beavis and Butt-Head Do America,9590.0,2.962513,1.2007434,0115641,3179
724,"Craft, The (1996)",1996,"Craft, The",9590.0,3.099166,0.9968243,0115963,9100
277,Miracle on 34th Street (1994),1994,Miracle on 34th Street,9590.0,3.4093847,1.0616739,0110527,10510
95167,Brave (2012),2012,Brave,9582.0,3.48732,0.9554697,1217209,62177
1962,Driving Miss Daisy (1989),1989,Driving Miss Daisy,9567.0,3.6933208,0.9087412,0097239,403
616,"Aristocats, The (1970)",1970,"Aristocats, The",9559.0,3.3931375,0.9560924,0065421,10112
2490,Payback (1999),1999,Payback,9557.0,3.4277494,0.949205,0120784,2112
91630,Mission: Impossible - Ghost Protocol (2011),2011,Mission: Impossible - Ghost Protocol,9542.0,3.653951,0.9171385,1229238,56292
104879,Prisoners (2013),2013,Prisoners,9541.0,4.038099,0.7451029,1392214,146233
2605,Entrapment (1999),1999,Entrapment,9532.0,3.1582563,0.95689386,0137494,1844
2427,"Thin Red Line, The (1998)",1998,"Thin Red Line, The",9530.0,3.4459076,1.1262225,0120863,8741
52,Mighty Aphrodite (1995),1995,Mighty Aphrodite,9518.0,3.5266337,0.92050296,0113819,11448
3210,Fast Times at Ridgemont High (1982),1982,Fast Times at Ridgemont High,9510.0,3.6545742,0.92047757,0083929,13342
5388,Insomnia (2002),2002,Insomnia,9510.0,3.4956887,0.7803739,0278504,320
3988,How the Grinch Stole Christmas (a.k.a. The Grinch) (2000),2000,How the Grinch Stole Christmas (a.k.a. The Grinch),9507.0,2.8985484,1.1465285,0170016,8871
2871,Deliverance (1972),1972,Deliverance,9488.0,3.800485,0.90124923,0068473,10669
968,Night of the Living Dead (1968),1968,Night of the Living Dead,9474.0,3.6619167,1.0564216,0063350,10331
5444,Lilo & Stitch (2002),2002,Lilo & Stitch,9472.0,3.5579603,0.99786913,0275847,11544
1235,Harold and Maude (1971),1971,Harold and Maude,9462.0,3.9678714,0.9974459,0067185,343
2018,Bambi (1942),1942,Bambi,9448.0,3.4916384,1.0267586,0034492,3170
1027,Robin Hood: Prince of Thieves (1991),1991,Robin Hood: Prince of Thieves,9446.0,3.2978508,0.9367926,0102798,8367
8970,Finding Neverland (2004),2004,Finding Neverland,9420.0,3.6766984,0.8924627,0308644,866
29,"City of Lost Children, The (Cité des enfants perdus, La) (1995)",1995,"City of Lost Children, The (Cité des enfants perdus, La)",9413.0,3.9298842,0.9794002,0112682,902
1882,Godzilla (1998),1998,Godzilla,9403.0,2.382431,1.07099,0120685,929
455,Free Willy (1993),1993,Free Willy,9387.0,2.6176095,1.0259867,0106965,1634
74789,Alice in Wonderland (2010),2010,Alice in Wonderland,9384.0,3.0467284,1.0863428,1014759,12155
2150,"Gods Must Be Crazy, The (1980)",1980,"Gods Must Be Crazy, The",9358.0,3.6523294,1.0088369,0080801,8393
1982,Halloween (1978),1978,Halloween,9347.0,3.5830748,1.0937365,0077651,948
30825,Meet the Fockers (2004),2004,Meet the Fockers,9341.0,3.0352745,1.064244,0290002,693
3510,Frequency (2000),2000,Frequency,9326.0,3.5664272,0.8903473,0186151,10559
45,To Die For (1995),1995,To Die For,9306.0,3.3785193,0.96242774,0114681,577
34319,"Island, The (2005)",2005,"Island, The",9298.0,3.404388,0.93046397,0399201,1635
38061,Kiss Kiss Bang Bang (2005),2005,Kiss Kiss Bang Bang,9284.0,3.838378,0.8372158,0373469,5236
6188,Old School (2003),2003,Old School,9275.0,3.5921834,1.0027826,0302886,11635
1047,"Long Kiss Goodnight, The (1996)",1996,"Long Kiss Goodnight, The",9265.0,3.4255261,0.9813741,0116908,11412
171763,Baby Driver (2017),2017,Baby Driver,9259.0,3.8092127,0.8815225,3890160,339403
2968,Time Bandits (1981),1981,Time Bandits,9252.0,3.5876026,0.98077667,0081633,36819
1663,Stripes (1981),1981,Stripes,9230.0,3.6540627,0.88891166,0083131,10890
2232,Cube (1997),1997,Cube,9216.0,3.5882704,0.9489659,0123755,431
2641,Superman II (1980),1980,Superman II,9208.0,3.1133797,0.98661244,0081573,8536
95510,"Amazing Spider-Man, The (2012)",2012,"Amazing Spider-Man, The",9198.0,3.2349424,1.0407219,0948470,1930
2140,"Dark Crystal, The (1982)",1982,"Dark Crystal, The",9130.0,3.5980284,1.0031042,0083791,11639
81562,127 Hours (2010),2010,127 Hours,9128.0,3.5885189,0.87525773,1542344,44115
4361,Tootsie (1982),1982,Tootsie,9122.0,3.6407037,0.9288737,0084805,9576
3409,Final Destination (2000),2000,Final Destination,9113.0,3.1214747,1.0751262,0195714,9532
2393,Star Trek: Insurrection (1998),1998,Star Trek: Insurrection,9104.0,3.2012303,1.0509562,0120844,200
5219,Resident Evil (2002),2002,Resident Evil,9097.0,3.1874244,1.0872978,0120804,1576
6281,Phone Booth (2002),2002,Phone Booth,9092.0,3.357237,0.90866554,0183649,1817
1566,Hercules (1997),1997,Hercules,9076.0,3.4538343,1.0052291,0119282,11970
922,Sunset Blvd. (a.k.a. Sunset Boulevard) (1950),1950,Sunset Blvd. (a.k.a. Sunset Boulevard),9072.0,4.1957674,0.8690477,0043014,599
1272,Patton (1970),1970,Patton,9065.0,4.0237174,0.87634027,0066206,11202
2951,"Fistful of Dollars, A (Per un pugno di dollari) (1964)",1964,"Fistful of Dollars, A (Per un pugno di dollari)",9062.0,3.947473,0.76883316,0058461,391
2087,Peter Pan (1953),1953,Peter Pan,9056.0,3.5615063,0.94607455,0046183,10693
122926,Untitled Spider-Man Reboot (2017),2017,Untitled Spider-Man Reboot,9028.0,3.763126,0.924429,2250912,202249
2915,Risky Business (1983),1983,Risky Business,9017.0,3.4980037,0.89713037,0086200,9346
2580,Go (1999),1999,Go,9015.0,3.6829174,0.87287533,0139239,9430
3174,Man on the Moon (1999),1999,Man on the Moon,9012.0,3.5330114,0.9146479,0125664,1850
5630,Red Dragon (2002),2002,Red Dragon,9011.0,3.5621462,0.8527359,0289765,9533
57368,Cloverfield (2008),2008,Cloverfield,8984.0,3.3335931,1.0221428,1060277,7191
8783,"Village, The (2004)",2004,"Village, The",8984.0,3.2363646,1.0193677,0368447,6947
3301,"Whole Nine Yards, The (2000)",2000,"Whole Nine Yards, The",8972.0,3.3520396,0.9340553,0190138,2069
2723,Mystery Men (1999),1999,Mystery Men,8940.0,3.0506153,1.0526655,0132347,9824
2949,Dr. No (1962),1962,Dr. No,8898.0,3.6800404,0.81891865,0055928,646
80549,Easy A (2010),2010,Easy A,8888.0,3.6031165,0.9189774,1282140,37735
1590,Event Horizon (1997),1997,Event Horizon,8883.0,3.0199256,1.1282574,0119081,8413
63992,Twilight (2008),2008,Twilight,8882.0,2.3748593,1.3416138,1099212,8966
1042,That Thing You Do! (1996),1996,That Thing You Do!,8877.0,3.4522924,0.92045295,0117887,9591
2403,First Blood (Rambo: First Blood) (1982),1982,First Blood (Rambo: First Blood),8871.0,3.6072595,0.9695588,0083944,1368
142488,Spotlight (2015),2015,Spotlight,8867.0,4.0720086,0.7896788,1895587,314365
1321,"American Werewolf in London, An (1981)",1981,"American Werewolf in London, An",8866.0,3.5816038,0.94353914,0082010,814
6534,Hulk (2003),2003,Hulk,8865.0,2.6125774,1.0500047,0286716,1927
1223,"Grand Day Out with Wallace and Gromit, A (1989)",1989,"Grand Day Out with Wallace and Gromit, A",8854.0,4.0429187,0.9126662,0104361,530
849,Escape from L.A. (1996),1996,Escape from L.A.,8850.0,2.7563841,1.0449154,0116225,10061
170,Hackers (1995),1995,Hackers,8841.0,3.2208462,1.0373701,0113243,10428
4734,Jay and Silent Bob Strike Back (2001),2001,Jay and Silent Bob Strike Back,8839.0,3.2638874,1.1024532,0261392,2294
122906,Black Panther (2017),2017,Black Panther,8828.0,3.6185434,0.99708956,1825683,284054
1212,"Third Man, The (1949)",1949,"Third Man, The",8823.0,4.1846876,0.85269,0041959,1092
3826,Hollow Man (2000),2000,Hollow Man,8822.0,2.5504987,0.98585695,0164052,9383
117529,Jurassic World (2015),2015,Jurassic World,8820.0,3.2677438,1.0089166,0369610,135397
54259,Stardust (2007),2007,Stardust,8800.0,3.7986932,0.9127237,0486655,2270
204,Under Siege 2: Dark Territory (1995),1995,Under Siege 2: Dark Territory,8795.0,2.9316657,1.0867496,0114781,3512
56757,Sweeney Todd: The Demon Barber of Fleet Street (2007),2007,Sweeney Todd: The Demon Barber of Fleet Street,8791.0,3.4467638,1.0439209,0408236,13885
1644,I Know What You Did Last Summer (1997),1997,I Know What You Did Last Summer,8783.0,2.5153706,1.0457495,0119345,3597
2948,From Russia with Love (1963),1963,From Russia with Love,8772.0,3.6994414,0.8401703,0057076,657
1513,Romy and Michele's High School Reunion (1997),1997,Romy and Michele's High School Reunion,8766.0,2.9563656,1.0622152,0120032,9611
1479,"Saint, The (1997)",1997,"Saint, The",8758.0,3.1641927,1.0333533,0120053,10003
224,Don Juan DeMarco (1995),1995,Don Juan DeMarco,8731.0,3.438266,0.95300364,0112883,1909
34150,Fantastic Four (2005),2005,Fantastic Four,8724.0,2.6642594,1.0598623,0120667,9738
3247,Sister Act (1992),1992,Sister Act,8723.0,3.027055,1.0374558,0105417,2005
46972,Night at the Museum (2006),2006,Night at the Museum,8711.0,3.0687637,0.98442584,0477347,1593
4002,"Planes, Trains & Automobiles (1987)",1987,"Planes, Trains & Automobiles",8694.0,3.6136415,0.9115819,0093748,2609
64839,"Wrestler, The (2008)",2008,"Wrestler, The",8689.0,3.7943377,0.85633415,1125849,12163
174055,Dunkirk (2017),2017,Dunkirk,8681.0,3.7891948,0.8819573,5013056,374720
4344,Swordfish (2001),2001,Swordfish,8656.0,3.08006,1.0258089,0244244,9705
2908,Boys Don't Cry (1999),1999,Boys Don't Cry,8653.0,3.7863746,0.9923636,0171804,226
5254,Blade II (2002),2002,Blade II,8648.0,3.1314754,1.0120994,0187738,36586
118696,The Hobbit: The Battle of the Five Armies (2014),2014,The Hobbit: The Battle of the Five Armies,8616.0,3.4738858,1.1388066,2310332,122917
54997,3:10 to Yuma (2007),2007,3:10 to Yuma,8614.0,3.723996,0.80544055,0381849,5176
6754,Underworld (2003),2003,Underworld,8612.0,3.3707616,1.0269088,0320691,277
720,Wallace & Gromit: The Best of Aardman Animation (1996),1996,Wallace & Gromit: The Best of Aardman Animation,8612.0,4.0948095,1.0278515,0118114,503475
107406,Snowpiercer (2013),2013,Snowpiercer,8582.0,3.5414822,0.95583224,1706620,110415
101864,Oblivion (2013),2013,Oblivion,8545.0,3.612522,0.8761737,1483013,75612
88163,"Crazy, Stupid, Love. (2011)",2011,"Crazy, Stupid, Love.",8538.0,3.7497656,0.8880214,1570728,50646
1805,Wild Things (1998),1998,Wild Things,8513.0,3.209268,1.0024898,0120890,617
88810,"Help, The (2011)",2011,"Help, The",8509.0,3.8777764,0.91803145,1454029,50014
3105,Awakenings (1990),1990,Awakenings,8505.0,3.7850676,0.81658804,0099077,11005
53972,Live Free or Die Hard (2007),2007,Live Free or Die Hard,8504.0,3.4226246,0.98181677,0337978,1571
6953,21 Grams (2003),2003,21 Grams,8496.0,3.6785545,0.88234484,0315733,470
72011,Up in the Air (2009),2009,Up in the Air,8486.0,3.6758778,0.8154195,1193138,22947
215,Before Sunrise (1995),1995,Before Sunrise,8476.0,3.9393582,0.95524204,0112471,76
8917,Team America: World Police (2004),2004,Team America: World Police,8475.0,3.456814,1.0795695,0372588,3989
105844,12 Years a Slave (2013),2013,12 Years a Slave,8469.0,3.8863502,0.8562106,2024544,76203
2722,Deep Blue Sea (1999),1999,Deep Blue Sea,8468.0,2.701169,1.0470822,0149261,8914
95441,Ted (2012),2012,Ted,8439.0,3.1307619,1.1042728,1637725,72105
2501,October Sky (1999),1999,October Sky,8433.0,3.8756077,0.836916,0132477,13466
1912,Out of Sight (1998),1998,Out of Sight,8432.0,3.6713116,0.9043832,0120780,1389
3363,American Graffiti (1973),1973,American Graffiti,8424.0,3.7729108,0.886707,0069704,838
1175,Delicatessen (1991),1991,Delicatessen,8405.0,3.9477098,0.9341585,0101700,892
3107,Backdraft (1991),1991,Backdraft,8386.0,3.3108752,0.894797,0101393,2924
5872,Die Another Day (2002),2002,Die Another Day,8376.0,3.080289,1.0001048,0246460,36669
2096,Sleeping Beauty (1959),1959,Sleeping Beauty,8373.0,3.5600142,0.9719607,0053285,10882
3698,"Running Man, The (1987)",1987,"Running Man, The",8371.0,3.2540915,0.8930267,0093894,865
2581,Never Been Kissed (1999),1999,Never Been Kissed,8368.0,3.0679374,1.0648073,0151738,11355
372,Reality Bites (1994),1994,Reality Bites,8367.0,3.250747,0.913052,0110950,2788
1831,Lost in Space (1998),1998,Lost in Space,8357.0,2.585557,1.0591261,0120738,2157
1357,Shine (1996),1996,Shine,8341.0,3.8612876,0.9070408,0117631,7863
2826,"13th Warrior, The (1999)",1999,"13th Warrior, The",8341.0,3.13044,1.0594771,0120657,1911
3108,"Fisher King, The (1991)",1991,"Fisher King, The",8334.0,3.6150107,0.9477855,0101889,177
61024,Pineapple Express (2008),2008,Pineapple Express,8332.0,3.4593134,0.9960435,0910936,10189
1231,"Right Stuff, The (1983)",1983,"Right Stuff, The",8323.0,3.9386039,0.8269251,0086197,9549
2687,Tarzan (1999),1999,Tarzan,8322.0,3.4917088,0.9965044,0120855,37135
838,Emma (1996),1996,Emma,8314.0,3.7704475,0.9568552,0116191,3573
64969,Yes Man (2008),2008,Yes Man,8294.0,3.3730407,0.9632592,1068680,10201
24,Powder (1995),1995,Powder,8293.0,3.1860604,1.0528662,0114168,12665
166461,Moana (2016),2016,Moana,8278.0,3.8163807,0.9268522,3521164,277834
1587,Conan the Barbarian (1982),1982,Conan the Barbarian,8273.0,3.2625408,1.0859609,0082198,9387
3386,JFK (1991),1991,JFK,8271.0,3.6758554,0.919457,0102138,820
5673,Punch-Drunk Love (2002),2002,Punch-Drunk Love,8268.0,3.5760765,1.0406431,0272338,8051
2289,"Player, The (1992)",1992,"Player, The",8255.0,3.9355543,0.8946313,0105151,10403
6157,Daredevil (2003),2003,Daredevil,8254.0,2.4875212,1.0680649,0287978,9480
106072,Thor: The Dark World (2013),2013,Thor: The Dark World,8247.0,3.1856432,1.0532039,1981115,76338
1717,Scream 2 (1997),1997,Scream 2,8240.0,2.7916262,1.0956901,0120082,4233
4641,Ghost World (2001),2001,Ghost World,8228.0,3.7453816,0.8848614,0162346,1548
2881,Double Jeopardy (1999),1999,Double Jeopardy,8227.0,3.1991613,0.98622435,0150377,10398
348,Bullets Over Broadway (1994),1994,Bullets Over Broadway,8210.0,3.696894,0.89930135,0109348,11382
610,Heavy Metal (1981),1981,Heavy Metal,8208.0,3.3774366,1.0662359,0082509,11827
647,Courage Under Fire (1996),1996,Courage Under Fire,8207.0,3.5333252,0.8520263,0115956,10684
1911,Dr. Dolittle (1998),1998,Dr. Dolittle,8203.0,2.661892,1.0417701,0118998,3050
40629,Pride & Prejudice (2005),2005,Pride & Prejudice,8196.0,3.842667,0.98347354,0414387,4348
6541,"League of Extraordinary Gentlemen, The (a.k.a. LXG) (2003)",2003,"League of Extraordinary Gentlemen, The (a.k.a. LXG)",8195.0,2.7937157,1.0508505,0311429,8698
306,Three Colors: Red (Trois couleurs: Rouge) (1994),1994,Three Colors: Red (Trois couleurs: Rouge),8183.0,4.073567,0.92542857,0111495,110
81564,Megamind (2010),2010,Megamind,8179.0,3.5571585,0.9820179,1001526,38055
524,Rudy (1993),1993,Rudy,8155.0,3.536358,0.9682518,0108002,14534
193,Showgirls (1995),1995,Showgirls,8144.0,2.258718,1.1910098,0114436,10802
3285,"Beach, The (2000)",2000,"Beach, The",8144.0,3.1023452,0.99294114,0163978,1907
4446,Final Fantasy: The Spirits Within (2001),2001,Final Fantasy: The Spirits Within,8137.0,3.0749662,1.0569612,0173840,2114
1373,Star Trek V: The Final Frontier (1989),1989,Star Trek V: The Final Frontier,8130.0,2.8503075,1.1197697,0098382,172
117176,The Theory of Everything (2014),2014,The Theory of Everything,8124.0,3.792159,0.85709924,2980516,266856
1093,"Doors, The (1991)",1991,"Doors, The",8116.0,3.3591056,0.95358306,0101761,10537
3556,"Virgin Suicides, The (1999)",1999,"Virgin Suicides, The",8104.0,3.6390054,0.890816,0159097,1443
72378,2012 (2009),2009,2012,8099.0,2.7456477,1.1226102,1190080,14161
2394,"Prince of Egypt, The (1998)",1998,"Prince of Egypt, The",8094.0,3.4639857,1.0029767,0120794,9837
3020,Falling Down (1993),1993,Falling Down,8091.0,3.6104932,0.8719087,0106856,37094
2145,Pretty in Pink (1986),1986,Pretty in Pink,8076.0,3.3747523,0.9205976,0091790,11522
97752,Cloud Atlas (2012),2012,Cloud Atlas,8065.0,3.5605083,1.0601323,1371111,83542
2020,Dangerous Liaisons (1988),1988,Dangerous Liaisons,8039.0,3.8793383,0.90256596,0094947,859
73321,"Book of Eli, The (2010)",2010,"Book of Eli, The",8038.0,3.4596293,0.97161084,1037705,20504
247,Heavenly Creatures (1994),1994,Heavenly Creatures,8030.0,3.8200498,0.91042125,0110005,1024
3072,Moonstruck (1987),1987,Moonstruck,8014.0,3.6495507,1.0016531,0093565,2039
135143,Fantastic Beasts and Where to Find Them (2016),2016,Fantastic Beasts and Where to Find Them,8005.0,3.614616,0.97907835,3183660,259316
719,Multiplicity (1996),1996,Multiplicity,8003.0,2.9625142,0.97751874,0117108,9304
139644,Sicario (2015),2015,Sicario,7983.0,3.8846924,0.8285882,3397884,273481
2109,"Jerk, The (1979)",1979,"Jerk, The",7981.0,3.633818,0.9860927,0079367,6471
3005,"Bone Collector, The (1999)",1999,"Bone Collector, The",7973.0,3.3099837,0.9401045,0145681,9481
86880,Pirates of the Caribbean: On Stranger Tides (2011),2011,Pirates of the Caribbean: On Stranger Tides,7972.0,3.2248495,1.0938984,1298650,1865
104374,About Time (2013),2013,About Time,7969.0,3.9705734,0.931943,2194499,122906
2313,"Elephant Man, The (1980)",1980,"Elephant Man, The",7959.0,3.9128032,0.8449832,0080678,1955
272,"Madness of King George, The (1994)",1994,"Madness of King George, The",7935.0,3.7450535,0.88154936,0110428,11318
1020,Cool Runnings (1993),1993,Cool Runnings,7931.0,3.2736099,0.91044563,0106611,864
2335,"Waterboy, The (1998)",1998,"Waterboy, The",7923.0,2.928815,1.1452707,0120484,10663
103228,Pacific Rim (2013),2013,Pacific Rim,7911.0,3.3272026,1.0287145,1663662,68726
1188,Strictly Ballroom (1992),1992,Strictly Ballroom,7902.0,3.823399,0.998531,0105488,10409
3555,U-571 (2000),2000,U-571,7900.0,3.3384178,0.9552919,0141926,3536
60040,"Incredible Hulk, The (2008)",2008,"Incredible Hulk, The",7884.0,3.0945587,0.9910968,0800080,1724
53000,28 Weeks Later (2007),2007,28 Weeks Later,7871.0,3.4580739,0.9417713,0463854,1562
45186,Mission: Impossible III (2006),2006,Mission: Impossible III,7870.0,3.369314,0.9542089,0317919,956
2944,"Dirty Dozen, The (1967)",1967,"Dirty Dozen, The",7858.0,3.8399084,0.8176341,0061578,1654
2231,Rounders (1998),1998,Rounders,7855.0,3.7206874,0.8223768,0128442,10220
531,"Secret Garden, The (1993)",1993,"Secret Garden, The",7845.0,3.5462716,0.95555246,0108071,11236
5064,The Count of Monte Cristo (2002),2002,The Count of Monte Cristo,7844.0,3.7949388,0.8838521,0245844,11362
90405,In Time (2011),2011,In Time,7842.0,3.4377072,0.9718536,1637688,49530
3273,Scream 3 (2000),2000,Scream 3,7830.0,2.4502554,1.1140927,0134084,4234
4855,Dirty Harry (1971),1971,Dirty Harry,7827.0,3.7681103,0.79883957,0066999,984
362,"Jungle Book, The (1994)",1994,"Jungle Book, The",7782.0,3.3733616,0.97454745,0110213,10714
5574,"Transporter, The (2002)",2002,"Transporter, The",7768.0,3.3812435,0.9790648,0293662,4108
3969,Pay It Forward (2000),2000,Pay It Forward,7766.0,3.3830156,1.0759305,0223897,10647
4321,City Slickers (1991),1991,City Slickers,7751.0,3.3164754,0.89223796,0101587,1406
307,Three Colors: Blue (Trois couleurs: Bleu) (1993),1993,Three Colors: Blue (Trois couleurs: Bleu),7741.0,3.9819145,0.9441078,0108394,108
102407,"Great Gatsby, The (2013)",2013,"Great Gatsby, The",7741.0,3.4868233,0.95093834,1343092,64682
6155,How to Lose a Guy in 10 Days (2003),2003,How to Lose a Guy in 10 Days,7738.0,3.1914577,1.0982559,0251127,9919
1960,"Last Emperor, The (1987)",1987,"Last Emperor, The",7721.0,3.8447092,0.85585505,0093389,746
94777,Men in Black III (M.III.B.) (M.I.B.³) (2012),2012,Men in Black III (M.III.B.) (M.I.B.³),7712.0,3.3442686,0.9917613,1409024,41154
1299,"Killing Fields, The (1984)",1984,"Killing Fields, The",7712.0,4.067233,0.8325571,0087553,625
143355,Wonder Woman (2017),2017,Wonder Woman,7710.0,3.5401428,1.0040343,0451279,297762
4235,Amores Perros (Love's a Bitch) (2000),2000,Amores Perros (Love's a Bitch),7703.0,3.9926653,0.83843774,0245712,55
2064,Roger & Me (1989),1989,Roger & Me,7692.0,3.872335,1.0018597,0098213,1779
2431,Patch Adams (1998),1998,Patch Adams,7680.0,3.160026,1.1446569,0129290,10312
6323,Identity (2003),2003,Identity,7675.0,3.6118567,0.8723387,0309698,2832
4105,"Evil Dead, The (1981)",1981,"Evil Dead, The",7663.0,3.6993997,0.95304245,0083907,764
112175,How to Train Your Dragon 2 (2014),2014,How to Train Your Dragon 2,7656.0,3.7250524,0.96443856,1646971,82702
1269,Arsenic and Old Lace (1944),1944,Arsenic and Old Lace,7650.0,4.0239215,0.8712834,0036613,212
45672,Click (2006),2006,Click,7645.0,2.8817527,1.140342,0389860,9339
2795,National Lampoon's Vacation (1983),1983,National Lampoon's Vacation,7643.0,3.7581446,0.933449,0085995,11153
1680,Sliding Doors (1998),1998,Sliding Doors,7639.0,3.5363266,0.94019026,0120148,10215
273,Mary Shelley's Frankenstein (Frankenstein) (1994),1994,Mary Shelley's Frankenstein (Frankenstein),7626.0,3.1245081,0.95361465,0109836,3036
1077,Sleeper (1973),1973,Sleeper,7594.0,3.8288782,0.90700024,0070707,11561
319,Shallow Grave (1994),1994,Shallow Grave,7586.0,3.7687187,0.88884294,0111149,9905
177593,"Three Billboards Outside Ebbing, Missouri (2017)",2017,"Three Billboards Outside Ebbing, Missouri",7586.0,3.9980226,0.8348436,5027774,359940
67255,"Girl with the Dragon Tattoo, The (Män som hatar kvinnor) (2009)",2009,"Girl with the Dragon Tattoo, The (Män som hatar kvinnor)",7580.0,3.8719656,0.85896873,1132620,15472
4015,"Dude, Where's My Car? (2000)",2000,"Dude, Where's My Car?",7579.0,2.5237498,1.1667925,0242423,8859
8371,"Chronicles of Riddick, The (2004)",2004,"Chronicles of Riddick, The",7576.0,3.3441129,1.0530106,0296572,2789
916,Roman Holiday (1953),1953,Roman Holiday,7573.0,4.046415,0.83532,0046250,804
4890,Shallow Hal (2001),2001,Shallow Hal,7572.0,2.8137217,1.0337397,0256380,9889
1586,G.I. Jane (1997),1997,G.I. Jane,7549.0,2.9252882,1.0818309,0119173,4421
6350,Laputa: Castle in the Sky (Tenkû no shiro Rapyuta) (1986),1986,Laputa: Castle in the Sky (Tenkû no shiro Rapyuta),7539.0,4.080183,0.78969043,0092067,10515
7022,Battle Royale (Batoru rowaiaru) (2000),2000,Battle Royale (Batoru rowaiaru),7535.0,3.7917054,0.87811273,0266308,3176
327,Tank Girl (1995),1995,Tank Girl,7533.0,2.8076463,1.2184837,0114614,9067
230,Dolores Claiborne (1995),1995,Dolores Claiborne,7528.0,3.585016,0.87668604,0109642,11929
111360,Lucy (2014),2014,Lucy,7520.0,3.112101,1.1100203,2872732,240832
1952,Midnight Cowboy (1969),1969,Midnight Cowboy,7513.0,3.9763076,0.89362186,0064665,3116
105504,Captain Phillips (2013),2013,Captain Phillips,7505.0,3.7875416,0.76764816,1535109,109424
6287,Anger Management (2003),2003,Anger Management,7500.0,2.9428,1.0168576,0305224,9506
3361,Bull Durham (1988),1988,Bull Durham,7479.0,3.6928065,0.9118674,0094812,287
41997,Munich (2005),2005,Munich,7477.0,3.7162633,0.8022676,0408306,612
4901,Spy Game (2001),2001,Spy Game,7477.0,3.6243145,0.8390148,0266987,1535
3148,"Cider House Rules, The (1999)",1999,"Cider House Rules, The",7474.0,3.6889217,0.8957236,0124315,1715
2423,Christmas Vacation (National Lampoon's Christmas Vacation) (1989),1989,Christmas Vacation (National Lampoon's Christmas Vacation),7472.0,3.621052,1.0292053,0097958,5825
103253,Elysium (2013),2013,Elysium,7469.0,3.2711875,0.89678645,1535108,68724
7454,Van Helsing (2004),2004,Van Helsing,7468.0,2.855517,1.0964351,0338526,7131
82461,Tron: Legacy (2010),2010,Tron: Legacy,7458.0,3.2878118,1.0007012,1104001,20526
898,"Philadelphia Story, The (1940)",1940,"Philadelphia Story, The",7445.0,4.131498,0.8966071,0032904,981
468,"Englishman Who Went Up a Hill But Came Down a Mountain, The (1995)",1995,"Englishman Who Went Up a Hill But Came Down a Mountain, The",7444.0,3.313138,0.9054506,0112966,10612
1037,"Lawnmower Man, The (1992)",1992,"Lawnmower Man, The",7443.0,2.7443907,1.045553,0104692,10163
3798,What Lies Beneath (2000),2000,What Lies Beneath,7437.0,3.2117116,0.9675275,0161081,2655
46723,Babel (2006),2006,Babel,7437.0,3.6229663,0.8950658,0449467,1164
303,"Quick and the Dead, The (1995)",1995,"Quick and the Dead, The",7435.0,3.0535307,0.94132364,0114214,12106
38038,Wallace & Gromit in The Curse of the Were-Rabbit (2005),2005,Wallace & Gromit in The Curse of the Were-Rabbit,7414.0,3.6766927,0.9509438,0312004,533
1186,"Sex, Lies, and Videotape (1989)",1989,"Sex, Lies, and Videotape",7403.0,3.5464675,0.96279866,0098724,1412
7099,Nausicaä of the Valley of the Wind (Kaze no tani no Naushika) (1984),1984,Nausicaä of the Valley of the Wind (Kaze no tani no Naushika),7392.0,4.1089015,0.84946954,0087544,81
103042,Man of Steel (2013),2013,Man of Steel,7372.0,3.092919,1.0656035,0770828,49521
2094,"Rocketeer, The (1991)",1991,"Rocketeer, The",7362.0,3.0689352,0.9275673,0102803,10249
2478,¡Three Amigos! (1986),1986,¡Three Amigos!,7348.0,3.1275856,1.0202549,0092086,8388
2707,Arlington Road (1999),1999,Arlington Road,7347.0,3.4562407,0.946297,0137363,1073
5507,xXx (2002),2002,xXx,7344.0,2.7850626,1.1187476,0295701,7451
3354,Mission to Mars (2000),2000,Mission to Mars,7330.0,2.6633015,1.0605253,0183523,2067
31410,"Downfall (Untergang, Der) (2004)",2004,"Downfall (Untergang, Der)",7328.0,3.999727,0.7796721,0363163,613
800,Lone Star (1996),1996,Lone Star,7322.0,4.0536737,0.9051754,0116905,26748
61240,Let the Right One In (Låt den rätte komma in) (2008),2008,Let the Right One In (Låt den rätte komma in),7318.0,3.944247,0.8911477,1139797,13310
81229,Red (2010),2010,Red,7308.0,3.5738916,0.92614937,1245526,39514
4019,Finding Forrester (2000),2000,Finding Forrester,7299.0,3.663584,0.87383646,0181536,711
2010,Metropolis (1927),1927,Metropolis,7290.0,3.9734569,0.92818063,0017136,19
2366,King Kong (1933),1933,King Kong,7284.0,3.540843,1.062227,0024216,244
1245,Miller's Crossing (1990),1990,Miller's Crossing,7280.0,3.9574862,0.81984854,0100150,379
8807,Harold and Kumar Go to White Castle (2004),2004,Harold and Kumar Go to White Castle,7269.0,3.4417388,1.0132295,0366551,11282
3257,"Bodyguard, The (1992)",1992,"Bodyguard, The",7253.0,2.8156624,1.0510639,0103855,619
1086,Dial M for Murder (1954),1954,Dial M for Murder,7252.0,4.0327497,0.7469399,0046912,521
164909,La La Land (2016),2016,La La Land,7231.0,3.729498,1.0843663,3783958,313369
2108,L.A. Story (1991),1991,L.A. Story,7227.0,3.6075826,0.92864764,0102250,2107
1209,Once Upon a Time in the West (C'era una volta il West) (1968),1968,Once Upon a Time in the West (C'era una volta il West),7227.0,4.114501,0.88546246,0064116,335
3424,Do the Right Thing (1989),1989,Do the Right Thing,7226.0,3.8703294,0.9350165,0097216,925
1801,"Man in the Iron Mask, The (1998)",1998,"Man in the Iron Mask, The",7215.0,3.106722,0.9842342,0120744,9313
114180,"Maze Runner, The (2014)",2014,"Maze Runner, The",7209.0,3.3234844,1.0207431,1790864,198663
1104,"Streetcar Named Desire, A (1951)",1951,"Streetcar Named Desire, A",7208.0,3.982034,0.9074276,0044081,702
1095,Glengarry Glen Ross (1992),1992,Glengarry Glen Ross,7205.0,3.8578072,0.9597373,0104348,9504
1298,Pink Floyd: The Wall (1982),1982,Pink Floyd: The Wall,7199.0,3.7158632,1.0591396,0084503,12104
4489,Coming to America (1988),1988,Coming to America,7193.0,3.5398998,0.8957048,0094898,9602
2340,Meet Joe Black (1998),1998,Meet Joe Black,7193.0,3.360837,1.046021,0119643,297
1378,Young Guns (1988),1988,Young Guns,7185.0,3.2854557,0.94042546,0096487,11967
5013,Gosford Park (2001),2001,Gosford Park,7180.0,3.6045265,0.98426133,0280707,5279
55269,"Darjeeling Limited, The (2007)",2007,"Darjeeling Limited, The",7174.0,3.7209368,0.91419214,0838221,4538
3317,Wonder Boys (2000),2000,Wonder Boys,7169.0,3.7154415,0.9005749,0185014,11004
112623,Dawn of the Planet of the Apes (2014),2014,Dawn of the Planet of the Apes,7168.0,3.559082,0.9751144,2103281,119450
1292,Being There (1979),1979,Being There,7154.0,3.9700167,0.9075324,0078841,10322
3396,"Muppet Movie, The (1979)",1979,"Muppet Movie, The",7143.0,3.6832564,1.0183569,0079588,11176
33660,Cinderella Man (2005),2005,Cinderella Man,7134.0,3.841884,0.8113561,0352248,921
837,Matilda (1996),1996,Matilda,7130.0,3.4511921,0.97266,0117008,10830
48738,"Last King of Scotland, The (2006)",2006,"Last King of Scotland, The",7130.0,3.8391304,0.7284071,0455590,1523
1385,Under Siege (1992),1992,Under Siege,7098.0,3.1401098,1.0125263,0105690,8845
2391,"Simple Plan, A (1998)",1998,"Simple Plan, A",7098.0,3.7129474,0.9068478,0120324,10223
2378,Police Academy (1984),1984,Police Academy,7093.0,2.9990132,1.0344458,0087928,9336
2300,"Producers, The (1968)",1968,"Producers, The",7088.0,3.8863573,0.9791614,0063462,30197
1779,Sphere (1998),1998,Sphere,7084.0,2.8815641,1.0132283,0120184,10153
87869,Horrible Bosses (2011),2011,Horrible Bosses,7067.0,3.3270128,0.9557706,1499658,51540
7360,Dawn of the Dead (2004),2004,Dawn of the Dead,7053.0,3.583865,0.94199646,0363547,924
2352,"Big Chill, The (1983)",1983,"Big Chill, The",7050.0,3.7240427,0.9519879,0085244,12560
60072,Wanted (2008),2008,Wanted,7047.0,3.2193842,1.0199425,0493464,8909
168248,John Wick: Chapter Two (2017),2017,John Wick: Chapter Two,7037.0,3.8129885,0.92647505,4425200,324552
202429,Once Upon a Time in Hollywood (2019),2019,Once Upon a Time in Hollywood,7035.0,3.7712865,0.91172814,7131622,466272
1957,Chariots of Fire (1981),1981,Chariots of Fire,7013.0,3.7178097,0.9901861,0082158,9443
5945,About Schmidt (2002),2002,About Schmidt,7009.0,3.4520617,0.9278243,0257360,2755
115210,Fury (2014),2014,Fury,7009.0,3.7493224,0.8712869,2713180,228150
2134,Weird Science (1985),1985,Weird Science,7000.0,3.2929285,0.9406293,0090305,11814
3504,Network (1976),1976,Network,6985.0,4.0111666,0.82765496,0074958,10774
1945,On the Waterfront (1954),1954,On the Waterfront,6982.0,4.1109996,0.8348411,0047296,654
27706,Lemony Snicket's A Series of Unfortunate Events (2004),2004,Lemony Snicket's A Series of Unfortunate Events,6979.0,3.282992,0.9604601,0339291,11774
4128,"Lost Boys, The (1987)",1987,"Lost Boys, The",6979.0,3.5816736,0.869901,0093437,1547
3681,For a Few Dollars More (Per qualche dollaro in più) (1965),1965,For a Few Dollars More (Per qualche dollaro in più),6977.0,4.0035114,0.7436817,0059578,938
6708,Matchstick Men (2003),2003,Matchstick Men,6976.0,3.6431336,0.75589263,0325805,7270
4343,Evolution (2001),2001,Evolution,6965.0,2.9160087,1.0243913,0251075,9397
1499,Anaconda (1997),1997,Anaconda,6943.0,2.0985165,1.0498326,0118615,9360
2371,Fletch (1985),1985,Fletch,6943.0,3.462408,1.0107951,0089155,9749
909,"Apartment, The (1960)",1960,"Apartment, The",6921.0,4.028898,0.8346039,0053604,284
830,"First Wives Club, The (1996)",1996,"First Wives Club, The",6921.0,3.0934837,1.0637903,0116313,2925
7323,"Good bye, Lenin! (2003)",2003,"Good bye, Lenin!",6905.0,3.8773353,0.75688255,0301357,338
1253,"Day the Earth Stood Still, The (1951)",1951,"Day the Earth Stood Still, The",6897.0,3.9052486,0.8812406,0043456,828
208703,1917 (2019),2019,1917,6884.0,4.0381317,0.80309224,8579674,530915
80489,"Town, The (2010)",2010,"Town, The",6877.0,3.7395666,0.78480554,0840361,23168
49278,Déjà Vu (Deja Vu) (2006),2006,Déjà Vu (Deja Vu),6871.0,3.6050065,0.8683324,0453467,7551
2421,"Karate Kid, Part II, The (1986)",1986,"Karate Kid, Part II, The",6871.0,2.676903,1.0005621,0091326,8856
7444,13 Going on 30 (2004),2004,13 Going on 30,6864.0,3.1435752,1.0467198,0337563,10096
2409,Rocky II (1979),1979,Rocky II,6860.0,3.2270408,0.9918485,0079817,1367
26662,Kiki's Delivery Service (Majo no takkyûbin) (1989),1989,Kiki's Delivery Service (Majo no takkyûbin),6855.0,4.037418,0.7903297,0097814,16859
1025,"Sword in the Stone, The (1963)",1963,"Sword in the Stone, The",6830.0,3.558492,0.88261735,0057546,9078
3704,Mad Max Beyond Thunderdome (1985),1985,Mad Max Beyond Thunderdome,6824.0,3.127418,0.9586543,0089530,9355
1179,"Grifters, The (1990)",1990,"Grifters, The",6821.0,3.7086937,0.9135807,0099703,18129
58803,21 (2008),2008,21,6820.0,3.4970675,0.9033789,0478087,8065
5690,Grave of the Fireflies (Hotaru no haka) (1988),1988,Grave of the Fireflies (Hotaru no haka),6817.0,4.097917,0.9099646,0095327,12477
1350,"Omen, The (1976)",1976,"Omen, The",6814.0,3.573305,0.93433565,0075005,794
4232,Spy Kids (2001),2001,Spy Kids,6811.0,2.71524,1.1707057,0227538,10054
2359,Waking Ned Devine (a.k.a. Waking Ned) (1998),1998,Waking Ned Devine (a.k.a. Waking Ned),6807.0,3.8006463,0.89472914,0166396,10162
3034,Robin Hood (1973),1973,Robin Hood,6799.0,3.696573,0.9043332,0070608,11886
2485,She's All That (1999),1999,She's All That,6795.0,3.009198,1.0336319,0160862,10314
107,Muppet Treasure Island (1996),1996,Muppet Treasure Island,6782.0,3.2215424,1.0573012,0117110,10874
1296,"Room with a View, A (1986)",1986,"Room with a View, A",6778.0,3.9291089,0.9433713,0091867,11257
6383,"2 Fast 2 Furious (Fast and the Furious 2, The) (2003)",2003,"2 Fast 2 Furious (Fast and the Furious 2, The)",6777.0,2.628154,1.2177328,0322259,584
2788,Monty Python's And Now for Something Completely Different (1971),1971,Monty Python's And Now for Something Completely Different,6773.0,3.980437,0.8321701,0066765,9267
2405,"Jewel of the Nile, The (1985)",1985,"Jewel of the Nile, The",6760.0,3.1471155,0.891133,0089370,10303
3740,Big Trouble in Little China (1986),1986,Big Trouble in Little China,6746.0,3.5201602,0.9783618,0090728,6978
52281,Grindhouse (2007),2007,Grindhouse,6739.0,3.6406736,0.96654034,0462322,285923
1438,Dante's Peak (1997),1997,Dante's Peak,6725.0,2.8328624,1.0278424,0118928,9619
89864,50/50 (2011),2011,50/50,6724.0,3.7163148,0.824078,1306980,40807
5225,And Your Mother Too (Y tu mamá también) (2001),2001,And Your Mother Too (Y tu mamá también),6719.0,3.8694003,0.8882271,0245574,1391
3697,Predator 2 (1990),1990,Predator 2,6714.0,2.8894846,1.0007071,0100403,169
60,"Indian in the Cupboard, The (1995)",1995,"Indian in the Cupboard, The",6708.0,3.0906382,1.0059012,0113419,11359
4700,"Princess Diaries, The (2001)",2001,"Princess Diaries, The",6701.0,3.2604089,1.0992934,0247638,9880
3882,Bring It On (2000),2000,Bring It On,6698.0,3.0428486,1.1015487,0204946,1588
2428,"Faculty, The (1998)",1998,"Faculty, The",6685.0,2.8826478,1.0160065,0133751,9276
84954,"Adjustment Bureau, The (2011)",2011,"Adjustment Bureau, The",6681.0,3.5452027,0.90324175,1385826,38050
1965,Repo Man (1984),1984,Repo Man,6678.0,3.589473,1.0342197,0087995,13820
2872,Excalibur (1981),1981,Excalibur,6676.0,3.600734,0.9755057,0082348,11527
799,"Frighteners, The (1996)",1996,"Frighteners, The",6670.0,3.3653674,0.93875265,0116365,10779
152077,10 Cloverfield Lane (2016),2016,10 Cloverfield Lane,6665.0,3.7307577,0.84066755,1179933,333371
1284,"Big Sleep, The (1946)",1946,"Big Sleep, The",6665.0,4.1506376,0.82859135,0038355,910
1103,Rebel Without a Cause (1955),1955,Rebel Without a Cause,6659.0,3.7853281,0.86540747,0048545,221
2125,Ever After: A Cinderella Story (1998),1998,Ever After: A Cinderella Story,6659.0,3.6389098,1.0184546,0120631,9454
1237,"Seventh Seal, The (Sjunde inseglet, Det) (1957)",1957,"Seventh Seal, The (Sjunde inseglet, Det)",6657.0,4.0796156,0.94080377,0050976,490
6979,WarGames (1983),1983,WarGames,6656.0,3.6791615,0.7641084,0086567,860
69406,"Proposal, The (2009)",2009,"Proposal, The",6648.0,3.484582,1.0225875,1041829,18240
179819,Star Wars: The Last Jedi (2017),2017,Star Wars: The Last Jedi,6646.0,3.2615106,1.1598366,2527336,181808
866,Bound (1996),1996,Bound,6640.0,3.7204065,0.94195807,0115736,9303
135,Down Periscope (1996),1996,Down Periscope,6619.0,3.0049856,1.0639733,0116130,9101
2600,eXistenZ (1999),1999,eXistenZ,6619.0,3.3663695,1.0357798,0120907,1946
3745,Titan A.E. (2000),2000,Titan A.E.,6608.0,3.2708838,0.9825262,0120913,7450
87306,Super 8 (2011),2011,Super 8,6604.0,3.4620686,0.85679513,1650062,37686
6503,Charlie's Angels: Full Throttle (2003),2003,Charlie's Angels: Full Throttle,6587.0,2.50835,1.1129323,0305357,9471
103141,Monsters University (2013),2013,Monsters University,6587.0,3.4626536,0.9463527,1453405,62211
3435,Double Indemnity (1944),1944,Double Indemnity,6586.0,4.1834955,0.8140281,0036775,996
60756,Step Brothers (2008),2008,Step Brothers,6584.0,3.4933932,1.1163148,0838283,12133
954,Mr. Smith Goes to Washington (1939),1939,Mr. Smith Goes to Washington,6583.0,4.0088105,0.8591553,0031679,3083
114662,American Sniper (2014),2014,American Sniper,6578.0,3.4677713,1.0518103,2179136,190859
2186,Strangers on a Train (1951),1951,Strangers on a Train,6568.0,4.101553,0.75271845,0044079,845
562,Welcome to the Dollhouse (1995),1995,Welcome to the Dollhouse,6559.0,3.7806067,0.97120744,0114906,11446
44022,Ice Age 2: The Meltdown (2006),2006,Ice Age 2: The Meltdown,6540.0,3.2344036,1.0193238,0438097,950
671,Mystery Science Theater 3000: The Movie (1996),1996,Mystery Science Theater 3000: The Movie,6524.0,3.6740496,1.0687408,0117128,3065
52328,Sunshine (2007),2007,Sunshine,6520.0,3.6381903,0.87503344,0448134,1272
413,Airheads (1994),1994,Airheads,6514.0,2.8129413,0.9813882,0109068,13595
743,Spy Hard (1996),1996,Spy Hard,6511.0,2.7322223,1.062153,0117723,10535
1409,Michael (1996),1996,Michael,6508.0,3.037569,1.0420736,0117038,2928
3157,Stuart Little (1999),1999,Stuart Little,6488.0,2.8617446,1.0340276,0164912,10137
3683,Blood Simple (1984),1984,Blood Simple,6467.0,3.9832225,0.8134378,0086979,11368
3608,Pee-wee's Big Adventure (1985),1985,Pee-wee's Big Adventure,6463.0,3.2929754,1.194035,0089791,5683
37733,"History of Violence, A (2005)",2005,"History of Violence, A",6455.0,3.644539,0.8303718,0399146,59
237,Forget Paris (1995),1995,Forget Paris,6442.0,3.2158492,0.90433687,0113097,10525
103335,Despicable Me 2 (2013),2013,Despicable Me 2,6439.0,3.4955738,1.023878,1690953,93456
1449,Waiting for Guffman (1996),1996,Waiting for Guffman,6433.0,3.9225867,0.90898365,0118111,16448
5528,One Hour Photo (2002),2002,One Hour Photo,6425.0,3.3209338,0.8869588,0265459,9357
3809,What About Bob? (1991),1991,What About Bob?,6424.0,3.4097135,0.97005886,0103241,10276
51935,Shooter (2007),2007,Shooter,6419.0,3.6092849,0.91058546,0822854,7485
8638,Before Sunset (2004),2004,Before Sunset,6417.0,4.003974,0.90691686,0381681,80
3168,Easy Rider (1969),1969,Easy Rider,6411.0,3.6868663,0.93519616,0064276,624
4007,Wall Street (1987),1987,Wall Street,6409.0,3.7232018,0.7837257,0094291,10673
135133,The Hunger Games: Mockingjay - Part 2 (2015),2015,The Hunger Games: Mockingjay - Part 2,6401.0,3.4068115,1.0909903,1951266,131634
3087,Scrooged (1988),1988,Scrooged,6401.0,3.4621935,0.89777076,0096061,9647
1256,Duck Soup (1933),1933,Duck Soup,6391.0,4.0767484,0.94790804,0023969,3063
140174,Room (2015),2015,Room,6391.0,3.9420278,0.83340573,3170832,264644
2616,Dick Tracy (1990),1990,Dick Tracy,6386.0,2.7276073,0.9565275,0099422,8592
2067,Doctor Zhivago (1965),1965,Doctor Zhivago,6381.0,3.9283028,0.95669955,0059113,907
1254,"Treasure of the Sierra Madre, The (1948)",1948,"Treasure of the Sierra Madre, The",6377.0,4.1145525,0.8211322,0040897,3090
1019,"20,000 Leagues Under the Sea (1954)",1954,"20,000 Leagues Under the Sea",6375.0,3.549098,0.8682989,0046672,173
3986,"6th Day, The (2000)",2000,"6th Day, The",6371.0,2.983205,0.95939565,0216216,8452
53121,Shrek the Third (2007),2007,Shrek the Third,6368.0,2.8864636,1.0918199,0413267,810
162,Crumb (1994),1994,Crumb,6363.0,3.9978783,0.95909923,0109508,26564
1441,Benny & Joon (1993),1993,Benny & Joon,6353.0,3.5353377,0.9101925,0106387,4104
1217,Ran (1985),1985,Ran,6350.0,4.141181,0.8768636,0089881,11645
31878,Kung Fu Hustle (Gong fu) (2004),2004,Kung Fu Hustle (Gong fu),6335.0,3.7734017,0.9518291,0373074,9470
2410,Rocky III (1982),1982,Rocky III,6335.0,2.9883978,1.0240167,0084602,1371
5954,25th Hour (2002),2002,25th Hour,6332.0,3.8040113,0.8034909,0307901,1429
86833,Bridesmaids (2011),2011,Bridesmaids,6322.0,3.50174,1.043128,1478338,55721
57640,Hellboy II: The Golden Army (2008),2008,Hellboy II: The Golden Army,6321.0,3.3420346,0.98894376,0411477,11253
2467,"Name of the Rose, The (Name der Rose, Der) (1986)",1986,"Name of the Rose, The (Name der Rose, Der)",6320.0,3.8642404,0.80496544,0091605,192
81932,"Fighter, The (2010)",2010,"Fighter, The",6318.0,3.8235993,0.7414385,0964517,45317
185029,A Quiet Place (2018),2018,A Quiet Place,6304.0,3.697097,0.92892396,6644200,447332
187541,Incredibles 2 (2018),2018,Incredibles 2,6303.0,3.6481833,0.9129952,3606756,260513
158238,The Nice Guys (2016),2016,The Nice Guys,6303.0,3.775821,0.8230682,3799694,290250
232,Eat Drink Man Woman (Yin shi nan nu) (1994),1994,Eat Drink Man Woman (Yin shi nan nu),6295.0,4.028991,0.8555933,0111797,10451
6787,All the President's Men (1976),1976,All the President's Men,6274.0,4.02869,0.733698,0074119,891
3827,Space Cowboys (2000),2000,Space Cowboys,6266.0,3.0854611,0.93422854,0186566,5551
112138,22 Jump Street (2014),2014,22 Jump Street,6258.0,3.5063918,0.9772663,2294449,187017
53519,Death Proof (2007),2007,Death Proof,6248.0,3.5456145,0.9700988,1028528,1991
106916,American Hustle (2013),2013,American Hustle,6237.0,3.5299823,0.86874247,1800241,168672
6957,Bad Santa (2003),2003,Bad Santa,6235.0,3.3372896,1.0748518,0307987,10147
55118,Eastern Promises (2007),2007,Eastern Promises,6228.0,3.80965,0.7662474,0765443,2252
56775,National Treasure: Book of Secrets (2007),2007,National Treasure: Book of Secrets,6217.0,3.2499597,1.0484608,0465234,6637
8810,AVP: Alien vs. Predator (2004),2004,AVP: Alien vs. Predator,6212.0,2.6395686,1.1127468,0370263,395
532,Serial Mom (1994),1994,Serial Mom,6200.0,3.0675807,1.0782188,0111127,11592
3476,Jacob's Ladder (1990),1990,Jacob's Ladder,6198.0,3.6731203,0.9418927,0099871,2291
18,Four Rooms (1995),1995,Four Rooms,6191.0,3.4034889,1.0214647,0113101,5
1591,Spawn (1997),1997,Spawn,6188.0,2.638817,1.0893312,0120177,10336
2243,Broadcast News (1987),1987,Broadcast News,6182.0,3.6999352,0.87245876,0092699,12626
86911,"Hangover Part II, The (2011)",2011,"Hangover Part II, The",6175.0,2.9846153,1.090981,1411697,45243
2137,Charlotte's Web (1973),1973,Charlotte's Web,6170.0,3.5552673,0.9613755,0070016,15171
546,Super Mario Bros. (1993),1993,Super Mario Bros.,6169.0,2.0781326,1.088857,0108255,9607
3825,Coyote Ugly (2000),2000,Coyote Ugly,6158.0,2.7048554,1.1373032,0200550,6282
2739,"Color Purple, The (1985)",1985,"Color Purple, The",6158.0,3.738714,1.0054336,0088939,873
3186,"Girl, Interrupted (1999)",1999,"Girl, Interrupted",6154.0,3.6007476,0.8784892,0172493,3558
8958,Ray (2004),2004,Ray,6152.0,3.7783647,0.80601406,0350258,1677
1411,Hamlet (1996),1996,Hamlet,6151.0,3.7831247,0.9677472,0116477,10549
111781,Mission: Impossible - Rogue Nation (2015),2015,Mission: Impossible - Rogue Nation,6151.0,3.649813,0.9187033,2381249,177677
2686,"Red Violin, The (Violon rouge, Le) (1998)",1998,"Red Violin, The (Violon rouge, Le)",6145.0,3.8900733,0.9133606,0120802,14283
379,Timecop (1994),1994,Timecop,6142.0,2.7253337,1.0092907,0111438,8831
1835,City of Angels (1998),1998,City of Angels,6133.0,3.2502038,1.0720012,0120632,795
2411,Rocky IV (1985),1985,Rocky IV,6127.0,2.907622,1.1394174,0089927,1374
2688,"General's Daughter, The (1999)",1999,"General's Daughter, The",6120.0,3.0674837,0.9687577,0144214,2275
14,Nixon (1995),1995,Nixon,6116.0,3.4283028,0.94547254,0113987,10858
8914,Primer (2004),2004,Primer,6111.0,3.8150876,0.95556337,0390384,14337
3263,White Men Can't Jump (1992),1992,White Men Can't Jump,6110.0,3.1252863,0.8843174,0105812,10158
114935,Predestination (2014),2014,Predestination,6103.0,3.7891202,0.8976733,2397535,206487
96588,Pitch Perfect (2012),2012,Pitch Perfect,6101.0,3.5037699,1.0955509,1981677,114150
205156,Jojo Rabbit (2019),2019,Jojo Rabbit,6094.0,3.9679193,0.8824267,2584384,515001
3450,Grumpy Old Men (1993),1993,Grumpy Old Men,6086.0,3.3399606,0.94361335,0107050,11520
46530,Superman Returns (2006),2006,Superman Returns,6075.0,2.8831277,1.0431125,0348150,1452
926,All About Eve (1950),1950,All About Eve,6068.0,4.161091,0.87436277,0042192,705
3254,Wayne's World 2 (1993),1993,Wayne's World 2,6066.0,2.9569733,0.98268354,0108525,8873
1476,Private Parts (1997),1997,Private Parts,6064.0,3.3427606,1.0052085,0119951,9403
194,Smoke (1995),1995,Smoke,6060.0,3.8433168,0.8833124,0114478,10149
6565,Seabiscuit (2003),2003,Seabiscuit,6055.0,3.5860445,0.9072598,0329575,4464
3462,Modern Times (1936),1936,Modern Times,6051.0,4.079243,0.9211252,0027977,3082
2402,Rambo: First Blood Part II (1985),1985,Rambo: First Blood Part II,6040.0,2.8781457,1.107847,0089880,1369
5291,Rashomon (Rashômon) (1950),1950,Rashomon (Rashômon),6039.0,4.105895,0.8935593,0042876,548
2728,Spartacus (1960),1960,Spartacus,6033.0,3.826786,0.83632225,0054331,967
4388,Scary Movie 2 (2001),2001,Scary Movie 2,6028.0,2.4231918,1.1815417,0257106,4248
3869,"Naked Gun 2 1/2: The Smell of Fear, The (1991)",1991,"Naked Gun 2 1/2: The Smell of Fear, The",6012.0,3.245093,1.016345,0102510,37137
47997,Idiocracy (2006),2006,Idiocracy,6000.0,3.41825,0.97306204,0387808,7512
4023,"Family Man, The (2000)",2000,"Family Man, The",5994.0,3.3706207,0.96794236,0218967,5994
55290,Gone Baby Gone (2007),2007,Gone Baby Gone,5987.0,3.807249,0.7545458,0452623,4771
3100,"River Runs Through It, A (1992)",1992,"River Runs Through It, A",5981.0,3.694031,0.91362566,0105265,293
5617,Secretary (2002),2002,Secretary,5981.0,3.7105834,0.9196862,0274812,11013
140956,Ready Player One,,Ready Player One,5971.0,3.5334952,0.99734163,1677720,333339
4069,"Wedding Planner, The (2001)",2001,"Wedding Planner, The",5964.0,2.7636654,1.1382055,0209475,2018
58025,Jumper (2008),2008,Jumper,5964.0,3.0637994,1.0117103,0489099,8247
90866,Hugo (2011),2011,Hugo,5963.0,3.512326,0.92849374,0970179,44826
930,Notorious (1946),1946,Notorious,5962.0,4.146511,0.79222786,0038787,303
637,Sgt. Bilko (1996),1996,Sgt. Bilko,5960.0,2.830453,1.0219871,0117608,9099
4865,From Hell (2001),2001,From Hell,5952.0,3.3087199,0.91018045,0120681,768
2528,Logan's Run (1976),1976,Logan's Run,5936.0,3.4383423,0.92210823,0074812,10803
1185,My Left Foot (1989),1989,My Left Foot,5936.0,3.8798854,0.86145175,0097937,10161
222,Circle of Friends (1995),1995,Circle of Friends,5936.0,3.5347035,0.88575274,0112679,22625
5015,Monster's Ball (2001),2001,Monster's Ball,5935.0,3.4689133,0.95672405,0285742,1365
166635,Passengers (2016),2016,Passengers,5934.0,3.511965,0.96946037,1355644,274870
6548,Bad Boys II (2003),2003,Bad Boys II,5926.0,3.1503544,1.1243402,0172156,8961
1227,Once Upon a Time in America (1984),1984,Once Upon a Time in America,5925.0,3.978903,0.8732427,0087843,311
1100,Days of Thunder (1990),1990,Days of Thunder,5917.0,2.857191,1.014793,0099371,2119
1635,"Ice Storm, The (1997)",1997,"Ice Storm, The",5915.0,3.7879965,0.9334598,0119349,68924
3113,End of Days (1999),1999,End of Days,5899.0,2.6566367,1.0108572,0146675,9946
308,Three Colors: White (Trzy kolory: Bialy) (1994),1994,Three Colors: White (Trzy kolory: Bialy),5896.0,3.9016283,0.8999052,0111507,109
1556,Speed 2: Cruise Control (1997),1997,Speed 2: Cruise Control,5893.0,1.9201595,0.990423,0120179,1639
41285,Match Point (2005),2005,Match Point,5892.0,3.714019,0.8827572,0416320,116
2384,Babe: Pig in the City (1998),1998,Babe: Pig in the City,5884.0,2.9292147,1.23726,0120595,9447
928,Rebecca (1940),1940,Rebecca,5879.0,4.0641265,0.8256813,0032976,223
48043,"Fountain, The (2006)",2006,"Fountain, The",5875.0,3.5925107,1.0958856,0414993,1381
108190,Divergent (2014),2014,Divergent,5867.0,3.2063234,1.1359584,1840309,157350
3104,Midnight Run (1988),1988,Midnight Run,5860.0,3.8038397,0.8190286,0095631,9013
1955,Kramer vs. Kramer (1979),1979,Kramer vs. Kramer,5859.0,3.7300735,0.8454143,0079417,12102
915,Sabrina (1954),1954,Sabrina,5858.0,3.8951862,0.8782019,0047437,6620
1041,Secrets & Lies (1996),1996,Secrets & Lies,5851.0,4.0470004,0.8991045,0117589,11159
3438,Teenage Mutant Ninja Turtles (1990),1990,Teenage Mutant Ninja Turtles,5847.0,2.8822472,1.0851277,0100758,1498
1283,High Noon (1952),1952,High Noon,5840.0,4.0303936,0.85729045,0044706,288
6593,Freaky Friday (2003),2003,Freaky Friday,5829.0,3.0592725,1.0365466,0322330,10330
3968,Bedazzled (2000),2000,Bedazzled,5829.0,2.906159,1.0223707,0230030,1636
1688,Anastasia (1997),1997,Anastasia,5829.0,3.4983702,1.0257691,0118617,9444
48304,Apocalypto (2006),2006,Apocalypto,5818.0,3.6668959,0.94828856,0472043,1579
535,Short Cuts (1993),1993,Short Cuts,5818.0,3.7753522,0.9472403,0108122,695
2471,Crocodile Dundee II (1988),1988,Crocodile Dundee II,5814.0,2.601221,1.0149138,0092493,9396
68791,Terminator Salvation (2009),2009,Terminator Salvation,5805.0,3.069423,1.010713,0438488,534
1464,Lost Highway (1997),1997,Lost Highway,5798.0,3.7484477,1.0320349,0116922,638
68554,Angels & Demons (2009),2009,Angels & Demons,5795.0,3.250302,1.017468,0808151,13448
46970,Talladega Nights: The Ballad of Ricky Bobby (2006),2006,Talladega Nights: The Ballad of Ricky Bobby,5789.0,3.2787182,1.071602,0415306,9718
2991,Live and Let Die (1973),1973,Live and Let Die,5787.0,3.4793503,0.8592417,0070328,253
143385,Bridge of Spies (2015),2015,Bridge of Spies,5785.0,3.7918756,0.7794382,3682448,296098
1257,Better Off Dead... (1985),1985,Better Off Dead...,5784.0,3.8284924,0.886608,0088794,13667
2986,RoboCop 2 (1990),1990,RoboCop 2,5770.0,2.4997401,1.0084364,0100502,5549
2413,Clue (1985),1985,Clue,5769.0,3.527821,1.0087416,0088930,15196
27904,"Scanner Darkly, A (2006)",2006,"Scanner Darkly, A",5740.0,3.61777,0.9068756,0405296,3509
933,To Catch a Thief (1955),1955,To Catch a Thief,5728.0,3.9724162,0.7763352,0048728,381
1260,M (1931),1931,M,5728.0,4.1510997,0.8808909,0022100,832
201773,Spider-Man: Far from Home (2019),2019,Spider-Man: Far from Home,5724.0,3.6851852,0.93036455,6320628,429617
1248,Touch of Evil (1958),1958,Touch of Evil,5718.0,4.1243443,0.8683794,0052311,1480
166534,Split (2017),2017,Split,5711.0,3.6046226,0.9163085,4972582,381288
374,Richie Rich (1994),1994,Richie Rich,5703.0,2.4292479,1.0302511,0110989,11011
3730,"Conversation, The (1974)",1974,"Conversation, The",5693.0,4.0246797,0.8504972,0071360,592
2803,"Pelican Brief, The (1993)",1993,"Pelican Brief, The",5689.0,3.3508525,0.8736249,0107798,9944
104211,We're the Millers (2013),2013,We're the Millers,5688.0,3.4905941,0.9610167,1723121,138832
79293,Salt (2010),2010,Salt,5686.0,3.2333803,0.98790437,0944835,27576
106918,"Secret Life of Walter Mitty, The (2013)",2013,"Secret Life of Walter Mitty, The",5682.0,3.6906018,0.96224064,0359950,116745
382,Wolf (1994),1994,Wolf,5679.0,3.0310795,0.8841153,0111742,10395
166643,Hidden Figures (2016),2016,Hidden Figures,5669.0,3.9828012,0.8812796,4846340,381284
56587,"Bucket List, The (2007)",2007,"Bucket List, The",5668.0,3.5812457,0.93510413,0825232,7350
8983,House of Flying Daggers (Shi mian mai fu) (2004),2004,House of Flying Daggers (Shi mian mai fu),5665.0,3.7154458,0.8561115,0385004,9550
7325,Starsky & Hutch (2004),2004,Starsky & Hutch,5664.0,2.9209921,0.98558336,0335438,9384
1619,Seven Years in Tibet (1997),1997,Seven Years in Tibet,5657.0,3.434771,0.9031446,0120102,978
1091,Weekend at Bernie's (1989),1989,Weekend at Bernie's,5649.0,2.804567,1.0540242,0098627,8491
880,"Island of Dr. Moreau, The (1996)",1996,"Island of Dr. Moreau, The",5641.0,2.4687111,1.0581269,0116654,9306
64716,Seven Pounds (2008),2008,Seven Pounds,5637.0,3.6981552,1.004396,0814314,11321
203,"To Wong Foo, Thanks for Everything! Julie Newmar (1995)",1995,"To Wong Foo, Thanks for Everything! Julie Newmar",5635.0,3.1535048,1.0955195,0114682,9090
56145,"Mist, The (2007)",2007,"Mist, The",5635.0,3.5380657,0.9877745,0884328,5876
69526,Transformers: Revenge of the Fallen (2009),2009,Transformers: Revenge of the Fallen,5626.0,2.6644151,1.2641671,1055369,8373
1894,Six Days Seven Nights (1998),1998,Six Days Seven Nights,5626.0,2.839673,0.98051095,0120828,6068
157296,Finding Dory (2016),2016,Finding Dory,5624.0,3.5376067,0.95397335,2277860,127380
2116,"Lord of the Rings, The (1978)",1978,"Lord of the Rings, The",5621.0,3.2148194,1.1322949,0077869,123
6440,Barton Fink (1991),1991,Barton Fink,5617.0,3.832651,0.8471285,0101410,290
2046,Flight of the Navigator (1986),1986,Flight of the Navigator,5617.0,3.41953,0.8988783,0091059,10122
79,"Juror, The (1996)",1996,"Juror, The",5614.0,3.1224618,0.9697048,0116731,9623
207,"Walk in the Clouds, A (1995)",1995,"Walk in the Clouds, A",5608.0,3.3657274,1.0553094,0114887,9560
748,"Arrival, The (1996)",1996,"Arrival, The",5607.0,3.168896,0.9428038,0115571,10547
84944,Rango (2011),2011,Rango,5605.0,3.3719893,0.9951168,1192628,44896
8981,Closer (2004),2004,Closer,5600.0,3.5750892,0.9652078,0376541,2288
3638,Moonraker (1979),1979,Moonraker,5591.0,3.1500626,0.9377396,0079574,698
96737,Dredd (2012),2012,Dredd,5579.0,3.619197,0.96494067,1343727,49049
194448,Green Book (2018),2018,Green Book,5577.0,3.968352,0.86319035,6966692,490132
481,Kalifornia (1993),1993,Kalifornia,5568.0,3.326239,0.91286796,0107302,10909
106002,Ender's Game (2013),2013,Ender's Game,5549.0,3.3695261,0.99901146,1731141,80274
428,"Bronx Tale, A (1993)",1993,"Bronx Tale, A",5543.0,3.8276205,0.7707834,0106489,1607
5449,Mr. Deeds (2002),2002,Mr. Deeds,5542.0,2.832732,1.0584303,0280590,2022
6564,Lara Croft Tomb Raider: The Cradle of Life (2003),2003,Lara Croft Tomb Raider: The Cradle of Life,5540.0,2.7412455,1.0683304,0325703,1996
98961,Zero Dark Thirty (2012),2012,Zero Dark Thirty,5540.0,3.708213,0.9115096,1790885,97630
491,"Man Without a Face, The (1993)",1993,"Man Without a Face, The",5538.0,3.4081798,0.863813,0107501,10502
2369,Desperately Seeking Susan (1985),1985,Desperately Seeking Susan,5528.0,2.9375904,1.0136993,0089017,8130
2840,Stigmata (1999),1999,Stigmata,5521.0,3.0111394,1.0514883,0145531,10307
5620,Sweet Home Alabama (2002),2002,Sweet Home Alabama,5519.0,3.1798334,1.0610032,0256415,11529
1687,"Jackal, The (1997)",1997,"Jackal, The",5519.0,3.18998,0.9712295,0119395,4824
39446,Saw II (2005),2005,Saw II,5518.0,2.9173613,1.2322193,0432348,215
136020,Spectre (2015),2015,Spectre,5513.0,3.3874478,0.93365854,2379713,206647
112290,Boyhood (2014),2014,Boyhood,5513.0,3.7894068,1.00222,1065073,85350
1589,Cop Land (1997),1997,Cop Land,5505.0,3.290645,0.88249165,0118887,2142
5785,Jackass: The Movie (2002),2002,Jackass: The Movie,5492.0,2.923252,1.2535436,0322802,9012
103341,"World's End, The (2013)",2013,"World's End, The",5491.0,3.5444365,0.8842538,1213663,107985
138036,The Man from U.N.C.L.E. (2015),2015,The Man from U.N.C.L.E.,5490.0,3.6961749,0.9158151,1638355,203801
1178,Paths of Glory (1957),1957,Paths of Glory,5490.0,4.1785064,0.8345085,0050825,975
276,Milk Money (1994),1994,Milk Money,5487.0,2.9792237,0.94615626,0110516,8986
1281,"Great Dictator, The (1940)",1940,"Great Dictator, The",5484.0,4.0336432,0.9012467,0032553,914
3984,Diamonds Are Forever (1971),1971,Diamonds Are Forever,5481.0,3.4919722,0.8513243,0066995,681
1125,"Return of the Pink Panther, The (1975)",1975,"Return of the Pink Panther, The",5476.0,3.628287,0.9431927,0072081,11843
175,Kids (1995),1995,Kids,5468.0,3.5128016,1.07443,0113540,9344
994,Big Night (1996),1996,Big Night,5457.0,3.995327,0.86243397,0115678,18203
5110,Super Troopers (2001),2001,Super Troopers,5453.0,3.6013203,1.0416201,0247745,39939
2004,Gremlins 2: The New Batch (1990),1990,Gremlins 2: The New Batch,5436.0,2.7976453,1.0929573,0099700,928
7318,"Passion of the Christ, The (2004)",2004,"Passion of the Christ, The",5434.0,3.1264262,1.3300838,0335345,615
133771,The Lobster (2015),2015,The Lobster,5433.0,3.6616971,1.0040601,3464902,254320
71264,Cloudy with a Chance of Meatballs (2009),2009,Cloudy with a Chance of Meatballs,5429.0,3.3379996,0.98723155,0844471,22794
104913,Rush (2013),2013,Rush,5429.0,3.8769572,0.8201146,1979320,96721
56152,Enchanted (2007),2007,Enchanted,5427.0,3.4697807,0.9955248,0461770,4523
3526,Parenthood (1989),1989,Parenthood,5425.0,3.5752075,0.9072304,0098067,1552
361,It Could Happen to You (1994),1994,It Could Happen to You,5425.0,3.3270967,0.85329884,0110167,10660
1792,U.S. Marshals (1998),1998,U.S. Marshals,5424.0,3.2384772,0.9040528,0120873,11808
88,Black Sheep (1996),1996,Black Sheep,5419.0,3.108784,1.0501122,0115697,13997
8873,"Motorcycle Diaries, The (Diarios de motocicleta) (2004)",2004,"Motorcycle Diaries, The (Diarios de motocicleta)",5413.0,3.8410308,0.8166614,0318462,1653
49286,"Holiday, The (2006)",2006,"Holiday, The",5408.0,3.5526073,1.011656,0457939,1581
1958,Terms of Endearment (1983),1983,Terms of Endearment,5406.0,3.6328154,1.0109153,0086425,11050
1702,Flubber (1997),1997,Flubber,5404.0,2.5758698,1.0622311,0119137,9574
1033,"Fox and the Hound, The (1981)",1981,"Fox and the Hound, The",5397.0,3.466926,0.91704136,0082406,10948
765,Jack (1996),1996,Jack,5395.0,3.010936,1.040152,0116669,7095
2013,"Poseidon Adventure, The (1972)",1972,"Poseidon Adventure, The",5391.0,3.3131144,0.94965696,0069113,551
4448,"Score, The (2001)",2001,"Score, The",5386.0,3.4613814,0.82430214,0227445,11371
4161,"Mexican, The (2001)",2001,"Mexican, The",5383.0,3.021828,0.9576391,0236493,6073
3060,"Commitments, The (1991)",1991,"Commitments, The",5373.0,3.7686582,0.83610827,0101605,11663
1049,"Ghost and the Darkness, The (1996)",1996,"Ghost and the Darkness, The",5362.0,3.401436,0.9604333,0116409,10586
1959,Out of Africa (1985),1985,Out of Africa,5360.0,3.6242537,1.0166322,0089755,606
3534,28 Days (2000),2000,28 Days,5357.0,3.0727086,0.9614906,0191754,10468
4823,Serendipity (2001),2001,Serendipity,5356.0,3.35913,1.0135832,0240890,9778
53953,1408 (2007),2007,1408,5355.0,3.3821661,0.94513744,0450385,3021
2664,Invasion of the Body Snatchers (1956),1956,Invasion of the Body Snatchers,5343.0,3.7572525,0.96111757,0049366,11549
4084,Beverly Hills Cop II (1987),1987,Beverly Hills Cop II,5339.0,3.1293314,0.92196935,0092644,96
254726,Dune (2021),2021,Dune,5332.0,3.9596775,0.8966821,1160419,438631
2139,"Secret of NIMH, The (1982)",1982,"Secret of NIMH, The",5326.0,3.7263424,0.916914,0084649,11704
2642,Superman III (1983),1983,Superman III,5321.0,2.4235106,0.9876939,0086393,9531
2398,Miracle on 34th Street (1947),1947,Miracle on 34th Street,5321.0,3.7395227,0.9882751,0039628,11881
67087,"I Love You, Man (2009)",2009,"I Love You, Man",5312.0,3.5827372,0.8769509,1155056,16538
135536,Suicide Squad (2016),2016,Suicide Squad,5310.0,2.640207,1.171438,1386697,297761
1416,Evita (1996),1996,Evita,5304.0,3.1526206,1.1970408,0116250,8818
3298,Boiler Room (2000),2000,Boiler Room,5303.0,3.4988685,0.8724257,0181984,14181
2993,Thunderball (1965),1965,Thunderball,5299.0,3.6074731,0.8360331,0059800,660
2141,"American Tail, An (1986)",1986,"American Tail, An",5291.0,3.3752599,0.9450069,0090633,4978
519,RoboCop 3 (1993),1993,RoboCop 3,5284.0,2.198713,1.0274347,0107978,5550
3098,"Natural, The (1984)",1984,"Natural, The",5278.0,3.794619,0.8459478,0087781,11393
3156,Bicentennial Man (1999),1999,Bicentennial Man,5278.0,3.1779082,1.1341633,0182789,2277
3198,Papillon (1973),1973,Papillon,5270.0,3.9573054,0.76162386,0070511,5924
27660,"Animatrix, The (2003)",2003,"Animatrix, The",5265.0,3.654511,0.9343532,0328832,55931
2082,"Mighty Ducks, The (1992)",1992,"Mighty Ducks, The",5265.0,2.9078822,1.0219219,0104868,10414
1693,Amistad (1997),1997,Amistad,5255.0,3.5726926,0.9237932,0118607,11831
27831,Layer Cake (2004),2004,Layer Cake,5254.0,3.7427673,0.80842465,0375912,4836
3735,Serpico (1973),1973,Serpico,5250.0,3.9080951,0.7173258,0070666,9040
3083,All About My Mother (Todo sobre mi madre) (1999),1999,All About My Mother (Todo sobre mi madre),5249.0,3.9792342,0.9277169,0185125,99
65,Bio-Dome (1996),1996,Bio-Dome,5248.0,2.3733804,1.1976496,0115683,9536
1883,Bulworth (1998),1998,Bulworth,5244.0,3.3362892,1.0638319,0118798,9452
7160,Monster (2003),2003,Monster,5238.0,3.6085339,0.8574721,0340855,504
4881,"Man Who Wasn't There, The (2001)",2001,"Man Who Wasn't There, The",5237.0,3.7523391,0.8212913,0243133,10778
65261,Ponyo (Gake no ue no Ponyo) (2008),2008,Ponyo (Gake no ue no Ponyo),5236.0,3.8476892,0.87015486,0876563,12429
383,Wyatt Earp (1994),1994,Wyatt Earp,5234.0,3.1979365,0.89720434,0111756,12160
101,Bottle Rocket (1996),1996,Bottle Rocket,5211.0,3.7507195,0.8783693,0115734,13685
955,Bringing Up Baby (1938),1938,Bringing Up Baby,5210.0,4.005278,0.9468101,0029947,900
33162,Kingdom of Heaven (2005),2005,Kingdom of Heaven,5210.0,3.4928982,0.93421936,0320661,1495
538,Six Degrees of Separation (1993),1993,Six Degrees of Separation,5205.0,3.6901057,0.91659695,0108149,23210
111659,Maleficent (2014),2014,Maleficent,5202.0,3.3461168,1.0333384,1587310,102651
836,Chain Reaction (1996),1996,Chain Reaction,5197.0,2.905811,0.97472334,0115857,12123
192803,Bohemian Rhapsody (2018),2018,Bohemian Rhapsody,5193.0,3.6957443,0.97174805,1727824,424694
3328,Ghost Dog: The Way of the Samurai (1999),1999,Ghost Dog: The Way of the Samurai,5186.0,3.7240648,0.94681484,0165798,4816
3635,"Spy Who Loved Me, The (1977)",1977,"Spy Who Loved Me, The",5185.0,3.5382836,0.8273105,0076752,691
4728,Rat Race (2001),2001,Rat Race,5181.0,3.1232388,1.0524894,0250687,9896
2318,Happiness (1998),1998,Happiness,5179.0,3.82458,1.0437865,0147612,10683
5992,"Hours, The (2002)",2002,"Hours, The",5176.0,3.6805449,0.98403007,0274558,590
2662,"War of the Worlds, The (1953)",1953,"War of the Worlds, The",5168.0,3.5897832,0.9494012,0046534,8974
280,Murder in the First (1995),1995,Murder in the First,5164.0,3.7149496,0.85507065,0113870,8438
2126,Snake Eyes (1998),1998,Snake Eyes,5160.0,2.8041666,0.94763666,0120832,8688
66934,Dr. Horrible's Sing-Along Blog (2008),2008,Dr. Horrible's Sing-Along Blog,5158.0,3.9317565,1.0513275,1227926,14301
2245,Working Girl (1988),1988,Working Girl,5144.0,3.3545878,0.8975014,0096463,3525
5171,"Time Machine, The (2002)",2002,"Time Machine, The",5142.0,2.8839946,1.0249801,0268695,2135
163645,Hacksaw Ridge (2016),2016,Hacksaw Ridge,5127.0,3.8906767,0.91865546,2119532,324786
182715,Annihilation (2018),2018,Annihilation,5126.0,3.5913968,0.93911535,2798920,300668
3264,Buffy the Vampire Slayer (1992),1992,Buffy the Vampire Slayer,5124.0,2.9317915,1.0322641,0103893,10206
911,Charade (1963),1963,Charade,5117.0,4.0341997,0.8053907,0056923,4808
4366,Atlantis: The Lost Empire (2001),2001,Atlantis: The Lost Empire,5113.0,3.3695483,0.97674334,0230011,10865
36517,"Constant Gardener, The (2005)",2005,"Constant Gardener, The",5106.0,3.6910498,0.81506157,0387131,1985
54995,Planet Terror (2007),2007,Planet Terror,5105.0,3.4889324,1.0126671,1077258,1992
37741,Capote (2005),2005,Capote,5103.0,3.6793063,0.8593155,0379725,398
55276,Michael Clayton (2007),2007,Michael Clayton,5081.0,3.70803,0.8220165,0465538,4566
905,It Happened One Night (1934),1934,It Happened One Night,5074.0,4.114604,0.8466732,0025316,3078
540,Sliver (1993),1993,Sliver,5074.0,2.7098935,0.9495414,0108162,867
8965,"Polar Express, The (2004)",2004,"Polar Express, The",5073.0,3.0829883,1.0871944,0338348,5255
3910,Dancer in the Dark (2000),2000,Dancer in the Dark,5070.0,3.8448718,1.0608106,0168629,16
3979,Little Nicky (2000),2000,Little Nicky,5064.0,2.4493484,1.1706765,0185431,9678
2133,Adventures in Babysitting (1987),1987,Adventures in Babysitting,5064.0,3.250395,0.9457953,0092513,14367
3360,Hoosiers (a.k.a. Best Shot) (1986),1986,Hoosiers (a.k.a. Best Shot),5061.0,3.8578343,0.8633927,0091217,5693
40278,Jarhead (2005),2005,Jarhead,5054.0,3.44816,0.8470409,0418763,25
177615,Lady Bird (2017),2017,Lady Bird,5054.0,3.787693,0.87029326,4925292,391713
3030,Yojimbo (1961),1961,Yojimbo,5053.0,4.1715813,0.85222906,0055630,11878
140,Up Close and Personal (1996),1996,Up Close and Personal,5049.0,3.2892652,1.0032414,0118055,9302
249,Immortal Beloved (1994),1994,Immortal Beloved,5045.0,3.6717541,0.9159704,0110116,13701
53464,Fantastic Four: Rise of the Silver Surfer (2007),2007,Fantastic Four: Rise of the Silver Surfer,5041.0,2.5822258,1.0850414,0486576,1979
1620,Kiss the Girls (1997),1997,Kiss the Girls,5040.0,3.3627977,0.89793426,0119468,9437
69,Friday (1995),1995,Friday,5039.0,3.5507045,1.0231825,0113118,10634
2297,What Dreams May Come (1998),1998,What Dreams May Come,5036.0,3.3280382,1.159485,0120889,12159
4351,Point Break (1991),1991,Point Break,5034.0,3.388359,0.9181978,0102685,1089
83134,Tucker & Dale vs Evil (2010),2010,Tucker & Dale vs Evil,5032.0,3.8333664,0.91607994,1465522,46838
103688,"Conjuring, The (2013)",2013,"Conjuring, The",5031.0,3.6729279,0.95182705,1457767,138843
3246,Malcolm X (1992),1992,Malcolm X,5026.0,3.8012335,0.8388493,0104797,1883
175303,It (2017),2017,It,5025.0,3.506169,0.99007905,1396484,346364
3593,Battlefield Earth (2000),2000,Battlefield Earth,5010.0,1.5672655,1.0580884,0185183,5491
96829,"Hunt, The (Jagten) (2012)",2012,"Hunt, The (Jagten)",5009.0,4.0935316,0.7915703,2106476,103663
47200,Crank (2006),2006,Crank,5000.0,3.3925,1.019118,0479884,1948
2053,"Honey, I Blew Up the Kid (1992)",1992,"Honey, I Blew Up the Kid",4997.0,2.1354814,1.0017778,0104437,11158
3468,"Hustler, The (1961)",1961,"Hustler, The",4997.0,4.06654,0.7951924,0054997,990
6297,Holes (2003),2003,Holes,4995.0,3.5165164,0.91410077,0311289,8326
4499,Dirty Rotten Scoundrels (1988),1988,Dirty Rotten Scoundrels,4991.0,3.687838,0.8295823,0095031,10141
79695,"Expendables, The (2010)",2010,"Expendables, The",4991.0,2.9543178,1.0659218,1320253,27578
5944,Star Trek: Nemesis (2002),2002,Star Trek: Nemesis,4988.0,3.1377306,1.0532616,0253754,201
2719,"Haunting, The (1999)",1999,"Haunting, The",4987.0,2.4594946,1.0765727,0171363,11618
63072,"Road, The (2009)",2009,"Road, The",4979.0,3.6266317,0.88958627,0898367,20766
381,When a Man Loves a Woman (1994),1994,When a Man Loves a Woman,4970.0,3.3978872,0.9581637,0111693,10449
1974,Friday the 13th (1980),1980,Friday the 13th,4969.0,2.9386194,1.1333919,0080761,4488
63131,Role Models (2008),2008,Role Models,4966.0,3.5234594,0.8841809,0430922,15373
2527,Westworld (1973),1973,Westworld,4964.0,3.423751,0.9075644,0070909,2362
1388,Jaws 2 (1978),1978,Jaws 2,4957.0,2.599758,0.9646098,0077766,579
7347,Secret Window (2004),2004,Secret Window,4955.0,3.2204843,0.94161093,0363988,1586
63876,Milk (2008),2008,Milk,4949.0,3.7132754,0.88827556,1013753,10139
2301,History of the World: Part I (1981),1981,History of the World: Part I,4948.0,3.5936742,0.96573937,0082517,10156
140110,The Intern (2015),2015,The Intern,4934.0,3.67197,0.95141804,2361509,257211
2989,For Your Eyes Only (1981),1981,For Your Eyes Only,4933.0,3.4400973,0.86591405,0082398,699
3452,Romeo Must Die (2000),2000,Romeo Must Die,4933.0,2.9936144,0.9925768,0165929,2085
91535,"Bourne Legacy, The (2012)",2012,"Bourne Legacy, The",4929.0,3.431832,0.9846731,1194173,49040
2841,Stir of Echoes (1999),1999,Stir of Echoes,4928.0,3.5038555,0.86328804,0164181,11601
42738,Underworld: Evolution (2006),2006,Underworld: Evolution,4924.0,3.3154955,1.060397,0401855,834
1711,Midnight in the Garden of Good and Evil (1997),1997,Midnight in the Garden of Good and Evil,4923.0,3.2529962,0.99062485,0119668,8197
115122,What We Do in the Shadows (2014),2014,What We Do in the Shadows,4918.0,4.0101666,0.8514295,3416742,246741
3744,Shaft (2000),2000,Shaft,4917.0,2.9314623,0.9565311,0162650,479
203375,Ford v. Ferrari (2019),2019,Ford v. Ferrari,4908.0,3.953749,0.7891021,1950186,359724
534,Shadowlands (1993),1993,Shadowlands,4908.0,3.8901794,0.8889658,0108101,10445
3893,Nurse Betty (2000),2000,Nurse Betty,4907.0,3.1678214,0.99837303,0171580,10480
3089,Bicycle Thieves (a.k.a. The Bicycle Thief) (a.k.a. The Bicycle Thieves) (Ladri di biciclette) (1948),1948,Bicycle Thieves (a.k.a. The Bicycle Thief) (a.k.a. The Bicycle Thieves) (Ladri di biciclette),4903.0,4.109117,0.9081797,0040522,5156
1588,George of the Jungle (1997),1997,George of the Jungle,4902.0,2.6927783,1.1280787,0119190,10603
63859,Bolt (2008),2008,Bolt,4900.0,3.265,0.9616177,0397892,13053
2059,"Parent Trap, The (1998)",1998,"Parent Trap, The",4899.0,3.2916923,1.0860461,0120783,9820
951,His Girl Friday (1940),1940,His Girl Friday,4897.0,4.0795383,0.88362575,0032599,3085
5400,"Sum of All Fears, The (2002)",2002,"Sum of All Fears, The",4896.0,3.2169118,0.89209896,0164184,4614
39292,"Good Night, and Good Luck. (2005)",2005,"Good Night, and Good Luck.",4890.0,3.77454,0.7934174,0433383,3291
2792,Airplane II: The Sequel (1982),1982,Airplane II: The Sequel,4871.0,3.0808868,1.0163076,0083530,2665
5049,48 Hrs. (1982),1982,48 Hrs.,4868.0,3.4814093,0.7963559,0083511,150
2009,Soylent Green (1973),1973,Soylent Green,4868.0,3.4979458,0.9136748,0070723,12101
147,"Basketball Diaries, The (1995)",1995,"Basketball Diaries, The",4866.0,3.5936086,0.9151698,0112461,10474
3355,"Ninth Gate, The (1999)",1999,"Ninth Gate, The",4861.0,3.2533429,1.0000266,0142688,622
3178,"Hurricane, The (1999)",1999,"Hurricane, The",4860.0,3.7376542,0.8510141,0174856,10400
1124,On Golden Pond (1981),1981,On Golden Pond,4859.0,3.683371,0.9261665,0082846,11816
7371,Dogville (2003),2003,Dogville,4850.0,3.8634021,1.0786989,0276919,553
2672,"Thirteenth Floor, The (1999)",1999,"Thirteenth Floor, The",4850.0,3.3650515,0.9945641,0139809,1090
5014,I Am Sam (2001),2001,I Am Sam,4849.0,3.5558877,1.0139146,0277027,10950
338,Virtuosity (1995),1995,Virtuosity,4843.0,2.9817262,0.9595423,0114857,9271
5782,"Professional, The (Le professionnel) (1981)",1981,"Professional, The (Le professionnel)",4835.0,4.053568,0.82662636,0082949,1672
2805,Mickey Blue Eyes (1999),1999,Mickey Blue Eyes,4833.0,2.8299193,0.9801627,0130121,10154
79592,"Other Guys, The (2010)",2010,"Other Guys, The",4833.0,3.4451687,0.98813003,1386588,27581
7317,EuroTrip (2004),2004,EuroTrip,4824.0,3.3005805,1.094646,0356150,9352
8910,I Heart Huckabees (2004),2004,I Heart Huckabees,4821.0,3.5818295,1.0763363,0356721,1599
1224,Henry V (1989),1989,Henry V,4819.0,4.1009545,0.87652326,0097499,10705
2990,Licence to Kill (1989),1989,Licence to Kill,4816.0,3.2167773,0.91442627,0097742,709
87222,Kung Fu Panda 2 (2011),2011,Kung Fu Panda 2,4814.0,3.4957416,1.0133293,1302011,49444
2505,8MM (1999),1999,8MM,4813.0,2.981924,1.013513,0134273,8224
412,"Age of Innocence, The (1993)",1993,"Age of Innocence, The",4809.0,3.5632148,0.9103745,0106226,10436
1348,"Nosferatu (Nosferatu, eine Symphonie des Grauens) (1922)",1922,"Nosferatu (Nosferatu, eine Symphonie des Grauens)",4805.0,3.8631635,0.9455712,0013442,653
103772,"Wolverine, The (2013)",2013,"Wolverine, The",4799.0,3.2160866,0.98465914,1430132,76170
1614,In & Out (1997),1997,In & Out,4797.0,3.150615,0.97218734,0119360,10806
514,"Ref, The (1994)",1994,"Ref, The",4795.0,3.4486966,0.8837144,0110955,10872
6709,Once Upon a Time in Mexico (2003),2003,Once Upon a Time in Mexico,4788.0,3.1715748,0.9523098,0285823,1428
2338,I Still Know What You Did Last Summer (1998),1998,I Still Know What You Did Last Summer,4787.0,2.1155212,1.0670302,0130018,3600
99112,Jack Reacher (2012),2012,Jack Reacher,4780.0,3.5299163,0.89938736,0790724,75780
3267,"Mariachi, El (1992)",1992,"Mariachi, El",4777.0,3.608855,0.8626819,0104815,9367
1297,Real Genius (1985),1985,Real Genius,4776.0,3.651696,0.91695446,0089886,14370
1892,"Perfect Murder, A (1998)",1998,"Perfect Murder, A",4774.0,3.3607037,0.8563082,0120787,1965
1013,"Parent Trap, The (1961)",1961,"Parent Trap, The",4772.0,3.4350376,0.995732,0055277,19186
88405,Friends with Benefits (2011),2011,Friends with Benefits,4766.0,3.2762275,1.0393715,1632708,50544
41,Richard III (1995),1995,Richard III,4760.0,3.8362396,0.93759906,0114279,31174
2973,Crimes and Misdemeanors (1989),1989,Crimes and Misdemeanors,4760.0,4.0045166,0.8803919,0097123,11562
2808,Universal Soldier (1992),1992,Universal Soldier,4759.0,2.6124187,1.0270466,0105698,9349
5152,We Were Soldiers (2002),2002,We Were Soldiers,4745.0,3.5692308,0.979986,0277434,10590
8861,Resident Evil: Apocalypse (2004),2004,Resident Evil: Apocalypse,4735.0,3.0096092,1.1496415,0318627,1577
122924,X-Men: Apocalypse (2016),2016,X-Men: Apocalypse,4733.0,3.17135,1.0310619,3385516,246655
1834,"Spanish Prisoner, The (1997)",1997,"Spanish Prisoner, The",4733.0,3.8644624,0.88261867,0120176,29193
6796,Boyz N the Hood (1991),1991,Boyz N the Hood,4731.0,3.7687593,0.8002408,0101507,650
34437,Broken Flowers (2005),2005,Broken Flowers,4723.0,3.6004658,0.85247964,0412019,308
4327,"Magnificent Seven, The (1960)",1960,"Magnificent Seven, The",4723.0,3.8983698,0.8006797,0054047,966
23,Assassins (1995),1995,Assassins,4717.0,3.1504135,0.95003814,0112401,9691
135569,Star Trek Beyond (2016),2016,Star Trek Beyond,4709.0,3.5272882,0.95654786,2660888,188927
3639,"Man with the Golden Gun, The (1974)",1974,"Man with the Golden Gun, The",4708.0,3.4687765,0.8532558,0071807,682
1956,Ordinary People (1980),1980,Ordinary People,4707.0,3.8817718,0.940083,0081283,16619
7346,"Girl Next Door, The (2004)",2004,"Girl Next Door, The",4698.0,3.2987442,0.9984513,0265208,10591
737,Barb Wire (1996),1996,Barb Wire,4695.0,2.0955272,1.1501937,0115624,11867
1031,Bedknobs and Broomsticks (1971),1971,Bedknobs and Broomsticks,4691.0,3.3516307,0.9647558,0066817,12335
2720,Inspector Gadget (1999),1999,Inspector Gadget,4691.0,2.1061606,1.0303116,0141369,332
227,Drop Zone (1994),1994,Drop Zone,4689.0,3.0647259,0.9014003,0109676,4954
84772,Paul (2011),2011,Paul,4686.0,3.3362143,0.98011655,1092026,39513
4326,Mississippi Burning (1988),1988,Mississippi Burning,4685.0,3.8445036,0.7278572,0095647,1632
419,"Beverly Hillbillies, The (1993)",1993,"Beverly Hillbillies, The",4680.0,2.4797008,1.0271555,0106400,11041
3159,Fantasia 2000 (1999),1999,Fantasia 2000,4675.0,3.5128343,1.0696968,0120910,49948
2311,2010: The Year We Make Contact (1984),1984,2010: The Year We Make Contact,4673.0,3.3949282,0.9315634,0086837,4437
707,Mulholland Falls (1996),1996,Mulholland Falls,4672.0,3.0695634,0.88650435,0117107,10990
2863,"Hard Day's Night, A (1964)",1964,"Hard Day's Night, A",4671.0,3.8109612,0.97556645,0058182,704
2857,Yellow Submarine (1968),1968,Yellow Submarine,4671.0,3.5803897,1.0610955,0063823,12105
7173,Along Came Polly (2004),2004,Along Came Polly,4666.0,2.9577796,0.97329646,0343135,5966
3980,Men of Honor (2000),2000,Men of Honor,4657.0,3.6337771,0.92003715,0203019,11978
60126,Get Smart (2008),2008,Get Smart,4652.0,3.1564918,0.9778315,0425061,11665
714,Dead Man (1995),1995,Dead Man,4642.0,3.8804395,1.0239687,0112817,922
6156,Shanghai Knights (2003),2003,Shanghai Knights,4641.0,3.0962076,0.9970099,0300471,6038
97306,Seven Psychopaths (2012),2012,Seven Psychopaths,4640.0,3.6577587,0.8750353,1931533,86838
2333,Gods and Monsters (1998),1998,Gods and Monsters,4638.0,3.8032558,0.9090897,0120684,3033
188301,Ant-Man and the Wasp (2018),2018,Ant-Man and the Wasp,4638.0,3.463454,0.901686,5095030,363088
1920,Small Soldiers (1998),1998,Small Soldiers,4637.0,2.8447273,0.99996805,0122718,11551
102123,This Is the End (2013),2013,This Is the End,4636.0,3.2703838,1.0548418,1245492,109414
159093,Now You See Me 2 (2016),2016,Now You See Me 2,4622.0,3.4558632,1.0721127,3110958,291805
5313,The Scorpion King (2002),2002,The Scorpion King,4614.0,2.5871263,1.042296,0277296,9334
7162,Cold Mountain (2003),2003,Cold Mountain,4609.0,3.514103,0.89074177,0159365,2289
79357,Mr. Nobody (2009),2009,Mr. Nobody,4606.0,3.8800478,0.9752058,0485947,31011
45728,Clerks II (2006),2006,Clerks II,4606.0,3.4801347,1.0302622,0424345,2295
180031,The Shape of Water (2017),2017,The Shape of Water,4596.0,3.5053308,0.98405343,5580390,399055
183869,Hereditary (2018),2018,Hereditary,4596.0,3.8637946,0.9934207,7784604,493922
5463,Reign of Fire (2002),2002,Reign of Fire,4591.0,3.0239599,0.9693971,0253556,6278
2459,"Texas Chainsaw Massacre, The (1974)",1974,"Texas Chainsaw Massacre, The",4589.0,3.3644586,1.2439209,0072271,30497
45431,Over the Hedge (2006),2006,Over the Hedge,4576.0,3.240931,0.9903495,0327084,7518
7149,Something's Gotta Give (2003),2003,Something's Gotta Give,4574.0,3.4666593,0.92675865,0337741,6964
3173,Any Given Sunday (1999),1999,Any Given Sunday,4567.0,3.187103,0.9789585,0146838,9563
5103,"Sandlot, The (1993)",1993,"Sandlot, The",4567.0,3.6721041,0.8690833,0108037,11528
94677,"Dictator, The (2012)",2012,"Dictator, The",4565.0,3.1759036,1.1093528,1645170,76493
7387,Dawn of the Dead (1978),1978,Dawn of the Dead,4559.0,3.7988594,0.9531655,0077402,923
1344,Cape Fear (1962),1962,Cape Fear,4553.0,3.7846475,0.8376699,0055824,11349
3536,Keeping the Faith (2000),2000,Keeping the Faith,4551.0,3.391782,0.9597908,0171433,4967
136864,Batman v Superman: Dawn of Justice (2016),2016,Batman v Superman: Dawn of Justice,4547.0,2.702881,1.1356609,2975590,209112
477,What's Love Got to Do with It? (1993),1993,What's Love Got to Do with It?,4545.0,3.550605,0.85738826,0108551,15765
3676,Eraserhead (1977),1977,Eraserhead,4545.0,3.6517053,1.1348987,0074486,985
4873,Waking Life (2001),2001,Waking Life,4544.0,3.846721,1.0605685,0243017,9081
164,Devil in a Blue Dress (1995),1995,Devil in a Blue Dress,4541.0,3.4589298,0.83594763,0112857,8512
183897,Isle of Dogs (2018),2018,Isle of Dogs,4541.0,3.8393526,0.9108448,5104604,399174
1678,"Joy Luck Club, The (1993)",1993,"Joy Luck Club, The",4539.0,3.7010355,0.98990107,0107282,19931
4992,Kate & Leopold (2001),2001,Kate & Leopold,4536.0,3.1744928,1.0371957,0035423,11232
4980,Bill & Ted's Bogus Journey (1991),1991,Bill & Ted's Bogus Journey,4522.0,3.028085,0.9949478,0101452,1649
144,"Brothers McMullen, The (1995)",1995,"Brothers McMullen, The",4517.0,3.4652424,0.9399653,0112585,16388
59501,"Chronicles of Narnia: Prince Caspian, The (2008)",2008,"Chronicles of Narnia: Prince Caspian, The",4514.0,3.1931767,1.046985,0499448,2454
262,"Little Princess, A (1995)",1995,"Little Princess, A",4507.0,3.768804,0.9264561,0113670,19101
6586,American Wedding (American Pie 3) (2003),2003,American Wedding (American Pie 3),4498.0,2.887728,1.106192,0328828,8273
60950,Vicky Cristina Barcelona (2008),2008,Vicky Cristina Barcelona,4496.0,3.5961967,0.9211572,0497465,5038
111921,The Fault in Our Stars (2014),2014,The Fault in Our Stars,4491.0,3.5315075,1.0845433,2582846,222935
3699,Starman (1984),1984,Starman,4491.0,3.4110444,0.86855644,0088172,9663
6620,American Splendor (2003),2003,American Splendor,4488.0,3.777295,0.8082421,0305206,2771
89774,Warrior (2011),2011,Warrior,4486.0,3.9149578,0.85227823,1291584,59440
225173,Soul (2020),2020,Soul,4486.0,3.9119482,0.84458,2948372,508442
1243,Rosencrantz and Guildenstern Are Dead (1990),1990,Rosencrantz and Guildenstern Are Dead,4477.0,3.9203708,0.9863753,0100519,18971
5878,Talk to Her (Hable con Ella) (2002),2002,Talk to Her (Hable con Ella),4476.0,3.9574397,0.8568674,0287467,64
1359,Jingle All the Way (1996),1996,Jingle All the Way,4473.0,2.590767,1.116698,0116705,9279
4008,Born on the Fourth of July (1989),1989,Born on the Fourth of July,4468.0,3.4292748,0.8875871,0096969,2604
6659,Tremors (1990),1990,Tremors,4464.0,3.390345,0.92268616,0100814,9362
7004,Kindergarten Cop (1990),1990,Kindergarten Cop,4464.0,2.8727598,0.97908074,0099938,951
2065,"Purple Rose of Cairo, The (1985)",1985,"Purple Rose of Cairo, The",4462.0,3.6917303,0.88920206,0089853,10849
4639,America's Sweethearts (2001),2001,America's Sweethearts,4453.0,2.8312373,1.0115489,0265029,11467
112171,"Equalizer, The (2014)",2014,"Equalizer, The",4442.0,3.688316,0.90865433,0455944,156022
6550,Johnny English (2003),2003,Johnny English,4437.0,2.9569528,1.0799612,0274166,9486
1672,"Rainmaker, The (1997)",1997,"Rainmaker, The",4434.0,3.6017141,0.8049905,0119978,11975
1754,Fallen (1998),1998,Fallen,4431.0,3.4969532,0.9226531,0119099,9411
8985,Blade: Trinity (2004),2004,Blade: Trinity,4430.0,2.9292326,1.0631521,0359013,36648
4545,Short Circuit (1986),1986,Short Circuit,4429.0,3.24317,0.9325861,0091949,2605
6888,Scary Movie 3 (2003),2003,Scary Movie 3,4428.0,2.4498644,1.2053051,0306047,4256
8865,Sky Captain and the World of Tomorrow (2004),2004,Sky Captain and the World of Tomorrow,4420.0,3.0053167,1.0109297,0346156,5137
62434,Zack and Miri Make a Porno (2008),2008,Zack and Miri Make a Porno,4412.0,3.1877832,0.9627112,1007028,10358
2176,Rope (1948),1948,Rope,4409.0,3.9109776,0.80701447,0040746,1580
120466,Chappie (2015),2015,Chappie,4407.0,3.3849556,1.0356966,1823672,198184
2496,Blast from the Past (1999),1999,Blast from the Past,4405.0,3.2205448,0.95606136,0124298,11622
71057,9 (2009),2009,9,4403.0,3.4610493,0.9400559,0472033,12244
201646,Midsommar (2019),2019,Midsommar,4402.0,3.7995229,0.9826753,8772262,530385
56949,27 Dresses (2008),2008,27 Dresses,4401.0,3.1392865,1.1165712,0988595,6557
1885,"Opposite of Sex, The (1998)",1998,"Opposite of Sex, The",4400.0,3.6038637,0.98205477,0120777,9844
6773,"Triplets of Belleville, The (Les triplettes de Belleville) (2003)",2003,"Triplets of Belleville, The (Les triplettes de Belleville)",4399.0,3.8308706,0.9161861,0286244,9662
34072,"March of the Penguins (Marche de l'empereur, La) (2005)",2005,"March of the Penguins (Marche de l'empereur, La)",4391.0,3.6406286,0.91705084,0428803,1667
1211,"Wings of Desire (Himmel über Berlin, Der) (1987)",1987,"Wings of Desire (Himmel über Berlin, Der)",4387.0,4.0102577,1.0335281,0093191,144
119141,The Interview (2014),2014,The Interview,4379.0,3.09203,1.0677605,2788710,228967
52245,Blades of Glory (2007),2007,Blades of Glory,4375.0,3.0313144,1.0716991,0445934,9955
86,White Squall (1996),1996,White Squall,4374.0,3.4791954,0.9216514,0118158,10534
55052,Atonement (2007),2007,Atonement,4374.0,3.7527435,0.8805703,0783233,4347
3258,Death Becomes Her (1992),1992,Death Becomes Her,4372.0,2.9957685,0.99088407,0104070,9374
162606,The Accountant (2016),2016,The Accountant,4370.0,3.7319221,0.88095444,2140479,302946
3146,Deuce Bigalow: Male Gigolo (1999),1999,Deuce Bigalow: Male Gigolo,4370.0,2.6191075,1.1764896,0205000,10402
32031,Robots (2005),2005,Robots,4368.0,3.1490386,0.9919502,0358082,9928
2735,"Golden Child, The (1986)",1986,"Golden Child, The",4365.0,2.899198,0.98396254,0091129,10136
4623,Major League (1989),1989,Major League,4363.0,3.4872794,0.87170404,0097815,9942
1354,Breaking the Waves (1996),1996,Breaking the Waves,4354.0,3.8477263,1.0874937,0115751,145
2513,Pet Sematary (1989),1989,Pet Sematary,4349.0,3.0465624,1.0448015,0098084,8913
40732,"Descent, The (2005)",2005,"Descent, The",4347.0,3.5302508,0.9688869,0435625,9392
2966,"Straight Story, The (1999)",1999,"Straight Story, The",4346.0,3.9326968,0.88095355,0166896,404
6283,Cowboy Bebop: The Movie (Cowboy Bebop: Tengoku no Tobira) (2001),2001,Cowboy Bebop: The Movie (Cowboy Bebop: Tengoku no Tobira),4342.0,3.8979733,0.94946027,0275277,11299
8907,Shark Tale (2004),2004,Shark Tale,4336.0,2.733049,1.0491667,0307453,10555
267,Major Payne (1995),1995,Major Payne,4334.0,2.8885555,1.1142523,0110443,11008
6867,"Station Agent, The (2003)",2003,"Station Agent, The",4334.0,3.8785186,0.7545982,0340377,2056
217465,Tenet (2020),2020,Tenet,4332.0,3.5856416,0.9572032,6723592,577922
3686,Flatliners (1990),1990,Flatliners,4330.0,3.2411087,0.85401,0099582,1551
1251,8 1/2 (8½) (1963),1963,8 1/2 (8½),4322.0,4.0260296,1.0171318,0056801,422
2404,Rambo III (1988),1988,Rambo III,4315.0,2.4787948,1.108645,0095956,1370
40583,Syriana (2005),2005,Syriana,4311.0,3.5285316,0.88280696,0365737,231
55908,"Man from Earth, The (2007)",2007,"Man from Earth, The",4306.0,3.9418254,0.94754124,0756683,13363
20,Money Train (1995),1995,Money Train,4306.0,2.8714585,0.9277753,0113845,11517
371,"Paper, The (1994)",1994,"Paper, The",4305.0,3.2638793,0.78225756,0110771,12280
110553,The Amazing Spider-Man 2 (2014),2014,The Amazing Spider-Man 2,4304.0,3.0125465,1.0935047,1872181,102382
940,"Adventures of Robin Hood, The (1938)",1938,"Adventures of Robin Hood, The",4299.0,3.870086,0.9092991,0029843,10907
1342,Candyman (1992),1992,Candyman,4288.0,3.0333488,1.0608093,0103919,9529
1616,"Peacemaker, The (1997)",1997,"Peacemaker, The",4286.0,3.0183156,0.9141456,0119874,6623
2118,"Dead Zone, The (1983)",1983,"Dead Zone, The",4282.0,3.6349835,0.814847,0085407,11336
2713,Lake Placid (1999),1999,Lake Placid,4279.0,2.5389109,1.0863568,0139414,9825
55442,Persepolis (2007),2007,Persepolis,4278.0,3.9313931,0.85226375,0808417,2011
1301,Forbidden Planet (1956),1956,Forbidden Planet,4273.0,3.8448396,0.8925315,0049223,830
3037,Little Big Man (1970),1970,Little Big Man,4273.0,3.9620876,0.89000094,0065988,11040
51077,Ghost Rider (2007),2007,Ghost Rider,4264.0,2.479362,1.1067451,0259324,1250
218,Boys on the Side (1995),1995,Boys on the Side,4264.0,3.2838883,0.97440904,0112571,9382
37386,Aeon Flux (2005),2005,Aeon Flux,4259.0,2.9126556,1.0500629,0402022,8202
12,Dracula: Dead and Loving It (1995),1995,Dracula: Dead and Loving It,4258.0,2.649131,1.1311986,0112896,12110
179401,Jumanji: Welcome to the Jungle (2017),2017,Jumanji: Welcome to the Jungle,4251.0,3.5158787,0.94423056,2283362,353486
4621,Look Who's Talking (1989),1989,Look Who's Talking,4251.0,2.6751354,1.0158001,0097778,9494
89470,Contagion (2011),2011,Contagion,4239.0,3.5044823,0.8313289,1598778,39538
78105,Prince of Persia: The Sands of Time (2010),2010,Prince of Persia: The Sands of Time,4236.0,3.105406,1.0624187,0473075,9543
5541,Hot Shots! (1991),1991,Hot Shots!,4230.0,3.2937353,0.94546044,0102059,9595
65514,Ip Man (2008),2008,Ip Man,4227.0,3.9351785,0.8168451,1220719,14756
2375,"Money Pit, The (1986)",1986,"Money Pit, The",4217.0,2.8967276,1.008829,0091541,10466
3791,Footloose (1984),1984,Footloose,4215.0,3.1200473,0.9722974,0087277,1788
2376,"View to a Kill, A (1985)",1985,"View to a Kill, A",4210.0,3.1763659,0.9177765,0090264,707
1015,Homeward Bound: The Incredible Journey (1993),1993,Homeward Bound: The Incredible Journey,4210.0,3.285273,1.00384,0107131,6878
60397,Mamma Mia! (2008),2008,Mamma Mia!,4208.0,3.1028993,1.2032505,0795421,11631
2083,"Muppet Christmas Carol, The (1992)",1992,"Muppet Christmas Carol, The",4208.0,3.6188214,0.9893766,0104940,10437
965,"39 Steps, The (1935)",1935,"39 Steps, The",4207.0,3.9654148,0.8213187,0026029,260
76077,Hot Tub Time Machine (2010),2010,Hot Tub Time Machine,4203.0,3.0969546,1.0018119,1231587,23048
2731,"400 Blows, The (Les quatre cents coups) (1959)",1959,"400 Blows, The (Les quatre cents coups)",4201.0,4.0899787,0.9334381,0053198,147
290,Once Were Warriors (1994),1994,Once Were Warriors,4199.0,3.9792807,0.89440024,0110729,527
1277,Cyrano de Bergerac (1990),1990,Cyrano de Bergerac,4196.0,3.7946854,0.92416525,0099334,11673
121231,It Follows (2014),2014,It Follows,4195.0,3.6368296,0.97695917,3235888,270303
1665,Bean (1997),1997,Bean,4193.0,2.8299546,1.0786418,0118689,1281
3095,"Grapes of Wrath, The (1940)",1940,"Grapes of Wrath, The",4188.0,3.9848375,0.9424935,0032551,596
2412,Rocky V (1990),1990,Rocky V,4186.0,2.2722168,1.1037633,0100507,1375
6059,"Recruit, The (2003)",2003,"Recruit, The",4186.0,3.3876016,0.8491146,0292506,1647
94,Beautiful Girls (1996),1996,Beautiful Girls,4186.0,3.5247252,0.9037544,0115639,9283
69644,Ice Age: Dawn of the Dinosaurs (2009),2009,Ice Age: Dawn of the Dinosaurs,4183.0,3.2567534,1.0854508,1080016,8355
314,"Secret of Roan Inish, The (1994)",1994,"Secret of Roan Inish, The",4179.0,3.8472123,0.93239594,0111112,14334
3981,Red Planet (2000),2000,Red Planet,4178.0,2.7690282,0.99533415,0199753,8870
2648,Frankenstein (1931),1931,Frankenstein,4175.0,3.8172455,0.95728844,0021884,3035
122910,Captain Marvel (2018),2018,Captain Marvel,4172.0,3.250839,1.0255952,4154664,299537
2565,"King and I, The (1956)",1956,"King and I, The",4166.0,3.756601,0.94369626,0049408,16520
78469,"A-Team, The (2010)",2010,"A-Team, The",4165.0,3.1755102,1.046838,0429493,34544
839,"Crow: City of Angels, The (1996)",1996,"Crow: City of Angels, The",4156.0,2.733277,1.1619818,0115986,10546
162414,Moonlight,,Moonlight,4155.0,3.8392298,0.9981453,4975722,376867
1515,Volcano (1997),1997,Volcano,4155.0,2.6606498,1.0357147,0120461,10357
100,City Hall (1996),1996,City Hall,4154.0,3.2182233,0.8041295,0115907,11062
9,Sudden Death (1995),1995,Sudden Death,4154.0,2.9877226,0.9636262,0114576,9091
1950,In the Heat of the Night (1967),1967,In the Heat of the Night,4151.0,4.03457,0.7648591,0061811,10633
90746,"Adventures of Tintin, The (2011)",2011,"Adventures of Tintin, The",4148.0,3.456244,0.9582317,0983193,17578
2942,Flashdance (1983),1983,Flashdance,4147.0,2.9704607,1.0074651,0085549,535
4144,In the Mood For Love (Fa yeung nin wa) (2000),2000,In the Mood For Love (Fa yeung nin wa),4146.0,4.0530634,0.93114275,0118694,843
2567,EDtv (1999),1999,EDtv,4143.0,3.02993,0.91625285,0131369,11374
97923,Flight (2012),2012,Flight,4138.0,3.6240938,0.7958115,1907668,87502
64034,"Boy in the Striped Pajamas, The (Boy in the Striped Pyjamas, The) (2008)",2008,"Boy in the Striped Pajamas, The (Boy in the Striped Pyjamas, The)",4132.0,3.7835188,0.91559917,0914798,14574
1135,Private Benjamin (1980),1980,Private Benjamin,4124.0,3.0925074,0.87815243,0081375,10765
5419,Scooby-Doo (2002),2002,Scooby-Doo,4124.0,2.4022794,1.1405709,0267913,9637
2917,Body Heat (1981),1981,Body Heat,4122.0,3.9181223,0.84206855,0082089,14412
7163,Paycheck (2003),2003,Paycheck,4122.0,3.2582483,0.9566996,0338337,9620
2819,Three Days of the Condor (3 Days of the Condor) (1975),1975,Three Days of the Condor (3 Days of the Condor),4117.0,3.9438913,0.76575434,0073802,11963
71838,Law Abiding Citizen (2009),2009,Law Abiding Citizen,4117.0,3.748482,0.9397939,1197624,22803
6385,Whale Rider (2002),2002,Whale Rider,4111.0,3.8424957,0.89092016,0298228,1088
2450,Howard the Duck (1986),1986,Howard the Duck,4104.0,2.144615,1.1158706,0091225,10658
533,"Shadow, The (1994)",1994,"Shadow, The",4103.0,2.9388254,0.93063223,0111143,8850
161582,Hell or High Water (2016),2016,Hell or High Water,4099.0,3.90949,0.7681306,2582782,338766
56171,"Golden Compass, The (2007)",2007,"Golden Compass, The",4095.0,3.058364,1.0239023,0385752,2268
84392,"Lincoln Lawyer, The (2011)",2011,"Lincoln Lawyer, The",4094.0,3.7609918,0.76970494,1189340,50348
3551,Marathon Man (1976),1976,Marathon Man,4091.0,3.8460035,0.77947104,0074860,10518
1810,Primary Colors (1998),1998,Primary Colors,4091.0,3.4711561,0.8731384,0119942,9440
3821,Nutty Professor II: The Klumps (2000),2000,Nutty Professor II: The Klumps,4089.0,2.174248,1.1677539,0144528,12107
2598,Pushing Tin (1999),1999,Pushing Tin,4082.0,2.9938755,0.95099825,0120797,12596
3088,Harvey (1950),1950,Harvey,4082.0,3.981749,0.8708419,0042546,11787
86644,"Fast Five (Fast and the Furious 5, The) (2011)",2011,"Fast Five (Fast and the Furious 5, The)",4079.0,3.4258397,1.149324,1596343,51497
26776,Porco Rosso (Crimson Pig) (Kurenai no buta) (1992),1992,Porco Rosso (Crimson Pig) (Kurenai no buta),4077.0,3.9348786,0.8086657,0104652,11621
6879,Runaway Jury (2003),2003,Runaway Jury,4074.0,3.5942562,0.8044508,0313542,11329
4958,Behind Enemy Lines (2001),2001,Behind Enemy Lines,4074.0,3.2329407,0.932597,0159273,8007
2433,"Civil Action, A (1998)",1998,"Civil Action, A",4072.0,3.328217,0.8555148,0120633,9422
239,"Goofy Movie, A (1995)",1995,"Goofy Movie, A",4070.0,3.1208844,1.0475925,0113198,15789
4041,"Officer and a Gentleman, An (1982)",1982,"Officer and a Gentleman, An",4070.0,3.510565,0.92220706,0084434,2623
3508,"Outlaw Josey Wales, The (1976)",1976,"Outlaw Josey Wales, The",4066.0,3.915519,0.8337486,0075029,10747
140267,The Witch (2015),2015,The Witch,4060.0,3.7609606,1.0021242,4263482,310131
78772,"Twilight Saga: Eclipse, The (2010)",2010,"Twilight Saga: Eclipse, The",4060.0,2.3599753,1.4011439,1325004,24021
3479,Ladyhawke (1985),1985,Ladyhawke,4059.0,3.567997,0.900924,0089457,526
3019,Drugstore Cowboy (1989),1989,Drugstore Cowboy,4047.0,3.8418581,0.84898955,0097240,476
1096,Sophie's Choice (1982),1982,Sophie's Choice,4042.0,3.896586,0.9285636,0084707,15764
5957,Two Weeks Notice (2002),2002,Two Weeks Notice,4042.0,3.2349083,1.0135441,0313737,2642
5881,Solaris (2002),2002,Solaris,4040.0,3.165223,1.0469261,0307479,2103
72407,"Twilight Saga: New Moon, The (2009)",2009,"Twilight Saga: New Moon, The",4038.0,2.3173602,1.3727101,1259571,18239
3070,"Adventures of Buckaroo Banzai Across the 8th Dimension, The (1984)",1984,"Adventures of Buckaroo Banzai Across the 8th Dimension, The",4033.0,3.363873,1.1300884,0086856,11379
2422,"Karate Kid, Part III, The (1989)",1989,"Karate Kid, Part III, The",4032.0,2.216642,1.0580418,0097647,10495
4103,Empire of the Sun (1987),1987,Empire of the Sun,4026.0,3.8102336,0.831151,0092965,10110
45950,"Inconvenient Truth, An (2006)",2006,"Inconvenient Truth, An",4026.0,3.5725286,1.0561646,0497116,1781
2253,Toys (1992),1992,Toys,4025.0,2.6864595,1.1242748,0105629,11597
4558,Twins (1988),1988,Twins,4021.0,2.8675702,0.9421357,0096320,9493
4054,Save the Last Dance (2001),2001,Save the Last Dance,4015.0,3.1540473,1.0650225,0206275,9816
8969,Bridget Jones: The Edge of Reason (2004),2004,Bridget Jones: The Edge of Reason,4013.0,3.0290306,1.1191891,0317198,9801
200818,John Wick: Chapter 3 – Parabellum (2019),2019,John Wick: Chapter 3 – Parabellum,4009.0,3.7654028,0.9141152,6146586,458156
2976,Bringing Out the Dead (1999),1999,Bringing Out the Dead,4004.0,3.189061,1.0680542,0163988,8649
189713,BlacKkKlansman (2018),2018,BlacKkKlansman,4002.0,3.750125,0.83866286,7349662,487558
1078,Bananas (1971),1971,Bananas,4002.0,3.701899,0.8996605,0066808,11302
189333,Mission: Impossible - Fallout (2018),2018,Mission: Impossible - Fallout,4002.0,3.7943528,0.88719577,4912910,353081
2117,1984 (Nineteen Eighty-Four) (1984),1984,1984 (Nineteen Eighty-Four),4000.0,3.633375,0.8974826,0087803,9314
1081,Victor/Victoria (1982),1982,Victor/Victoria,4000.0,3.51325,0.9922553,0084865,12614
67734,Adventureland (2009),2009,Adventureland,3999.0,3.4251063,0.8796828,1091722,16614
2950,"Blue Lagoon, The (1980)",1980,"Blue Lagoon, The",3998.0,2.5406454,1.062018,0080453,5689
1147,When We Were Kings (1996),1996,When We Were Kings,3998.0,4.126313,0.85358036,0118147,10548
3044,Dead Again (1991),1991,Dead Again,3998.0,3.7374938,0.9023847,0101669,11498
281,Nobody's Fool (1994),1994,Nobody's Fool,3997.0,3.6710033,0.84093666,0110684,11593
3483,"Road to El Dorado, The (2000)",2000,"Road to El Dorado, The",3995.0,3.370338,1.0014805,0138749,10501
3307,City Lights (1931),1931,City Lights,3995.0,4.0977473,0.9765759,0021749,901
270698,Everything Everywhere All at Once (2022),2022,Everything Everywhere All at Once,3989.0,4.0522685,1.0003575,6710474,545611
90249,Real Steel (2011),2011,Real Steel,3982.0,3.290432,1.0028051,0433035,39254
1537,Shall We Dance? (Shall We Dansu?) (1996),1996,Shall We Dance? (Shall We Dansu?),3981.0,3.9400904,0.9720932,0117615,11239
934,Father of the Bride (1950),1950,Father of the Bride,3977.0,3.4572542,0.9390684,0042451,20758
87520,Transformers: Dark of the Moon (2011),2011,Transformers: Dark of the Moon,3976.0,2.6717806,1.23443,1399103,38356
257,Just Cause (1995),1995,Just Cause,3975.0,3.407673,0.86152685,0113501,9061
493,Menace II Society (1993),1993,Menace II Society,3973.0,3.6185503,0.93711686,0107554,9516
87430,Green Lantern (2011),2011,Green Lantern,3972.0,2.395015,1.0983174,1133985,44912
263007,Spider-Man: No Way Home (2021),2021,Spider-Man: No Way Home,3971.0,3.7791488,0.9880665,10872600,634649
6944,Father of the Bride (1991),1991,Father of the Bride,3963.0,3.3752208,0.9422425,0101862,11846
761,"Phantom, The (1996)",1996,"Phantom, The",3961.0,2.778465,1.008969,0117331,9826
122,Boomerang (1992),1992,Boomerang,3958.0,2.8564932,0.9429638,0103859,11066
6595,S.W.A.T. (2003),2003,S.W.A.T.,3954.0,2.9567525,0.97068137,0257076,9257
1719,"Sweet Hereafter, The (1997)",1997,"Sweet Hereafter, The",3942.0,3.9755201,0.9286781,0120255,10217
49274,Happy Feet (2006),2006,Happy Feet,3940.0,2.981472,1.0467187,0366548,9836
1303,"Man Who Would Be King, The (1975)",1975,"Man Who Would Be King, The",3918.0,4.0039563,0.8309633,0073341,983
2072,"'burbs, The (1989)",1989,"'burbs, The",3918.0,3.1255744,1.0368149,0096734,11974
2729,Lolita (1962),1962,Lolita,3913.0,3.7882698,0.8461436,0056193,802
4467,"Adventures of Baron Munchausen, The (1988)",1988,"Adventures of Baron Munchausen, The",3912.0,3.60046,0.9306727,0096764,14506
52885,Paprika (Papurika) (2006),2006,Paprika (Papurika),3909.0,3.9226146,0.8606668,0851578,4977
62849,RocknRolla (2008),2008,RocknRolla,3909.0,3.667562,0.8950488,1032755,13809
55280,Lars and the Real Girl (2007),2007,Lars and the Real Girl,3905.0,3.6866837,0.86822724,0805564,6615
1232,Stalker (1979),1979,Stalker,3905.0,4.080922,1.0363437,0079944,1398
52604,Fracture (2007),2007,Fracture,3898.0,3.7371728,0.8008662,0488120,6145
98154,Lincoln (2012),2012,Lincoln,3897.0,3.6347191,0.89671606,0443272,72976
95875,Total Recall (2012),2012,Total Recall,3891.0,3.1502185,1.0027529,1386703,64635
1021,Angels in the Outfield (1994),1994,Angels in the Outfield,3890.0,2.834833,1.0442301,0109127,24795
502,"Next Karate Kid, The (1994)",1994,"Next Karate Kid, The",3889.0,2.2782207,1.0585928,0110657,11231
446,Farewell My Concubine (Ba wang bie ji) (1993),1993,Farewell My Concubine (Ba wang bie ji),3887.0,3.904425,0.9417196,0106332,10997
2469,Peggy Sue Got Married (1986),1986,Peggy Sue Got Married,3885.0,3.1702702,0.8878422,0091738,10013
1459,Absolute Power (1997),1997,Absolute Power,3884.0,3.3410144,0.8627968,0118548,66
4238,Along Came a Spider (2001),2001,Along Came a Spider,3872.0,3.2631714,0.8955137,0164334,2043
2730,Barry Lyndon (1975),1975,Barry Lyndon,3870.0,3.8910854,0.9313253,0072684,3175
3271,Of Mice and Men (1992),1992,Of Mice and Men,3866.0,3.705251,0.84991187,0105046,9609
5791,Frida (2002),2002,Frida,3859.0,3.735294,0.85090643,0120679,1360
3917,Hellraiser (1987),1987,Hellraiser,3853.0,3.379315,1.0423759,0093177,9003
46335,"Fast and the Furious: Tokyo Drift, The (Fast and the Furious 3, The) (2006)",2006,"Fast and the Furious: Tokyo Drift, The (Fast and the Furious 3, The)",3847.0,2.8895242,1.2069468,0463985,9615
3654,"Guns of Navarone, The (1961)",1961,"Guns of Navarone, The",3844.0,3.8074923,0.7667879,0054953,10911
2379,Police Academy 2: Their First Assignment (1985),1985,Police Academy 2: Their First Assignment,3841.0,2.466545,1.0963304,0089822,10157
950,"Thin Man, The (1934)",1934,"Thin Man, The",3837.0,4.143993,0.8264706,0025878,3529
92420,Chronicle (2012),2012,Chronicle,3837.0,3.6015115,0.8729529,1706593,76726
3999,Vertical Limit (2000),2000,Vertical Limit,3835.0,2.809648,1.0448401,0190865,11678
4033,Thirteen Days (2000),2000,Thirteen Days,3832.0,3.6745825,0.8370506,0146309,11973
599,"Wild Bunch, The (1969)",1969,"Wild Bunch, The",3824.0,3.946391,0.91981846,0065214,576
1381,Grease 2 (1982),1982,Grease 2,3823.0,1.9730579,1.1058246,0084021,9037
2114,"Outsiders, The (1983)",1983,"Outsiders, The",3811.0,3.5905275,0.8628781,0086066,227
67923,"Fast & Furious (Fast and the Furious 4, The) (2009)",2009,"Fast & Furious (Fast and the Furious 4, The)",3807.0,3.184791,1.1759601,1013752,13804
1488,"Devil's Own, The (1997)",1997,"Devil's Own, The",3786.0,3.0290544,0.92546594,0118972,4477
77455,Exit Through the Gift Shop (2010),2010,Exit Through the Gift Shop,3785.0,3.8899603,0.8485964,1587707,39452
2454,"Fly, The (1958)",1958,"Fly, The",3784.0,3.3315275,0.97155535,0051622,11815
2622,William Shakespeare's A Midsummer Night's Dream (1999),1999,William Shakespeare's A Midsummer Night's Dream,3778.0,3.2959237,1.0155864,0140379,10210
45081,Silent Hill (2006),2006,Silent Hill,3771.0,3.2418456,1.0783542,0384537,588
176101,Kingsman: The Golden Circle (2017),2017,Kingsman: The Golden Circle,3771.0,3.4197826,0.9815248,4649466,343668
3543,Diner (1982),1982,Diner,3769.0,3.8677368,0.87142,0083833,13776
71530,Surrogates (2009),2009,Surrogates,3764.0,3.263948,0.900072,0986263,19959
163134,Your Name. (2016),2016,Your Name.,3764.0,4.143597,0.8716663,5311514,372058
53123,Once (2006),2006,Once,3760.0,3.8643618,0.9108031,0907657,5723
134368,Spy (2015),2015,Spy,3756.0,3.5141108,1.0138524,3079380,238713
8781,"Manchurian Candidate, The (2004)",2004,"Manchurian Candidate, The",3755.0,3.3535287,0.8423147,0368008,14462
4214,Revenge of the Nerds (1984),1984,Revenge of the Nerds,3745.0,3.176769,0.98458725,0088000,14052
36401,"Brothers Grimm, The (2005)",2005,"Brothers Grimm, The",3744.0,2.9220085,0.96543616,0355295,4442
104243,Riddick (2013),2013,Riddick,3743.0,3.4292011,1.0536438,1411250,87421
2794,European Vacation (aka National Lampoon's European Vacation) (1985),1985,European Vacation (aka National Lampoon's European Vacation),3742.0,2.9819615,1.0077264,0089670,11418
2088,Popeye (1980),1980,Popeye,3740.0,2.5660427,1.0610777,0081353,11335
517,Rising Sun (1993),1993,Rising Sun,3738.0,3.1297486,0.87849945,0107969,7007
71379,Paranormal Activity (2009),2009,Paranormal Activity,3735.0,3.0044177,1.1791435,1179904,23827
4974,Not Another Teen Movie (2001),2001,Not Another Teen Movie,3726.0,2.6625068,1.1675538,0277371,11397
98491,Paperman (2012),2012,Paperman,3725.0,4.1061745,0.8699325,2388725,140420
89904,The Artist (2011),2011,The Artist,3725.0,3.713557,0.9441813,1655442,74643
2533,Escape from the Planet of the Apes (1971),1971,Escape from the Planet of the Apes,3723.0,3.029949,1.01565,0067065,1687
542,Son in Law (1993),1993,Son in Law,3722.0,2.849006,1.1057546,0108186,13203
2132,Who's Afraid of Virginia Woolf? (1966),1966,Who's Afraid of Virginia Woolf?,3721.0,4.0287557,0.9680963,0061184,396
59900,You Don't Mess with the Zohan (2008),2008,You Don't Mess with the Zohan,3720.0,2.5723119,1.234808,0960144,10661
57528,Rambo (Rambo 4) (2008),2008,Rambo (Rambo 4),3715.0,3.2971737,1.0437934,0462499,7555
3545,Cabaret (1972),1972,Cabaret,3712.0,3.866514,0.9884959,0068327,10784
405,Highlander III: The Sorcerer (a.k.a. Highlander: The Final Dimension) (1994),1994,Highlander III: The Sorcerer (a.k.a. Highlander: The Final Dimension),3708.0,2.449973,1.1427007,0110027,8011
5308,Three Men and a Baby (1987),1987,Three Men and a Baby,3705.0,2.868421,0.9648388,0094137,12154
351,"Corrina, Corrina (1994)",1994,"Corrina, Corrina",3704.0,3.298866,0.9221163,0109484,10464
2090,"Rescuers, The (1977)",1977,"Rescuers, The",3702.0,3.4569151,0.90904635,0076618,11319
2474,"Color of Money, The (1986)",1986,"Color of Money, The",3694.0,3.4390905,0.809468,0090863,11873
55232,Resident Evil: Extinction (2007),2007,Resident Evil: Extinction,3694.0,3.093124,1.1397675,0432021,7737
1300,My Life as a Dog (Mitt liv som hund) (1985),1985,My Life as a Dog (Mitt liv som hund),3690.0,4.0074525,0.88258123,0089606,8816
187595,Solo: A Star Wars Story (2018),2018,Solo: A Star Wars Story,3687.0,3.3001084,0.9538567,3778644,348350
605,One Fine Day (1996),1996,One Fine Day,3685.0,3.2807326,0.95242876,0117247,7300
6296,"Mighty Wind, A (2003)",2003,"Mighty Wind, A",3682.0,3.6579304,0.8560337,0310281,13370
68135,17 Again (2009),2009,17 Again,3678.0,3.0584557,1.0919056,0974661,16996
7482,Enter the Dragon (1973),1973,Enter the Dragon,3677.0,3.757547,0.7821984,0070034,9461
2143,Legend (1985),1985,Legend,3675.0,3.287483,1.0422517,0089469,11976
3844,Steel Magnolias (1989),1989,Steel Magnolias,3674.0,3.543141,1.0407453,0098384,10860
51086,"Number 23, The (2007)",2007,"Number 23, The",3673.0,3.0880752,1.032724,0481369,3594
71464,"Serious Man, A (2009)",2009,"Serious Man, A",3666.0,3.6339335,0.9435989,1019452,12573
1280,Raise the Red Lantern (Da hong deng long gao gao gua) (1991),1991,Raise the Red Lantern (Da hong deng long gao gao gua),3664.0,4.1150384,0.84245807,0101640,10404
4887,"One, The (2001)",2001,"One, The",3662.0,2.9791098,1.025974,0267804,10796
373,Red Rock West (1992),1992,Red Rock West,3660.0,3.7733607,0.81161505,0105226,10427
8132,Gladiator (1992),1992,Gladiator,3654.0,3.897099,0.9311516,0104346,16219
2643,Superman IV: The Quest for Peace (1987),1987,Superman IV: The Quest for Peace,3654.0,2.0015051,1.044158,0094074,11411
111364,Godzilla (2014),2014,Godzilla,3647.0,2.9731286,0.9863115,0831387,124905
50068,Letters from Iwo Jima (2006),2006,Letters from Iwo Jima,3646.0,3.7978606,0.79089874,0498380,1251
97225,Hotel Transylvania (2012),2012,Hotel Transylvania,3645.0,3.438546,1.003388,0837562,76492
3155,Anna and the King (1999),1999,Anna and the King,3643.0,3.3904748,0.96525294,0166485,1439
674,Barbarella (1968),1968,Barbarella,3642.0,2.9866831,1.0878223,0062711,8069
6003,Confessions of a Dangerous Mind (2002),2002,Confessions of a Dangerous Mind,3636.0,3.57522,0.84381026,0290538,4912
1707,Home Alone 3 (1997),1997,Home Alone 3,3635.0,1.8779918,1.120571,0119303,9714
5065,"Mothman Prophecies, The (2002)",2002,"Mothman Prophecies, The",3634.0,3.1040175,0.97140247,0265349,2637
69784,Brüno (Bruno) (2009),2009,Brüno (Bruno),3633.0,2.723782,1.2210373,0889583,18480
5882,Treasure Planet (2002),2002,Treasure Planet,3633.0,3.5406,0.96229315,0133240,9016
3646,Big Momma's House (2000),2000,Big Momma's House,3632.0,2.3342512,1.1634192,0208003,9600
125,Flirting With Disaster (1996),1996,Flirting With Disaster,3625.0,3.7314482,0.93331975,0116324,2074
55363,"Assassination of Jesse James by the Coward Robert Ford, The (2007)",2007,"Assassination of Jesse James by the Coward Robert Ford, The",3624.0,3.6588025,0.9355227,0443680,4512
209965,Uncut Gems (2019),2019,Uncut Gems,3624.0,3.7517936,0.97200507,5727208,473033
93363,John Carter (2012),2012,John Carter,3624.0,3.1557672,1.0585039,0401729,49529
2052,Hocus Pocus (1993),1993,Hocus Pocus,3621.0,3.129246,1.1052377,0107120,10439
36519,Transporter 2 (2005),2005,Transporter 2,3619.0,3.1689694,1.0040582,0388482,9335
3503,Solaris (Solyaris) (1972),1972,Solaris (Solyaris),3616.0,3.8767977,1.0190934,0069293,593
76,Screamers (1995),1995,Screamers,3609.0,3.0267386,0.9998849,0114367,9102
1895,Can't Hardly Wait (1998),1998,Can't Hardly Wait,3608.0,3.1870842,1.001277,0127723,15037
233,Exotica (1994),1994,Exotica,3607.0,3.530219,1.0448493,0109759,20156
1295,"Unbearable Lightness of Being, The (1988)",1988,"Unbearable Lightness of Being, The",3605.0,3.6782248,1.0122366,0096332,10644
1429,First Strike (Police Story 4: First Strike) (Ging chaat goo si 4: Ji gaan daan yam mo) (1996),1996,First Strike (Police Story 4: First Strike) (Ging chaat goo si 4: Ji gaan daan yam mo),3605.0,3.2966714,0.9893243,0116704,9404
1916,Buffalo '66 (a.k.a. Buffalo 66) (1998),1998,Buffalo '66 (a.k.a. Buffalo 66),3592.0,3.65451,1.0753105,0118789,9464
2912,"Limey, The (1999)",1999,"Limey, The",3591.0,3.6087441,0.9458582,0165854,10388
1012,Old Yeller (1957),1957,Old Yeller,3591.0,3.545809,0.99528337,0050798,22660
6618,Shaolin Soccer (Siu lam juk kau) (2001),2001,Shaolin Soccer (Siu lam juk kau),3591.0,3.5907824,0.97929895,0286112,11770
4679,Uncle Buck (1989),1989,Uncle Buck,3586.0,3.3542945,0.92713904,0098554,2616
91077,"Descendants, The (2011)",2011,"Descendants, The",3579.0,3.5501537,0.8443326,1033575,65057
86320,Melancholia (2011),2011,Melancholia,3577.0,3.6508248,1.0321834,1527186,62215
4857,Fiddler on the Roof (1971),1971,Fiddler on the Roof,3576.0,3.9018457,0.9464025,0067093,14811
48997,Perfume: The Story of a Murderer (2006),2006,Perfume: The Story of a Murderer,3575.0,3.6746852,0.92449397,0396171,1427
507,"Perfect World, A (1993)",1993,"Perfect World, A",3565.0,3.5276299,0.8538762,0107808,9559
74,Bed of Roses (1996),1996,Bed of Roses,3565.0,3.2896214,1.020994,0115644,20927
5943,Maid in Manhattan (2002),2002,Maid in Manhattan,3564.0,2.6785915,1.133284,0252076,7303
58295,"Bank Job, The (2008)",2008,"Bank Job, The",3563.0,3.5968285,0.7651876,0200465,8848
205441,Marriage Story (2019),2019,Marriage Story,3561.0,3.7954226,0.90344465,7653254,492188
197711,Us (2019),2019,Us,3560.0,3.5584269,0.9748664,6857112,458723
2463,Ruthless People (1986),1986,Ruthless People,3559.0,3.3915427,0.924289,0091877,12151
27808,Spanglish (2004),2004,Spanglish,3559.0,3.178983,1.045479,0371246,2539
728,Cold Comfort Farm (1995),1995,Cold Comfort Farm,3555.0,3.8035161,0.9413,0112701,32513
3262,Twin Peaks: Fire Walk with Me (1992),1992,Twin Peaks: Fire Walk with Me,3554.0,3.6200056,1.0476365,0105665,1923
6242,Ringu (Ring) (1998),1998,Ringu (Ring),3550.0,3.598169,0.93574005,0178868,2671
53993,Evan Almighty (2007),2007,Evan Almighty,3550.0,2.6957746,1.0463258,0413099,2698
48877,Saw III (2006),2006,Saw III,3549.0,2.755424,1.2804034,0489270,214
123,Chungking Express (Chung Hing sam lam) (1994),1994,Chungking Express (Chung Hing sam lam),3534.0,4.0039616,0.9305709,0109424,11104
4121,Innerspace (1987),1987,Innerspace,3529.0,3.2810996,0.8360753,0093260,2614
2926,Hairspray (1988),1988,Hairspray,3529.0,3.3401814,1.0752395,0095270,11054
210861,The Gentlemen (2020),2020,The Gentlemen,3526.0,3.8631594,0.8895332,8367814,522627
1131,Jean de Florette (1986),1986,Jean de Florette,3524.0,4.1032915,0.8890959,0091288,4480
130634,Furious 7 (2015),2015,Furious 7,3520.0,3.3197443,1.2138934,2820852,168259
2146,St. Elmo's Fire (1985),1985,St. Elmo's Fire,3515.0,3.1566145,0.97500545,0090060,11557
169,Free Willy 2: The Adventure Home (1995),1995,Free Willy 2: The Adventure Home,3514.0,2.2531304,1.1681916,0113114,9073
93838,The Raid: Redemption (2011),2011,The Raid: Redemption,3511.0,3.8158643,0.9067971,1899353,94329
70293,Julie & Julia (2009),2009,Julie & Julia,3510.0,3.513248,0.8879411,1135503,24803
97,"Hate (Haine, La) (1995)",1995,"Hate (Haine, La)",3509.0,4.0049872,0.8960611,0113247,406
516,Renaissance Man (1994),1994,Renaissance Man,3507.0,3.0854006,0.90076226,0110971,11858
67197,Knowing (2009),2009,Knowing,3503.0,2.9491863,1.025789,0448011,13811
1017,Swiss Family Robinson (1960),1960,Swiss Family Robinson,3503.0,3.5147016,0.9110172,0054357,18444
1030,Pete's Dragon (1977),1977,Pete's Dragon,3502.0,3.0840948,0.9960625,0076538,11114
5026,"Brotherhood of the Wolf (Pacte des loups, Le) (2001)",2001,"Brotherhood of the Wolf (Pacte des loups, Le)",3499.0,3.449414,0.96331304,0237534,6312
3203,Dead Calm (1989),1989,Dead Calm,3498.0,3.591052,0.82224053,0097162,10493
72737,"Princess and the Frog, The (2009)",2009,"Princess and the Frog, The",3491.0,3.4957032,0.99323434,0780521,10198
63062,Changeling (2008),2008,Changeling,3489.0,3.6527658,0.825444,0824747,3580
492,Manhattan Murder Mystery (1993),1993,Manhattan Murder Mystery,3488.0,3.6561067,0.85133034,0107507,10440
6058,Final Destination 2 (2003),2003,Final Destination 2,3486.0,2.9298623,1.0938201,0309593,9358
996,Last Man Standing (1996),1996,Last Man Standing,3480.0,2.9985633,1.0355831,0116830,9333
1057,Everyone Says I Love You (1996),1996,Everyone Says I Love You,3479.0,3.4321644,1.0134221,0116242,9716
4553,They Live (1988),1988,They Live,3476.0,3.6770713,0.8430439,0096256,8337
64620,Frost/Nixon (2008),2008,Frost/Nixon,3471.0,3.7572746,0.74399686,0870111,11499
206857,The Irishman (2019),2019,The Irishman,3470.0,3.6641212,0.88325167,1302006,398978
1603,Mimic (1997),1997,Mimic,3469.0,2.7997983,0.9392151,0119675,4961
3978,"Legend of Bagger Vance, The (2000)",2000,"Legend of Bagger Vance, The",3467.0,3.1791174,1.0065091,0146984,4958
5151,40 Days and 40 Nights (2002),2002,40 Days and 40 Nights,3465.0,2.7683983,1.0447396,0243736,2752
86190,Hanna (2011),2011,Hanna,3464.0,3.4760392,0.87271196,0993842,50456
1023,Winnie the Pooh and the Blustery Day (1968),1968,Winnie the Pooh and the Blustery Day,3464.0,3.750866,1.0833709,0063819,81310
44974,Hard Candy (2005),2005,Hard Candy,3462.0,3.576112,0.92240006,0424136,2652
6535,"Legally Blonde 2: Red, White & Blonde (2003)",2003,"Legally Blonde 2: Red, White & Blonde",3457.0,2.41698,1.1311142,0333780,10327
99149,"Misérables, Les (2012)",2012,"Misérables, Les",3455.0,3.5172215,1.078589,1707386,82695
3269,Forever Young (1992),1992,Forever Young,3452.0,3.0847335,0.8928327,0104291,10326
3763,F/X (1986),1986,F/X,3452.0,3.4307647,0.8242297,0089118,9873
165549,Manchester by the Sea (2016),2016,Manchester by the Sea,3452.0,3.853708,0.9012568,4034228,334541
89,Nick of Time (1995),1995,Nick of Time,3451.0,3.1272094,0.87925446,0113972,2086
3498,Midnight Express (1978),1978,Midnight Express,3451.0,3.8729353,0.8234836,0077928,11327
464,Hard Target (1993),1993,Hard Target,3441.0,2.9235687,0.9449835,0107076,2019
537,Sirens (1994),1994,Sirens,3440.0,3.1556685,0.89988685,0111201,12519
85510,Sucker Punch (2011),2011,Sucker Punch,3439.0,2.9020064,1.1724459,0978764,23629
6873,Intolerable Cruelty (2003),2003,Intolerable Cruelty,3436.0,3.2024157,0.8846861,0138524,11775
183611,Game Night (2018),2018,Game Night,3434.0,3.5902736,0.85982525,2704998,445571
160980,Sully (2016),2016,Sully,3433.0,3.7856102,0.7954762,3263904,363676
80219,Machete (2010),2010,Machete,3430.0,3.2446065,1.0504586,0985694,23631
3633,On Her Majesty's Secret Service (1969),1969,On Her Majesty's Secret Service,3429.0,3.421114,0.92827857,0064757,668
8947,"Grudge, The (2004)",2004,"Grudge, The",3426.0,2.8416522,1.108408,0391198,1970
305,Ready to Wear (Pret-A-Porter) (1994),1994,Ready to Wear (Pret-A-Porter),3426.0,2.6983364,1.0400703,0110907,3586
1289,Koyaanisqatsi (a.k.a. Koyaanisqatsi: Life Out of Balance) (1983),1983,Koyaanisqatsi (a.k.a. Koyaanisqatsi: Life Out of Balance),3422.0,3.9710696,1.0167605,0085809,11314
427,Boxing Helena (1993),1993,Boxing Helena,3421.0,2.538439,1.1406492,0106471,18215
55995,Beowulf (2007),2007,Beowulf,3419.0,2.863264,1.0152186,0442933,2310
2269,Indecent Proposal (1993),1993,Indecent Proposal,3418.0,2.80354,0.9574389,0107211,4478
3507,"Odd Couple, The (1968)",1968,"Odd Couple, The",3414.0,3.893966,0.7902897,0063374,11356
1241,Dead Alive (Braindead) (1992),1992,Dead Alive (Braindead),3413.0,3.7122767,1.0940471,0103873,763
798,Daylight (1996),1996,Daylight,3411.0,2.8340662,0.99050945,0116040,11228
3972,"Legend of Drunken Master, The (Jui kuen II) (1994)",1994,"Legend of Drunken Master, The (Jui kuen II)",3410.0,3.7318182,0.95766926,0111512,12207
2334,"Siege, The (1998)",1998,"Siege, The",3407.0,3.1162312,0.9264611,0133952,9882
1173,"Cook the Thief His Wife & Her Lover, The (1989)",1989,"Cook the Thief His Wife & Her Lover, The",3407.0,3.480188,1.2027216,0097108,7452
67408,Monsters vs. Aliens (2009),2009,Monsters vs. Aliens,3406.0,3.074721,1.0051605,0892782,15512
3615,Dinosaur (2000),2000,Dinosaur,3403.0,3.031002,1.0256813,0130623,10567
44761,Brick (2005),2005,Brick,3396.0,3.7769434,0.9428101,0393109,9270
1431,Beverly Hills Ninja (1997),1997,Beverly Hills Ninja,3391.0,2.5608964,1.134817,0118708,9622
426,Body Snatchers (1993),1993,Body Snatchers,3389.0,3.1091766,0.9385809,0106452,4722
3861,"Replacements, The (2000)",2000,"Replacements, The",3385.0,3.1465287,0.9648555,0191397,10393
83613,Cowboys & Aliens (2011),2011,Cowboys & Aliens,3385.0,2.8022156,0.9928577,0409847,49849
