tmdbId,keyword
278,prison
278,friendship
278,police brutality
278,corruption
278,based on novel or book
278,freedom
278,hope
278,prison cell
278,delinquent
278,redemption
278,parole board
278,prison escape
278,wrongful imprisonment
278,interracial friendship
278,framed for murder
278,curious
278,1940s
278,voiceover
278,wistful
278,admiring
278,amused
278,bold
278,epic
13,new year's eve
13,vietnam war
13,vietnam veteran
13,mentally disabled
13,friendship
13,usa president
13,"washington dc, usa"
13,post-traumatic stress disorder (ptsd)
13,waitress
13,based on novel or book
13,hippie
13,single parent
13,parent child relationship
13,optimism
13,1970s
13,drug addiction
13,autism
13,alabama
13,black panther party
13,bus stop
13,family relationships
13,chameleon
13,single mother
13,military
13,anti war protest
13,1960s
13,simpleton
13,college american football
13,mother son relationship
13,america
13,feelgood
13,dramatic
680,drug dealer
680,drug crime
680,gangster
680,dark comedy
680,stolen money
680,crime boss
680,redemption
680,"los angeles, california"
680,theft
680,couple
680,nonlinear timeline
680,multiple storylines
680,disturbed
680,aggressive
680,neo-noir
680,suspenseful
603,man vs machine
603,martial arts
603,fortune teller
603,artificial intelligence (a.i.)
603,saving the world
603,prophecy
603,philosophy
603,dystopia
603,allegory
603,insurgence
603,chosen one
603,simulated reality 
603,cyberpunk
603,woman director
603,gnosticism
274,prison
274,based on novel or book
274,kidnapping
274,psychopath
274,fbi
274,scientific study
274,murder
274,serial killer
274,psychological thriller
274,brutality
274,cannibal
274,psychiatrist
274,biting
274,moth
274,virginia
274,macabre
274,disturbed
274,neo-noir
274,twisted
274,skinning
274,cannibalism
274,psychological horror
274,hannibal lecter
274,past history
274,psychological profiling
274,crime thriller
274,crime horror
11,empire
11,galaxy
11,rebellion
11,android
11,hermit
11,smuggling (contraband)
11,freedom
11,rebel
11,rescue mission
11,space
11,planet
11,desert
11,super power
11,oppression
11,space opera
11,wizard
11,totalitarianism
11,quest
11,powerful
11,tuwaderalit
550,dual identity
550,rage and hate
550,based on novel or book
550,nihilism
550,fight
550,support group
550,dystopia
550,insomnia
550,alter ego
550,breaking the fourth wall
550,split personality
550,quitting a job
550,dissociative identity disorder
550,self destructiveness
329,exotic island
329,island
329,triceratops
329,brontosaurus
329,electric fence
329,dna
329,tyrannosaurus rex
329,paleontology
329,dinosaur
329,amusement park
329,theme park
424,factory
424,hero
424,nazi
424,concentration camp
424,ss (nazi schutzstaffel)
424,holocaust (shoah)
424,world war ii
424,ghetto
424,jew persecution
424,"kraków, poland"
424,defense industry
424,auschwitz-birkenau concentration camp
424,biography
424,based on true story
424,industrialist
424,historical fiction
424,black and white
424,train
424,period drama
424,poland
424,evil
424,historical drama
424,disheartening
120,based on novel or book
120,elves
120,dwarf
120,magic
120,obsession
120,allegory
120,bravery
120,castle
120,troll
120,battle
120,demon
120,uncle nephew relationship
120,fantasy world
120,dark fantasy
120,journey
120,companionship
120,magical creature
120,live action and animation
120,hero's journey
120,wraith
120,sword and sorcery
120,wonder
120,trekking
120,anxious
120,good versus evil
120,wistful
120,christian allegory
120,magical ring
120,comforting
120,tolkien
120,epic fantasy
120,epic
120,hobbit
1891,rebellion
1891,android
1891,spacecraft
1891,asteroid
1891,rebel
1891,space battle
1891,snowstorm
1891,space colony
1891,swamp
1891,sequel
1891,space opera
1891,arctic
1891,tuwaderalit
197,england
197,scotland
197,loss of loved one
197,idealism
197,based on true story
197,catholic
197,medieval
197,war
197,dramatic
197,powerful
862,rescue
862,friendship
862,mission
862,jealousy
862,villain
862,bullying
862,elementary school
862,rivalry
862,anthropomorphism
862,friends
862,computer animation
862,buddy
862,walkie talkie
862,toy car
862,nostalgic
862,boy next door
862,new toy
862,neighborhood
862,toy comes to life
862,resourcefulness
862,toy
862,3d animation
862,joyous
862,amused
862,comforting
862,pixar
280,man vs machine
280,artificial intelligence (a.i.)
280,cyborg
280,shotgun
280,dystopia
280,moral ambiguity
280,post-apocalyptic future
280,villain
280,time travel
280,sequel
280,mental institution
280,juvenile delinquent
280,fictional war
280,urban setting
280,troubled teen
280,morphing
280,nuclear weapons
280,shape shifter
280,savior
280,catch phrase
280,action hero
280,good versus evil
280,suspenseful
629,new york city
629,robbery
629,relatives
629,heist
629,flashback
629,police corruption
629,whodunit
629,"los angeles, california"
629,theft
629,criminal
629,criminal mastermind
629,cargo ship
629,mind game
629,neo-noir
629,mystery villain
629,intense
629,excited
629,rashomon effect
1892,spacecraft
1892,sibling relationship
1892,rebel
1892,emperor
1892,space battle
1892,matter of life and death
1892,forest
1892,sequel
1892,desert
1892,space opera
1892,bold
1892,tuwaderalit
121,mission
121,based on novel or book
121,elves
121,dwarf
121,magic
121,obsession
121,allegory
121,bravery
121,castle
121,reincarnation
121,sequel
121,split personality
121,fantasy world
121,wizard
121,epic battle
121,journey
121,companionship
121,live action and animation
121,hero's journey
121,high fantasy
121,wraith
121,sword and sorcery
121,trekking
121,evil spell
121,good versus evil
121,winged creatures
121,tolkien
121,epic fantasy
121,hobbit
122,army
122,based on novel or book
122,elves
122,dwarf
122,magic
122,kingdom
122,obsession
122,bravery
122,castle
122,volcano
122,giant spider
122,sequel
122,honor
122,king
122,madness
122,split personality
122,fantasy world
122,wizard
122,epic battle
122,journey
122,ring
122,companionship
122,magical creature
122,quest
122,live action and animation
122,hero's journey
122,high fantasy
122,wraith
122,sword and sorcery
122,power madness
122,complex
122,trekking
122,good versus evil
122,sword making
122,wistful
122,cheerful
122,comforting
122,melodramatic
122,winged creatures
122,epic fantasy
122,hobbit
85,egypt
85,treasure
85,medallion
85,swastika
85,saving the world
85,nepal
85,himalaya mountain range
85,cairo
85,moses
85,hat
85,whip
85,leather jacket
85,mediterranean
85,ark of the covenant
85,ten commandments
85,nazi
85,excavation
85,riddle
85,treasure hunt
85,archaeologist
85,adventurer
85,archeology
85,globetrotting
85,religious history
85,1930s
238,based on novel or book
238,loss of loved one
238,love at first sight
238,italy
238,gangster
238,symbolism
238,patriarch
238,europe
238,organized crime
238,mafia
238,religion
238,revenge motive
238,crime family
238,sicilian mafia
238,religious hypocrisy
238,gun violence
238,rise to power
238,gang violence
238,1940s
238,1950s
238,mafia war
14,estate agent
14,adultery
14,coming out
14,first time
14,virgin
14,cheating
14,parent child relationship
14,age difference
14,midlife crisis
14,cheerleader
14,dark comedy
14,rose
14,satire
14,dysfunctional family
14,suburbia
14,coming of age
14,sexual fantasy
14,dysfunctional marriage
14,marijuana
14,loneliness
14,love affair
14,exercise
14,extramarital affair
14,realtor
14,voyeurism
14,quitting a job
14,neighborhood
14,philosophical
14,retired army man
14,closeted homosexual
14,singing in a car
14,gay theme
14,intimate
14,existential
14,teenager
14,camcorder
807,rage and hate
807,police
807,s.w.a.t.
807,sadism
807,self-fulfilling prophecy
807,psychopath
807,detective
807,investigation
807,insomnia
807,murder
807,serial killer
807,religion
807,shootout
807,corpse
807,seven deadly sins
807,depravity
807,neo-noir
807,urban gothic
807,grimdark
807,seven: los siete pecados capitales
105,flying car
105,race against time
105,clock tower
105,car race
105,lightning
105,guitar
105,inventor
105,journey in the past
105,invention
105,time travel
105,bullying
105,mad scientist
105,love
105,fish out of water
105,terrorism
105,teenage love
105,destiny
105,burlesque
105,hidden identity
105,teenage life
105,changing the past or future
105,kids
105,1950s
105,lighthearted
105,excited
105,optimistic
155,sadism
155,chaos
155,secret identity
155,crime fighter
155,superhero
155,anti hero
155,scarecrow
155,based on comic
155,vigilante
155,organized crime
155,tragic hero
155,anti villain
155,criminal mastermind
155,district attorney
155,super power
155,super villain
155,neo-noir
155,bold
857,dying and death
857,self sacrifice
857,bravery
857,world war ii
857,duty
857,"normandy, france"
857,troops
857,waffen ss
857,omaha beach
857,rescue mission
857,cowardice
857,us army
857,based on true story
857,d-day
857,military
857,german soldier
857,military operation
857,1940s
275,salesclerk
275,unsociability
275,police
275,cheating
275,ransom
275,winter
275,kidnapping
275,minnesota
275,dark comedy
275,north dakota
275,money
275,murder
275,police officer
275,car dealership
275,woodchipper
275,macabre
275,false history
275,neo-noir
275,complex
275,minneapolis
275,absurd
275,hilarious
275,straightforward
27205,mission
27205,dreams
27205,kidnapping
27205,spy
27205,allegory
27205,intellectual
27205,manipulation
27205,heist
27205,memory
27205,dream world
27205,subconscious
27205,incredulous
27205,high concept
27205,dream
98,gladiator
98,"rome, italy"
98,arena
98,senate
98,roman empire
98,parent child relationship
98,emperor
98,slavery
98,ancient rome
98,revenge
98,battlefield
98,slave auction
98,historical fiction
98,ancient world
98,period drama
98,combat
98,chariot
98,philosopher
98,grim
98,barbarian horde
98,2nd century
98,successor
98,commodus
98,maximus
98,antiquity
98,gladiador
602,spacecraft
602,showdown
602,independence
602,patriotism
602,countdown
602,invasion
602,alien
602,ufo
602,extraterrestrial
602,disaster
602,creature
602,battle
602,alien invasion
602,world domination
602,area 51
602,human vs alien
602,aggressive
602,good versus evil
602,dramatic
602,audacious
602,celebratory
602,commanding
5503,"chicago, illinois"
5503,escape
5503,chase
5503,doomed man
5503,surgeon
5503,death sentence
5503,u.s. marshal
5503,flashback
5503,remake
5503,betrayal
5503,fugitive
5503,on the run
5503,conspiracy
5503,police corruption
5503,doctor
5503,home invasion
5503,disguise
5503,one armed man
5503,framed for murder
5503,shocking
5503,action hero
5503,manhunt
5503,suspicious
5503,suspenseful
5503,dubious
745,dying and death
745,child abuse
745,"philadelphia, pennsylvania"
745,sense of guilt
745,afterlife
745,marriage crisis
745,loss of loved one
745,confidence
745,psychology
745,paranormal phenomena
745,single
745,psychological thriller
745,cowardliness
745,single mother
745,school play
745,ghost
745,kids
745,spiritism
745,somber
745,anxious
745,supernatural horror
745,ghost child
745,psychological horror
745,dramatic
745,suspenseful
745,supernatural thriller
568,rescue
568,florida
568,race against time
568,moon
568,nasa
568,spaceman
568,based on true story
568,"houston, texas"
568,survival
568,space
568,disaster
568,explosion
568,astronaut
568,hypothermia
568,apollo program
568,lunar mission
568,spacecraft accident
568,inspirational
63,biological weapon
63,"philadelphia, pennsylvania"
63,schizophrenia
63,stockholm syndrome
63,airplane
63,world war i
63,underground
63,insanity
63,asylum
63,paranoia
63,prison cell
63,dystopia
63,pimp
63,lion
63,post-apocalyptic future
63,time travel
63,florida keys
63,mental breakdown
63,melancholy
63,past
63,dormitory
63,insane asylum
63,volunteer
63,drug use
63,flashback
63,remake
63,psychiatric hospital
63,jail
63,mental institution
63,cyberpunk
63,alternate history
63,disease
63,lethal virus
63,paradox
63,psychiatrist
63,monkey
63,epidemic
63,trapped
63,street life
63,nonlinear timeline
63,medical research
63,gas mask
63,psychosis
63,subterranean
63,virus
63,mysterious
63,recurring dream
63,1990s
63,escaped animal
63,future noir
63,animal research
63,anxious
63,2030s
63,inspirational
63,suspenseful
63,critical
63,intense
808,princess
808,based on novel or book
808,magic
808,fairy tale
808,donkey
808,liberation
808,lordship
808,prince
808,castle
808,villain
808,robin hood
808,enchantment
808,swamp
808,parody
808,anthropomorphism
808,dragon
808,woman director
808,ogre
808,satirical
808,wonder
808,3d animation
808,grand
808,cartoon donkey
808,witty
808,romantic
808,admiring
808,appreciative
808,bold
77,drug dealer
77,amnesia
77,insulin
77,tattoo
77,waitress
77,motel
77,manipulation
77,flashback
77,confusion
77,revenge
77,murder
77,memory loss
77,memory
77,psychological thriller
77,whodunit
77,"los angeles, california"
77,polaroid
77,based on short story
77,nonlinear timeline
77,mourning
77,insurance agent
77,individuality
77,phone call
77,paranoid
77,neo-noir
77,somber
77,reverse chronology
77,awestruck
77,bewildered
77,bold
8587,father murder
8587,loss of loved one
8587,africa
8587,lion
8587,cartoon
8587,manipulation
8587,villain
8587,redemption
8587,musical
8587,uncle
8587,coming of age
8587,murder
8587,shaman
8587,king
8587,animals
8587,nature
8587,father son relationship
8587,awestruck
489,"boston, massachusetts"
489,mathematics
489,genius
489,male friendship
489,flashback
489,psychologist
489,janitor
489,dating
489,courtroom
489,group of friends
489,southie
489,college professor
489,prodigy
489,math genius
489,foster kid
489,fear of change
489,witty
489,admiring
489,abused as a child
489,massachusetts institute of technology (mit)
489,math professor
812,princess
812,magic
812,tiger
812,cartoon
812,villain
812,parrot
812,sultan
812,flying carpet
812,wish
812,musical
812,love
812,monkey
812,arab
812,aftercreditsstinger
812,genie
812,arabian nights
812,animal sidekick
812,magic lamp
812,good versus evil
812,enchant
268,dual identity
268,double life
268,chemical
268,crime fighter
268,superhero
268,villain
268,based on comic
268,vigilante
268,mobster
268,organized crime
268,criminal
268,super power
268,madness
268,vigilantism
268,cautionary
268,good versus evil
22,ship
22,blacksmith
22,gold
22,exotic island
22,governor
22,skeleton
22,jamaica
22,british empire
22,pirate
22,swashbuckler
22,18th century
22,caribbean sea
22,aftercreditsstinger
22,pirate ship
22,british navy
22,tortuga
22,based on theme park ride
22,hilarious
22,brisk
607,new york city
607,cannon
607,space marine
607,flying saucer
607,undercover
607,secret identity
607,superhero
607,deportation
607,illegal immigration
607,new identity
607,stay permit
607,giant cockroach
607,based on comic
607,alien
607,buddy cop
607,fictional government agency
607,hilarious
607,intense
1637,s.w.a.t.
1637,bomber
1637,bus bomb
1637,"los angeles, california"
1637,falling elevator
1637,bomb planting
1637,lapd
1637,trapped in an elevator
1637,subway train
1637,bomb explosion
1637,ransom demand
1637,aggressive
1637,extortionist
1637,"santa monica, california"
1637,bomb vest
1637,suspenseful
1637,bold
1637,excited
1637,city bus
1637,bus passengers
1637,trapped in a vehicle
36955,florida
36955,horseback riding
36955,gun
36955,kidnapping
36955,spy
36955,florida keys
36955,secret agent
36955,terrorism
36955,terrorist plot
36955,top secret
36955,mushroom cloud
36955,jackhammer
36955,special agent
36955,key west
36955,mischievous
36955,appreciative
218,man vs machine
218,artificial intelligence (a.i.)
218,saving the world
218,laser gun
218,cyborg
218,killer robot
218,shotgun
218,rebel
218,dystopia
218,villain
218,time travel
218,female protagonist
218,"los angeles, california"
218,urban setting
218,future war
218,savior
218,tech noir
218,time paradox
218,action hero
218,griffith observatory
218,good versus evil
218,murders
2493,dreams
2493,based on novel or book
2493,narration
2493,wrestling
2493,miracle
2493,sword fight
2493,revenge
2493,boat chase
2493,pirate
2493,wedding
2493,swashbuckler
2493,evil prince
2493,screwball
2493,impersonation
2493,giant man
2493,story within the story
2493,hidden identity
2493,fictitious country
2493,grandfather grandson relationship
2493,battle of wits
2493,romantic
2493,adoring
2493,enchant
2493,fairytale
581,friendship
581,mutiny
581,countryside
581,based on novel or book
581,unsociability
581,wolf
581,culture clash
581,self-discovery
581,freedom
581,desertion
581,language barrier
581,dakota
581,native american
581,"kansas, usa"
581,sioux
581,tennessee
581,snow
581,pawnee tribe
581,19th century
581,lakota
581,bison
581,somber
581,early america
581,provocative
581,dramatic
581,intense
581,powerful
137,deja vu
137,groundhog
137,weather forecast
137,telecaster
137,"pennsylvania, usa"
137,alarm clock
137,winter
137,time warp
137,holiday
137,time loop
137,magic realism
137,existentialism
137,groundhog day
137,february
762,holy grail
762,swordplay
762,england
762,monk
762,wedding reception
762,scotland yard
762,animal attack
762,camelot
762,round table
762,chapter
762,satire
762,parody
762,breaking the fourth wall
762,knight
762,king arthur
762,knights of the round table
762,10th century
762,anarchic comedy
762,hilarious
762,cheerful
762,shaggy dog story
89,saving the world
89,nazi
89,holy grail
89,"venice, italy"
89,entrapment
89,crusader
89,germany
89,riddle
89,brotherhood
89,zeppelin
89,tank
89,book burning
89,sequel
89,nazi officer
89,boat chase
89,gestapo
89,single father
89,traveling circus
89,archaeologist
89,bible quote
89,medieval
89,boy scouts
89,german soldier
89,motorcycle chase
89,hindenburg
89,german agent
89,1930s
89,biblical archaeology
89,father son relationship
89,adolf hitler
89,knights templar
89,nazi germany
89,the crusades
89,joyous
89,excited
78,android
78,flying car
78,bounty hunter
78,artificial intelligence (a.i.)
78,genetics
78,based on novel or book
78,dystopia
78,futuristic
78,fugitive
78,cyberpunk
78,"los angeles, california"
78,alcoholic
78,origami
78,unicorn
78,tech noir
78,humanity
78,neo-noir
78,grim
78,human clone
78,humanoid robot
78,blade runner
78,2010s
78,suspenseful
78,admiring
78,excited
12,fish
12,"sydney, australia"
12,parent child relationship
12,anthropomorphism
12,harbor
12,underwater
12,shark
12,pelican
12,fish tank
12,great barrier reef
12,sea turtle
12,missing child
12,aftercreditsstinger
12,duringcreditsstinger
12,short-term memory loss
12,clownfish
12,father son reunion
12,protective father
12,3d animation
12,enthusiastic
12,hopeful
12,sympathetic
12,pixar
585,monster
585,panic
585,cheating
585,kidnapping
585,door
585,infant
585,villain
585,portal
585,rivalry
585,energy supply
585,friends
585,hijinks
585,best friend
585,chameleon
585,family
585,parallel world
585,conveyor belt
585,duringcreditsstinger
585,villain arrested
585,invisibility
585,angry
585,energy company
585,conspirators
585,playful
585,3d animation
585,lighthearted
585,cheerful
585,gentle
585,pixar
597,ship
597,soulmates
597,shipwreck
597,atlantic ocean
597,evacuation
597,iceberg
597,titanic
597,forbidden love
597,ocean liner
597,based on true story
597,rich woman poor man
597,tragedy
597,tragic love
597,historical fiction
597,class differences
597,love affair
597,historical event
597,sinking ship
597,rich snob
597,tragic romance
597,disaster movie
597,1910s
562,husband wife relationship
562,based on novel or book
562,s.w.a.t.
562,fbi
562,christmas party
562,vault
562,heist
562,murder
562,shootout
562,"los angeles, california"
562,terrorism
562,one man army
562,explosion
562,police officer
562,hostage negotiator
562,one night
562,lapd
562,christmas
562,1980s
562,action hero
562,hostages
562,absurd
562,high octane
562,amused
348,android
348,spacecraft
348,space marine
348,biology
348,dystopia
348,countdown
348,space suit
348,beheading
348,space travel
348,cowardice
348,alien
348,space
348,female protagonist
348,parasite
348,space opera
348,cosmos
24,martial arts
24,japan
24,kung fu
24,sword
24,yakuza
24,katana
24,sword fight
24,revenge
24,vigilante
24,female yakuza
24,female protagonist
24,retribution
24,dreary
24,extreme violence
510,mentally disabled
510,friendship
510,based on novel or book
510,nurse
510,lunatic asylum
510,affectation
510,insane asylum
510,"oregon, usa"
510,hospital
510,medication
510,female villain
510,shock treatment
510,medical drama
510,psychological drama
510,brisk
510,derisive
510,informative
38,new york city
38,regret
38,jealousy
38,deja vu
38,amnesia
38,dreams
38,operation
38,relationship problems
38,love
38,memory
38,brainwashing
38,relationship
38,heartbreak
38,nonlinear timeline
38,2000s
38,memory manipulation
38,psychological drama
38,absurd
37165,escape
37165,paranoia
37165,dystopia
37165,dark comedy
37165,suspicion
37165,video surveillance
37165,deception
37165,hidden camera
37165,simulated reality 
37165,television producer
37165,tv show in film
37165,make believe
37165,actor
37165,awestruck
500,escape
500,jewelry
500,psychopath
500,traitor
500,ear
500,heist
500,thief
500,betrayal
500,plan gone wrong
500,gang
500,nonlinear timeline
500,warehouse
500,told in flashback
500,heist gone wrong
500,botched robbery
500,angry
500,desperate
500,based on short film
500,suspenseful
500,antagonistic
194,daughter
194,"paris, france"
194,love triangle
194,photography
194,ghost train
194,sex shop
194,shyness
194,journey around the world
194,postcard
194,romcom
194,hypochondriac
194,romance
194,cafe
194,kindness
194,magic realism
194,child's point of view
194,nostalgic
194,"montmartre, paris"
194,neighbor neighbor relationship
194,father daughter relationship
194,loving
194,happy ending
194,childhood memory
194,lighthearted
240,new year's eve
240,new york city
240,based on novel or book
240,italian american
240,cuba
240,italy
240,gangster
240,praise
240,blackmail
240,symbolism
240,senator
240,sequel
240,revenge
240,murder
240,betrayal
240,organized crime
240,extortion
240,mafia
240,lawyer
240,suburb
240,sicilian mafia
240,corrupt politician
240,1950s
240,new year
240,violence
954,mask
954,mission
954,"london, england"
954,central intelligence agency (cia)
954,computer
954,"paris, france"
954,undercover
954,espionage
954,secret mission
954,arms deal
954,spy
954,secret identity
954,headquarter
954,embassy
954,secret base
954,fake identity
954,"prague, czech republic"
954,secret agent
954,secret government organization
954,infiltration
954,terrorism
954,agent
954,fictional government agency
954,government agency
954,based on tv series
3049,"miami, florida"
3049,dolphin
3049,detective
3049,human animal relationship
3049,stupidity
3049,mascot
3049,slapstick comedy
3049,animals
3049,private detective
3049,pets
769,prison
769,florida
769,new york city
769,based on novel or book
769,gangster
769,mass murder
769,drug trafficking
769,1970s
769,irish-american
769,gore
769,biography
769,based on true story
769,murder
769,organized crime
769,mafia
769,"brooklyn, new york city"
769,crime epic
769,"tampa, florida"
101,hotel room
101,new york city
101,immigrant
101,assassin
101,police brutality
101,corruption
101,s.w.a.t.
101,hitman
101,loss of loved one
101,gangster
101,training
101,revenge
101,murder
101,loneliness
101,neighbor
101,tragic love
101,city life
101,neo-noir
101,complex relationship
272,martial arts
272,undercover
272,loss of loved one
272,secret identity
272,crime fighter
272,superhero
272,based on comic
272,rivalry
272,ninja
272,vigilante
272,tragic hero
272,super power
272,haunted by the past
272,evil doctor
272,master villain
272,unfulfilled love
272,inspirational
9806,hero
9806,secret identity
9806,superhero
9806,villain
9806,family relationships
9806,super power
9806,supervillain
9806,3d animation
9806,suspenseful
9806,enthusiastic
9806,excited
9806,hopeful
9806,pixar
10020,princess
10020,france
10020,prince
10020,castle
10020,villain
10020,rose
10020,musical
10020,insane asylum
10020,beast
10020,based on fairy tale
10020,eccentric man
10020,wonder
10020,dedication
10020,romantic
10020,earnest
10020,enchant
10020,hopeful
10020,sincere
161,casino
161,pickpocket
161,heist
161,con artist
161,remake
161,caper
161,las vegas
161,inside man
161,security guard
161,ex-wife
161,ex-con
161,card dealer
161,explosives expert
161,security system
161,casino owner
161,professional thief
161,fight night
161,master plan
161,computer hacker
161,distractions
161,museum curator
161,casino vault
161,contortionist
453,schizophrenia
453,based on novel or book
453,love of one's life
453,self-discovery
453,professor
453,paranoia
453,mathematics
453,massachusetts
453,mathematician
453,economic theory
453,princeton university
453,nobel prize
453,mathematical theorem
453,delusion
453,genius
453,harvard university
453,based on true story
453,code breaking
453,questioning
453,paranoid
453,cryptography
453,math genius
453,anxious
453,dramatic
453,intense
453,tragic
453,based on real person
453,biographical drama
453,math professor
601,farewell
601,california
601,space marine
601,operation
601,flying saucer
601,nasa
601,homesickness
601,loss of loved one
601,prosecution
601,halloween
601,alien
601,extraterrestrial
601,single mother
601,alien contact
601,homesick
601,empathy
601,alien friendship
601,child protagonist
18,new york city
18,flying car
18,taxi
18,egypt
18,race against time
18,saving the world
18,cyborg
18,dystopia
18,anti hero
18,stowaway
18,space travel
18,chosen one
18,arms dealer
18,alien life-form
18,end of the world
18,priest
18,shootout
18,police chase
18,cab driver
18,cyberpunk
18,archaeologist
18,space opera
18,military
18,opera singer
18,futuristic city
18,ancient evil
18,cruise liner
18,hieroglyphics
18,spaceship
18,good versus evil
18,science fantasy
18,hilarious
36657,superhero
36657,mutant
36657,based on comic
36657,superhuman
36657,school
36657,super power
36657,discrimination
854,dual identity
854,bank
854,superhero
854,mockery
854,transformation
854,villain
854,surrealism
854,based on comic
854,slapstick comedy
854,balloon
854,dog
854,urban setting
854,jail cell
854,super villain
854,norse mythology
854,supernatural power
10681,garbage
10681,dystopia
10681,space travel
10681,space
10681,distant future
10681,loneliness
10681,robot
10681,aftercreditsstinger
10681,duringcreditsstinger
10681,reflective
10681,3d animation
10681,inspirational
10681,psychological drama
10681,understated
10681,suspenseful
10681,sentimental
10681,cheerful
10681,compassionate
10681,hopeful
10681,joyful
10681,sincere
10681,pixar
788,mask
788,parent child relationship
788,"san francisco, california"
788,social worker
788,transvestite
788,nanny
788,restaurant
788,fake identity
788,custody battle
788,responsibility
788,voice acting
788,divorced couple
788,apologetic
788,enchant
788,frustrated
114,prostitute
114,sports car
114,capitalism
114,expensive restaurant
114,workaholic
114,fire escape
114,romcom
114,"los angeles, california"
114,millionaire
114,valentine's day
114,beverly hills
114,pygmalion
114,entrepreneur
114,social differences
114,business deal
114,penthouse
114,italian opera
114,shopping spree
114,bubble bath
114,loving
114,hooker
114,street smarts
114,contract relationship
114,cinderella story
114,cheerful
114,polo match
73,prison
73,neo-nazism
73,rape
73,skinhead
73,sibling relationship
73,swastika
73,nazi
73,brother
73,gangster
73,fascism
73,tragedy
73,jail
73,school
73,"los angeles, california"
73,family
73,xenophobia
73,interracial friendship
73,nazism
73,violence
73,crime
73,distressing
73,excited
73,powerful
497,mentally disabled
497,death penalty
497,based on novel or book
497,southern usa
497,psychopath
497,death row
497,jail guard
497,supernatural
497,great depression
497,prison guard
497,jail
497,electric chair
497,capital punishment
497,torture
497,magic realism
497,healing
497,1930s
497,abuse of power
497,prison drama
679,android
679,space marine
679,extraterrestrial technology
679,spaceman
679,space travel
679,settler
679,colony
679,cryogenics
679,vacuum
679,space colony
679,warrior woman
679,sequel
679,alien
679,space
679,female protagonist
679,creature
679,desolate
679,female hero
679,military sci-fi
679,desolate planet
679,critical
679,sinister
679,sci-fi horror
679,assertive
679,commanding
679,empathetic
679,exhilarated
679,action horror
679,sci-fi action
640,fbi
640,con man
640,biography
640,based on true story
640,con artist
640,chameleon
640,attempted jailbreak
640,engagement party
640,mislaid trust
640,christmas
640,bank fraud
640,conman
640,fraudster
640,assertive
640,compassionate
694,hotel
694,child abuse
694,based on novel or book
694,isolation
694,telepathy
694,delusion
694,snowstorm
694,colorado
694,seclusion
694,surrealism
694,writer's block
694,alcoholism
694,premonition
694,psychic power
694,caretaker
694,loneliness
694,vision
694,domestic violence
694,postmodern
694,psychological thriller
694,writer
694,twins
694,labyrinth
694,alcoholic
694,blizzard
694,extrasensory perception
694,motherhood
694,haunted hotel
694,psychological disintegration
694,disturbed
694,mother son relationship
694,supernatural power
694,supernatural horror
694,ghost child
694,dreary
694,nuclear family
694,avant garde
694,identical twins
694,ambiguous
694,frightened
694,subjective
557,new york city
557,adolescence
557,photographer
557,loss of loved one
557,photography
557,secret identity
557,hostility
557,superhero
557,spider
557,bad boss
557,villain
557,based on comic
557,teenage boy
557,teenage love
557,evil
557,super villain
557,taking responsibility
1572,new york city
1572,taxi
1572,gold
1572,helicopter
1572,robbery
1572,police
1572,bomb
1572,riddle
1572,detective
1572,fbi
1572,sequel
1572,flashback
1572,revenge
1572,shootout
1572,explosion
1572,nypd
1572,cargo ship
1572,wild goose chase
1572,simon says
1572,dump truck
1572,"harlem, new york city"
1572,aqueduct
1572,bomb threat
1572,action hero
1572,deadly game
1572,federal reserve bank
1572,nyc subway
1572,assertive
1572,excited
180,"washington dc, usa"
180,dystopia
180,police chief
180,precognition
180,hologram
180,futuristic
180,murder
180,conspiracy
180,police chase
180,cyberpunk
180,drugs
180,biting
180,home video
180,based on short story
180,ex-husband ex-wife relationship
180,mentor protégé relationship
180,tech noir
180,stasis
180,paranoid
180,prevention
180,missing son
180,cyber thriller
180,future noir
180,loss of child
180,surveillance state
180,psychic vision
180,conspiracy thriller
180,2050s
180,suspenseful
180,critical
180,intense
620,new york city
620,environmental protection agency
620,library
620,supernatural
620,halloween
620,ghostbuster
620,paranormal phenomena
620,loser
620,slime
620,gatekeeper
620,nerd
620,giant monster
620,haunting
620,hybrid
620,possession
620,mythology
620,horror spoof
620,paranormal investigation
620,urban setting
620,super power
620,receptionist
620,world trade center
620,ghost
620,nostalgic
620,duringcreditsstinger
620,fighting supernatural
620,satirical
620,ghostbusters
620,monsters
620,witty
620,amused
620,enchant
1893,galaxy
1893,senate
1893,taskmaster
1893,prophecy
1893,queen
1893,apprentice
1893,taxes
1893,prequel
1893,space opera
1893,admiring
1893,tuwaderalit
2501,assassin
2501,amnesia
2501,"paris, france"
2501,based on novel or book
2501,escape
2501,"barcelona, spain"
2501,spy
2501,secret identity
2501,passport
2501,mission of murder
2501,lovers
2501,flashback
2501,shootout
2501,foot chase
2501,cell phone
2501,multiple identities
2501,surveillance camera
2501,"hamburg, germany"
2501,fishing boat
2501,langley virginia
2501,safe deposit box
2501,hand to hand combat
2501,political thriller
2501,thoughtful
2501,action hero
2501,bourne
2501,jason bourne
2501,globe trotter
393,daughter
393,martial arts
393,kung fu
393,showdown
393,right and justice
393,rage and hate
393,sibling relationship
393,swordplay
393,katana
393,mother role
393,single
393,sword fight
393,revenge
393,vigilante
393,female protagonist
393,female assassin
393,retribution
393,aftercreditsstinger
393,duringcreditsstinger
393,extreme violence
157336,spacecraft
157336,race against time
157336,artificial intelligence (a.i.)
157336,nasa
157336,time warp
157336,dystopia
157336,expedition
157336,time travel
157336,space travel
157336,wormhole
157336,famine
157336,hibernation
157336,black hole
157336,quantum mechanics
157336,family relationships
157336,space
157336,planet
157336,astronaut
157336,scientist
157336,single father
157336,space station
157336,gravity
157336,space adventure
157336,time-manipulation
157336,cryonics
157336,father daughter relationship
157336,2060s
157336,audacious
157336,enthusiastic
9802,war veteran
9802,"san francisco, california"
9802,fbi
9802,mercenary
9802,gas attack
9802,alcatraz prison
9802,prison escape
9802,shootout
9802,u.s. navy seal
9802,terrorism
9802,british spy
9802,chemist
9802,commando
9802,hostage situation
9802,tourist attraction
9802,u.s. marine
9802,military
9802,island prison
9802,tourists in peril
9802,nerve gas
9802,disillusioned
9802,terrorist threat
9802,chemical weapon
9802,fbi agent
9802,chemical warfare
9802,conspiracy thriller
9802,ambivalent
185,"london, england"
185,police brutality
185,robbery
185,street gang
185,great britain
185,based on novel or book
185,nihilism
185,parent child relationship
185,society
185,sexuality
185,social worker
185,psychopath
185,dystopia
185,dark comedy
185,satire
185,beating
185,juvenile delinquent
185,home invasion
185,sex crime
185,futuristic society
185,ultraviolence
185,social decay
185,malicious
185,dreary
185,audacious
185,mean spirited
8467,gas station
8467,utah
8467,motel
8467,stupidity
8467,cigar smoking
8467,road trip
8467,pill
8467,prank
8467,criminal
8467,buddy
8467,fired from the job
8467,clumsiness
8467,stepparent stepchild relationship
8467,aspen colorado
8467,parakeet
8467,defecation
8467,scooter
8467,endangered species
8467,foolish
8467,laxative
103,drug dealer
103,vietnam veteran
103,new york city
103,taxi
103,pornography
103,obsession
103,taxi driver
103,1970s
103,pimp
103,observer
103,firearm
103,politician
103,alienation
103,junk food
103,misanthrophy
103,vigilante
103,political campaign
103,cynical
103,illegal prostitution
103,urban decay
103,character study
103,loner
103,"manhattan, new york city"
103,meditative
103,neo-noir
103,child prostitution
103,complex
103,new hollywood
103,dreary
103,cautionary
103,drives
103,provocative
103,antagonistic
103,audacious
103,callous
1726,middle east
1726,kidnapping
1726,superhero
1726,arms dealer
1726,based on comic
1726,aftercreditsstinger
1726,marvel cinematic universe (mcu)
1726,aggressive
1726,counterterrorism
1726,antagonistic
1726,bold
14160,central and south america
14160,age difference
14160,villain
14160,balloon
14160,travel
14160,dog
14160,duringcreditsstinger
14160,pets
14160,death of wife
14160,exploring
14160,wonder
14160,senior
14160,3d animation
14160,inspirational
14160,floating house
14160,cheerful
14160,disheartening
14160,enthusiastic
14160,pixar
115,vietnam veteran
115,white russian
115,bowling
115,carpet
115,nihilism
115,heart attack
115,kidnapping
115,lsd
115,marijuana
115,"los angeles, california"
115,millionaire
115,cowboy
115,ashes
115,impregnation
115,bowling team
115,unemployed
115,bowling ball
115,neo-noir
115,weeds
115,psychedelic drug
115,absurd
115,amused
115,shaggy dog story
492,witch
492,sexual identity
492,individual
492,secret love
492,transvestism
492,identity
492,subconsciousness
492,new identity
492,pet
492,chimpanzee
492,puppeteer
492,appropriation of another human being
492,externally controlled action
492,pet shop
492,shocking
9598,farm
9598,sheep
9598,pig
9598,alarm clock
9598,cat
9598,duck
9598,heroism
9598,affection
9598,piglet
9598,anthropomorphism
9598,based on children's book
9598,dog
9598,separation
9598,animals
9598,farmer
9598,grandson
9598,sheepdog
9598,talking pig
9598,christmas
62,man vs machine
62,moon
62,jupiter
62,artificial intelligence (a.i.)
62,based on novel or book
62,technology
62,super computer
62,space travel
62,space mission
62,moon base
62,astronaut
62,evolution
62,monolith
62,space station
62,space opera
62,philosophical
62,2000s
62,ai rebellion
62,suspenseful
62,complicated
62,metrocolor
141,high school
141,airplane
141,parent child relationship
141,presidential election
141,therapist
141,school performance
141,halloween
141,time travel
141,vandalism
141,melancholy
141,surrealism
141,loss
141,imaginary friend
141,suburbia
141,arson
141,vision
141,school
141,psychological thriller
141,mental illness
141,virginia
141,sleepwalking
141,1980s
141,parallel universe
664,husband wife relationship
664,climate
664,tornado
664,twister
664,natural disaster
664,oklahoma
664,metereologist
664,invention
664,storm chaser
664,barn
664,truck
664,divorce
664,disaster movie
664,weather chasers
664,motley crew
664,extreme weather
664,science experiment
627,drug dealer
627,friendship
627,"london, england"
627,drug abuse
627,based on novel or book
627,scotland
627,heroin
627,drug addiction
627,anti hero
627,junkie
627,nightclub
627,cold turkey
627,dark comedy
627,"edinburgh, scotland"
627,modern society
627,hallucination
627,surrealism
627,addiction
627,stealing
627,drug rehabilitation
627,drug dealing
627,drugs
627,schoolgirl
627,recovering addict
627,illegal drugs
627,social realism
627,shocking
627,drug culture
627,excited
414,riddle
414,superhero
414,villain
414,rose
414,based on comic
414,sequel
414,partner
414,robin
414,broken neck
414,psychologist
414,criminal
414,district attorney
414,millionaire
414,super power
414,falling down stairs
414,tied up
414,beretta
414,knocked out
414,disfigurement
414,father figure
414,good versus evil
1422,police
1422,undercover
1422,"boston, massachusetts"
1422,gangster
1422,irish-american
1422,crime boss
1422,friends
1422,remake
1422,mobster
1422,organized crime
1422,mafia
1422,undercover cop
1422,mole
1422,state police
1422,police training
1422,realtor
1422,angry
1422,complex
1422,dreary
1422,inspirational
1422,intense
1422,authoritarian
1422,frightened
2164,egypt
2164,teleportation
2164,pyramid
2164,space travel
2164,uprising
2164,space
2164,androgyny
2164,space western
2164,timebomb
2164,death of son
2164,nuclear weapons
2164,space opera
2164,hieroglyph
2164,egyptian mythology
2164,egyptology
752,government
752,detective
752,revolution
752,dystopia
752,fascism
752,fascist
752,chancellor
752,based on comic
752,revenge
752,female protagonist
752,torture
752,hatred
752,masked vigilante
752,vengeful spirit
752,activist
752,political thriller
752,thoughtful
752,vengeful
19995,paraplegic
19995,attachment to nature
19995,culture clash
19995,indigenous
19995,space travel
19995,space colony
19995,tribe
19995,alien planet
19995,distant future
19995,marine
19995,battle
19995,love affair
19995,scientist
19995,nature
19995,native peoples
19995,power relations
19995,tribal customs
19995,tribal people
19995,tribal chief
19995,cryonics
19995,spiritual community
19995,22nd century
19995,save the planet
19995,racial discrimination
19995,soldiers
19995,awestruck
19995,bold
19995,exhilarated
16869,guerrilla warfare
16869,"paris, france"
16869,self sacrifice
16869,world war ii
16869,jew persecution
16869,german occupation of france
16869,resistance fighter
16869,nazism
16869,anti-fascism
16869,amused
16869,derisive
671,witch
671,school friend
671,friendship
671,"london, england"
671,based on novel or book
671,magic
671,boarding school
671,male friendship
671,child hero
671,school of witchcraft
671,chosen one
671,bullying
671,school
671,ghost
671,fantasy world
671,wizard
671,pre-teen
671,calm
671,children's adventure
671,based on young adult novel
671,found family
671,teen adventure
671,owl
671,male female friendship
671,admiring
671,adoring
671,teen fantasy
771,burglar
771,holiday
771,home
771,alone
771,family relationships
771,slapstick comedy
771,little boy
771,home invasion
771,precocious child
771,booby trap
771,home alone
771,suburban chicago
771,mischievous child
771,christmas
771,kids on their own
771,child rescue
771,burglars
771,mischievous
771,lighthearted
771,joyous
771,hilarious
771,enthusiastic
771,joyful
771,wet bandits
9377,"chicago, illinois"
9377,high school
9377,independence
9377,coming of age
9377,caper
9377,breaking the fourth wall
9377,teen movie
9377,fantasy sequence
9377,car theft
9377,skipping school
9377,aftercreditsstinger
9377,duringcreditsstinger
9377,truancy
9377,day in a life
9377,1980s
9377,irreverent
9377,teenager
9377,optimistic
9377,sincere
146,martial arts
146,kung fu
146,based on novel or book
146,sword
146,villainess
146,mountain
146,fistfight
146,sword fight
146,thief
146,revenge
146,theft
146,historical
146,female martial artist
146,18th century
146,warrior
146,bamboo
146,tavern fight
146,action hero
146,qing dynasty
146,whimsical
129,witch
129,parent child relationship
129,darkness
129,bath house
129,magic
129,spirit
129,parallel world
129,amusement park
129,youkai
129,japanese mythology
129,anime
380,mentally disabled
380,individual
380,loss of loved one
380,yuppie
380,autism
380,car dealer
380,egocentrism
380,convertible
380,road trip
380,blackjack
380,cincinnati
380,travel
380,las vegas
380,psychiatrist
380,disability
380,mentally handicapped man
380,duringcreditsstinger
380,asperger's syndrome
380,suppressed memory
380,forgotten memory
380,sentimental
380,melodramatic
380,savant syndrome
1124,dying and death
1124,suicide
1124,class society
1124,"london, england"
1124,based on novel or book
1124,magic
1124,competition
1124,obsession
1124,hostility
1124,class
1124,diary
1124,twist
1124,tricks
1124,illusion
1124,rivalry
1124,partner
1124,steampunk
1124,cruelty
1124,hanging
1124,jail cell
1124,19th century
1124,nikola tesla
1124,magician
1124,tesla coil
1124,bittersweet
1124,secret
1124,mind-blowing
2118,corruption
2118,based on novel or book
2118,call girl
2118,shotgun
2118,detective
2118,femme fatale
2118,domestic violence
2118,whodunit
2118,corpse
2118,district attorney
2118,movie star
2118,good cop bad cop
2118,neo-noir
2118,1950s
935,usa president
935,general
935,cold war
935,strategic air command
935,dark comedy
935,nuclear missile
935,satire
935,black and white
935,cynical
935,war room
935,bomber pilot
935,nuclear weapons
935,ex-nazi
935,anti war
935,doomsday device
935,absurdism
935,satirical
935,hilarious
935,audacious
935,farcical
935,sardonic
935,everyone dies
863,friendship
863,airplane
863,museum
863,prosecution
863,identity crisis
863,villain
863,flea market
863,collector
863,sequel
863,buddy
863,rescue team
863,prospector
863,garage sale
863,duringcreditsstinger
863,toy comes to life
863,personification
863,inanimate objects come to life
863,3d animation
863,hilarious
863,cheerful
863,pixar
252,factory worker
252,factory
252,based on novel or book
252,chocolate
252,candy
252,overweight child
252,grandparent grandchild relationship
252,tv addicted person
252,affectation
252,chewing gum
252,musical
252,single
252,teacher
252,based on children's book
252,poor kid
252,christmas
252,eccentric man
252,grandfather grandson relationship
252,playful
252,irreverent
252,candy bar
252,absurd
252,whimsical
252,melodramatic
252,mocking
252,sarcastic
28,guerrilla warfare
28,vietnam war
28,journalist
28,mission
28,vietnam
28,vietcong
28,central intelligence agency (cia)
28,cambodia
28,army
28,drug abuse
28,based on novel or book
28,secret mission
28,insanity
28,surrealism
28,tribe
28,green beret
28,jungle
28,descent into madness
28,brutality
28,riverboat
28,military
28,macabre
28,anti war
28,absurd
28,awestruck
28,distressing
107,robbery
107,trailer park
107,england
107,gypsy
107,gambling
107,bare knuckle boxing
107,slang
107,diamond
107,antwerp
107,pig
107,gangster
107,boxer
107,caper
107,underground fighting
107,diamond heist
107,pikey
107,farce
107,excited
600,rescue
600,sniper
600,vietnam war
600,suicide
600,vietnam
600,helicopter
600,army
600,prostitute
600,based on novel or book
600,propaganda
600,war correspondent
600,journalism
600,recruit
600,infantry
600,war photographer
600,boot camp
600,jungle
600,sergeant
600,racism
600,genocide
600,fighting
600,platoon
600,combat
600,discipline
600,u.s. marine
600,obstacle course
600,military
600,anti war
600,mass grave
600,blanket party
600,soldiers
600,war
600,critical
600,frustrated
600,harsh
600,scathing
710,computer virus
710,cuba
710,falsely accused
710,secret intelligence service
710,secret identity
710,secret base
710,kgb
710,satellite
710,special car
710,cossack
710,electromagnetic pulse
710,time bomb
710,"st. petersburg, russia"
710,red army
710,james bond
710,scary lady
251,fortune teller
251,corruption
251,soulmates
251,afterlife
251,money transfer
251,money laundering
251,pottery
251,hell
251,dark comedy
251,heaven
251,love
251,murder
251,death
251,ghost
251,burlesque
251,power of love
251,spiritism
251,dignified
251,joyful
251,everlasting love
8358,exotic island
8358,suicide attempt
8358,volleyball
8358,survival
8358,remarriage
8358,loneliness
8358,castaway
8358,airplane crash
8358,presumed dead
8358,deserted island
8358,tropical island
8358,south pacific
8358,intense
8358,bold
8358,melodramatic
289,corruption
289,nazi
289,escape
289,love triangle
289,resistance
289,spy
289,patriotism
289,"casablanca, morocco"
289,vichy regime
289,visa
289,nationalism
289,world war ii
289,morocco
289,film noir
289,black and white
289,war
289,psychological drama
858,new year's eve
858,new york city
858,journalist
858,friendship
858,lovesickness
858,airplane
858,love of one's life
858,unsociability
858,parent child relationship
858,loss of loved one
858,radio station
858,radio presenter
858,christmas party
858,"seattle, washington"
858,"baltimore, usa"
858,fiancé
858,radio
858,radio transmission
858,love
858,valentine's day
858,woman director
858,empire state building
858,christmas
858,adoring
68718,rescue
68718,friendship
68718,bounty hunter
68718,ku klux klan
68718,texas
68718,slavery
68718,plantation
68718,revenge
68718,racism
68718,slave trade
68718,black slave
68718,19th century
68718,white supremacy
68718,deep south
68718,old west
68718,mississippi
628,"paris, france"
628,based on novel or book
628,"san francisco, california"
628,vampire
628,bite
628,"new orleans, louisiana"
628,plantation
628,louisiana
628,pity
628,child vampire
628,gothic horror
628,18th century
628,plague
628,19th century
628,urban gothic
628,reluctant vampire
673,witch
673,school friend
673,friendship
673,based on novel or book
673,flying
673,magic
673,bus
673,traitor
673,child hero
673,school of witchcraft
673,black magic
673,time travel
673,sequel
673,school
673,best friend
673,werewolf
673,muggle
673,ghost
673,wizard
673,aftercreditsstinger
673,magical creature
673,night bus
673,teenage life
673,christmas
673,school class
673,based on young adult novel
673,magic spell
673,enchant
673,teen fantasy
9804,sailboat
9804,human evolution
9804,tattoo
9804,ocean
9804,mutant
9804,pirate gang
9804,pirate
9804,melting ice caps
9804,oil tanker
9804,barmaid
9804,free diving
9804,water planet
9804,environmental disaster
9804,reluctant hero
9804,underwater fight
9804,new species of human
9804,genetic mutation
9804,survival at sea
9804,special child
9804,futuristic world
9331,sniper
9331,central intelligence agency (cia)
9331,helicopter
9331,assassination
9331,usa president
9331,based on novel or book
9331,ambush
9331,espionage
9331,politics
9331,drug trafficking
9331,mercenary
9331,coast guard
9331,car bomb
9331,caravan
9331,sequel
9331,cali colombia
9331,covert operation
9331,drug cartel
9331,shootout
9331,explosion
9331,jack ryan
9331,dea agent
9331,ex military
9331,political thriller
9331,political cover-up
9331,"bogota, colombia"
9331,intelligence service
9331,cia analyst
9331,fbi director
9331,"panama city, panama"
207,individual
207,friendship
207,philosophy
207,poetry
207,literature
207,professor
207,coming of age
207,teacher
207,school play
207,new england
207,vermont
207,schoolteacher
207,preparatory school
207,1950s
207,philosophical
207,teenager
207,dramatic
207,powerful
9603,puberty
9603,high school
9603,based on novel or book
9603,make a match
9603,spoiled child
9603,coming of age
9603,matchmaking
9603,conflict
9603,wedding
9603,high school friends
9603,makeover
9603,woman director
9603,popular girl
9603,matchmaker
9603,gay theme
9603,match making
9603,cheerful
49026,airplane
49026,fight
49026,burglar
49026,hostage
49026,secret identity
49026,crime fighter
49026,superhero
49026,villainess
49026,time bomb
49026,based on comic
49026,cover-up
49026,vigilante
49026,tragic hero
49026,mobile
49026,terrorism
49026,destruction
49026,fighting
49026,criminal underworld
49026,cat burglar
49026,flood
712,friendship
712,marriage proposal
712,love of one's life
712,england
712,wedding vows
712,funeral
712,upper class
712,love at first sight
712,yuppie
712,marriage
712,lone wolf
712,snob
712,witness
712,bride
712,bridegroom
712,bridesmaid
712,clumsy fellow
712,fear of commitment
712,unrequited love
712,wedding
712,thirty something
712,group of friends
712,best man
712,rich man
712,commitment issues
672,witch
672,flying car
672,based on novel or book
672,elves
672,magic
672,sword
672,diary
672,child hero
672,school of witchcraft
672,giant spider
672,black magic
672,giant snake
672,sequel
672,ghost
672,nostalgic
672,child driving car
672,wizard
672,aftercreditsstinger
672,christmas
672,complex
672,based on young adult novel
672,admiring
672,amused
672,teen fantasy
604,dying and death
604,future
604,mission
604,man vs machine
604,underground world
604,martial arts
604,kung fu
604,hero
604,dreams
604,fortune teller
604,artificial intelligence (a.i.)
604,computer
604,saving the world
604,computer virus
604,virtual reality
604,fight
604,prophecy
604,truth
604,key
604,dystopia
604,allegory
604,simulation
604,plato
604,precognition
604,rave
604,car crash
604,sequel
604,cyberpunk
604,woman director
604,action hero
604,gnosticism
604,oracle
604,grand
604,defiant
604,sardonic
637,dying and death
637,bookshop
637,love of one's life
637,nazi
637,self sacrifice
637,loss of loved one
637,italy
637,riddle
637,mass murder
637,concentration camp
637,fascism
637,holocaust (shoah)
637,world war ii
637,deportation
637,jew persecution
637,story teller
637,riding a bicycle
637,national socialism
637,dark comedy
637,charade
637,concentration camp prisoner
637,romcom
637,dark
637,war
637,nazi germany
2108,high school
2108,coming of age
2108,teen angst
2108,detention
2108,teen comedy
2108,teenage rebellion
2108,stereotype
2108,1980s
2108,teenager
2108,hilarious
2108,assertive
2108,compassionate
134,music record
134,country music
134,based on novel or book
134,prophecy
134,southern usa
134,mississippi river
134,seduction
134,fraud
134,philosophical
134,reflective
134,dramatic
134,amused
134,complicated
134,enchant
134,excited
134,melodramatic
2105,innocence
2105,graduation
2105,loss of virginity
2105,coming of age
2105,high school student
2105,pie
2105,teen comedy
2105,teenage sexuality
2105,exchange student
2105,sex comedy
2105,voyeurism
2105,virginity
2105,laxative
2105,prom night
2105,teenager
949,robbery
949,chase
949,suicide attempt
949,gangster
949,obsession
949,detective
949,heist
949,remake
949,thief
949,honor
949,murder
949,betrayal
949,gang
949,"los angeles, california"
949,cat and mouse
949,bank robbery
949,criminal mastermind
949,ex-con
949,one last job
949,loner
949,bank job
949,neo-noir
949,crime epic
949,assertive
949,authoritarian
949,bold
544,surgeon
544,romcom
544,stalker
544,dream girl
544,taboo
544,screwball comedy
544,frisbee
544,troubadour
544,intellectual disability
87,treasure
87,skeleton
87,wind
87,elephant
87,heart
87,riddle
87,crocodile
87,bridge
87,treasure hunt
87,sequel
87,prequel
87,torture
87,india
87,monkey
87,archaeologist
87,conveyor belt
87,child driving car
87,mine car
87,rope bridge
87,splits
87,adventurer
87,archeology
87,1930s
87,excited
87,exhilarated
578,dying and death
578,beach
578,based on novel or book
578,bathing
578,shipwreck
578,fishing
578,atlantic ocean
578,shark attack
578,police chief
578,ferry boat
578,animal attack
578,"long island, new york"
578,dead child
578,creature
578,skinny dipping
578,shark
578,great white shark
578,dead dog
578,killer shark
578,child killed by animal
578,fourth of july
578,severed leg
578,fishing boat
578,sea adventure
578,animal horror
578,shark cage
630,witch
630,adolescence
630,dreams
630,based on novel or book
630,secret identity
630,lion
630,tornado
630,twister
630,scarecrow
630,villain
630,musical
630,"kansas, usa"
630,imaginary land
630,cowardliness
630,monkey
630,female villain
630,fantasy world
630,wizard
630,speculative
630,hourglass
630,christmas
630,quest
630,red shoes
630,based on young adult novel
630,tin man
630,introspective
630,inspirational
630,amused
630,trying to get home
641,isolation
641,drug addiction
641,hallucination
641,tragedy
641,psychological drama
11324,island
11324,based on novel or book
11324,concentration camp
11324,hurricane
11324,investigation
11324,psychiatric hospital
11324,mental institution
11324,escaped patient
11324,psychologist
11324,psychological thriller
11324,doctor
11324,missing person
11324,ex military
11324,neo-noir
11324,criminally insane
11324,1950s
11324,philosophical
11324,complex
11324,haunting past
11324,inspirational
11324,visions
11324,mystery
11324,intense
11324,depressing
11324,dachau
817,android
817,exotic island
817,central intelligence agency (cia)
817,space marine
817,showdown
817,moon
817,usa president
817,saving the world
817,laser gun
817,submarine
817,nasa
817,undercover
817,clone
817,spy
817,car journey
817,time travel
817,supermodel
817,parody
817,sequel
817,aftercreditsstinger
817,duringcreditsstinger
817,ridiculous
8844,based on novel or book
8844,giant insect
8844,board game
8844,disappearance
8844,jungle
8844,recluse
8844,stampede
8844,based on young adult novel
8844,excited
8844,joyful
8844,vibrant
162,underdog
162,small town
162,unsociability
162,inventor
162,hairdresser
162,isolation
162,scissors
162,burglar
162,love at first sight
162,fairy tale
162,sadness
162,symbolism
162,halloween
162,castle
162,alone
162,flashback
162,tragic love
162,snow
162,gothic
162,told in flashback
162,christmas horror
162,christmas
162,artificial
162,hair salon
162,signs & wonders
162,love story
162,goth
162,frankenstein
162,topiary
162,tragic
162,suburban gothic
1542,work
1542,waitress
1542,printer
1542,bad boss
1542,satire
1542,"dallas, texas"
1542,suburbia
1542,co-workers relationship
1542,corporate world
1542,downsizing
1542,embezzlement
1542,software engineer
1542,burnout
1542,stapler
1542,duringcreditsstinger
1542,business rivalry
165,flying car
165,skateboarding
165,car race
165,lightning
165,guitar
165,inventor
165,time travel
165,diner
165,car crash
165,sequel
165,alternate history
165,thunderstorm
165,tunnel
165,high school dance
165,angry
165,kids
165,hoverboard
165,2010s
165,lighthearted
165,enthusiastic
2062,sibling relationship
2062,"paris, france"
2062,confidence
2062,cooking
2062,leaving one's family
2062,restaurant
2062,chef
2062,nostalgic
2062,unlikely friendship
2062,french restaurant
2062,rat
2062,fine dining
2062,3d animation
2062,inspirational
2062,chasing dreams
2062,lifelong dream
2062,romantic
2062,admiring
2062,adoring
2062,cheerful
2062,enthusiastic
2062,pixar
286217,spacecraft
286217,planet mars
286217,based on novel or book
286217,nasa
286217,isolation
286217,botanist
286217,survival
286217,space
286217,engineering
286217,stranded
286217,astronaut
286217,struggle for survival
286217,aftercreditsstinger
286217,duringcreditsstinger
286217,deep space
286217,2030s
286217,faithful adaptation
187,dystopia
187,based on comic
187,anthology
187,black and white
187,held captive
187,based on graphic novel
187,mysterious killer
187,doing the right thing
187,silhouette
187,neo-noir
187,absurd
2292,salesclerk
2292,work
2292,new jersey
2292,gas station
2292,loser
2292,male friendship
2292,junk food
2292,black and white
2292,video store
2292,aftercreditsstinger
2292,day in a life
2292,workplace comedy
2292,convenience store
2292,wry
2292,view askewniverse
6950,research
6950,army
6950,general
6950,river
6950,monkey
6950,epidemic
6950,medical research
193,android
193,spacecraft
193,teleportation
193,starship
193,loss of loved one
193,death
193,space opera
193,exploding planet
193,mountain cabin
193,solar system
193,cosmos
193,spanning generations
193,legendary hero
193,spaceship crash
193,outer space
193,emotional instability
193,generazioni
36557,banker
36557,casino
36557,based on novel or book
36557,poker
36557,italy
36557,spy
36557,money
36557,torture
36557,terrorism
36557,mi6
36557,british secret service
36557,montenegro
36557,james bond
36557,dramatic
36557,suspenseful
36557,action
36557,adventure
36557,earnest
816,undercover
816,missile
816,spy
816,group therapy
816,secret agent
816,parody
816,las vegas
816,james bond spoof
816,swinging 60s
816,duringcreditsstinger
816,celebratory
816,man out of time
1934,"london, england"
1934,theater play
1934,queen elizabeth i
1934,playwright
1934,cross dressing
1934,false history
1934,francis bacon
1934,16th century
1934,acting
1934,elizabethan england
1934,romantic
1894,army
1894,laser gun
1894,senate
1894,investigation
1894,sequel
1894,prequel
1894,cult figure
1894,wedding
1894,kendo
1894,space opera
1894,spaceport
1894,teenage rebellion
1894,good becoming evil
1894,alien race
1894,mechanical hand
1894,quest
1894,amused
1894,tuwaderalit
6977,vietnam veteran
6977,sheriff
6977,trailer park
6977,based on novel or book
6977,hitman
6977,psychopath
6977,drug trafficking
6977,texas
6977,motel
6977,usa–mexico border
6977,drug cartel
6977,fate
6977,desert
6977,modern-day western
6977,neo-western
6977,tracking device
6977,cold blooded killer
6977,motel room
6977,cartel
6977,neo-noir
6977,1980s
6977,mexican cartel
6977,drug deal
6977,coin toss
6977,human nature
6977,captive bolt gun
6977,western noir
6977,horror western
6977,faithful adaptation
235,friendship
235,based on novel or book
235,leech
235,dark comedy
235,bullying
235,road trip
235,"oregon, usa"
235,coming of age
235,railroad track
235,story within the story
235,flipping coin
235,campfire story
235,pie eating
235,told in flashback
235,kids
235,1950s
235,boys
235,coin toss
235,faithful adaptation
235,familiar
639,new year's eve
639,new york city
639,friendship
639,diner
639,holidays
639,lighthearted
639,in love with best friend
639,fake orgasm
639,reminiscent
639,male female friendship
639,cliché
639,longtime friends
583,roman empire
583,jewry
583,three kings
583,crucifixion
583,bethlehem
583,independence movement
583,satire
583,parody
583,religion
583,sermon on the mount
583,anarchic comedy
583,mother son relationship
583,antiquity
583,hilarious
583,religious satire
37233,blackmail
37233,married couple
37233,fbi
37233,cayman islands
37233,"memphis, tennessee"
37233,mafia
37233,lawyer
37233,death
37233,law firm
37233,paranoid
37233,bar exam
37233,marital tensions
37233,legal thriller
37233,secret
37233,tense
2898,new york city
2898,friendship
2898,waitress
2898,single parent
2898,restaurant
2898,lone wolf
2898,dogsitter
2898,road trip
2898,racist
2898,neighbor
2898,author
2898,obsessive compulsive disorder (ocd)
2898,single mother
2898,home invasion
2898,dog
2898,novelist
2898,art dealer
2898,rude
2898,obnoxious
2898,unlikely friendship
2898,hospitalization
2898,painter as artist
2898,generosity
2898,mother son relationship
2898,dog owner
2898,gay artist
2898,unexpected romance
2898,daily routine
2898,child with illness
2898,homophobic
539,hotel
539,clerk
539,detective
539,shower
539,arizona
539,motel
539,halloween
539,stolen money
539,alter ego
539,taxidermy
539,money
539,murder
539,on the run
539,secretary
539,serial killer
539,slasher
539,psychological thriller
539,black and white
539,corpse
539,murderer
539,theft
539,overbearing mother
539,stabbing
539,mental illness
539,private detective
539,missing person
539,split personality
539,psycho
539,voyeurism
539,voyeur
539,oedipus complex
539,double identity
539,abusive mother
539,dual personality
539,proto-slasher
539,multiple personality disorder
539,mother son relationship
539,birds
539,motel owner
539,corruptibility
539,confused identities
539,human vulnerabilities
539,man with female alter ego
558,new york city
558,dual identity
558,love of one's life
558,secret identity
558,superhero
558,pizza boy
558,based on comic
558,sequel
558,romance
558,doctor
558,scientist
558,tentacle
558,death
558,super villain
558,young adult
782,genetics
782,cheating
782,paraplegic
782,suicide attempt
782,dystopia
782,dna
782,new identity
782,investigation
782,heart disease
782,spaceman
782,fraud
782,space travel
782,fake identity
782,in vitro fertilisation
782,biotechnology
782,space mission
782,space
782,astronaut
782,swimming
782,exercise
782,eugenics
782,murder investigation
782,discrimination
782,brother brother relationship
2503,assassin
2503,central intelligence agency (cia)
2503,corruption
2503,"paris, france"
2503,based on novel or book
2503,"madrid, spain"
2503,espionage
2503,prosecution
2503,fake identity
2503,revelation
2503,europe
2503,interpol
2503,sequel
2503,flashback
2503,on the run
2503,conspiracy
2503,shootout
2503,motorcycle
2503,foot chase
2503,dark past
2503,langley virginia
2503,"moscow, russia"
2503,frantic
2503,action hero
2503,security leak
2503,investigative reporter
2503,jason bourne
2503,furious
861,double life
861,planet mars
861,based on novel or book
861,oxygen
861,resistance
861,telepathy
861,falsely accused
861,dystopia
861,villainess
861,mutant
861,hologram
861,space travel
861,space colony
861,utopia
861,fake identity
861,secret agent
861,futuristic
861,cyberpunk
861,fictional war
861,false memory
861,robot cop
861,implanted memory
861,action hero
861,virtual world
861,2080s
861,metro cdmx
747,"london, england"
747,dark comedy
747,satire
747,surrey
747,parody
747,slacker
747,friends
747,survival
747,zombie
747,survival horror
747,british pub
747,boyfriend girlfriend relationship
747,zombie apocalypse
747,cornetto trilogy
747,zombie comedy
747,zom-com
106646,corruption
106646,based on novel or book
106646,drug addiction
106646,anti hero
106646,con man
106646,fraud
106646,wall street
106646,biography
106646,based on true story
106646,rise and fall
106646,con artist
106646,money
106646,stockbroker
106646,wealthy
106646,drugs
106646,stripping
106646,hedonism
106646,decadence
106646,corrupt
106646,1980s
106646,sharemarket fraud
106646,desire for fame
106646,financial market
106646,fame-seeking
106646,black monday
106646,based on real person
106646,financial drama
9487,fight
9487,circus
9487,winter
9487,ant-hill
9487,ant
9487,villain
9487,invention
9487,collector
9487,anthropomorphism
9487,grass
9487,food
9487,duringcreditsstinger
9487,flea
9487,bugs
9487,grasshopper
9487,3d animation
9487,pixar
95,daughter
95,race against time
95,space marine
95,moon
95,"washington dc, usa"
95,saving the world
95,cataclysm
95,"paris, france"
95,asteroid
95,self sacrifice
95,nasa
95,loss of loved one
95,natural disaster
95,u.s. air force
95,end of the world
95,space
95,disaster
95,wedding
95,astronaut
95,duringcreditsstinger
95,disaster movie
95,heroic mission
95,aggressive
95,daring rescue
95,space centre
95,somber
95,bold
95,cliché
9390,career
9390,sports
9390,stadium
9390,american football
9390,single mother
9390,thoughtful
118340,spacecraft
118340,based on comic
118340,space
118340,orphan
118340,adventurer
118340,aftercreditsstinger
118340,duringcreditsstinger
118340,marvel cinematic universe (mcu)
241,daughter
241,journalist
241,sadistic
241,mass murder
241,yellow press
241,pop culture
241,trauma
241,controversy
241,satire
241,young couple
241,abuse
241,anxious
241,killer couple
241,love on the run
241,tense
241,fugitive lovers
241,ambiguous
241,antagonistic
24428,new york city
24428,superhero
24428,shield
24428,based on comic
24428,alien invasion
24428,superhero team
24428,aftercreditsstinger
24428,duringcreditsstinger
24428,marvel cinematic universe (mcu)
153,hotel room
153,adultery
153,japan
153,unsociability
153,upper class
153,pop star
153,age difference
153,photographer
153,commercial
153,karaoke
153,homesickness
153,culture clash
153,jet lag
153,midlife crisis
153,loneliness
153,"tokyo, japan"
153,older man younger woman relationship
153,unlikely friendship
153,aftercreditsstinger
153,woman director
153,lyrical
153,wistful
153,hopeful
1417,princess
1417,army
1417,fairy tale
1417,resistance
1417,servant
1417,anti hero
1417,franco regime (francoism)
1417,woods
1417,cruelty
1417,hiding
1417,labyrinth
1417,magic realism
1417,dark fantasy
1417,dark fairy tale
1417,children in wartime
1417,post spanish civil war
1417,faun
1417,horror
1417,enchant
1417,gloomy
1669,based on novel or book
1669,submarine
1669,cold war
1669,intelligence
1669,u.s. navy
1669,defection
1669,jack ryan
1669,ex military
1669,1980s
1669,political thriller
1669,nuclear submarine
1669,soviet/russian navy
1669,intelligence service
1669,suspenseful
1669,awestruck
1669,exhilarated
1669,cia analyst
1669,russian submarine
674,witch
674,based on novel or book
674,magic
674,maze
674,school of witchcraft
674,black magic
674,sequel
674,tournament
674,dragon
674,wizard
674,teenage hero
674,based on young adult novel
674,teen adventure
674,teen fantasy
196,california
196,saloon
196,sports car
196,inventor
196,horseback riding
196,indian territory
196,locomotive
196,time travel
196,native american
196,mad scientist
196,sequel
196,outlaw
196,shootout
196,steampunk
196,gunfight
196,train
196,wild west
196,cavalry
196,kids
196,1950s
196,candid
196,hoverboard
196,lighthearted
196,optimistic
809,prison
809,princess
809,magic
809,kingdom
809,fairy tale
809,liberation
809,transformation
809,honeymoon
809,prince
809,villain
809,parents-in-law
809,enchantment
809,sequel
809,anthropomorphism
809,dragon
809,aftercreditsstinger
809,ogre
809,fairy godmother
809,philosophical
809,complex
809,3d animation
809,cartoon donkey
809,hilarious
809,romantic
809,bold
809,excited
9479,skeleton
9479,fire
9479,magic
9479,holiday
9479,santa claus
9479,halloween
9479,villain
9479,musical
9479,christmas tree
9479,saving christmas
9479,pumpkin
9479,woods
9479,stop motion
9479,ghost
9479,christmas horror
9479,christmas
686,based on novel or book
686,nasa
686,extraterrestrial technology
686,new mexico
686,prime number
686,radio wave
686,wormhole
686,fanatic
686,spirituality
686,religion
686,scientist
686,sabotage
686,ham radio
686,astronomy
686,alien contact
686,mechanical engineering
686,observatory
686,eccentric man
686,radio telescope
686,defiant
2502,sniper
2502,assassin
2502,"berlin, germany"
2502,amnesia
2502,based on novel or book
2502,espionage
2502,lie
2502,sequel
2502,on the run
2502,shootout
2502,foot chase
2502,exploding house
2502,one against many
2502,rail car
2502,dark past
2502,"moscow, russia"
2502,hand to hand combat
2502,action hero
2502,bourne
2502,jason bourne
2502,dramatic
2502,suspenseful
9350,airplane
9350,mountain
9350,rocky mountains
9350,hijacking
9350,suitcase
9350,climbing
9350,heist
9350,money
9350,snow
9350,mountain climbing
12405,based on novel or book
12405,slum
12405,cheating
12405,suspicion
12405,"mumbai (bombay), india"
12405,game show
12405,quiz
12405,orphan
12405,duringcreditsstinger
12405,"taj mahal, india"
12405,defiant
598,police brutality
598,street gang
598,photographer
598,gangster
598,journalism
598,rio de janeiro
598,gang war
598,ghetto
598,based on true story
598,coming of age
598,favela
598,extreme violence
598,brazil
598,introspective
598,baile funk
598,thrilling
598,gang rivalry
598,60s
598,cidade de deus
1642,california
1642,assassin
1642,mexico
1642,computer program
1642,computer virus
1642,therapist
1642,new identity
1642,secret organization
1642,vacation
1642,on the run
1642,conspiracy
1642,internet
1642,hacking
1642,internet chat
1642,ill mother
1642,loner
1642,computer programming
1642,hospitalization
1642,analyst
1642,cyber terrorism
1642,computer programmer
1642,single woman
1642,surveillance state
1642,internet surveillance
1642,erased
1642,computer disc
1642,stolen life
1642,santa monica pier
1642,imposter
856,lovesickness
856,based on novel or book
856,falsely accused
856,movie business
856,innocence
856,suspicion of murder
856,cartoon
856,villain
856,mental breakdown
856,melancholy
856,whodunit
856,"los angeles, california"
856,private detective
856,movie star
856,cartoon rabbit
856,neo-noir
856,1940s
856,live action and animation
856,dreary
856,cheerful
856,shaggy dog story
1597,daughter
1597,central intelligence agency (cia)
1597,airplane
1597,airport
1597,nurse
1597,cat
1597,orderly
1597,father-in-law
1597,epistaxis
1597,lost baggage
1597,urn
1597,pavilion
1597,volleyball
1597,hospital
1597,wedding
8963,mutiny
8963,submarine
8963,missile
8963,embassy
8963,nuclear missile
8963,battle for power
8963,u.s. navy
8963,terrorism
8963,military
8963,moral dilemma
8963,post cold war
8963,aircraft carrier
8963,chain of command
8963,launch code
8963,sonar
8963,nuclear submarine
8963,direct
8963,suspenseful
8963,commanding
773,california
773,husband wife relationship
773,sibling relationship
773,literature professor
773,family's daily life
773,highway
773,beauty contest
773,beauty queen contest
773,dysfunctional family
773,road trip
773,family relationships
773,family holiday
773,road movie
773,woman director
279,opera
279,composer
279,musician
279,marriage crisis
279,italy
279,talent
279,emperor
279,austria
279,based on true story
279,based on play or musical
279,mozart
279,god
279,murder
279,"vienna, austria"
279,envy
279,18th century
279,prodigy
279,inspirational
279,bitter
2064,"chicago, illinois"
2064,coma
2064,sibling relationship
2064,love of one's life
2064,holiday
2064,brother
2064,subway
2064,romcom
2064,man of one's dreams
2064,love
2064,hospital
2064,christmas
2064,wonder
2064,close family
813,"chicago, illinois"
813,post-traumatic stress disorder (ptsd)
813,airplane
813,cataclysm
813,nun
813,guitar
813,alcohol
813,stewardess
813,taxi driver
813,passenger
813,fear of flying
813,pilot
813,medicine
813,air controller
813,landing
813,saxophone
813,autopilot
813,parody
813,spoof
813,food poisoning
813,"los angeles, california"
813,alcohol abuse
813,aftercreditsstinger
813,disaster movie
813,inflatable life raft
813,anarchic comedy
813,anxious
813,farce
813,dignified
567,nurse
567,isolation
567,photographer
567,suspicion of murder
567,wheelchair
567,girlfriend
567,salesman
567,neighbor
567,whodunit
567,biting
567,convalescence
567,voyeurism
567,voyeur
567,missing wife
567,homebound
567,psychotic obsessions
567,suspicious behavior
567,huis clos
567,suspenseful
9273,kidnapping
9273,africa
9273,indigenous
9273,human animal relationship
9273,bat
9273,stupidity
9273,sequel
9273,slapstick comedy
9273,animals
9273,pets
1271,army
1271,narration
1271,gore
1271,based on true story
1271,based on comic
1271,sword fight
1271,massacre
1271,ancient world
1271,based on graphic novel
1271,ancient greece
1271,warrior
1271,ancient warfare
1271,sparta greece
1271,5th century bc
1271,extreme violence
1271,antiquity
1271,war
1271,bloody death
1271,sparta
1271,violence
1271,spartans
1271,battle of thermopylae
1271,god king
1271,battle axe
1271,epic heroes
1271,violent
8012,based on novel or book
8012,"miami, florida"
8012,gambling
8012,gangster
8012,money
8012,murder
8012,travel
8012,mobster
8012,mafia
8012,business
8012,debt
8012,hollywood
8012,drugs
8012,producer
8012,con
17654,street gang
17654,government
17654,genetics
17654,slum
17654,mutation
17654,dystopia
17654,transformation
17654,south africa
17654,"johannesburg, south africa"
17654,satire
17654,alien
17654,prawn
17654,alternate history
17654,racism
17654,metamorphosis
17654,xenophobia
17654,found footage
17654,weapons dealer
17654,internment camp
17654,alien technology
17654,segregation
17654,medical experiment
17654,private military company
17654,based on short film
17654,found footage adjacent
1895,showdown
1895,lava
1895,fight
1895,politics
1895,volcano
1895,chosen one
1895,sequel
1895,romance
1895,prequel
1895,tragedy
1895,cult figure
1895,tragic hero
1895,vision
1895,planet
1895,hatred
1895,dream sequence
1895,expectant mother
1895,space opera
1895,chancel
1895,burn injury
1895,allegorical
1895,tragic romance
1895,fall from grace
1895,power
1895,violence
1895,tuwaderalit
4011,skeleton
4011,afterlife
4011,calypso
4011,supernatural
4011,arts
4011,halloween
4011,haunted house
4011,minister
4011,possession
4011,giant snake
4011,surrealism
4011,child bride
4011,teenage girl
4011,gothic
4011,death
4011,madness
4011,dead
4011,ghost
4011,property
4011,suburban gothic
36658,superhero
36658,mutant
36658,based on comic
36658,sequel
36658,superhuman
36658,super power
36658,discrimination
36658,excited
205596,england
205596,homophobia
205596,world war ii
205596,mathematician
205596,genius
205596,biography
205596,based on true story
205596,male homosexuality
205596,code breaking
205596,lgbt
205596,logician
205596,cryptography
205596,math genius
205596,gay theme
205596,inspirational
205596,codes
100,ambush
100,joint
100,alcohol
100,shotgun
100,tea
100,machismo
100,rifle
100,cocktail
100,pot smoking
100,marijuana
100,hatchet
100,antique
100,cardsharp
100,anger
100,carjacking
100,piano
100,strip show
100,high stakes
100,excited
7326,puberty
7326,first time
7326,becoming an adult
7326,sexuality
7326,pregnancy
7326,adoption
7326,precocity
7326,partnership
7326,pregnant minor
7326,coming of age
7326,teenage pregnancy
7326,hopeful
744,dying and death
744,secret love
744,lovesickness
744,airplane
744,loss of loved one
744,self-discovery
744,hostility
744,fighter pilot
744,pilot
744,training camp
744,battle assignment
744,u.s. navy
744,cowardliness
744,homoeroticism
744,pilot school
744,"based on magazine, newspaper or article"
525,prison
525,"chicago, illinois"
525,dancing
525,concert
525,country music
525,nazi
525,jazz
525,nun
525,music instrument
525,blues
525,shopping mall
525,road trip
525,church
525,buddy
525,parole
525,quest
525,music
525,audacious
525,awestruck
525,euphoric
525,ridiculous
786,concert
786,rock 'n' roll
786,drug addiction
786,groupie
786,music journalist
786,based on true story
786,coming of age
786,promiscuity
786,on the road
786,rock band
786,domineering mother
786,reconciliation
786,semi autobiographical
786,innocence lost
786,bus trip
786,aspiring writer
786,music tour
786,mischievous
786,cautionary
786,teenager
786,amused
786,celebratory
786,frustrated
786,powerful
2280,baseball
2280,coming of age
2280,best friend
2280,co-workers relationship
2280,body-swap
2280,magic realism
2280,"bronx, new york city"
2280,nostalgic
2280,pinball machine
2280,toy maker
2280,job promotion
2280,homesick
2280,new toy
2280,quarter
2280,unplugged electronic works
2280,yankee stadium
2280,wish fulfillment
2280,bunk bed
2280,woman director
2280,toymaker
2280,loving
2280,age change
2280,hilarious
2280,amused
2280,joyful
425,dying and death
425,human evolution
425,parent child relationship
425,squirrel
425,loss of loved one
425,mammoth
425,sloth
425,villain
425,stone age
425,prehistory
425,prehistoric creature
425,saber-toothed tiger
425,cavemen
425,road movie
425,neanderthal
425,prehistoric man
425,dodo bird
425,nut
425,3d animation
425,ground sloth
754,prison
754,biological weapon
754,prisoner
754,bomb
754,undercover
754,psychopath
754,fbi
754,mexican standoff
754,face transplant
754,prison escape
754,flashback
754,revenge
754,tragedy
754,organized crime
754,shootout
754,boat chase
754,"los angeles, california"
754,doctor
754,sibling
754,disguise
754,blunt
754,vendetta
754,surgery
754,criminal gang
754,golden gun
754,archvillain
754,bullet ballet
754,archenemy
754,brother brother relationship
754,maximum security prison
754,fbi agent
605,dying and death
605,rescue
605,future
605,mission
605,man vs machine
605,underground world
605,machine town
605,martial arts
605,kung fu
605,hero
605,dreams
605,fortune teller
605,artificial intelligence (a.i.)
605,computer
605,saving the world
605,flying
605,temple
605,computer virus
605,virtual reality
605,fight
605,truth
605,philosophy
605,key
605,killer robot
605,subway
605,dystopia
605,allegory
605,sun
605,sunlight
605,precognition
605,super computer
605,ying yang
605,sequel
605,cyberpunk
605,christ allegory
605,woman director
605,philosophical
605,action hero
605,gnosticism
605,excited
605,pretentious
11000,coming out
11000,florida
11000,homophobia
11000,drag queen
11000,nightclub
11000,senator
11000,politician
11000,based on play or musical
11000,remake
11000,conservative
11000,cross dressing
11000,gay parent
11000,lgbt
11000,political conflict
11000,south beach
11000,playing straight
11000,drag club
11000,audacious
11000,celebratory
2048,"chicago, illinois"
2048,future
2048,man vs machine
2048,hero
2048,artificial intelligence (a.i.)
2048,based on novel or book
2048,grandparent grandchild relationship
2048,homicide
2048,detective
2048,dystopia
2048,hologram
2048,murder
2048,robot as menace
2048,car accident
2048,robot
2048,grandmother
2048,humanity
2048,futuristic city
2048,robotics
2048,humanoid robot
2048,talking robot
2048,self-driving car
2048,homicide investigation
2048,2030s
2048,serious
2048,robot companion
2048,old robot
2048,new robot
2048,tense
18785,amnesia
18785,blackjack
18785,stag night
18785,lost weekend
18785,chapel
18785,hit with tire iron
18785,memory loss
18785,las vegas
18785,drugs
18785,joyous
18785,absurd
18785,amused
18785,cheerful
18785,shaggy dog story
2649,"san francisco, california"
2649,manipulation
2649,danger of life
2649,puzzle
2649,birthday present
2649,conspiracy thriller
2649,bewildered
9208,canyon
9208,helicopter
9208,underground
9208,river
9208,mexican standoff
9208,countdown
9208,pilot
9208,fistfight
9208,major
9208,betrayal
9208,gunfight
9208,train
9208,explosion
9208,park ranger
9208,desert
9208,military
9208,hostile
9208,nuclear device
9208,boxing
9208,stealth aircraft
9208,abandoned mine
9208,action hero
9208,humvee
9208,antagonistic
9208,audacious
9208,authoritarian
9208,ominous
293660,superhero
293660,anti hero
293660,mercenary
293660,based on comic
293660,aftercreditsstinger
293660,duringcreditsstinger
9614,sports
9614,loss of loved one
9614,golf
9614,taxes
9614,class differences
9614,prize money
9614,driving range
9614,rich snob
9614,anger issues
9614,old-age home
9614,boy meets girl
9614,loss of home
9614,grandmother grandson relationship
9614,winner takes all
9614,hockey player
9614,child raised by grandmother
9614,putting
9614,joyful
9614,golf tournament
9614,sports comedy
9614,grandma-grandson relationship
9614,repossessed home
564,egypt
564,cairo
564,library
564,secret passage
564,pastor
564,pyramid
564,sandstorm
564,solar eclipse
564,mummy
564,foreign legion
564,nile
564,secret society
564,treasure hunt
564,remake
564,archaeologist
564,tomb
564,book of the dead
564,ancient egypt
564,opposites attract
564,1920s
564,pharoah
564,playful
564,good versus evil
564,witty
564,exhilarated
564,egyptian god
429,gold
429,army
429,bounty hunter
429,hitman
429,refugee
429,anti hero
429,moral ambiguity
429,gallows
429,outlaw
429,gun battle
429,shootout
429,spaghetti western
429,graveyard
429,american civil war
429,stolen gold
429,quest
429,complex
429,hidden gold
429,tense
429,gun death
429,excited
429,cemetary
429,confederate gold
15,media tycoon
15,florida
15,art collector
15,newspaper
15,capitalist
15,journalist
15,sleigh
15,banker
15,american dream
15,failure
15,money
15,black and white
15,told in flashback
15,snowglobes
15,kids
15,based on real person
9800,"philadelphia, pennsylvania"
9800,court
9800,jurors
9800,aids
9800,"pennsylvania, usa"
9800,homophobia
9800,lawsuit
9800,partner
9800,hiv
9800,lawyer
9800,dying
9800,lgbt
9800,discrimination
9800,judiciary
9800,1980s
9800,courtroom drama
9800,gay theme
7443,farm
7443,northern england
7443,escape
7443,raf (royal air force)
7443,freedom
7443,chicken
7443,villain
7443,yorkshire
7443,stop motion
7443,explosion
7443,farmer
7443,female villain
7443,aftercreditsstinger
7443,pie machine
7443,claymation
7443,plasticine
7443,3d animation
7443,whimsical
2667,witch
2667,legend
2667,camping
2667,map
2667,supernatural
2667,halloween
2667,wilderness
2667,forest
2667,maryland
2667,paranormal
2667,friends
2667,survival
2667,urban legend
2667,fear
2667,witchcraft
2667,evil
2667,found footage
2667,videotape
2667,paranoid
2667,hopeless
2667,pov (point of view)
2667,folk horror
2667,lost in the woods
2667,pseudo-documentary
2667,sinister
2667,depressing
2667,ambiguous
2667,faux documentary
2667,method filmmaking
423,concert
423,nazi
423,resistance
423,warsaw ghetto
423,polish resistance
423,homeland
423,holocaust (shoah)
423,hunger
423,world war ii
423,prisoner of war
423,ghetto
423,deportation
423,jew persecution
423,liberation
423,biography
423,based on true story
423,survival
423,tragedy
423,based on memoir or autobiography
423,pianist
423,poland
423,tearjerker
423,angry
423,complex
623,infidelity
623,robbery
623,cheating
623,heart attack
623,heist
623,lawyer
623,silencer
623,courtroom
623,american abroad
623,animal abuse
623,stuttering
623,yelling
623,killing a dog
623,cutical scissors
623,run over by a steamroller
623,gag
623,excuse
623,barrel
623,zoophilia
623,screwball
623,heathrow airport
623,stolen jewelry
451,hotel room
451,dying and death
451,individual
451,prostitute
451,lovesickness
451,rage and hate
451,casino
451,unsociability
451,alcohol
451,love at first sight
451,movie business
451,screenwriter
451,alcoholism
451,"los angeles, california"
451,las vegas
451,alcohol abuse
451,dark romance
451,dramatic
451,depressing
451,tragic
1624,california
1624,workaholic
1624,truth
1624,honesty
1624,liar
1624,lawyer
1624,courtroom
1624,ex-husband ex-wife relationship
1624,wishes come true
1624,dramedy
1624,lies
1624,father son relationship
1624,attorney
1624,birthday wish
1624,son's birthday
1624,divorce court
37247,love triangle
37247,seduction
37247,college
37247,older woman seduces younger guy
37247,romance
37247,coming of age
37247,"los angeles, california"
37247,wedding
37247,older woman younger man relationship
37247,graduate
37247,rape accusation
37247,mother seduces daughter's fiancee
37247,audacious
37247,bold
37247,defiant
37247,inflammatory
524,drug abuse
524,casino
524,based on novel or book
524,poker
524,italian american
524,gambling
524,1970s
524,fbi
524,pimp
524,greed
524,cocaine
524,overdose
524,marriage
524,melancholy
524,car bomb
524,rise and fall
524,money
524,murder
524,organized crime
524,mafia
524,jewish american
524,las vegas
524,desert
524,control freak
524,safe deposit box
524,1980s
524,dysfunctional relationship
524,dramatic
524,suspenseful
524,brutal violence
524,fbi surveillance
524,trust & betrayal
955,dying and death
955,mask
955,island
955,central intelligence agency (cia)
955,helicopter
955,computer
955,spain
955,undercover
955,skyscraper
955,secret mission
955,spy
955,secret identity
955,ex-lover
955,fake identity
955,secret agent
955,climbing
955,sequel
955,secret government organization
955,infiltration
955,duel
955,lethal virus
955,motorcycle
955,rescue team
955,slow motion
955,agent
955,fictional government agency
955,research laboratory
955,motorcycle chase
955,government agency
955,based on tv series
4584,secret love
4584,"london, england"
4584,countryside
4584,based on novel or book
4584,widow
4584,military officer
4584,servant
4584,country life
4584,pneumonia
4584,inheritance
4584,period drama
4584,rainstorm
4584,decorum
4584,horse carriage
4584,young love
4584,dowry
4584,social class
4584,19th century
4584,penniless
4584,social elite
4584,bloodletting
4584,free spirited
4584,sussex
4584,sisters love
4584,marry for money
4584,secret engagement
4584,"devonshire, england"
104,race against time
104,"berlin, germany"
104,fate
104,excited
199,spacecraft
199,teleportation
199,inventor
199,starship
199,resistance
199,borg
199,enterprise-e
199,cyborg
199,montana
199,repayment
199,obsession
199,time travel
199,speed of light
199,business start-up
199,space opera
199,first contact
199,outer space
199,traumatized man
941,showdown
941,police
941,self-destruction
941,mixed martial arts (mma)
941,"los angeles, california"
941,police detective
941,ex soldier
941,buddy cop
941,lapd
941,buddy comedy
941,maverick cop
941,homicide detective
941,christmas
941,death of wife
941,action hero
941,shooting
941,cops
941,intense
587,witch
587,fish
587,love of one's life
587,parent child relationship
587,circus
587,fairy tale
587,fishing
587,leech
587,story teller
587,fair
587,mermaid
587,apoplectic stroke
587,cancer
587,relationship
587,gentle giant
587,magic realism
9327,overweight
9327,overweight man
9327,campus
9327,family dinner
9327,jekyll and hyde
9327,duringcreditsstinger
9327,chemistry professor
9327,1990s
9327,hilarious
389,death penalty
389,anonymity
389,court case
389,judge
389,jurors
389,innocence
389,witness
389,knife
389,matter of life and death
389,based on play or musical
389,trial
389,murder
389,debate
389,capital punishment
389,black and white
389,courtroom
389,angry
389,courtroom drama
389,huis clos
389,baffled
389,derisive
389,foreboding
687,prison
687,death penalty
687,right and justice
687,rape
687,rage and hate
687,unsociability
687,court case
687,court
687,nun
687,penalty
687,therapist
687,sentence
687,forgiveness
687,self-discovery
687,despair
687,prison cell
687,socially deprived family
687,death row
687,doomed man
687,death sentence
687,lethal injection
687,charity
687,mercy petition
687,cowardliness
687,catholic
687,angry
687,dreary
687,incredulous
687,depressing
687,bitter
687,callous
687,horrified
462,biography
462,based on true story
462,female protagonist
462,single mother
462,water pollution
462,environmental law
462,legal drama
462,corporate negligence
120467,hotel
120467,painting
120467,wartime
120467,eastern europe
120467,author
120467,gunfight
120467,theft
120467,period drama
120467,bellhop  
120467,mentor protégé relationship
120467,european
120467,hotel lobby
120467,renaissance painting
120467,1960s
120467,1930s
120467,hilarious
150540,dreams
150540,"san francisco, california"
150540,minnesota
150540,sadness
150540,cartoon
150540,disgust
150540,ice hockey
150540,imaginary friend
150540,elementary school
150540,family relationships
150540,memory
150540,fear
150540,family
150540,anger
150540,unicorn
150540,running away
150540,duringcreditsstinger
150540,emotions
150540,emotion
150540,joy
150540,3d animation
150540,psychological drama
150540,compassionate
150540,empathetic
150540,enthusiastic
150540,hopeful
150540,pixar
150540,amigos imaginarios
58,witch
58,daughter
58,ship
58,exotic island
58,monster
58,fortune teller
58,compass
58,sequel
58,sword fight
58,pirate
58,cannibal
58,swashbuckler
58,kraken
58,aftercreditsstinger
58,based on theme park ride
58,witty
4327,martial arts
4327,undercover agent
4327,spy
4327,secret agent
4327,satire
4327,female friendship
4327,millionaire
4327,agent
4327,heroine
4327,burlesque
4327,spy hero
4327,based on tv series
4327,suspenseful
4327,reminiscent
4327,admiring
4327,amused
4327,assertive
4327,audacious
4327,bold
4327,excited
4327,melodramatic
4327,sarcastic
170,"london, england"
170,infection
170,outbreak
170,zombie
170,brutality
170,survival horror
170,zombie apocalypse
170,virus
170,waking from coma
170,post-apocalyptic
37799,hacker
37799,based on novel or book
37799,"boston, massachusetts"
37799,ex-girlfriend
37799,biography
37799,based on true story
37799,historical fiction
37799,university
37799,twins
37799,docudrama
37799,blunt
37799,social media
37799,legal drama
37799,conceited
76341,rescue
76341,australia
76341,dystopia
76341,sandstorm
76341,post-apocalyptic future
76341,sequel
76341,survival
76341,on the run
76341,peak oil
76341,dark future
76341,intense
76341,desert wasteland
76341,convoy attack
76341,high-speed chase
76341,freedom quest
76341,road warfare
76341,modified vehicles
76341,war boys
76341,tyrannical ruler
13475,spacecraft
13475,teleportation
13475,"san francisco, california"
13475,space battle
13475,time travel
13475,space mission
13475,parachute
13475,black hole
13475,supernova
13475,prequel
13475,futuristic
13475,warp speed
13475,warp engine
13475,space
13475,romulans
13475,space opera
13475,reboot
13475,unlikely friendship
13475,child driving car
13475,alternative reality
13475,23rd century
13475,based on tv series
13475,24th century
13475,suspenseful
13475,excited
13475,exhilarated
11450,investigation
11450,manipulation
11450,manipulation of the media
11450,game show
11450,idealism
11450,tv ratings
11450,based on true story
11450,quiz
11450,idealist
11450,product placement
11450,lawyer
11450,1950s
11450,fighting the system
11450,audacious
11450,awestruck
11450,cruel
11450,frustrated
675,witch
675,dying and death
675,based on novel or book
675,court
675,magic
675,prophecy
675,loss of loved one
675,professor
675,supernatural
675,child hero
675,school of witchcraft
675,black magic
675,sorcery
675,sequel
675,coming of age
675,occult
675,ghost
675,wizard
675,christmas
675,scholar
675,mystical land
675,ministry
675,based on young adult novel
675,depressing
675,tragic
675,teen fantasy
563,spacecraft
563,space marine
563,army
563,moon
563,based on novel or book
563,asteroid
563,intelligence
563,dystopia
563,"buenos aires, argentina"
563,space battle
563,satire
563,giant insect
563,creature
563,soldier
563,alien invasion
563,drill instructor
563,military
563,bugs
767,witch
767,dying and death
767,"london, england"
767,based on novel or book
767,magic
767,school of witchcraft
767,sequel
767,apparition
767,curse
767,teenage crush
767,school
767,werewolf
767,teenage love
767,luck
767,ghost
767,wizard
767,secret past
767,christmas
767,based on young adult novel
767,depressing
767,teen fantasy
12444,witch
12444,friendship
12444,"london, england"
12444,corruption
12444,based on novel or book
12444,escape
12444,teleportation
12444,isolation
12444,magic
12444,bravery
12444,radio
12444,road trip
12444,sequel
12444,shelter
12444,tension
12444,attack
12444,werewolf
12444,ghost
12444,road movie
12444,wizard
12444,christmas
12444,based on young adult novel
12444,depressed
12444,dramatic
12444,teen fantasy
9741,"philadelphia, pennsylvania"
9741,parent child relationship
9741,marriage crisis
9741,superhero
9741,train accident
9741,invulnerability
9741,biting
9741,super power
9741,disability
9741,shocking
9741,angry
9741,hostile
9741,father son relationship
9741,frightened
9741,eastrail 177
9473,hell
9473,musical
9473,surrealism
9473,world supremacy
9473,visions of hell
9473,elementary school
9473,atheist
9473,satan
9473,demon
9473,lgbt
9473,adult animation
9473,aftercreditsstinger
9473,based on tv series
9473,hilarious
9473,gay sex
9473,saddam hussein
9739,future
9739,martial arts
9739,helicopter
9739,police
9739,psychopath
9739,crime fighter
9739,dystopia
9739,museum
9739,social control
9739,cryogenics
9739,utopia
9739,fistfight
9739,prison escape
9739,product placement
9739,betrayal
9739,shootout
9739,cyberpunk
9739,explosion
9739,foot chase
9739,warden
9739,subterranean
9739,totalitarianism
9739,censorship
9739,culture shock
9739,knitting
9739,2030s
1954,prison
1954,mind control
1954,child abuse
1954,amnesia
1954,sacrifice
1954,chaos theory
1954,blackout
1954,trauma
1954,diary
1954,time travel
1954,flashback
1954,bully
1954,love
1954,memory loss
1954,psychiatrist
1954,therapy
1954,childhood
75,usa president
75,the white house
75,planet mars
75,saving the world
75,cataclysm
75,total destruction
75,laser gun
75,ambassador
75,congress
75,flying saucer
75,dark comedy
75,parody
75,based on comic
75,alien
75,creature
75,alien invasion
75,outer space
75,playful
75,farcical
106,guerrilla warfare
106,central and south america
106,predator
106,trap
106,alien
106,survival
106,stalking
106,creature
106,alien invasion
106,invisible
106,commando
106,aggressive
106,prey
106,violence
106,suspenseful
106,assertive
829,dying and death
829,sea
829,pedophilia
829,rape
829,mistake in person
829,river
829,chinatown
829,barrage
829,femme fatale
829,conspiracy
829,whodunit
829,"los angeles, california"
829,private detective
829,neo-noir
829,suspenseful
829,frustrated
9693,future
9693,government
9693,police state
9693,based on novel or book
9693,hippie
9693,england
9693,faith
9693,chaos
9693,refugee camp
9693,rebel
9693,dystopia
9693,miracle
9693,childlessness
9693,survival
9693,psychological thriller
9693,birth
9693,alcoholic
9693,bombing
9693,dying
9693,terrorist group
9693,fertility
9693,soldiers
9693,violence
1366,underdog
1366,"philadelphia, pennsylvania"
1366,transporter
1366,love of one's life
1366,italian american
1366,sports
1366,fight
1366,independence
1366,publicity
1366,boxer
1366,training
1366,lovers
1366,world champion
1366,victory
1366,surprise
1366,boxing
1366,inspirational
1366,empathetic
1366,hopeful
4638,countryside
4638,police
4638,village
4638,arrest
4638,parody
4638,partner
4638,murder
4638,rural area
4638,conspiracy
4638,serial killer
4638,gunfight
4638,police force
4638,buddy cop
4638,buddy comedy
4638,accident
4638,cornetto trilogy
2054,high school
2054,husband wife relationship
2054,composer
2054,music teacher
2054,mentor
2054,deaf-mute
2054,"portland, oregon"
2054,marching band
2054,teacher student relationship
2054,high school teacher
2054,disabled
2054,teaching
2054,retirement party
2054,sign languages
2054,forced retirement
2054,1960s
2054,1990s
2054,father son relationship
2054,inspiring teacher
264660,android
264660,dancing
264660,friendship
264660,man vs machine
264660,distrust
264660,artificial intelligence (a.i.)
264660,isolation
264660,technology
264660,manipulation
264660,high technology
264660,treason
264660,deception
264660,norway
264660,laboratory
264660,robot
264660,power outage
264660,surveillance
264660,rich
264660,surveillance camera
264660,consciousness
264660,employer employee relationship
264660,isolated house
264660,wealthy man
264660,existentialism
264660,lockdown
264660,emotional intelligence
264660,female cyborg
264660,human android relationship
264660,tech company
264660,critical
264660,intense
408,witch
408,dying and death
408,princess
408,becoming an adult
408,dwarf
408,magic
408,poison
408,sadness
408,queen
408,attempted murder
408,cartoon
408,villain
408,kiss
408,miner
408,surrogate mother
408,love
408,apple
408,candlelight vigil
408,evil queen
408,based on fairy tale
408,magic mirror
408,good versus evil
408,seven dwarfs
408,whimsical
408,awestruck
408,straightforward
6479,new york city
6479,saving the world
6479,based on novel or book
6479,dystopia
6479,post-apocalyptic future
6479,infection
6479,matter of life and death
6479,alone
6479,helplessness
6479,end of the world
6479,survival
6479,loneliness
6479,zombie
6479,virus
6479,pandemic
6479,lost civilization
6479,pets
6479,desperate
6479,admiring
6479,amused
2756,sea
2756,flying saucer
2756,submarine
2756,ocean
2756,diving suit
2756,secret mission
2756,insanity
2756,nuclear missile
2756,u.s. navy
2756,alien life-form
2756,ufo
2756,warning
2756,scuba diving
2756,underwater
2756,scuba
2756,extraterrestrial life form
2756,deepsea
2756,message
2756,trapped underwater 
2756,thalassophobia
9386,assassin
9386,central intelligence agency (cia)
9386,usa president
9386,the white house
9386,bodyguard
9386,stalking
9386,election
9386,secret service
9386,mysterious
9386,aggressive
9386,u.s. secret service agent
9386,suspenseful
9386,intense
9386,antagonistic
9386,bewildered
9428,forgiveness
9428,cigarette
9428,melancholy
9428,child prodigy
9428,terminal illness
9428,dysfunctional family
9428,family conflict
9428,hopeful
10528,"london, england"
10528,based on novel or book
10528,detective
10528,scotland yard
10528,coffin
10528,pentagram
10528,black magic
10528,arrest
10528,partner
10528,murder
10528,serial killer
10528,steampunk
10528,whodunit
10528,buddy
10528,clue
10528,observation
10528,19th century
10528,victorian era
10528,mischievous
10528,sherlock holmes
10528,suspenseful
10528,mystery
10528,amused
10528,whodunnit
10193,escape
10193,hostage
10193,college
10193,villain
10193,sequel
10193,buddy
10193,daycare
10193,teddy bear
10193,duringcreditsstinger
10193,toy comes to life
10193,personification
10193,inanimate objects come to life
10193,introspective
10193,3d animation
10193,dramatic
10193,pixar
70160,based on novel or book
70160,revolution
70160,dystopia
70160,monarchy
70160,female protagonist
70160,fashion
70160,bow and arrow
70160,game
70160,cynical
70160,hunting
70160,archery
70160,death match
70160,questioning
70160,speculative
70160,futuristic city
70160,reflective
70160,survival competition
70160,forced to kill
70160,world hunger
70160,based on young adult novel
70160,futuristic architecture
70160,cautionary
70160,battle royale
70160,provocative
70160,dramatic
70160,critical
70160,tense
70160,depressing
70160,assertive
70160,bold
70160,defiant
70160,hopeful
70160,powerful
70160,sardonic
70160,sympathetic
70160,tragic
70160,futuristic world
45269,great britain
45269,world war ii
45269,marriage
45269,stutter
45269,monarchy
45269,palace
45269,radio
45269,radio transmission
45269,royal family
45269,biography
45269,based on true story
45269,death of father
45269,speech
45269,royalty
45269,historical fiction
45269,period drama
45269,king of england
45269,1930s
45269,british royal family
45269,british monarchy
45269,winston churchill
45269,stammering
45269,speech therapy
45269,corgi
45269,relaxed
45269,witty
243,"chicago, illinois"
243,rock 'n' roll
243,music record
243,disc jockey
243,pop
243,ex-girlfriend
243,music journalist
243,relationship problems
243,record label
243,flashback
243,breaking the fourth wall
243,fear of commitment
243,falling in love
243,break-up
243,record
243,record album
243,music scene
243,thoughtful
243,breaking up with boyfriend
243,music culture
243,record store
243,top five
243,dating history
243,witty
243,earnest
12445,witch
12445,dying and death
12445,saving the world
12445,based on novel or book
12445,self sacrifice
12445,magic
12445,school of witchcraft
12445,sequel
12445,sorcerer
12445,school
12445,battle
12445,ghost
12445,wizard
12445,teenage hero
12445,christmas
12445,based on young adult novel
12445,good versus evil
12445,dramatic
12445,appreciative
12445,excited
12445,teen fantasy
616,japan
616,samurai
616,swordplay
616,general
616,sense of guilt
616,war veteran
616,sword
616,war crimes
616,loss of loved one
616,self-discovery
616,arms deal
616,homeland
616,katana
616,emperor
616,language barrier
616,mountain village
616,foreign legion
616,insurgence
616,mercenary
616,campaign
616,war strategy
616,gettysburg
616,slaughter
616,soldier
616,period drama
616,alcoholic
616,u.s. soldier
616,japanese army
616,warrior
616,meditative
616,19th century
616,war trauma
616,racial harmony
616,inspirational
616,celebratory
616,cultural pride
616,going native
2758,dancing
2758,jealousy
2758,baby
2758,sibling relationship
2758,summer camp
2758,yuppie
2758,butler
2758,nanny
2758,thanksgiving
2758,halloween
2758,guillotine
2758,uncle
2758,sequel
2758,mansion
2758,wedding
2758,macabre
2758,disembodied hand
2758,anxious
210577,infidelity
210577,based on novel or book
210577,wife
210577,marriage crisis
210577,investigation
210577,disappearance
210577,psychological thriller
210577,whodunit
210577,cynical
210577,missing person
210577,search party
210577,criminal lawyer
210577,murder suspect
210577,missing wife
210577,perspective
210577,manipulative woman
210577,toxic relationship
210577,revenge thriller
210577,killed during sex
210577,hate
210577,controlling wife
10191,friendship
10191,ship
10191,blacksmith
10191,island
10191,based on novel or book
10191,flying
10191,arena
10191,village
10191,villain
10191,training
10191,ignorance
10191,vikings (norsemen)
10191,forest
10191,flight
10191,nest
10191,dragon
10191,battle
10191,combat
10191,well
10191,warrior
10191,pets
10191,reflective
10191,wonder
10191,playful
10191,serene
10191,3d animation
10191,lighthearted
10191,intimate
10191,sentimental
10191,witty
10191,hilarious
10191,romantic
10191,whimsical
10191,admiring
10191,adoring
10191,amused
10191,celebratory
10191,cheerful
10191,comforting
10191,compassionate
10191,euphoric
10191,excited
10191,gentle
10191,hopeful
10191,optimistic
10191,powerful
10191,sincere
10191,sympathetic
10191,vibrant
310,new love
310,lovesickness
310,moon
310,street gang
310,moses
310,faith
310,prayer
310,christianity
310,journalism
310,car crash
310,god
310,religion
310,relationship
310,super power
310,news reporter
310,female journalist
310,religious conflict
310,responsibility
310,praying
310,almighty
310,ambiguous
1832,angel
1832,wisconsin
1832,dark comedy
1832,satire
1832,church service
1832,religion
1832,church
1832,aftercreditsstinger
1832,duringcreditsstinger
1832,view askewniverse
6957,first time
6957,virgin
6957,male friendship
6957,co-workers relationship
6957,poker game
6957,sex comedy
6957,virginity
6957,sex
213,new york city
213,assassination
213,undercover agent
213,espionage
213,spy
213,cold war
213,mistaken identity
213,deception
213,romance
213,fugitive
213,on the run
213,advertising
213,framed
213,on the road
213,government agent
213,road movie
213,framed for murder
213,trains
213,cold war era
213,mount rushmore
213,absurd
213,suspenseful
213,adventure
213,man on the run
213,couple on the run
213,moral relativism
213,excited
213,vistavision
11566,coma
11566,usa president
11566,the white house
11566,apoplectic stroke
11566,look-alike
11566,body double
11566,secret service
11566,impersonation
11566,doppelgänger
11566,temp agency
11566,nice guy
11566,corgi
4232,high school
4232,small town
4232,california
4232,killing
4232,halloween
4232,house party
4232,serial killer
4232,school
4232,slasher
4232,whodunit
4232,killing spree
4232,phone
4232,tabloid
4232,news reporter
4232,self-referential
4232,crime spree
4232,halloween costume
4232,young adult
4232,teenager
19908,"washington dc, usa"
19908,sibling relationship
19908,saving the world
19908,circus
19908,post-apocalyptic future
19908,gore
19908,parody
19908,road trip
19908,zombie
19908,survival horror
19908,amusement park
19908,twinkie
19908,body count
19908,zombification
19908,disposing of a dead body
19908,loner
19908,aftercreditsstinger
19908,zombie apocalypse
19908,satirical
19908,fear of clowns
19908,joyous
19908,absurd
19908,hilarious
19908,amused
19908,sarcastic
792,dying and death
792,vietnam war
792,helicopter
792,ambush
792,war crimes
792,village
792,mine
792,bunker
792,infantry
792,jungle
792,gang rape
792,soldier
792,battle
792,violent death
792,false accusations
792,witness to murder
792,platoon
792,combat
792,casualty of war
792,marijuana joint
792,marijuana pipe
792,semi autobiographical
792,anti war
792,wounded soldier
792,conscripts
792,military draft
792,violent man
792,young soldier
792,american soldiers
792,tour of duty
792,army vs civilians
792,cautionary
792,suspenseful
792,critical
792,intense
792,depressing
792,defiant
792,philosophical depiction of war
1900,drug dealer
1900,daughter
1900,mother
1900,drug abuse
1900,drug smuggling
1900,smuggling (contraband)
1900,war on drugs
1900,drug trafficking
1900,addicted
1900,police operation
1900,father
1900,usa–mexico border
1900,addiction
1900,drug lord
1900,marriage dispute
1900,cross‑border crime
137113,deja vu
137113,based on novel or book
137113,restart
137113,military officer
137113,dystopia
137113,affectation
137113,time travel
137113,training
137113,alien
137113,time loop
137113,soldier
137113,alien invasion
137113,war hero
137113,exoskeleton
137113,somber
137113,anxious
137113,soldiers
137113,war
137113,sentimental
137113,adoring
137113,defiant
137113,dignified
137113,earnest
137113,2020s
329865,spacecraft
329865,extraterrestrial technology
329865,loss
329865,time
329865,alien
329865,language
329865,female protagonist
329865,scientist
329865,heartbreak
329865,based on short story
329865,alien contact
329865,military
329865,alien language
329865,linguist
329865,first contact
329865,communication
329865,linguistics
329865,time-manipulation
329865,complex
329865,determinism
329865,science fiction
329865,wistful
329865,incredulous
329865,hopeful
345,new york city
345,prostitute
345,based on novel or book
345,sexual obsession
345,sacrifice
345,christmas party
345,eroticism
345,orgy
345,masked ball
345,marriage
345,secret society
345,cult
345,marijuana
345,conspiracy
345,mansion
345,doctor
345,relationship
345,lust
345,drugs
345,disguise
345,illegal prostitution
345,sexual desire
345,ego
345,bribery
345,voyeurism
345,christmas
345,sex party
345,marital crisis
345,costume shop
345,hooker
345,provocative
881,underdog
881,dying and death
881,suicide
881,navy
881,right and justice
881,court case
881,suspicion of murder
881,guantanamo bay
881,marine corps
881,military court
881,code red
881,command
881,military base
881,u.s. navy
881,sexism
881,based on play or musical
881,flashback
881,court martial
881,platoon leader
881,military law
881,legal thriller
496,journalist
496,california
496,prostitute
496,rodeo
496,kazakhstan
496,demeanor course
496,chicken
496,driving school
496,satire
496,mockumentary
496,social satire
496,antisemitism
496,bear
496,reporter
496,aftercreditsstinger
496,duringcreditsstinger
496,comedy
496,amused
8363,high school
8363,police
8363,alcohol
8363,chaos
8363,nerd
8363,coming of age
8363,school
8363,"los angeles, california"
8363,drugs
8363,buddy
8363,one night
8363,fake id
8363,serene
111,corruption
111,sibling relationship
111,"miami, florida"
111,cuba
111,loss of loved one
111,gangster
111,cocaine
111,rise and fall
111,remake
111,tragedy
111,drug cartel
111,mafia
111,drug lord
111,bitterness
111,rise to power
111,miami beach
111,cuban refugees
111,drug war
111,excited
111,tragic
426,plan
426,love of one's life
426,sense of guilt
426,"san francisco, california"
426,suicide attempt
426,obsession
426,bachelor
426,detective
426,necklace
426,vertigo
426,museum
426,painting
426,insurance fraud
426,film noir
426,golden gate bridge
426,psychological thriller
426,rescue from drowning
426,paranoid
426,neo-noir
426,nervous
426,fear of heights
426,dark romance
426,complicated
426,vistavision
1587,mentally disabled
1587,sibling relationship
1587,based on novel or book
1587,widow
1587,iowa
1587,dysfunctional family
1587,obesity
1587,single mother
1587,grocery store
1587,mentally handicapped child
11031,rock 'n' roll
11031,rock star
11031,groupie
11031,parody
11031,mockumentary
11031,rock band
11031,found footage
11031,aftercreditsstinger
11031,duringcreditsstinger
11031,amplifier
11031,music industry
11031,musical comedy
11031,metal band
11031,music comedy
11031,comedy
11031,amused
11031,cheerful
244786,new york city
244786,jazz
244786,musician
244786,obsession
244786,music teacher
244786,conservatory
244786,drums
244786,montage
244786,perfectionist
244786,public humiliation
244786,jazz band
244786,angry
244786,aggressive
244786,young adult
244786,music school
244786,verbal abuse
244786,emotional abuse
244786,anxious
244786,based on short film
244786,psychological drama
244786,romantic
244786,bold
244786,disapproving
244786,enraged
244786,drummer
703,new york city
703,sports
703,tennis
703,narration
703,job interview
703,cocaine
703,neurosis
703,comedian
703,romcom
703,love
703,singer
703,breaking the fourth wall
703,wry
1573,helicopter
1573,airport
1573,based on novel or book
1573,ambush
1573,cop
1573,sequel
1573,snow
1573,shootout
1573,terrorism
1573,explosion
1573,church
1573,commando
1573,news reporter
1573,air traffic control
1573,virginia
1573,terrorist plot
1573,mysterious
1573,christmas
1573,snowmobile
1573,action hero
1573,plane crash
1573,christmas eve
1573,airplanes
1573,excited
1573,airport police
1573,rogue military
44214,new york city
44214,dance
44214,nightmare
44214,obsession
44214,insanity
44214,paranoia
44214,hallucination
44214,ballet dancer
44214,ballet
44214,female protagonist
44214,psychological thriller
44214,fear
44214,mental illness
44214,madness
44214,reality vs fantasy
44214,swan lake
44214,ballerina
44214,stage performance
44214,self-harm
44214,mother daughter relationship
44214,self destructiveness
44214,body horror
44214,theater
44214,psychological horror
44214,suspenseful
44214,perfectionism
9087,new love
9087,usa president
9087,the white house
9087,holiday
9087,global warming
9087,press
9087,fossil fuel
9087,dating
9087,class differences
9087,widower
9087,wildlife conservation
9087,lobbyist
9087,father daughter relationship
9087,widower with daughter
9087,romantic
330,exotic island
330,island
330,velociraptor
330,dna
330,tyrannosaurus rex
330,paleontology
330,"san diego, california"
330,sequel
330,dinosaur
330,creature
330,scientist
330,amusement park
330,theme park
330,costa rica
330,stegosaurus
330,animal horror
330,father daughter relationship
330,absurd
330,suspenseful
330,jungle adventure
330,cliché
330,excited
1584,rock 'n' roll
1584,musician
1584,private school
1584,music competition
1584,substitute teacher
1584,elementary school
1584,teacher
1584,rock music
1584,contest
1584,rock band
1584,rock concert
1584,hilarious
1584,amused
1584,awestruck
1584,comforting
117,"chicago, illinois"
117,prohibition era
117,gangster
117,baseball bat
117,white suit
117,tough cop
117,treasury agent
117,untouchable
117,tax evasion
117,jury tampering
117,1930s
621,australia
621,high school
621,flying car
621,california
621,jealousy
621,street gang
621,cheerleader
621,dance competition
621,carnival
621,musical
621,based on play or musical
621,rivalry
621,high school graduation
621,high school friends
621,tv show in film
621,gossip
621,makeover
621,clique
621,greaser
621,school dance
621,animated credits
621,pep rally
621,wrong side of the tracks
621,mooning
621,opposites attract
621,letterman jacket
621,girl gang
621,track and field
621,summer romance
621,1950s
621,sweethearts
621,street racing
621,west side story
621,goody two shoes
621,rival gang
621,going steady
621,two-faced
1359,new york city
1359,based on novel or book
1359,businessman
1359,psychopath
1359,dark comedy
1359,satire
1359,wall street
1359,serial killer
1359,chainsaw
1359,big city
1359,psychological thriller
1359,character study
1359,white collar
1359,harvard business school
1359,voice imitation
1359,1980s
1359,american businessman
1359,bloody
1359,ambiguity
1359,psychological horror
1359,horror
1359,horrified
1359,instructive
13223,rape
13223,war veteran
13223,gangster
13223,immigration
13223,racist
13223,old man
13223,priest
13223,gang
13223,"detroit, michigan"
13223,widower
13223,unlikely friendship
13223,korean war veteran
13223,hmong
13223,bigot
13223,excited
13223,immigrant film
13223,neighbors
608,new york city
608,space marine
608,saving the world
608,flying saucer
608,undercover
608,secret identity
608,superhero
608,deportation
608,illegal immigration
608,new identity
608,firearm
608,light
608,based on comic
608,sequel
608,alien
608,buddy cop
608,fictional government agency
595,right and justice
595,rape
595,sibling relationship
595,based on novel or book
595,court case
595,court
595,isolation
595,becoming an adult
595,falsely accused
595,arbitrary law
595,alabama
595,socially deprived family
595,defence
595,tree house
595,farm worker
595,intolerance
595,exclusion
595,melancholy
595,trial
595,racism
595,black and white
595,injustice
595,kids
595,1930s
595,courtroom drama
595,desperate
595,based on young adult novel
595,dramatic
595,suspenseful
595,compassionate
595,empathetic
140607,android
140607,spacecraft
140607,sequel
140607,space opera
140607,tuwaderalit
68,dreams
68,government
68,bureaucracy
68,police state
68,great britain
68,technology
68,dystopia
68,office
68,dark comedy
68,satire
68,surrealism
68,steampunk
68,terrorism
68,bombing
68,job promotion
68,repairman
68,disturbed
68,christmas
68,irreverent
68,incredulous
68,witty
68,admiring
68,ambiguous
68,audacious
68,baffled
68,euphoric
68,preposterous
9359,ship
9359,saloon
9359,poker
9359,mississippi river
9359,native american
9359,"oregon, usa"
9359,con artist
9359,steamboat
9359,on the run
9359,attempted robbery
9359,professional gambler
9359,american frontier
9359,western comedy
9359,based on tv series
9359,old west
2024,daughter
2024,mission
2024,general
2024,southern usa
2024,loss of loved one
2024,rebel
2024,patriotism
2024,insurgence
2024,gore
2024,south carolina
2024,based on true story
2024,sword fight
2024,historical fiction
2024,soldier
2024,patriot
2024,18th century
2024,american revolution
2024,revolutionary war
634,daughter
634,"london, england"
634,lovesickness
634,based on novel or book
634,england
634,sexual frustration
634,alcohol
634,parent child relationship
634,telecaster
634,birthday
634,cigarette
634,diary
634,lawyer
634,reporter
634,extramarital affair
634,burlesque
634,duringcreditsstinger
634,woman director
634,exhilarated
9495,martial arts
9495,superhero
9495,supernatural
9495,halloween
9495,crow
9495,based on comic
9495,revenge
9495,arson
9495,vigilante
9495,tragic hero
9495,back from the dead
9495,sadist
9495,"detroit, michigan"
9495,gothic
9495,urban setting
9495,aggressive
9495,neo-noir
9495,urban gothic
9495,supernatural power
9495,vigilante justice
9495,good versus evil
9495,grimdark
9495,horror
9495,bold
9495,straightforward
70,dying and death
70,transporter
70,strong woman
70,stroke of fate
70,advancement
70,sports
70,fight
70,suicide attempt
70,boxer
70,training
70,tragedy
70,female protagonist
70,brutality
70,boxing trainer
70,unlikely friendship
70,female boxing
70,knockout
70,euthanasia
70,determination
70,boxing
70,sentimental
70,excited
77338,friendship
77338,male friendship
77338,based on true story
77338,inspiring story
77338,aristocrat
77338,paragliding
77338,unlikely friendship
77338,duringcreditsstinger
77338,quadriplegic
77338,quadriplegia
77338,feelgood
77338,cheerful
77338,empathetic
77338,emotional
9277,bet
9277,"chicago, illinois"
9277,repayment
9277,horse race
9277,con man
9277,mafia boss
9277,heist
9277,caper
9277,ragtime
9277,off track betting
9277,sting operation
9277,alley
9277,1930s
9277,mischievous
9277,cautionary
154,spacecraft
154,life and death
154,genetics
154,asteroid
154,self sacrifice
154,teleportation
154,genesis
154,midlife crisis
154,terraforming
154,simulator
154,cadet
154,radiation
154,uss reliant
154,starship
154,sequel
154,revenge
154,cynical
154,weapon of mass destruction
154,space opera
154,macabre
154,mentor protégé relationship
154,taunting
154,hard
154,angry
154,aggressive
154,desperate
154,outer space
154,egotistical
154,antagonistic
154,arrogant
154,assertive
154,defiant
154,disdainful
154,disheartening
5548,experiment
5548,cyborg
5548,crime fighter
5548,dystopia
5548,allegory
5548,giant robot
5548,evil corporation
5548,cyberpunk
5548,transhumanism
5548,"detroit, michigan"
5548,law enforcement
5548,gentrification
5548,corrupt system
5548,megacorporation
5548,ghosts of the past
5548,shocking
5548,deep
5548,emotional
1585,small town
1585,angel
1585,suicide attempt
1585,holiday
1585,christianity
1585,bank
1585,great depression
1585,family business 
1585,black and white
1585,nervous breakdown
1585,old house
1585,newlywed
1585,magic realism
1585,told in flashback
1585,guardian angel
1585,high school dance
1585,christmas
1585,candid
1585,what if
1585,christian film
1585,christmas eve
1585,christian faith
1585,adoring
1585,amused
9354,inventor
9354,parent child relationship
9354,ant
9354,shrinking
9354,giant insect
9354,neighbor
9354,miniaturization
9354,next door neighbor
9354,odd neighbor
3034,monster
3034,experiment
3034,assistant
3034,halloween
3034,castle
3034,bride
3034,parody
3034,mad scientist
3034,laboratory
3034,spoof
3034,horror spoof
3034,black and white
3034,scientist
3034,bawdy
3034,frankenstein
3034,farce
3034,ridiculous
508,"london, england"
508,usa president
508,rock star
508,school performance
508,love at first sight
508,holiday
508,war on terror
508,"marseille, france"
508,office
508,christmas party
508,language barrier
508,prime minister
508,press conference
508,bars and restaurants
508,valentine's day
508,heathrow airport
508,multiple storylines
508,christmas
508,lighthearted
9798,"washington dc, usa"
9798,wiretap
9798,satellite
9798,national security agency (nsa)
9798,murder
9798,invasion of privacy
9798,on the run
9798,mafia
9798,false accusations
9798,surveillance
9798,tape recording  
9798,voyeurism
9798,tracking device
9798,congressman
9798,married man
9798,surveillance state
9798,christmastime
9798,"baltimore, maryland"
9798,antagonistic
9798,authoritarian
9552,"washington dc, usa"
9552,based on novel or book
9552,religion and supernatural
9552,exorcism
9552,halloween
9552,paranormal phenomena
9552,possession
9552,satan
9552,priest
9552,demon
9552,roman catholic church
9552,demonic possession
9552,macabre
9552,crisis of faith
9552,religious horror
9552,supernatural horror
9552,suspenseful
9552,sinister
9552,bold
9552,possessed child
49047,space mission
49047,loss
49047,space
49047,astronaut
49047,space station
49047,trapped in space
49047,reflective
49047,hopeful
15121,resistance
15121,world war ii
15121,musical
15121,austria
15121,based on true story
15121,music competition
15121,based on play or musical
15121,alps mountains
15121,governess
15121,convent (nunnery)
15121,postulant
15121,novice
15121,puppet show
15121,nun in love
15121,nazi occupation
15121,1930s
15121,raising children
15121,"salzburg, austria"
15121,pre world war ii
15121,rise of nazism
15121,escape from fascism
378,baby
378,robbery
378,supermarket
378,pregnancy
378,arizona
378,satire
378,family relationships
378,absurd
378,amused
378,melodramatic
713,adultery
713,secret love
713,beach
713,jealousy
713,love triangle
713,isolation
713,culture clash
713,sexuality
713,arranged marriage
713,strangeness
713,violent husband
713,new zealand
713,maori
713,settler
713,wilderness
713,forbidden love
713,mute
713,domestic violence
713,pianist
713,playing piano
713,woman director
713,sign languages
713,piano
713,19th century
713,severed finger
713,mother daughter relationship
713,intimate
713,dramatic
713,intense
10144,witch
10144,princess
10144,sea
10144,daughter
10144,kingdom
10144,fireworks
10144,cartoon
10144,mermaid
10144,prince
10144,villain
10144,musical
10144,coming of age
10144,crab
10144,fish out of water
10144,misunderstanding
10144,single father
10144,female villain
10144,based on fairy tale
10144,true love
10144,bargain
10144,hand drawn animation
10144,trident
10144,father daughter relationship
10144,good versus evil
10144,vibrant
11395,"chicago, illinois"
11395,elves
11395,winter
11395,holiday
11395,christmas party
11395,deal
11395,santa claus
11395,christmas tree
11395,child custody
11395,christmas
11395,father son relationship
11395,santa's elves
11395,christmas eve
11395,elf
840,"wyoming, usa"
840,"indiana, usa"
840,flying saucer
840,extraterrestrial technology
840,obsession
840,evacuation
840,blackout
840,secret base
840,alien life-form
840,alien
840,ufo
840,vision
840,alien abduction
840,missing person
840,alien contact
840,mother ship
840,extraterrestrial life form
840,alien language
840,alien space craft
840,escapade
840,obsessive quest
840,flying ship
840,ufo sighting
840,alien encounter
840,desperate
840,lightshow
840,extraterrestrial humanoids
840,wonder
840,mysterious lights
840,alien spaceship
840,extraterrestrial capsule
840,moving lights
840,humanoid alien
840,secret space ufos
840,whimsical
840,admiring
4476,sibling relationship
4476,post-traumatic stress disorder (ptsd)
4476,based on novel or book
4476,world war i
4476,journey around the world
4476,montana
4476,loyalty
4476,ranch
4476,affectation
4476,native american
4476,tragedy
4476,interracial marriage
4476,sibling rivalry
4476,falling in love
4476,interracial friendship
4476,1910s
4476,1900s
4476,political aspiration
4476,father son relationship
4476,brother brother relationship
4476,prohibition
4476,beautiful landscapes
4476,u.s. army soldier
1701,undercover
1701,ambush
1701,war veteran
1701,psychopath
1701,bravery
1701,mexican standoff
1701,sandstorm
1701,hijacking
1701,prison guard
1701,u.s. marshal
1701,serial killer
1701,shootout
1701,brutality
1701,convict
1701,war hero
1701,diabetic
1701,dea agent
1701,hostile takeover
1701,skyjacker
1701,disguises
1701,action hero
1701,ex army
1701,army veteran
1701,prisoner transport
1701,transport plane
1701,prison transport plane
319,hotel
319,parent child relationship
319,movie business
319,detective
319,mexican standoff
319,pimp
319,cocaine
319,ex-cop
319,love
319,murder
319,on the run
319,mafia
319,comic book shop
319,"los angeles, california"
319,drugs
319,"detroit, michigan"
319,illegal prostitution
319,sicilian
319,gun violence
319,aspiring actor
319,neo-noir
319,intimate
319,love on the run
319,suspenseful
319,intense
319,comforting
319,euphoric
128,friendship
128,human vs nature
128,wolf
128,fight
128,wild boar
128,territory
128,leprosy
128,feral child
128,decapitation
128,rural area
128,historical fiction
128,spirit
128,demon
128,nature
128,environmentalism
128,adult animation
128,deforestation
128,anime
128,thoughtful
128,philosophical
128,industrialization
128,fantasy
128,adventure
11545,lone wolf
11545,private school
11545,theater play
11545,theatre group
11545,theater director
11545,coming of age
11545,precocious child
11545,complex
11545,teenager
433,banker
433,"london, england"
433,sibling relationship
433,based on novel or book
433,parent child relationship
433,magic
433,nanny
433,musical
433,family
433,umbrella
433,governess
433,kite flying
433,mischievous children
433,live action and animation
433,1910s
433,chimney sweep
433,suffragettes
433,wonder
433,penguins
433,dancing men
433,music and dance
433,magic world
433,lighthearted
433,joyous
433,bank president
433,happiness
433,adoring
433,awestruck
433,cheerful
433,joyful
433,optimistic
433,sympathetic
433,vibrant
433,dance musical
531,robbery
531,inventor
531,diamond
531,human animal relationship
531,penguin
531,telecontrol
531,villain
531,surrealism
531,anthropomorphism
531,betrayal
531,stop motion
531,criminal
531,dog
531,jewelry heist
531,claymation
531,plasticine
531,short film
33,prostitute
33,sheriff
33,right and justice
33,regret
33,"wyoming, usa"
33,"kansas, usa"
33,revenge
33,mutilation
33,one last job
33,reputation
33,19th century
33,englishman
33,somber
33,pig farmer
33,excited
642,dynamite
642,bolivia
642,male friendship
642,on the run
642,shootout
642,buddy
642,sundance kid
642,butch cassidy
642,train robbery
642,posse
642,escape plan
642,western bandits
642,comforting
642,excited
2675,farm
2675,faith
2675,symbolism
2675,miracle
2675,family relationships
2675,alien
2675,grief
2675,rural area
2675,alien invasion
2675,crop circle
2675,alien attack
2675,death of wife
2675,loss of faith
2675,alien encounter
2675,anxious
2675,suspenseful
2675,foreboding
926,spacecraft
926,teleportation
926,space battle
926,time travel
926,parody
926,alien
926,spoof
926,fans
926,fan convention
926,actor
926,tv show
926,humanoid alien
926,galaxy quest
926,suspenseful
926,cheerful
926,exhilarated
824,"paris, france"
824,nightclub
824,fairy
824,courtesan
824,duke
824,musical
824,poet
824,terminal illness
824,love
824,writer
824,prostitution
824,death
824,illness
824,rouge
824,tuberculosis
824,bohemian
824,dance hall
824,19th century
824,1900s
824,belle epoque
824,jukebox musical
824,romantic
824,amused
824,moulin rouge
522,individual
522,taxi
522,fortune teller
522,transsexuality
522,transvestite
522,movie business
522,drug addiction
522,boxer
522,oddball
522,celebrity
522,morphine
522,"los angeles, california"
522,black and white
522,suburb
522,theremin
522,handgun
522,trick or treating
522,1950s
2668,small town
2668,halloween
2668,police detective
2668,gothic
2668,new york state
2668,skeptic
2668,autumn
2668,19th century
2668,headless horseman
509,new love
509,"london, england"
509,bookshop
509,roommates
509,press conference
509,paparazzi
509,interview
509,romcom
509,birthday party
509,fame
509,falling in love
509,group of friends
509,tabloid
509,valentine's day
509,movie star
509,nostalgic
509,social differences
509,movie set
509,dinner party
509,dating woes
509,wealth differences
509,awkward situation
509,movie theater
509,unexpected romance
509,best friends
509,unlikely romance
509,bookstore owner
509,famous actress
509,comforting
509,charming romances and delightful chemistry
509,bookshop owner
787,assassin
787,bomb
787,hitman
787,marriage crisis
787,gun
787,secret identity
787,married couple
787,assault rifle
787,marriage
787,decoy
787,secret agent
787,dysfunctional marriage
787,gunfight
787,bullet wound
787,embarrassed
9268,hitman
9268,hostage
9268,traitor
9268,new identity
9268,witness
9268,witness protection
9268,arms dealer
9268,treason
9268,deception
9268,u.s. marshal
9268,betrayal
9268,conspiracy
9268,corporate crime
9268,high tech
9268,corrupt agent
9268,rogue agent
9268,political corruption
9268,aggressive
9268,x-ray vision
9268,railgun
9268,dramatic
9268,witsec
670,daughter
670,martial arts
670,rage and hate
670,hostility
670,transformation
670,imprisonment
670,dark comedy
670,hypnosis
670,sushi restaurant
670,notebook
670,time
670,sin
670,alcoholism
670,flashback
670,revenge
670,loneliness
670,torture
670,based on manga
670,urination
670,rage
670,anger
670,catholic
670,incest
670,captivity
670,neo-noir
670,philosophical
670,brother sister sex
670,father daughter relationship
670,asian origins
670,remade
670,south korea
670,hammer
670,grimdark
670,inspirational
670,driven to suicide
670,depressing
670,brother sister incest
670,father daughter incest
9772,vietnam veteran
9772,journalist
9772,usa president
9772,"washington dc, usa"
9772,airplane
9772,ultimatum
9772,kazakhstan
9772,heroism
9772,air force one
9772,fighter jet
9772,airplane hijacking
9772,aerial combat
9772,first lady
9772,gunfight
9772,secret service
9772,terrorist plot
9772,held hostage
9772,us military
9772,"moscow, russia"
9772,hand to hand combat
9772,political prisoner
9772,hostages
9772,suspenseful
644,android
644,new york city
644,prostitute
644,artificial intelligence (a.i.)
644,new jersey
644,prophecy
644,loss of loved one
644,extraterrestrial technology
644,fairy tale
644,dystopia
644,adoption
644,ice age
644,prosecution
644,gigolo
644,hologram
644,alien
644,robot
644,destiny
644,capture
644,doppelgänger
644,humanoid robot
644,human android relationship
644,robot boy
644,psychological drama
644,advanced technology
118,factory worker
118,factory
118,"london, england"
118,based on novel or book
118,chocolate
118,candy
118,overweight child
118,parent child relationship
118,grandparent grandchild relationship
118,dark comedy
118,chewing gum
118,teacher
118,tragedy
118,candy bar
9427,northern england
9427,police
9427,suicide attempt
9427,job interview
9427,son
9427,striptease
9427,father
9427,yorkshire
9427,obesity
9427,unemployment
9427,burlesque
9427,steel worker
9427,repossession
9427,male stripper
9427,gay theme
9427,inspirational
9427,admiring
152601,future
152601,artificial intelligence (a.i.)
152601,computer
152601,satire
152601,love
152601,loneliness
152601,transhumanism
152601,"los angeles, california"
152601,heartbreak
152601,semi autobiographical
152601,speculative
152601,singularity
152601,near future
152601,serene
152601,intimate
152601,provocative
152601,dramatic
152601,comforting
152601,operating system
10138,technology
10138,superhero
10138,malibu
10138,based on comic
10138,sequel
10138,revenge
10138,aftercreditsstinger
10138,marvel cinematic universe (mcu)
10138,break out
855,based on novel or book
855,ambush
855,chaos
855,militia
855,prisoner of war
855,wound
855,somalia
855,warlord
855,famine
855,arms dealer
855,based on true story
855,delta force
855,gunfight
855,combat
855,us military
855,1990s
855,helicopter crash
855,mogadishu
855,rescue operation
855,peacekeeper
855,soldiers
855,street shootout
13183,usa president
13183,nuclear war
13183,mass murder
13183,secret identity
13183,narration
13183,soviet union
13183,melancholy
13183,retirement
13183,based on comic
13183,conspiracy
13183,animated scene
13183,cynical
13183,doomsday
13183,masked vigilante
13183,doomsday clock
13183,red square
13183,1980s
13183,ironic
13183,intense
13183,ambiguous
9654,gold
9654,california
9654,helicopter
9654,hacker
9654,"venice, italy"
9654,chase
9654,subway
9654,master thief
9654,safe
9654,heist
9654,revenge
9654,murder
9654,double crossed
9654,boat chase
9654,"los angeles, california"
9654,explosion
9654,safecracker
9654,television repair
9654,based on movie
9654,mentor protégé relationship
9654,mini cooper
9654,vengeance
9654,father daughter relationship
9654,suspenseful
9654,gold heist
9654,defiant
1924,galaxy
1924,journalist
1924,saving the world
1924,secret identity
1924,crime fighter
1924,superhero
1924,nuclear missile
1924,based on comic
1924,destruction of planet
1924,criminal
1924,sabotage
1924,super power
1924,north pole
1924,midwest
1924,newspaper office
1924,superhuman strength
1924,aftercreditsstinger
1924,save the day
1924,evil genius
1924,rural life
4951,high school
4951,"seattle, washington"
4951,deception
4951,based on play or musical
4951,coming of age
4951,teen movie
4951,shrew
4951,teen comedy
4951,valentine's day
4951,opposites attract
4951,duringcreditsstinger
4951,teenage romance
4951,overprotective father
4951,playful
4951,lighthearted
4951,casual
4951,cliché
9482,corruption
9482,judge
9482,dystopia
9482,superhero
9482,post-apocalyptic future
9482,villain
9482,trial
9482,based on comic
9482,cyberpunk
9482,police officer
9482,revenge motive
9482,justice
9482,based on graphic novel
9482,frame up
9482,law enforcement
9482,framed for murder
9482,gene
9482,prosthetic limb
9482,dna testing
9482,domineering
9482,futuristic city
9482,action hero
9482,good versus evil
9482,ridiculous
770,civil war
770,based on novel or book
770,marriage crisis
770,loss of loved one
770,widow
770,atlanta
770,slavery
770,plantation
770,typhus
770,romance
770,casualty of war
770,second marriage
770,revisionist history
770,american civil war
770,candid
770,racist stereotype
770,reconstruction era
770,businesswoman
770,1860s
770,1870s
770,antebellum south
770,amused
770,powerful
770,pro slavery
770,lost cause
755,dancing
755,showdown
755,sheriff
755,sibling relationship
755,vampire
755,bank robber
755,holy water
755,siege
755,stripper
755,priest
755,bank robbery
755,preacher
755,hostage situation
755,crucifix
755,recreational vehicle
755,mexican american border
755,female stripping
755,boa constrictor
755,loss of faith
755,foot fetish
755,killer on the run
755,brothers
755,barefoot
409,egypt
409,secret love
409,amnesia
409,airplane
409,cairo
409,identity
409,intelligence
409,traitor
409,burn
409,world war ii
409,landmine
409,expedition
409,cave
409,sandstorm
409,cave painting
409,prisoner of war
409,map
409,mine clearer
409,hearing
409,desert scientist
409,tragedy
409,period drama
409,desert
409,tragic romance
1813,child abuse
1813,southern usa
1813,marriage crisis
1813,obsession
1813,bible
1813,seduction
1813,hallucination
1813,devil's son
1813,ambition
1813,pact with the devil
1813,crooked lawyer
1813,satan
1813,evil spirit
1813,lust
1813,courtroom
1813,temptation
1813,law firm
1813,"manhattan, new york city"
1813,seven deadly sins
1813,ethics
1813,anxious
1813,legal thriller
1813,supernatural horror
1813,cautionary
1813,callous
9894,prison
9894,prostitute
9894,karaoke
9894,obsession
9894,dark comedy
9894,medieval
9894,cable guy
9894,frenemies
8872,rock 'n' roll
8872,romantic rivalry
8872,heavy metal
8872,parody
8872,singer
8872,breaking the fourth wall
8872,television producer
8872,buddy
8872,aftercreditsstinger
8872,duringcreditsstinger
8872,woman director
8872,multiple endings
8872,best friends
8872,whimsical
4995,new year's eve
4995,adultery
4995,pornography
4995,robbery
4995,husband wife relationship
4995,drug abuse
4995,1970s
4995,cocaine
4995,porn actor
4995,custody battle
4995,melancholy
4995,rags to riches
4995,coming of age
4995,alter ego
4995,"los angeles, california"
4995,drugs
4995,porn industry
4995,disco
4995,voyeurism
4995,curious
4995,1980s
4995,candid
4995,big dick
4995,mother son relationship
4995,introspective
4995,dramatic
4995,admiring
4995,audacious
4995,euphoric
1018,amnesia
1018,loss of sense of reality
1018,schizophrenia
1018,nightmare
1018,hitman
1018,suppressed past
1018,identity
1018,key
1018,detective
1018,job interview
1018,bisexuality
1018,trauma
1018,hallucination
1018,surreal
1018,surrealism
1018,casting
1018,hollywood
1018,"los angeles, california"
1018,car accident
1018,audition
1018,doppelgänger
1018,neo-noir
1018,audacious
1018,awestruck
1933,nightmare
1933,suicide attempt
1933,shotgun
1933,servant
1933,cemetery
1933,world war ii
1933,nanny
1933,haunted house
1933,channel islands
1933,female protagonist
1933,mansion
1933,soldier
1933,gardener
1933,photosensitivity
1933,1940s
1933,dreary
1933,jersey island
1933,baffled
1933,supernatural thriller
411,witch
411,sibling relationship
411,saving the world
411,based on novel or book
411,self sacrifice
411,winter
411,fairy tale
411,allegory
411,cupboard
411,beaver
411,lion
411,surrealism
411,battle
411,based on children's book
411,fantasy world
411,duringcreditsstinger
411,1940s
411,high fantasy
411,based on young adult novel
411,faun
411,good versus evil
346,martial arts
346,japan
346,samurai
346,sword
346,peasant
346,village
346,looting
346,rice
346,fencing
346,moral ambiguity
346,forbidden love
346,black and white
346,battle
346,period drama
346,bandit
346,practice
346,farmer
346,jidaigeki
346,16th century
346,class relations
346,reflective
346,collectivism
346,plunder
346,downtrodden farmers
346,seven
346,bushi
346,tactical warfare
346,violence
346,critical
346,excited
346,informative
346,violent
10731,suicide
10731,sibling relationship
10731,brother
10731,gangster
10731,investigation
10731,witness protection
10731,principal witness 
10731,search for witnesses
10731,lawyer
10731,anxious
10731,legal thriller
10731,intense
10731,admiring
10731,appreciative
10731,sceptical
10731,sympathetic
9502,martial arts
9502,kung fu
9502,strong woman
9502,china
9502,tiger
9502,bravery
9502,restaurant
9502,villain
9502,chosen one
9502,shop
9502,panda
9502,sensei
9502,anthropomorphism
9502,fighting
9502,master
9502,destiny
9502,crane
9502,rope bridge
9502,aftercreditsstinger
9502,wuxia
9502,monkey warrior
9502,viper
9502,3d animation
9502,inspirational
9502,whimsical
9502,joyful
8005,witch
8005,tree house
8005,monarchy
8005,robin hood
8005,forest
8005,taxes
8005,parody
8005,thief
8005,breaking the fourth wall
8005,royalty
8005,spoof
8005,arrow
8005,tournament
8005,king
11003,marriage proposal
11003,love of one's life
11003,wedding vows
11003,bride
11003,bridegroom
11003,falling in love
8068,gunslinger
8068,showdown
8068,mexico
8068,ambush
8068,hitman
8068,guitar
8068,anti terror
8068,bartender
8068,revenge
8068,tragic hero
8068,shootout
8068,mariachi
8068,explosion
8068,brutality
8068,drug lord
8068,leg brace
8068,concealed weapon
8068,book store
1372,bootlegger
1372,journalist
1372,smuggling (contraband)
1372,loss of loved one
1372,africa
1372,rwandan genocide
1372,rebel
1372,journalism
1372,slavery
1372,fisherman
1372,mercenary
1372,diamond mine
1372,sierra leone
1372,special unit
1372,oppression
1372,macabre
1372,quest
1372,political thriller
1372,1990s
1372,private military company
1372,inspirational
1372,sinister
1372,set in africa
8835,father murder
8835,blonde
8835,superficiality
8835,beauty salon
8835,law school
8835,murder
8835,cynical
8835,girl power
8835,toy dog
8835,chihuahua dog
8835,blonde stereotype
8835,proving oneself
8835,murder confession
565,journalist
565,island
565,drowning
565,investigation
565,supernatural
565,horse
565,telephone
565,paranormal
565,remake
565,urban legend
565,curse
565,female protagonist
565,cabin in the woods
565,ghost
565,well
565,videotape
565,mysterious death
565,terrifying
565,absurd
565,intense
11969,right and justice
11969,saloon
11969,arizona
11969,retirement
11969,historical figure
11969,wyatt earp
11969,doc holliday
11969,gambler
11969,tuberculosis
11969,gunfighter
11969,tombstone arizona
11969,19th century
11969,ok corral
8077,prison
8077,android
8077,spacecraft
8077,dystopia
8077,imprisonment
8077,space travel
8077,space colony
8077,redemption
8077,rottweiler
8077,sequel
8077,alien
8077,space
8077,creature
8077,planet
8077,alien invasion
8077,shaved head
8077,crash landing
8077,impregnation
8077,penal colony
8077,furnace
8077,suspended animation
8077,desperate
8077,sci-fi horror
8077,excited
8077,frightened
8077,action horror
8077,sci-fi action
1430,canada
1430,gun
1430,homicide
1430,mass murder
1430,oklahoma city bombing
1430,american culture
1430,gun violence
1430,shocking
1430,satirical
1430,mass shooting
1430,witty
1430,amused
1430,commanding
1430,empathetic
1430,forceful
1430,inflammatory
10377,prison
10377,small town
10377,court case
10377,court
10377,southern usa
10377,alabama
10377,suspicion
10377,cousin
10377,lawyer
10377,fish out of water
10377,convenience store robbery
10377,courtroom
10377,defense attorney
10377,wrongful arrest
10377,expert witness
10377,nostalgic
10377,curious
10377,murder suspect
10377,engaged couple
10377,courtroom drama
10377,ironic
10377,best friends
10377,deep south
10377,understated
10377,absurd
10377,amused
10377,joyful
49051,based on novel or book
49051,elves
49051,dwarf
49051,magic
49051,horseback riding
49051,sword
49051,burglar
49051,legend
49051,riddle
49051,mountain
49051,contract
49051,travel
49051,troll
49051,creature
49051,thunderstorm
49051,fantasy world
49051,wizard
49051,epic battle
49051,lost ring
49051,journey
49051,ring
49051,tunnel
49051,underground lake
49051,buried treasure
49051,invisibility
49051,quest
49051,live action and animation
49051,high fantasy
49051,sword and sorcery
49051,trekking
49051,goblins
49051,good versus evil
49051,fantasy creature
49051,hobbit
8681,rescue
8681,"paris, france"
8681,kidnapping
8681,prostitution
8681,sex trafficking
8681,albanian
8681,missing daughter
8681,calm
8681,candid
8681,ex special forces
8681,ex-cia agent
8681,abduction
8681,search for daughter
8681,army veteran
1213,new york city
1213,friendship
1213,ship
1213,new love
1213,lovesickness
1213,jealousy
1213,dual identity
1213,double life
1213,based on novel or book
1213,"venice, italy"
1213,beguilement
1213,italy
1213,homicide
1213,secret identity
1213,atlantic ocean
1213,new identity
1213,prosecution
1213,fake identity
1213,rejection
1213,inferiority
1213,inferiority complex
1213,tragedy
1213,wealth
1213,male homosexuality
1213,serial killer
1213,psychological thriller
1213,period drama
1213,envy
1213,shocking
1213,identity theft
1213,complex
1213,gay theme
1213,intense
1213,distressing
1213,frightened
1213,sexual ambiguity
9342,california
9342,hero
9342,horseback riding
9342,spy
9342,superhero
9342,sword fight
9342,revenge
9342,vigilante
9342,swashbuckler
9342,action hero
9342,zorro
9342,vigilante justice
4935,witch
4935,flying
4935,rain
4935,castle
4935,scarecrow
4935,body exchange
4935,hatter
4935,bakery
4935,curse
4935,steampunk
4935,demon
4935,anime
4935,philosophical
4935,reflective
4935,complex
4935,based on young adult novel
4935,fantasy
4935,magical
4935,adventure
4935,excited
19913,jealousy
19913,gallery
19913,fight
19913,date
19913,architect
19913,interview
19913,romcom
19913,sister
19913,love
19913,friends
19913,fate
19913,"los angeles, california"
19913,summer
19913,year
19913,heartache
51876,new york city
51876,medicine
51876,politician
51876,iq
51876,pill
51876,stalking
51876,superhuman
51876,transhumanism
51876,writer
51876,drugs
51876,threat
51876,knowledge
51876,nootropics
51876,mind booster
51876,inspirational
36593,police
36593,undercover
36593,parody
36593,sexual humor
36593,sequel
36593,slapstick comedy
36593,spoof
36593,"los angeles, california"
36593,terrorism
36593,state prison
36593,good versus evil
36593,based on tv series
36593,hilarious
364,double life
364,corruption
364,darkness
364,crime fighter
364,superhero
364,hallucination
364,villain
364,christmas tree
364,based on comic
364,revenge
364,vigilante
364,dark hero
364,super power
364,super villain
364,deformed
364,bird cage
364,evil circus
364,christmas
364,good versus evil
387,based on novel or book
387,submarine
387,war correspondent
387,atlantic ocean
387,gibraltar
387,world war ii
387,duty
387,suicide mission
387,drinking
387,sailor
387,convoy
387,destroyer
387,naval warfare
387,naval battle
387,battle of the atlantic
387,german u-boat fleet
387,confined spaces
23483,hero
23483,secret identity
23483,crime fighter
23483,superhero
23483,dark comedy
23483,comic book
23483,based on comic
23483,murder
23483,mafia
23483,family
23483,realism
23483,mist
23483,adventurer
23483,rookie
23483,young heroes
23483,aggressive
23483,young adult
23483,intense
23483,powerful
947,cairo
947,world war i
947,arabian
947,horse
947,jerusalem
947,british army
947,british empire
947,damascus
947,camel
947,based on true story
947,historical fiction
947,quicksand
947,desert
947,arab
947,thoughtful
947,ottoman empire
947,provocative
8346,parent child relationship
8346,culture clash
8346,midlife crisis
8346,greece
8346,bad mother-in-law
8346,mother-in-law
8346,restaurant
8346,parents-in-law
8346,bad father-in-law
8346,son-in-law
8346,father-in-law
8346,patriarch
8346,greek
8346,wedding
8346,family
8346,xenophobia
17431,future
17431,moon
17431,artificial intelligence (a.i.)
17431,isolation
17431,dystopia
17431,melancholy
17431,space
17431,moon base
17431,psychological thriller
17431,thoughtful
17431,human clone
17431,lunar mission
17431,corporate conspiracy
17431,existential crisis
17431,intense
3595,ransom
3595,loss of loved one
3595,hostage
3595,yellow press
3595,fbi
3595,baby-snatching
3595,police corruption
3595,terrorism
3595,millionaire
3595,child kidnapping
3595,negotiator
177572,friendship
177572,martial arts
177572,hero
177572,sibling relationship
177572,"san francisco, california"
177572,superhero
177572,talent
177572,cartoon
177572,villain
177572,based on comic
177572,coming of age
177572,revenge
177572,"tokyo, japan"
177572,best friend
177572,another dimension
177572,robot
177572,east asian lead
177572,boy genius
177572,super villain
177572,aftercreditsstinger
177572,villain arrested
177572,supervillain
177572,moral dilemma
177572,teen superhero
177572,dead brother
177572,loving
177572,3d animation
177572,depressing
177572,hopeful
36647,martial arts
36647,hero
36647,vampire
36647,superhero
36647,supernatural
36647,based on comic
36647,rivalry
36647,vampire hunter (slayer)
36647,sword fight
36647,revenge
36647,tragic hero
36647,one man army
36647,martial arts master
36647,scientist
36647,super power
36647,blade
36647,secret headquarters
36647,escapade
36647,deadly
36647,master warrior
36647,urban gothic
36647,good versus evil
9434,michigan
9434,hitman
9434,therapist
9434,radio station
9434,psychopath
9434,reunion
9434,union
9434,high school reunion
9434,old girlfriend
9434,professional assassin
9434,cartel
9434,gun fight
9434,coming home
10530,culture clash
10530,cartoon
10530,villain
10530,colony
10530,forbidden love
10530,musical
10530,native american
10530,unrequited love
10530,interracial romance
10530,colonisation
10530,virginia
10530,star crossed lovers
10530,intercultural relationship
10530,"based on myths, legends or folklore"
10530,17th century
10530,shamanism
10530,animal sidekick
10530,search for gold
10530,1600s
306,rescue
306,undercover
306,detective
306,investigation
306,carousel 
306,sequel
306,shootout
306,dirty cop
306,gunfight
306,"los angeles, california"
306,foot chase
306,framed
306,"detroit, michigan"
306,secret service
306,amusement park
306,roller coaster / rollercoaster
306,theme park
306,beverly hills
306,buddy cop
306,chop shop
306,counterfeit money
871,space marine
871,bondage
871,human evolution
871,based on novel or book
871,gorilla
871,dystopia
871,chimpanzee
871,slavery
871,time travel
871,space travel
871,distant future
871,apocalypse
871,astronaut
871,ape
871,human subjugation
871,authoritarian
871,callous
871,demeaning
871,hopeful
871,mean spirited
871,apes
334,dying and death
334,daughter
334,farewell
334,regret
334,unsociability
334,chance
334,becoming an adult
334,parent child relationship
334,suicide attempt
334,loss of loved one
334,child prodigy
334,reconciliation
334,san fernando valley
334,multiple storylines
334,frog
334,bewildered
37724,spy
37724,aston martin
37724,secret agent
37724,sociopath
37724,police impersonator
37724,hacking
37724,mi6
37724,killer
37724,art gallery
37724,british secret service
37724,uzi
37724,booby trap
37724,macao
37724,globetrotting
37724,helicopter crash
37724,scottish highlands
37724,james bond
37724,intense
37724,vibrant
10329,based on novel or book
10329,diamond
10329,gorilla
10329,congo
10329,diamond mine
10329,tribe
10329,survival
10329,ancient civilization
10329,zoologist
7345,california
7345,petrol
7345,sibling relationship
7345,based on novel or book
7345,capitalism
7345,pastor
7345,deaf-mute
7345,greed
7345,american dream
7345,narcissism
7345,fanatic
7345,father
7345,baptism
7345,misanthrophy
7345,money
7345,oil
7345,religion
7345,impostor
7345,church
7345,alcoholic
7345,oil industry
7345,child abandonment
7345,character study
7345,zealot
7345,bowling alley
7345,sign languages
7345,oil field
7345,turn of the century
7345,19th century
7345,adopted son
7345,1900s
7345,personality change
7345,pipeline
7345,20th century
7345,1890s
7345,commanding
7345,exhilarated
2255,coming out
2255,new jersey
2255,love of one's life
2255,bisexuality
2255,menage a trois
2255,comic book
2255,romcom
2255,comic-strip artist
2255,best friend
2255,lgbt
2255,lesbian
2255,view askewniverse
36685,sexual identity
36685,rock 'n' roll
36685,transvestism
36685,time warp
36685,transylvania
36685,transvestite
36685,group sex
36685,halloween
36685,seduction
36685,castle
36685,sex addiction
36685,musical
36685,based on play or musical
36685,cross dressing
36685,rock musical
36685,homoeroticism
36685,psychotronic
36685,shocking
36685,lyrical
36685,independent film
36685,joyous
36685,dramatic
36685,horror musical
36685,euphoric
36685,vibrant
8321,drug dealer
8321,hitman
8321,tourist
8321,dark comedy
8321,"bruges, belgium"
8321,church
8321,guilt
8321,death
8321,town square
8321,vietnamese
8321,canadian stereotype
8321,neo-noir
8321,christmas
8321,irish
8321,ambiguous
8321,ambivalent
8321,cheerful
8321,excited
8866,photographer
8866,veterinarian
8866,blind date
8866,model
8866,photo shoot
8866,low self esteem
8866,radio show host
8866,dumb blonde
8866,actress
8866,switching places
8840,swordplay
8840,magic
8840,kingdom
8840,immortality
8840,prince
8840,despot
8840,mythical creature
8840,sword fight
8840,revenge
8840,knight
8840,king arthur
8840,dragon
8840,battle
8840,medieval
8840,dragonslayer
8840,scheme
8840,sword and sorcery
8840,10th century
8840,talking dragon
8840,good versus evil
8840,evil king
8840,last of its kind
1493,undercover agent
1493,investigation
1493,beauty contest
1493,talent show
1493,fish out of water
1493,terrorism
1493,surveillance
1493,"san antonio, texas"
1493,beauty standards
1493,beauty queen
285,exotic island
285,strong woman
285,love of one's life
285,afterlife
285,traitor
285,singapore
285,shipwreck
285,sequel
285,sword fight
285,pirate
285,monkey
285,swashbuckler
285,flying dutchman
285,rum
285,sailing ship
285,aftercreditsstinger
285,british navy
285,mass hanging
285,playful
285,based on theme park ride
285,whimsical
285,celebratory
285,excited
285,joyful
2657,sibling relationship
2657,dystopia
2657,diner
2657,satire
2657,book burning
2657,coming of age
2657,racism
2657,bathtub
2657,tv show in film
2657,masturbation
2657,magic realism
2657,alternative reality
2657,1950s
2657,tv repairman
2657,black and white sequence
207703,great britain
207703,spy
207703,secret organization
207703,microchip
207703,secret agent
207703,training
207703,based on comic
207703,implant
207703,united kingdom
207703,duringcreditsstinger
207703,global threat
207703,abusive stepfather
49538,central intelligence agency (cia)
49538,nuclear war
49538,superhero
49538,mutant
49538,mine
49538,based on comic
49538,prequel
49538,superhuman
49538,historical fiction
49538,super power
49538,cuban missile crisis
49538,world war iii
49538,1960s
49538,amused
49538,excited
49538,powerful
16320,spacecraft
16320,martial arts
16320,telepathy
16320,dystopia
16320,fugitive
16320,space western
16320,planet
16320,cannibal
16320,space opera
16320,operative
16320,ex soldier
16320,firefly
16320,browncoat
16320,awestruck
1491,princess
1491,magic
1491,rivalry
1491,love
1491,"vienna, austria"
1491,super power
1491,crown prince
1491,duchess
1491,mysterious
1491,childhood sweetheart
1491,romantic
9451,infidelity
9451,high school
9451,jealousy
9451,politics
9451,museum
9451,motel
9451,dark comedy
9451,vandalism
9451,ambition
9451,graduation
9451,satire
9451,bias
9451,scandal
9451,feud
9451,teacher
9451,omaha
9451,crush
9451,morality
9451,trust
9451,election
9451,overachiever
9451,nebraska
392,small town
392,france
392,based on novel or book
392,chocolate
392,parent child relationship
392,tradition
392,chocolaterie
392,mayor
392,houseboat
392,praline
392,romcom
392,single
392,morality
392,church
392,landlady
392,catholic priest
392,non conformity
392,1950s
392,lent
392,sermon
392,gypsy camp
392,joyous
392,adoring
392,amused
392,exuberant
392,mean spirited
392,vibrant
957,galaxy
957,android
957,space marine
957,laser gun
957,temple
957,swordplay
957,space battle
957,space travel
957,space mission
957,satire
957,altar
957,magnet beam
957,speed of light
957,plastic surgery
957,password
957,parody
957,spoof
957,quest
957,playful
957,farce
957,casual
9737,"miami, florida"
9737,mexican standoff
9737,male friendship
9737,witness protection
9737,stripper
9737,car crash
9737,strip club
9737,internal affairs
9737,police corruption
9737,gunfight
9737,foot chase
9737,witness to murder
9737,drug lord
9737,murder investigation
9737,nostalgic
9737,hangar
9737,loose cannon
9737,buddy cop
9737,male camaraderie
9737,narcotics detective
9737,action hero
9737,buddy movie
9737,stolen drugs
9737,awestruck
942,showdown
942,police
942,loss of loved one
942,sequel
942,mixed martial arts (mma)
942,gang
942,"los angeles, california"
942,police detective
942,buddy cop
942,diplomatic immunity
942,lapd
942,maverick cop
942,action hero
942,shooting
9326,airplane
9326,smuggling (contraband)
9326,chase
9326,kidnapping
9326,crocodile
9326,anti hero
9326,treasure hunt
9326,treasure map
9326,betrayal
9326,marijuana
9326,jungle
9326,author
9326,drug lord
9326,south america
9326,double cross
9326,archaeologist
9326,novelist
9326,jewel
9326,opposites attract
9326,archeology
9326,soldier of fortune
9326,colombia
9326,romance books
9326,adventure
9326,romantic
9326,excited
184,airport
184,based on novel or book
184,police
184,arms deal
184,stewardess
184,heist
184,money
184,"los angeles, california"
184,drugs
184,ex-con
184,flight attendant
184,neo-noir
9593,hero
9593,magic
9593,villain
9593,parody
9593,child in peril
9593,film in film
9593,breaking the fourth wall
9593,spoof
9593,magical object
9593,cartoon cat
9593,ticket
9593,self-referential
9593,projectionist
9593,child's point of view
9593,action hero
9593,good versus evil
850,based on novel or book
850,holiday
850,nostalgia
850,young boy
850,snow
850,chinese restaurant
850,tongue
850,nostalgic
850,christmas tree dealer
850,mall santa
850,christmas
850,1940s
850,christmas eve
850,hilarious
850,"cleveland, ohio"
850,parker family
4922,new york city
4922,navy
4922,funeral
4922,boat
4922,diary
4922,tea
4922,great depression
4922,travel
4922,hospital
4922,historical fiction
4922,period drama
4922,magic realism
4922,based on short story
4922,fictional biography
4922,1940s
4922,1930s
4922,reverse aging
4922,father son relationship
4922,war
318846,based on novel or book
318846,bank
318846,fraud
318846,wall street
318846,biography
318846,based on true story
318846,finances
318846,animated scene
318846,historical fiction
318846,loan
318846,financial crisis
318846,real estate
318846,mortgage
318846,financial suspense
9489,bookshop
9489,businessman
9489,anonymous letter
9489,romcom
9489,falling in love
9489,"manhattan, new york city"
9489,class conflict
9489,online dating
9489,woman director
9489,christmas
9489,online relationship
9489,internet romance
9489,parfumerie
10674,princess
10674,daughter
10674,china
10674,homeland
10674,villain
10674,musical
10674,sexism
10674,training
10674,cricket
10674,female protagonist
10674,dragon
10674,east asian lead
10674,war hero
10674,"based on song, poem or rhyme"
10674,luck
10674,great wall of china
10674,gender disguise
10674,based on fairy tale
10674,female warrior
10674,hand drawn animation
10674,father daughter relationship
10674,action comedy
10674,woman disguised as man
9612,extraterrestrial technology
9612,alien life-form
9612,space invasion
9612,nostalgic
9612,coneheads
9398,male model
9398,time magazine
9398,fashion show
9398,fictional awards show
9398,coal mine
9398,modeling
9398,abraham lincoln
59967,future
59967,suicide
59967,assassin
59967,dystopia
59967,drug addiction
59967,time travel
59967,retirement
59967,tragedy
59967,murder
59967,organized crime
59967,execution
59967,criminal
59967,contract killer
59967,neo-noir
59967,2040s
59967,suspenseful
1824,amnesia
1824,hawaii
1824,romcom
1824,deception
1824,womanizer
1824,love
1824,car accident
1824,screwball comedy
1824,short-term memory loss
1824,true love
1824,romantic
322,child abuse
322,sexual abuse
322,workers' quarter
322,based on novel or book
322,loss of loved one
322,suppressed past
322,"boston, massachusetts"
322,repayment
322,arbitrary law
322,loyalty
322,massachusetts
322,psychological thriller
322,whodunit
322,biting
322,guilt
322,childhood sexual abuse
322,mysterious
322,grim
322,vengeance
322,poker race
322,sex abuse
322,forceful
22538,video game
22538,skateboarding
22538,ex-boyfriend
22538,ex-girlfriend
22538,"toronto, canada"
22538,animated scene
22538,dating
22538,guitar player
22538,break-up
22538,based on graphic novel
22538,group of friends
22538,whipping
22538,hipster
22538,underage girlfriend
22538,unconsciousness
22538,vegan
22538,aftercreditsstinger
22538,garage band
22538,band competition
22538,psychological drama
826,japan
826,based on novel or book
826,resistance
826,river
826,world war ii
826,prisoner of war
826,thailand
826,bridge
826,burma
826,pacific war
826,aggressive
826,bridge blowup
826,dramatic
10895,rescue
10895,sea
10895,child abuse
10895,based on novel or book
10895,magic
10895,whale
10895,italy
10895,donkey
10895,lie
10895,fairy
10895,fox
10895,cartoon
10895,villain
10895,carnival
10895,wish
10895,puppet
10895,nose
10895,conscience
10895,wish fulfillment
10895,toy comes to life
10895,animal cruelty
10895,child slavery
10895,pool
10895,boy
10895,cartoon donkey
1091,spacecraft
1091,helicopter
1091,space marine
1091,cold
1091,based on novel or book
1091,isolation
1091,mutation
1091,paranoia
1091,halloween
1091,snowstorm
1091,research station
1091,alien life-form
1091,alien
1091,remake
1091,survival
1091,creature
1091,helicopter pilot
1091,antarctica
1091,shape shifting alien
1091,alien infection
1091,survival horror
1091,sled dogs
1091,alien monster
1091,alien parasites
1091,isolated place
1091,uncertainty
1091,blood test
1091,body horror
1091,ambiguity
1091,lovecraftian
1091,tense
1091,horrified
2034,drug dealer
2034,california
2034,police brutality
2034,poker
2034,bratva (russian mafia)
2034,war on drugs
2034,drug trafficking
2034,police corruption
2034,"los angeles, california"
2034,gang member
2034,rookie cop
2034,narcotics cop
2034,mexican american
2034,cholo
2034,neo-noir
2034,admiring
2034,audacious
9348,genetics
9348,telepathy
9348,paranoia
9348,dna
9348,transformation
9348,instinct
9348,alien
9348,femme fatale
9348,decapitation
9348,on the run
9348,sexual attraction
9348,"los angeles, california"
9348,creature
9348,scientist
9348,sexual desire
9348,cocoon
9348,genetic engineering
9348,interspecies romance
9348,alien dna
9348,gynophobia
9348,amused
9348,heteronormative
4247,high school
4247,psychopath
4247,garage
4247,satire
4247,parody
4247,crude humor
4247,spoof
4247,slasher
4247,horror spoof
4247,drugs
4247,aftercreditsstinger
4247,weed
4247,horror parody
4247,absurd
4247,whimsical
4247,enthusiastic
299536,sacrifice
299536,magic
299536,superhero
299536,based on comic
299536,space
299536,battlefield
299536,genocide
299536,magical object
299536,super power
299536,superhero team
299536,aftercreditsstinger
299536,marvel cinematic universe (mcu)
299536,cosmic
2109,martial arts
2109,fbi
2109,two man army
2109,chinese mafia
2109,cop
2109,"los angeles, california"
2109,east asian lead
2109,buddy cop
2109,consul
2109,crime lord
2109,art treasures
2109,child kidnapping
2109,duringcreditsstinger
2109,action hero
2109,hilarious
9255,rescue
9255,swordplay
9255,liberation of hostage
9255,secret agent
9255,parody
9255,iraq war
9255,near east
9522,cake
9522,sailing
9522,fake identity
9522,wedding
9522,lying
9340,gang of thieves
9340,treasure map
9340,"oregon, usa"
9340,gunfight
9340,pirate
9340,childhood friends
9340,booby trap
9340,water slide
9340,foreclosure
9340,walking the plank
9340,lost treasure
9340,social outcast
9340,pirate ship
9340,henchmen
11971,new love
11971,rage and hate
11971,bachelor
11971,masked ball
11971,lover
11971,villain
11971,based on play or musical
11971,wedding
11971,intrigue
11971,mischievous
11971,non-traditional casting
11971,admiring
11971,adoring
11971,audacious
296,man vs machine
296,artificial intelligence (a.i.)
296,saving the world
296,leather jacket
296,cyborg
296,killer robot
296,dystopia
296,nanotechnology
296,rocket launcher
296,veterinarian
296,fire engine
296,villain
296,time travel
296,sequel
296,psychiatrist
296,urban setting
296,female villain
296,firefighter
296,action hero
296,2030s
296,good versus evil
296,ambivalent
5915,parent child relationship
5915,self-discovery
5915,camping
5915,wilderness
5915,biography
5915,based on true story
5915,road trip
5915,alaska
5915,questioning
5915,starvation
5915,journey
10195,new mexico
10195,superhero
10195,redemption
10195,banishment
10195,based on comic
10195,brother against brother
10195,norse mythology
10195,aftercreditsstinger
10195,marvel cinematic universe (mcu)
10195,worlds collide
10195,god of thunder
10195,fantasy
269149,sheep
269149,allegory
269149,lion
269149,hippopotamus
269149,cartoon
269149,villain
269149,bullying
269149,polar bear
269149,con artist
269149,anthropomorphism
269149,revenge
269149,conspiracy
269149,urban
269149,female protagonist
269149,animals
269149,rookie cop
269149,missing person
269149,fable
269149,racial prejudice
269149,injustice
269149,reconciliation
269149,female villain
269149,buddy cop
269149,stereotype
269149,aftercreditsstinger
269149,cartoon rabbit
269149,villain arrested
269149,discrimination
269149,cartoon bear
269149,thoughtful
269149,cartoon animal
269149,3d animation
269149,cartoon fox
269149,joyous
269149,cartoon elephant
269149,cheerful
269149,joyful
435,new york city
435,"philadelphia, pennsylvania"
435,saving the world
435,scotland
435,climate change
435,greenhouse effect
435,tornado
435,hurricane
435,hail
435,temperature drop
435,ice age
435,polar zone
435,barrier ice
435,ice melting
435,evacuation
435,flooding
435,rescue mission
435,global warming
435,tsunami
435,end of the world
435,disaster
435,snow
435,scientist
435,united nations
435,high school student
435,climatologist
435,freezing
435,frozen alive
435,disaster movie
435,snowed in
435,typhoon
435,cataclysmic storm
435,new york public library
435,global catastrophe
435,climate science
435,climate crisis
435,superstorm
435,torrential rain
435,mass casualties
658,airplane
658,based on novel or book
658,england
658,secret intelligence service
658,golf
658,secret organization
658,nuclear radiation
658,fort knox
658,aston martin
658,secret lab
658,laser
658,kentucky
658,gas attack
658,mi6
658,british secret service
658,duringcreditsstinger
658,james bond
658,suspenseful
658,excited
2666,beach
2666,amnesia
2666,experiment
2666,paranoia
2666,dystopia
2666,sleep
2666,manipulation
2666,mad scientist
2666,fugitive
2666,serial killer
2666,memory
2666,cyberpunk
2666,duel
2666,parallel world
2666,murder investigation
2666,alien race
2666,alternative reality
2666,tech noir
2666,false memory
2666,implanted memory
2666,humanity
2666,neo-noir
2666,accused of murder
2666,retrofuturism
2666,amnesiac
2666,imaginary world
2666,urban gothic
2666,new species of human
2666,sleeping spell
2666,human experiment
2666,complex
2666,quest for identity
2666,eternal night
2666,lovecraftian
2666,memory transfer
2666,soul seekers
2666,world of darkness
2666,suspenseful
2666,prostitute killer
2666,reality-bending
2666,dying race
8839,friendship
8839,afterlife
8839,supernatural
8839,halloween
8839,bullying
8839,treasure hunt
8839,based on comic
8839,friends
8839,teenage girl
8839,ghost hunting
8839,super power
8839,psychiatry
8839,ghost
8839,disorder
8839,young heroes
8839,imaginary
8839,mischievous children
8839,ghost child
8839,mischief
8839,unfinished business
8839,hilarious
766,witch
766,skeleton
766,swordplay
766,supermarket
766,prophecy
766,shotgun
766,halloween
766,castle
766,time travel
766,catapult
766,incantation
766,time frame
766,pit
766,windmill
766,undead
766,sequel
766,knight
766,zombie
766,chainsaw
766,middle ages (476-1453)
766,book of the dead
766,evil dead
766,necronomicon
766,doppelgänger
766,psychotronic
766,disturbed
766,hero's journey
766,13th century
766,isekai
766,mischievous
766,lovecraftian
766,witty
766,hilarious
766,admiring
766,dignified
766,enchant
801,dying and death
801,vietnam war
801,rock 'n' roll
801,vietnam
801,vietcong
801,right and justice
801,explosive
801,war crimes
801,radio station
801,radio presenter
801,cynic
801,entertainer
801,u.s. air force
801,radio
801,saigon
801,provocation
801,1960s
801,ho chi minh city
168,spacecraft
168,saving the world
168,teleportation
168,"san francisco, california"
168,starship
168,whale
168,marine biologist
168,uss enterprise-a
168,time travel
168,sequel
168,humpback whale
168,space opera
168,nostalgic
168,whaling ship
168,philosophical
168,aircraft carrier
168,outer space
168,playful
168,space probe
168,cloaking device
168,inspirational
168,lighthearted
168,grand
168,didactic
168,sentimental
168,hilarious
168,adoring
168,amused
168,appreciative
168,approving
168,celebratory
168,compassionate
168,exhilarated
168,exuberant
168,informative
168,sympathetic
12498,arkansas
12498,repair shop
12498,southern
12498,death threat
12498,religious art
12498,father figure
12498,intellectual disability
6488,small town
6488,spider
6488,animal attack
6488,outbreak
6488,creature
6488,exterminator
6488,spider bite
6488,creature feature
6488,spider queen
6488,invasive species
6488,arachnophobia
6488,animal horror
6488,spider general
64690,robbery
64690,car mechanic
64690,stuntman
64690,beaten to death
64690,revenge
64690,organized crime
64690,neighbor
64690,police chase
64690,"los angeles, california"
64690,brutality
64690,jacket
64690,scorpion
64690,toothpick
64690,getaway driver
64690,crime lord
64690,stunt driver
64690,existentialism
64690,neo-noir
64690,vindictive
64690,hammer
64690,bold
1402,work
1402,worker
1402,homeless person
1402,single parent
1402,"san francisco, california"
1402,bus
1402,homelessness
1402,church service
1402,bad luck
1402,biography
1402,based on true story
1402,salesman
1402,stockbroker
1402,single father
1402,inspiring story
1402,poor
1402,father son relationship
1402,working life
1402,happiness
714,media tycoon
714,navy
714,"london, england"
714,china
714,england
714,missile
714,spy
714,secret intelligence service
714,intelligence
714,manipulation of the media
714,special car
714,motorcycle
714,secret service
714,"hamburg, germany"
714,news broadcaster
714,stealth technology
714,james bond
2323,farm
2323,regret
2323,based on novel or book
2323,sports
2323,baseball
2323,iowa
2323,miracle
2323,road trip
2323,author
2323,doctor
2323,recluse
2323,pta
2323,ghost
2323,reconciliation
2323,hearing voices
2323,school board
2323,cornfield
205,rwanda
205,refugee
205,refugee camp
205,tutsi
205,militia
205,rwandan genocide
205,based on true story
205,murder
205,slaughter
205,dead body
205,atrocity
205,african
205,cruelty
205,genocide
205,united nations
205,death
205,angry
205,aggressive
205,desperate
205,malicious
205,cautionary
205,factual
205,commanding
205,foreboding
205,ominous
927,small town
927,monster
927,holiday
927,department store
927,pet
927,human animal relationship
927,bars and restaurants
927,sunlight
927,halloween
927,salesperson
927,midnight
927,fur
927,gremlin
927,banking
927,ymca
927,puppet
927,puppetry
927,chainsaw
927,christmas
927,pets
927,supernatural horror
927,absurd
927,whimsical
927,enchant
927,joyful
8193,underdog
8193,high school
8193,sibling relationship
8193,idaho
8193,chat
8193,friends
8193,school dance
8193,social outcast
8193,aftercreditsstinger
8193,socially awkward
8193,based on short film
8193,indifferent
8193,quirky characters
963,based on novel or book
963,"san francisco, california"
963,loss of loved one
963,detective
963,film noir
963,murder
963,statuette
963,whodunit
963,black and white
963,private detective
963,black bird
963,private eye
963,dreary
756,classical music
756,cartoon
756,villain
756,orchestra
756,musical
756,cartoon mouse
756,wizard
756,live action and animation
756,whimsical
756,amused
756,joyful
652,adultery
652,sibling relationship
652,hostility
652,bravery
652,mythology
652,beauty
652,trojan war
652,wall
652,fraud
652,sword fight
652,battlefield
652,historical fiction
652,ancient world
652,"based on song, poem or rhyme"
652,pyre
652,ancient greece
652,peplum
652,trojan horse
652,bronze age
652,sparta greece
652,ships
652,sword and sandal
652,12th century bc
652,achilles
652,helen of troy
20352,moon
20352,parent child relationship
20352,orphanage
20352,villain
20352,adoptive father
20352,satire
20352,life's dream
20352,rivalry
20352,ballet
20352,stealing
20352,little girl
20352,orphan
20352,tomboy
20352,intelligent
20352,evil doctor
20352,duringcreditsstinger
20352,supervillain
20352,3d animation
3981,telepathy
3981,romcom
3981,womanizer
3981,single father
3981,super power
3981,teenage daughter
3981,misogyny
3981,advertising executive
3981,woman director
3981,female psyche
3981,romantic
3981,amused
3981,appreciative
88,hotel
88,daughter
88,dancing
88,secret love
88,robbery
88,sibling relationship
88,summer camp
88,dancing master
88,mambo
88,dance performance
88,coming of age
88,teenage crush
88,teenage girl
88,doctor
88,class differences
88,family holiday
88,sensuality
88,summer romance
88,catskill resort
88,playful
88,audacious
9294,brain tumor
9294,genius
9294,terminal illness
9294,telekinesis
9294,doctor
9294,psionic power
9294,philosophical
9294,awestruck
36668,superhero
36668,mutant
36668,based on comic
36668,superhuman
36668,beast
36668,cyclops
36668,aftercreditsstinger
36668,dramatic
1640,daughter
1640,police
1640,gun
1640,locksmith
1640,race politics
1640,installer
1640,fall
1640,car crash
1640,racism
1640,"los angeles, california"
1640,race
1640,bigotry
1640,car theft
1640,social services
1640,multiple storylines
1640,connected
1640,collision
1640,interwoven stories
1640,store owner
1640,dramatic
1640,intense
532,prison
532,sheep
532,inventor
532,loyalty
532,innocence
532,human animal relationship
532,villain
532,surrealism
532,romance
532,anthropomorphism
532,stop motion
532,framed
532,dog
532,animals
532,wool
532,sheep rustling
532,claymation
532,plasticine
532,short film
532,3d animation
532,store owner
594,new york city
594,friendship
594,marriage proposal
594,airport
594,stewardess
594,translation
594,illegal immigration
594,language barrier
594,immigration law
594,craftsman
594,fast food restaurant
594,jazz singer or musician
594,saxophonist
594,autograph
594,passport
594,based on true story
594,somber
594,eastern european
594,jazz history
594,ins
594,appreciative
594,doubtful
594,enthusiastic
1538,taxi
1538,police
1538,hitman
1538,hostage
1538,self-fulfilling prophecy
1538,taxi driver
1538,fbi
1538,nightclub
1538,briefcase
1538,sociopath
1538,train
1538,professional hit
1538,one night
1538,gun violence
1538,lapd
1538,contract killer
1538,neo-noir
1538,cabbie
1538,frantic
1538,federal prosecutor
1538,dreary
1538,taxi ride
1538,car
1538,suspense thriller
1538,los angeles airport (lax)
1538,bold
9679,california
9679,sibling relationship
9679,car race
9679,brother
9679,blackmail
9679,detective
9679,car thief
9679,heist
9679,remake
9679,betrayal
9679,organized crime
9679,shootout
9679,police chase
9679,explosion
9679,lock pick
9679,stakeout
9679,illegal drugs
9679,stolen cars
9679,curious
9679,action hero
9679,ford mustang
9679,blacklight
9679,intense
818,gold
818,helicopter
818,sibling relationship
818,saving the world
818,submarine
818,asteroid
818,undercover
818,submachine gun
818,clone
818,spy
818,journey in the past
818,car journey
818,nightclub
818,laser
818,sumo ringer
818,family history
818,time travel
818,conciliation
818,clowning
818,overweight man
818,belgium
818,parody
818,sequel
818,james bond spoof
818,duringcreditsstinger
401,depression
401,new jersey
401,unsociability
401,paraplegic
401,expensive restaurant
401,loss of loved one
401,pop culture
401,difficult childhood
401,ecstasy
401,strangeness
401,epilepsy
401,lethargy
401,answering machine
401,single
401,marijuana
401,"los angeles, california"
401,psychiatrist
401,grave digger
1771,new york city
1771,nazi
1771,superhero
1771,heroism
1771,based on comic
1771,super soldier
1771,"brooklyn, new york city"
1771,aftercreditsstinger
1771,marvel cinematic universe (mcu)
1771,origin story
1771,soldiers
1771,war
1771,admiring
1771,celebratory
1771,earnest
1771,aspirational
3131,rescue
3131,immigrant
3131,ship
3131,fire
3131,army
3131,pickpocket
3131,pig
3131,gangster
3131,irish-american
3131,gang war
3131,gang of thieves
3131,butcher
3131,gang
3131,19th century
3131,grim
3131,1860s
3131,american history
3131,new york city history
100402,"washington dc, usa"
100402,superhero
100402,based on comic
100402,sequel
100402,super soldier
100402,aftercreditsstinger
100402,duringcreditsstinger
100402,marvel cinematic universe (mcu)
100402,political thriller
571,pet shop
571,seclusion
571,playground
571,fireplace
571,seagull
571,bird attack
571,socialite
571,based on short story
571,practical joke
571,schoolteacher
571,lovebird
571,shopkeeper
571,unsolved mystery
571,schoolhouse
571,birds
571,intense
74,daughter
74,new jersey
74,post-traumatic stress disorder (ptsd)
74,airplane
74,based on novel or book
74,underground
74,dystopia
74,alien
74,survival
74,disaster
74,apocalypse
74,creature
74,alien invasion
74,human subjugation
9886,virtual reality
9886,dystopia
9886,pharmaceutical industry
9886,computer chip
9886,courier
9886,cyber
9886,cyberpunk
9886,cyberspace
9886,based on short story
101299,rebellion
101299,based on novel or book
101299,propaganda
101299,dystopia
101299,uprising
101299,sequel
101299,president
101299,survival
101299,murder
101299,conspiracy
101299,female protagonist
101299,tournament
101299,game
101299,survival competition
101299,based on young adult novel
101299,critical
9372,experiment
9372,diet
9372,junk food
9372,health
9372,food
9372,food industry
9372,fast food
9372,i'm lovin it
2757,based on novel or book
2757,marriage crisis
2757,alligator
2757,writer's block
2757,orchid
2757,writer
2757,twins
2757,cynical
2757,philosophical
2757,satirical
2757,absurd
9671,hotel
9671,new york city
9671,journalist
9671,prostitute
9671,culture clash
9671,subway
9671,crocodile
9671,tourist
9671,wilderness
9671,knife
9671,limousine
9671,poacher
9671,fish out of water
9671,adventurer
9671,australian outback
9671,kangaroo
9671,absurd
9671,farcical
90,showdown
90,drug smuggling
90,undercover
90,cocaine
90,strip club
90,gunfight
90,mansion
90,"los angeles, california"
90,foot chase
90,art gallery
90,"detroit, michigan"
90,warehouse
90,childhood friends
90,murder investigation
90,beverly hills
90,black cop
90,buddy cop
90,buddy comedy
90,country club
90,maverick cop
90,narcotics detective
90,damsel in distress
90,bar fight
90,bearer bonds
90,mischievous
90,detective comedy
90,food delivery
90,absurd
90,hilarious
676,army
676,airplane
676,nurse
676,patriotism
676,hawaii
676,world war ii
676,pilot
676,pearl harbor
676,u.s. air force
676,dyslexia
676,pacific war
676,love
676,pin-up
8487,inventor
8487,remake
8487,steampunk
8487,cowboy
8487,impersonation
8487,steam locomotive
8487,gunfighter
8487,drag
8487,world domination
8487,damsel in distress
8487,assassination of president
8487,action hero
8487,buddy movie
8487,1870s
1541,robbery
1541,waitress
1541,southern usa
1541,self-defense
1541,highway
1541,housewife
1541,female friendship
1541,arkansas
1541,grand canyon
1541,road trip
1541,thief
1541,sexual harassment
1541,murder
1541,betrayal
1541,on the run
1541,hitchhiker
1541,buddy
1541,desert
1541,attempted rape
1541,wild west
1541,wiretapping
1541,road movie
1541,neo-western
1541,sexual assault
1541,philosophical
1541,fleeing
1541,accidental crime
1541,female outlaw
1541,roadtrip
1541,loving
1541,runaway woman
1541,playful
1541,cautionary
1541,intimate
1541,provocative
1541,sexual oppression
1541,bold
1541,celebratory
1541,euphoric
1541,excited
1541,exhilarated
1541,informative
1541,joyful
1541,powerful
1541,female emancipation
1541,oppressive home
11072,governor
11072,saloon
11072,gun
11072,musical
11072,satire
11072,parody
11072,alcoholism
11072,marching band
11072,breaking the fourth wall
11072,spoof
11072,racism
11072,railroad
11072,cowboy
11072,western town
11072,ceremony
11072,frontier town
11072,saloon girl
11072,anarchic comedy
11072,loving
11072,absurd
9361,based on novel or book
9361,love triangle
9361,native american
9361,revenge
9361,interracial relationship
9361,period drama
9361,historical
9361,warfare
9361,colonialism
9361,18th century
9361,warrior
9361,french and indian war
9361,inspirational
11778,vietnam war
11778,vietnam veteran
11778,small town
11778,suicide
11778,vietnam
11778,post-traumatic stress disorder (ptsd)
11778,escape
11778,"pennsylvania, usa"
11778,saigon
11778,friends
11778,russian roulette
11778,wedding
11778,deer hunting
11778,steel worker
11778,anti war
11778,revolver
11778,drunkenness
11778,viet cong
11778,romantic triangle
11778,complex
11778,friends love same woman
11778,prisoner of war camp
11778,slavic american
6415,rescue
6415,gold
6415,gulf war
6415,three kings
6415,iraq
6415,treasure map
6415,kuwait
6415,interracial relationship
6415,soldier
6415,u.s. soldier
6415,gold theft
6415,persian gulf
6415,emergency surgery
6415,mine field
6415,mischievous
6415,playful
6415,hilarious
6415,amused
6415,appreciative
6415,awestruck
6415,defiant
6415,optimistic
239,"chicago, illinois"
239,florida
239,transvestism
239,musician
239,fake identity
239,deception
239,on the run
239,mafia
239,cross dressing
239,black and white
239,train
239,witness to murder
239,buddy
239,screwball comedy
239,spats
239,all girl band
239,st. valentine's day massacre
239,valentine's day
239,sex comedy
239,mob hit
239,man in drag
239,double identity
239,south florida
239,cheerful
239,beautiful women
11860,chauffeur
11860,sibling relationship
11860,"paris, france"
11860,transformation
11860,birthday party
11860,family business 
11860,"long island, new york"
11860,playboy
11860,teenage crush
11860,millionaire
11860,marriage engagement
11860,high society
11860,merger
11860,impossible love
11860,family disapproval
11860,scheme
11860,wealth differences
11860,wealthy family
11860,father daughter relationship
11860,brother brother relationship
11860,unlikely romance
11860,romantic
45612,race against time
45612,bomb
45612,virtual reality
45612,identity
45612,investigation
45612,bomber
45612,suspicion
45612,time travel
45612,surrealism
45612,time loop
45612,soldier
45612,helicopter pilot
45612,augmented reality
45612,action
45612,whodunnit
82693,depression
82693,infidelity
82693,dancing
82693,friendship
82693,"philadelphia, pennsylvania"
82693,based on novel or book
82693,italian american
82693,widow
82693,superstition
82693,letter
82693,dance competition
82693,mental institution
82693,obsessed fan
82693,therapy
82693,mental illness
82693,ex-wife
82693,institutionalization
82693,death of husband
82693,sports gambling
82693,unfaithful wife
82693,obsessed with a woman
82693,father son relationship
82693,adulterous wife
82693,cheerful
82693,philadelphia eagles
82693,former teacher
82693,football fans
82693,release from psychiatric institution
8392,mother
8392,sibling relationship
8392,village
8392,leave
8392,rural area
8392,hospital
8392,new neighbor
8392,new home
8392,super power
8392,magical creature
8392,anime
10057,"paris, france"
10057,based on novel or book
10057,musketeer
10057,king of france
10057,17th century
10057,three musketeers
10057,porthos
10057,athos
10057,d'artagnan
10057,king louis xiii
10625,based on novel or book
10625,illinois
10625,female friendship
10625,bullying
10625,coming of age
10625,prom
10625,teenage girl
10625,fish out of water
10625,best friend
10625,math teacher
10625,gossip
10625,clique
10625,former best friend
10625,teen comedy
10625,exploitation of friendship
10625,public humiliation
10625,high school rivalry
10625,new girl at school
10625,teenage life
10625,manipulative friend
10625,math genius
10625,female bully
10625,teenage friendship
10625,teenager
10625,audacious
1734,egypt
1734,pyramid
1734,son
1734,mummy
1734,nile
1734,sequel
1734,tomb
1734,ancient egypt
1734,1930s
1734,egyptian tomb
1734,good versus evil
1734,witty
7299,martial arts
7299,resistance
7299,dystopia
7299,fascism
7299,anti hero
7299,totalitarian regime
7299,destroy
7299,phasing
7299,book burning
7299,outlaw
7299,urban setting
7299,government agent
7299,aggressive
7299,domineering
7299,nervous
7299,vibrant
8078,android
8078,smuggling (contraband)
8078,dystopia
8078,mercenary
8078,sequel
8078,alien
8078,betrayal
8078,cloning
8078,creature
8078,scientist
8078,flamethrower
8078,gene manipulation
8078,man in wheelchair
8078,breeding
8078,genetic engineering
8078,curious
8078,regeneration
8078,alien queen
8078,explosive decompression
8078,desperate
8078,sci-fi horror
8078,antagonistic
8078,excited
8078,action horror
8078,sci-fi action
1903,regret
1903,jealousy
1903,amnesia
1903,dreams
1903,love of one's life
1903,nightmare
1903,love triangle
1903,virtual reality
1903,ex-girlfriend
1903,surreal
1903,plastic surgery
1903,illusion
1903,face operation
1903,life extension
1903,time
1903,puzzle
1903,flashback
1903,confusion
1903,love
1903,remake
1903,wealth
1903,memory loss
1903,tragic love
1903,doctor
1903,car accident
1903,fear
1903,relationship
1903,heartbreak
1903,freak accident
1903,disfigured face
1903,surgery
1903,lost love
1903,individuality
1903,disfigurement
1903,wealthy man
1903,melodramatic
903,prison
903,dying and death
903,florida
903,based on novel or book
903,escape
903,loss of loved one
903,rebel
903,harassment
903,imprisonment
903,barbed wire
903,death
903,prison farm
903,dramatic
8656,usa president
8656,asteroid
8656,nasa
8656,natural disaster
8656,space mission
8656,comet
8656,tsunami
8656,meteorite
8656,astronomer
8656,astronaut
8656,meteorologist
8656,tidal wave
8656,woman director
8656,disaster movie
8656,inspirational
8656,celebratory
8656,hopeful
651,american football
651,dark comedy
651,surgeon
651,american  way of life
651,korean war (1950-53)
651,military spoof
651,doctor
651,surgery
651,anti war
651,military hospital
651,1950s
651,field hospital
651,korea
651,u.s. army hospital
8699,1970s
8699,journalism
8699,sexism
8699,ladder
8699,rivalry
8699,panda
8699,tv show in film
8699,mustache
8699,screwball comedy
8699,anchorman
8699,battle of the sexes
8699,misogynist
8699,teleprompter
8699,gang warfare
8699,aftercreditsstinger
8699,duringcreditsstinger
8699,news spoof
8699,television
1858,transformation
1858,destroy
1858,alien
1858,based on toy
1858,giant robot
1858,robot
1858,duringcreditsstinger
1858,teenage hero
1858,griffith observatory
1858,alien robot
9366,florida
9366,new york city
9366,undercover
9366,gangster
9366,1970s
9366,based on true story
9366,mobster
9366,mafia
9366,dirty cop
9366,informant
9366,surveillance
9366,card playing
9366,stealing money
9366,marriage counselor
9366,drug deal
9366,fbi agent
163,"paris, france"
163,"rome, italy"
163,"amsterdam, netherlands"
163,competition
163,ex-girlfriend
163,stolen money
163,master thief
163,sequel
163,heist
163,caper
163,look-alike
163,ex-con
163,fabergé egg
163,professional thief
163,robbery crew
163,europol agent
8469,college
8469,fraternity
8469,dean
8469,fraternity house
8469,national lampoon's
8469,probation
8469,1960s
8469,college freshman
8469,anarchic comedy
913,detective
913,museum
913,gang of thieves
913,heist
913,remake
913,billionaire
913,art thief
913,cat and mouse
913,insurance investigator
913,martinique
913,claude monet
913,glider
913,stolen painting
913,female psychiatrist
913,thrill seeker
913,art heist
913,catamaran
913,battle of wits
913,seductive
913,famous painting
913,diversion
913,art forger
8009,new york city
8009,martial arts
8009,swordplay
8009,immortality
8009,scotland
8009,sword
8009,sword fight
8009,fictional war
8009,dark fantasy
8009,warrior
8009,sword and sorcery
8009,supernatural power
8009,good versus evil
8009,depressed
8009,suspenseful
8009,intense
8009,adoring
8009,commanding
8009,defiant
8009,empathetic
8009,excited
8009,hopeful
284053,superhero
284053,death of father
284053,based on comic
284053,sequel
284053,alien planet
284053,female villain
284053,norse mythology
284053,aftercreditsstinger
284053,duringcreditsstinger
284053,marvel cinematic universe (mcu)
284053,mysterious
284053,norse god
284053,familiar
284053,ominous
2322,hacker
2322,"san francisco, california"
2322,mathematician
2322,assignment
2322,heist
2322,caper
2322,cybersecurity
2322,calm
2322,1990s
2322,relaxed
2322,sympathetic
2322,black box
9388,research
9388,based on novel or book
9388,capitalism
9388,politics
9388,smoking
9388,cigarette
9388,lie
9388,affectation
9388,politician
9388,tobacco
9388,health
9388,marketing
9388,social satire
9388,morality
9388,advertising
9388,lung cancer
9388,candid
9388,lobbyist
9388,tobacco industry
9388,nicotine
9388,father son relationship
9388,absurd
9388,admiring
9388,adoring
9388,ambiguous
9388,ambivalent
9388,antagonistic
9388,audacious
9388,conceited
5925,prison
5925,uniform
5925,swastika
5925,prisoner
5925,based on novel or book
5925,nazi
5925,escape
5925,optimism
5925,freedom
5925,machinegun
5925,switzerland
5925,shower
5925,dystopia
5925,baseball
5925,world war ii
5925,prisoner of war
5925,claustrophobia
5925,attempt to escape
5925,barbed wire
5925,based on true story
5925,prison guard
5925,prison escape
5925,tragedy
5925,solitary confinement
5925,motorcycle
5925,alps mountains
5925,british officer
5925,1940s
5925,luftwaffe
5925,soldiers
5925,audacious
5925,hopeful
242582,underground
242582,psychopath
242582,journalism
242582,job interview
242582,cynicism
242582,sociopath
242582,murder
242582,serial killer
242582,crime scene
242582,psychological thriller
242582,"los angeles, california"
242582,home invasion
242582,stakeout
242582,newsreel footage
242582,character study
242582,neo-noir
242582,frantic
242582,ethics
242582,stringer
242582,police scanner
242582,news business
1878,journalist
1878,casino
1878,based on novel or book
1878,1970s
1878,paranoia
1878,cocaine
1878,dark comedy
1878,lsd
1878,hallucination
1878,fake identity
1878,surrealism
1878,road trip
1878,lawyer
1878,hitchhiker
1878,las vegas
1878,drugs
1878,buddy
1878,desert
1878,gonzo journalist
1878,cadillac convertible
1878,police convention
1878,psychedelic drug
1878,psychedelia
1878,absurd
1878,bold
1878,distressing
1878,excited
1878,hotel suite
591,"paris, france"
591,based on novel or book
591,holy grail
591,christianity
591,monk
591,secret society
591,louvre museum
591,grave
591,heresy
591,mona lisa (la gioconda)
591,freemason
591,pentagram
591,melancholy
591,conspiracy
591,tomb
591,mourning
591,catholicism
591,cryptologist
591,iconography
591,albino
591,sect
591,meditative
591,vexed
591,somber
591,philosophical
591,reflective
591,wonder
591,loving
591,introspective
591,serene
591,irreverent
591,intimate
591,dramatic
591,romantic
591,appreciative
591,commanding
591,dignified
591,earnest
591,euphoric
591,exhilarated
591,gentle
591,hopeful
591,modest
591,optimistic
591,powerful
591,sincere
591,sympathetic
591,tragic
11862,daughter
11862,baby
11862,parent child relationship
11862,midlife crisis
11862,pregnancy
11862,confidence
11862,aging
11862,sequel
11862,remake
11862,"los angeles, california"
11862,pregnant woman
11862,contraception
11862,gynecologist
11862,pregnant
9665,based on true story
9665,racism
9665,battle
9665,union soldier
9665,confederate soldier
9665,american civil war
9665,19th century
9665,early america
9665,african american history
9665,american history
127585,1970s
127585,superhero
127585,mutant
127585,time travel
127585,based on comic
127585,superhuman
127585,storm
127585,political intrigue 
127585,extinction
127585,beast
127585,claws
127585,aftercreditsstinger
127585,duringcreditsstinger
127585,changing the past or future
127585,dramatic
2770,sequel
2770,summer
2770,beach house
2770,group of friends
2770,tantra
2770,superglue
2770,sex comedy
15602,fishing
15602,sequel
15602,old man
15602,best friend
15602,wedding
15602,italian restaurant
15602,old friends
15602,duringcreditsstinger
15602,pranks
283995,hero
283995,superhero
283995,based on comic
283995,sequel
283995,alien
283995,space
283995,aftercreditsstinger
283995,duringcreditsstinger
283995,marvel cinematic universe (mcu)
283995,father son relationship
846,helicopter
846,space marine
846,government
846,bomb
846,mutation
846,extraterrestrial technology
846,obsession
846,fbi
846,secret society
846,secret organization
846,secret lab
846,x-files
846,ufo
846,conspiracy
846,ovine
245891,hitman
245891,bratva (russian mafia)
245891,gangster
245891,secret organization
245891,revenge
245891,murder
245891,dog
245891,retired
245891,widower
1578,florida
1578,new york city
1578,jealousy
1578,transporter
1578,sports
1578,brother
1578,paranoia
1578,violent husband
1578,boxer
1578,biography
1578,fistfight
1578,broken nose
1578,domestic violence
1578,black and white
1578,over-the-hill fighter
1578,"bronx, new york city"
1578,aggressive
1578,boxing
1578,dreary
1578,depressing
1578,audacious
1578,harsh
1578,melodramatic
1578,tragic
11310,gold
11310,birthday
11310,nevada
11310,treasure hunt
11310,friendship bracelet
11310,cowboy
11310,male bonding
11310,lighthearted
245,friendship
245,"london, england"
245,rock 'n' roll
245,rap music
245,based on novel or book
245,single parent
245,becoming an adult
245,bachelor
245,single
245,christmas
245,hopeful
245,optimistic
402,dying and death
402,california
402,jealousy
402,sexual obsession
402,police
402,"san francisco, california"
402,sadism
402,psychopath
402,detective
402,eroticism
402,bisexuality
402,suspicion of murder
402,lover
402,striptease
402,celebrity
402,femme fatale
402,sociopath
402,dead
402,neo-noir
402,erotic thriller
402,manipulative woman
402,book writing
402,killed during sex
402,american giallo
9426,monster
9426,experiment
9426,mutation
9426,"toronto, canada"
9426,mutant
9426,transformation
9426,halloween
9426,remake
9426,tragedy
9426,creature
9426,scientist
9426,parasite underneath skin
9426,fly (insect)
9426,animal horror
9426,melting
9426,animal research
9426,fly/human hybrid
9426,in-home laboratory
9426,body horror
9426,commanding
9426,frightened
9426,powerful
9426,tragic
872,fan
872,musical
872,partner
872,film in film
872,hollywood
872,broadway
872,dancing in the street
872,audience
872,chorus girl
872,diction coach
872,flapper
872,silent film star
872,squeaky voice
872,1920s
872,satirical
872,old hollywood
872,playful
872,romantic
872,cheerful
872,exuberant
872,joyful
8374,bratva (russian mafia)
8374,"boston, massachusetts"
8374,detective
8374,irish-american
8374,prologue
8374,shootout
8374,police station
8374,pager
8374,mob boss
8374,duringcreditsstinger
8374,vigilantism
8374,angry
8374,complex
8374,brother brother relationship
8374,public execution
8374,hilarious
11780,affectation
11780,biography
11780,18th century
11780,highlands
11780,violent man
11780,scottish highlands
11780,joyous
11780,hopeful
2300,sports
2300,cartoon
2300,villain
2300,basketball
2300,slapstick comedy
2300,alien
2300,doctor
2300,alien invasion
2300,cartoon cat
2300,basketball team
2300,referee
2300,cartoon chicken
2300,cartoon skunk
2300,live action and animation
2300,isekai
2300,anthropomorphic
7453,galaxy
7453,android
7453,bureaucracy
7453,based on novel or book
7453,chase
7453,space travel
7453,alien
7453,survival
7453,hitchhiker
7453,robot
7453,alien invasion
7453,space opera
7453,hyperspace
7453,meaning of life
7453,destruction of earth
7453,intergalactic travel
7453,whimsical
7453,cheerful
1830,hotel
1830,new york city
1830,civil war
1830,dictator
1830,cold war
1830,drug addiction
1830,cocaine
1830,warlord
1830,car bomb
1830,arms dealer
1830,based on true story
1830,interpol
1830,prostitution
1830,liberia
8916,princess
8916,work
8916,worker
8916,hero
8916,general
8916,ant
8916,villain
8916,assignment
8916,friends
8916,soldier
8916,individuality
8916,shocking
8916,3d animation
8916,baffled
8984,based on novel or book
8984,"seattle, washington"
8984,employee
8984,workplace
8984,sexual harassment
8984,intrigue
8984,erotic thriller
8984,computer technology
13785,"philadelphia, pennsylvania"
13785,pet shop
13785,illinois
13785,poodle
13785,mockumentary
13785,dog
13785,terrier
13785,kimono
13785,dog show
13785,pets
13785,animal show
176,sadism
176,shotgun
176,detective
176,flashback
176,hospital
176,doctor
176,torture
176,sadist
176,survival horror
176,chained
176,bludgeoning
176,death match
176,booby trap
176,disguised voice
176,mind game
176,extreme violence
176,death game
176,sadistic horror
1645,sniper
1645,rape
1645,court
1645,jurors
1645,ku klux klan
1645,mississippi river
1645,forgiveness
1645,blackmail
1645,attempted murder
1645,trial
1645,murder
1645,lawyer
1645,capital punishment
1645,gang rape
1645,racism
1645,courtroom
1645,racial tension
1645,mourning
1645,racial issues
1645,courtroom drama
1645,legal drama
1645,legal thriller
1645,black community
1645,avenging father
1645,inspirational
1645,attempted hanging
1645,frightened
1592,"chicago, illinois"
1592,death penalty
1592,child abuse
1592,corruption
1592,based on novel or book
1592,court case
1592,court
1592,psychopath
1592,bishop
1592,manipulation
1592,pornographic video
1592,lawyer
1592,capital punishment
1592,whodunit
1592,psychiatrist
1592,mental illness
1592,taunting
1592,murder trial
1592,altar boy
1592,courtroom drama
1592,legal drama
1592,legal thriller
1592,suspenseful
1592,harsh
2133,based on novel or book
2133,natural disaster
2133,u.s. air force
2133,biography
2133,based on true story
2133,marine
2133,disaster
2133,shark
2133,tragic event
2133,thunderstorm
2133,new england
2133,jamaican
2133,meteorologist
2133,rescue boat
2133,city hall
2133,the flemish cap
2133,male camaraderie
2133,storm at sea
2133,1990s
2133,man vs nature
10442,scotland
10442,butcher
10442,sister
10442,murder
10442,axe murder
263115,future
263115,experiment
263115,immortality
263115,self-destruction
263115,cyborg
263115,dystopia
263115,superhero
263115,mutant
263115,road trip
263115,based on comic
263115,sequel
263115,spin off
263115,super power
263115,neo-western
263115,troubled past
263115,quest
263115,aging superhero
263115,life on the margin
263115,grimdark
263115,excited
68721,california
68721,war on terror
68721,superhero
68721,malibu
68721,based on comic
68721,sequel
68721,tennessee
68721,billionaire
68721,aftercreditsstinger
68721,marvel cinematic universe (mcu)
68721,christmas
68721,america
11386,love of one's life
11386,transsexuality
11386,hostage
11386,secret identity
11386,british army
11386,northern ireland
11386,betrayal
11386,teenage crush
11386,soldier
11386,ira (irish republican army)
11386,safe house
11386,lgbt
11386,political unrest
11386,gender dysphoria
11386,transgender
6520,camelot
6520,betrayal
6520,knight
6520,king arthur
6520,love affair
6520,excalibur
6520,knights of the round table
6520,lancelot
2320,rescue
2320,airplane
2320,panic
2320,bomb
2320,ransom
2320,hostage
2320,hijacking
2320,terror cell
2320,special unit
2320,deception
2320,flashback
2320,survival
2320,covert operation
2320,disaster
2320,shootout
2320,terrorism
2320,explosion
2320,surveillance
2320,night vision goggles
2320,flight attendant
2320,intelligence agent
2320,hand to hand combat
2320,nerve gas
11381,road trip
11381,buddy
9799,street gang
9799,undercover
9799,car race
9799,auto-tuning
9799,street race
9799,"los angeles, california"
9799,nostalgic
9799,aftercreditsstinger
9799,duringcreditsstinger
9799,aggressive
9799,"based on magazine, newspaper or article"
9799,cars
9799,furious
9799,ambiguous
9799,bold
9799,earnest
9799,excited
58574,"london, england"
58574,"paris, france"
58574,detective
58574,detective inspector
58574,steampunk
58574,buddy
58574,criminal mastermind
58574,19th century
58574,sherlock holmes
58574,whodunnit
397,friendship
397,airport
397,countryside
397,"paris, france"
397,smuggling (contraband)
397,in love with enemy
397,fear of flying
397,necklace
397,vineyard
397,deal
397,fiancé
397,break-up
397,cannes
2640,high school
2640,friendship
2640,adolescence
2640,suicide
2640,diary
2640,dark comedy
2640,bully
2640,teen movie
2640,death
2640,clique
2640,bullied
2619,new york city
2619,bachelor
2619,mermaid
2619,cape cod
2619,produce seller
2619,sympathetic
1949,newspaper
1949,journalist
1949,california
1949,based on novel or book
1949,police
1949,"san francisco, california"
1949,killing
1949,detective
1949,1970s
1949,investigation
1949,victim
1949,code
1949,murder
1949,serial killer
1949,crime scene
1949,reporter
1949,whodunit
1949,alcoholic
1949,true crime
1949,young man
1949,fourth of july
1949,newspaper article
1949,cartoonist
1949,1960s
1949,zodiac killer
1949,malicious
1949,clinical
1949,bar
1949,ambiguous
1949,awestruck
1949,foreboding
1949,frightened
35,garbage
35,pollution
35,quarantine
35,environmental protection agency
35,parent child relationship
35,villain
35,dysfunctional family
35,dysfunctional marriage
35,alaska
35,fugitive
35,ecology
35,first love
35,angry mob
35,duringcreditsstinger
35,dome
35,wanted
35,based on tv series
35,ambiguous
35,amused
35,bold
35,enthusiastic
2059,new york city
2059,treasure
2059,"philadelphia, pennsylvania"
2059,"washington dc, usa"
2059,riddle
2059,fbi
2059,translation
2059,expedition
2059,secret society
2059,family history
2059,wall street
2059,treasure hunt
2059,historical figure
2059,church
2059,archaeologist
2059,revisionist history
2059,archeology
2059,"based on myths, legends or folklore"
2059,american revolution
2059,usa history
2059,revolutionary war
2059,aircraft carrier
2059,father son conflict
2059,father son relationship
2059,decipher
2059,anxious
2059,hidden history
2059,lincoln memorial
2059,history and legacy
2059,fictionalized history
2059,national archives
2059,ben franklin
2059,declaration of independence
2059,secret history
2059,arctic circle
2059,historical artifacts
2059,independence hall
330459,rebellion
330459,spacecraft
330459,rebel
330459,space battle
330459,space travel
330459,prequel
330459,female protagonist
330459,space western
330459,suicide mission
330459,robot
330459,spin off
330459,space opera
330459,alien language
330459,against the odds
330459,blind man
10545,dance
10545,"paris, france"
10545,based on novel or book
10545,judge
10545,sword
10545,obsession
10545,mockery
10545,ugliness
10545,cathedral
10545,cartoon
10545,villain
10545,musical
10545,fool
10545,bell
10545,religion
10545,orphan
10545,army captain
10545,festival
10545,angry mob
10545,notre dame cathedral
10545,witch hunt
10545,15th century
34584,based on novel or book
34584,wolf
34584,magic
34584,fairy tale
34584,horse
34584,mythology
34584,child hero
34584,anthropomorphism
34584,bully
34584,school
34584,creature
34584,reading
34584,book store
34584,fantasy world
34584,giant
34584,gnome
34584,quest
34584,child protagonist
34584,father son relationship
34584,based on young adult novel
34584,magical necklace
2123,schizophrenia
2123,road trip
2123,ex-cop
2123,aftercreditsstinger
2123,duringcreditsstinger
10340,love of one's life
10340,female lover
10340,cartoon
10340,villain
10340,kiss
10340,cartoon cat
10340,cartoon dog
10340,pets
10340,enchant
869,space marine
869,gorilla
869,revolution
869,dystopia
869,space suit
869,chimpanzee
869,slavery
869,time travel
869,space travel
869,remake
869,alien planet
869,ape
869,human subjugation
869,speciesism
284052,magic
284052,superhero
284052,training
284052,based on comic
284052,sorcerer
284052,doctor
284052,neurosurgeon
284052,injury
284052,wizard
284052,aftercreditsstinger
284052,duringcreditsstinger
284052,marvel cinematic universe (mcu)
284052,speculative
284052,origin story
284052,interdimensional travel
284052,ambiguous
284052,ambivalent
350,new york city
350,journalist
350,"paris, france"
350,based on novel or book
350,journalism
350,fashion journal
350,assistant
350,job entrant
350,job interview
350,editor-in-chief
350,fashion
350,fashion magazine
350,bullied
350,city life
350,fashion industry
350,ambivalent
350,workplace drama
10386,friendship
10386,small town
10386,based on novel or book
10386,self sacrifice
10386,cold war
10386,villain
10386,alien
10386,meteorite
10386,giant robot
10386,robot
10386,autumn
10386,fear of unknown
10386,1950s
10386,mother son relationship
10386,awestruck
10386,euphoric
10386,hopeful
1574,prison
1574,"chicago, illinois"
1574,infidelity
1574,musical
1574,based on play or musical
1574,murder
1574,jail
1574,fame
1574,lawyer
1574,execution
1574,hanging
1574,vaudeville
1574,burlesque
1574,prison matron
1574,jazz age
1574,double act
1574,burlesque dancer
1574,murder trial
1574,1920s
1574,death by hanging
1574,public execution
9281,police brutality
9281,"philadelphia, pennsylvania"
9281,corruption
9281,"pennsylvania, usa"
9281,detective
9281,amish
9281,witness to murder
9281,barn raising
9281,silo
9281,thoughtful
9281,reflective
9281,"lancaster, pa"
9281,complex
9281,introspective
9281,intense
9281,romantic
9281,empathetic
242,daughter
242,new york city
242,helicopter
242,assassination
242,italian american
242,italy
242,gangster
242,confession
242,symbolism
242,sequel
242,revenge
242,organized crime
242,mafia
242,lawyer
242,defiant
33542,new york city
33542,martial arts
33542,supermarket
33542,diamond
33542,gang war
33542,disabled child
33542,revenge
33542,vigilante
33542,organized crime
33542,gang
33542,fish out of water
33542,wedding
33542,urban setting
33542,street life
33542,"bronx, new york city"
33542,duringcreditsstinger
33542,frantic
33542,action hero
65754,journalist
65754,island
65754,rape
65754,hacker
65754,based on novel or book
65754,nazi
65754,journalism
65754,sweden
65754,investigation
65754,punk rock
65754,scandinavia
65754,"stockholm, sweden"
65754,remake
65754,antisocial personality disorder
65754,disappearance
65754,serial killer
65754,hacking
65754,sadist
65754,biting
65754,bible quote
65754,dead cat
65754,millennium
65754,based on movie
65754,aggressive
65754,abuse
65754,cold case
65754,locked room mystery
65754,dreary
65754,missing girl
65754,cruel
793,drug dealer
793,small town
793,sexual obsession
793,detective
793,nightclub
793,ear
793,surrealism
793,psychological abuse
793,murder
793,drugs
793,policeman
793,voyeurism
793,neo-noir
793,erotic thriller
793,cruel
582,"berlin, germany"
582,government
582,corruption
582,espionage
582,germany
582,berlin wall
582,german democratic republic
582,cold war
582,blackmail
582,stasi
582,soviet union
582,freedom of speech
582,house search
582,artists' life
582,interrogation
582,surveillance
582,heartbreak
582,east germany
582,communism
582,corrupt agent
582,political corruption
582,political thriller
582,surveillance state
582,persecuted writer
582,systemic corruption
582,noble sacrifice
582,corrupt government
582,escape from communism
9312,island
9312,martial arts
9312,monster
9312,saving the world
9312,magic
9312,villain
9312,gore
9312,god
9312,alternate dimension
9312,ninja
9312,sorcerer
9312,tournament
9312,underground fighting
9312,based on video game
9312,ghost
9312,nostalgic
9312,hand to hand combat
9312,warrior
9312,action hero
9312,supernatural power
9312,mortal kombat
9312,good versus evil
11036,secret love
11036,soulmates
11036,based on novel or book
11036,love of one's life
11036,fight
11036,poem
11036,river
11036,sadness
11036,class
11036,dementia
11036,tears
11036,candle
11036,mailbox
11036,valentine's day
11036,romantic
4553,factory
4553,insomnia
4553,post it
4553,machinist
4553,osha
4553,taunting
4553,manhole
4553,one armed man
4553,torment
4553,mother's day
4553,losing weight
4553,old photograph
4553,dostoevsky
4553,urban gothic
57158,gold
57158,lake
57158,based on novel or book
57158,elves
57158,dwarf
57158,shapeshifting
57158,mountain
57158,giant spider
57158,melancholy
57158,sequel
57158,bear
57158,troll
57158,dragon
57158,turns into animal
57158,barrel
57158,fantasy world
57158,wizard
57158,journey
57158,ring
57158,invisibility
57158,captured
57158,live action and animation
57158,high fantasy
57158,sword and sorcery
57158,trekking
57158,good versus evil
57158,hobbit
1487,nazi
1487,sacrifice
1487,superhero
1487,paranormal phenomena
1487,black magic
1487,adoptive father
1487,based on comic
1487,steampunk
1487,narration from grave
1487,apocalypse
1487,demon
1487,supernatural creature
1487,monolith
1487,occult
1487,super strength
1487,father figure
1487,reanimated corpse
1487,duringcreditsstinger
1487,other dimension
1487,lovecraftian
1487,psychic powers
1487,pyrokinesis
454,suicide
454,gang war
454,forbidden love
454,based on play or musical
454,murder
454,gun violence
454,star crossed lovers
454,teenage romance
454,masquerade
454,romeo & juliet
454,absurd
454,incredulous
454,disapproving
454,dubious
454,indifferent
83666,camping
83666,hurricane
83666,pen pals
83666,coming of age
83666,camp
83666,orphan
83666,new england
83666,first love
83666,eye patch
83666,search party
83666,devastation
83666,handkerchief
83666,child smoking
83666,small town sheriff
83666,boy scouts
83666,sand dancing
83666,meet cute
83666,boy scouts leader
83666,pipe smoking
83666,duringcreditsstinger
83666,1960s
1621,new year's eve
1621,prostitute
1621,"philadelphia, pennsylvania"
1621,butler
1621,christmas party
1621,satire
1621,rags to riches
1621,broker
1621,beggar
1621,wager
1621,stockbroker
1621,fish out of water
1621,millionaire
1621,commodities
1621,investor
1621,hoodlum
1621,wrongful arrest
1621,rich snob
1621,christmas
1621,riches to rags
1621,new year
1621,mischievous
1621,christmas eve
1621,irreverent
1621,absurd
1621,dramatic
1621,hilarious
1621,amused
1621,disrespectful
1621,exhilarated
99861,artificial intelligence (a.i.)
99861,saving the world
99861,superhero
99861,based on comic
99861,sequel
99861,vision
99861,robot
99861,superhero team
99861,creator
99861,super villain
99861,duringcreditsstinger
99861,marvel cinematic universe (mcu)
99861,fictitious country
99861,good versus evil
99861,hilarious
99861,comforting
9325,based on novel or book
9325,narration
9325,human animal relationship
9325,cartoon
9325,villain
9325,musical
9325,feral child
9325,coming of age
9325,anthropomorphism
9325,jungle
9325,orphan
9325,india
9325,animal lead
18183,jealousy
18183,sibling relationship
18183,based on novel or book
18183,cooking
18183,marriage
18183,mexican revolution
18183,platonic love
18183,wedding
18183,single mother
18183,magic realism
18183,former lovers
18183,lovers separated
1700,based on novel or book
1700,nurse
1700,psychopath
1700,colorado
1700,car crash
1700,author
1700,slasher
1700,psychological thriller
1700,torture
1700,obsessed fan
1700,blizzard
1700,psychotic
1700,bedridden
1700,psycho
1700,lunatic
1700,mysterious
1700,disturbed
1700,female psychopath
1700,claustrophobic
1700,abducted
1700,obssesive fan
1700,rural setting
1700,crazy
1700,kidnapped
1700,psychological horror
1700,psychological drama
1700,suspenseful
1700,intense
1700,frightened
1700,fight for survival
1700,nutcase
11934,new year's eve
11934,new york city
11934,journalist
11934,suicide
11934,plan
11934,corruption
11934,undercover
11934,inventor
11934,boss
11934,investigation
11934,industry
11934,money
11934,screwball comedy
11934,board
11934,stocks
11934,1950s
11934,hula hoop
87827,sea
87827,faith
87827,loss of loved one
87827,1970s
87827,zebra
87827,survival
87827,young boy
87827,zookeeper
87827,orangutan
87827,teenage boy
87827,hyena
87827,meerkat
87827,magic realism
87827,cargo ship
87827,lifeboat
87827,injured animal
87827,storm at sea
87827,told in flashback
87827,wreckage
87827,loss of family
87827,teenage protagonist
87827,family loss
87827,flying fish
87827,exhilarated
87827,vibrant
87827,teen fantasy
97,hacker
97,video game
97,virtual reality
97,dystopia
97,simulation
97,super computer
97,utopia
97,computer simulation
97,simulated reality 
97,cyberspace
97,based on video game
97,bike racing
97,arcade game
97,adoring
97,based on game
10637,high school
10637,friendship
10637,sports
10637,ku klux klan
10637,politics
10637,american football
10637,1970s
10637,trainer
10637,race politics
10637,civil rights
10637,apartheid
10637,racial segregation
10637,based on true story
10637,racist
10637,high school sports
10637,coaction
10637,period drama
10637,racial tension
10637,xenophobia
10637,virginia
10637,head coach
68734,central intelligence agency (cia)
68734,husband wife relationship
68734,revolution
68734,press conference
68734,biography
68734,american abroad
68734,extraction
68734,iran hostage crisis
68734,intelligence agent
68734,langley virginia
68734,1980s
68734,political thriller
68734,factual
236,daughter
236,individual
236,friendship
236,dreams
236,love of one's life
236,becoming an adult
236,return
236,overweight
236,province
236,bathing
236,olympic games
236,boredom
236,empowerment
2567,ladykiller
2567,pilot
2567,biography
2567,based on true story
2567,womanizer
2567,phobia
2567,aviation
2567,period drama
2567,u.s. congress
2567,flying boat
2567,test flight
281957,rape
281957,based on novel or book
281957,parent child relationship
281957,winter
281957,child murder
281957,mountain
281957,grizzly bear
281957,animal attack
281957,wilderness
281957,gore
281957,native american
281957,forest
281957,based on true story
281957,liar
281957,fur trapping
281957,frontier
281957,remake
281957,revenge
281957,survival
281957,murder
281957,bear
281957,snow
281957,scalping
281957,animals
281957,nature
281957,wild west
281957,bear attack
281957,indian attack
281957,dead horse
281957,starvation
281957,shocking
281957,19th century
281957,wolves
281957,ice
281957,tense
281957,antagonistic
281957,tragic
1262,literature
1262,professor
1262,writer's block
1262,love
1262,fate
1262,author
1262,death
1262,dying
1262,novelist
1262,publisher
1262,what if
1262,introspective
1262,book
1262,narrator
1262,assertive
1262,derisive
1262,dignified
164,new york city
164,love of one's life
164,broken engagement
164,cat
164,store window
164,cigarette
164,free spirit
164,writer
164,millionaire
164,jewelry store
164,gold digger
164,older woman younger man relationship
164,kept man
164,rich woman
164,best friends
164,yellowface
157,spacecraft
157,friendship
157,teleportation
157,genesis
157,starship
157,affectation
157,grave
157,resurrection
157,sequel
157,destruction of planet
157,space opera
157,macabre
157,alien friendship
157,father son relationship
157,mating ritual
157,outer space
157,sentimental
157,appreciative
157,baffled
157,compassionate
157,disapproving
157,disheartening
157,frustrated
299534,superhero
299534,time travel
299534,space travel
299534,time machine
299534,based on comic
299534,sequel
299534,alien invasion
299534,superhero team
299534,marvel cinematic universe (mcu)
299534,alternate timeline
299534,father daughter relationship
299534,sister sister relationship
299534,teamwork
299534,excited
8874,"chicago, illinois"
8874,secret love
8874,new love
8874,love of one's life
8874,wedding reception
8874,restaurant critic
8874,man woman relationship
8874,wedding
8874,relationship sabotage
8874,rehearsal dinner
9659,australia
9659,petrol
9659,baby
9659,chain
9659,dystopia
9659,post-apocalyptic future
9659,exploitation
9659,villain
9659,bridge
9659,matter of life and death
9659,benzine
9659,biker
9659,cop
9659,partner
9659,truck
9659,vigilante
9659,gasoline
9659,motorcycle
9659,motorcycle gang
9659,exploding car
9659,adventurer
9659,angry
9659,hostile
9659,aggressive
9659,action hero
9659,out of fuel
9659,good versus evil
9659,violence
9659,antagonistic
9659,forceful
9659,harsh
9659,ominous
9659,urgent
9032,bachelor
9032,vomit
9032,syracuse university
9032,law school
9032,politically incorrect
9032,young boy
9032,wetting pants
9032,public urination
9032,child's point of view
9032,responsibility
9032,immaturity
174,spacecraft
174,plan
174,farewell
174,court case
174,teleportation
174,starship
174,uss enterprise-a
174,rura penthe
174,peace conference
174,peace contract
174,sequel
174,conspiracy
174,political assassination
174,space opera
174,mentor protégé relationship
174,environmental disaster
174,outer space
920,friendship
920,car race
920,sports
920,villain
920,success
920,route 66
920,porsche
920,retirement
920,road trip
920,anthropomorphism
920,love
920,racing
920,rural area
920,"los angeles, california"
920,aftercreditsstinger
920,duringcreditsstinger
920,rookie
920,dedication
920,humility
920,3d animation
920,cars
920,dramatic
920,arrogant
920,cheerful
920,disdainful
920,enthusiastic
920,frustrated
920,pixar
488,world war i
488,faith
488,africa
488,missionary
488,boat
488,river
488,hope
488,patriotism
488,hippopotamus
488,giraffe
488,methodist church
488,animal species
488,moqukito
488,boat wedding
488,leech
488,gin
488,tanzania
488,congo
488,man woman relationship
488,excited
415,dual identity
415,double life
415,crime fighter
415,superhero
415,ice age
415,based on comic
415,credit card
415,robin
415,super power
415,super villain
415,good versus evil
415,ice
419430,kidnapping
419430,externally controlled action
419430,manipulation
419430,dark comedy
419430,hypnosis
419430,parents-in-law
419430,satire
419430,racist
419430,revenge
419430,interracial relationship
419430,disappearance
419430,racism
419430,psychological thriller
419430,neurosurgeon
419430,missing person
419430,stereotype
419430,brain surgery
419430,race-conscious
419430,horrified
8810,mask
8810,australia
8810,chase
8810,explosive
8810,dystopia
8810,boomerang
8810,deal
8810,post-apocalyptic future
8810,exploitation
8810,pilot
8810,villain
8810,feral child
8810,community
8810,ex-cop
8810,sequel
8810,truck
8810,tragedy
8810,oil
8810,wasteland
8810,gang rape
8810,motorcycle gang
8810,dog
8810,desolate
8810,oil refinery
8810,music box
8810,adventurer
8810,oil tanker
8810,wanderer
8810,angry
8810,frantic
8810,grim
8810,action hero
8810,good versus evil
8810,antagonistic
8810,forceful
8810,harsh
8810,ominous
8810,urgent
8195,france
8195,"paris, france"
8195,arms deal
8195,mercenary
8195,suitcase
8195,heist
8195,shootout
8195,impostor
8195,ira (irish republican army)
8195,cafe
8195,computer expert
8195,ex kgb
8195,cellular phone trace
8195,violence
496243,dark comedy
496243,con artist
496243,social commentary
496243,working class
496243,infiltration
496243,psychological thriller
496243,class differences
496243,family
496243,unemployed
496243,domestic worker
496243,wealthy family
496243,south korea
496243,introspective
496243,caste violence
496243,"seoul, south korea"
496243,anti-capitalist
11010,island
11010,fisherman
11010,letter
11010,melancholy
11010,postman
11010,poet
11010,"naples, italy"
11010,love
11010,poverty
11010,1950s
475557,society
475557,based on comic
475557,social commentary
475557,psychological thriller
475557,criminal mastermind
475557,mental illness
475557,anarchy
475557,character study
475557,clown makeup
475557,outsider
475557,prophetic
475557,social realism
475557,tv host
475557,1980s
475557,mother son relationship
475557,origin story
475557,falling into madness
475557,anti-capitalist
2787,darkness
2787,dystopia
2787,comet
2787,alien life-form
2787,survival
2787,creature
2787,eclipse
2787,flask
2787,spaceship crash
2787,intense
149,army
149,street gang
149,saving the world
149,total destruction
149,experiment
149,general
149,megacity
149,atomic bomb
149,stadium
149,underground
149,mutation
149,dystopia
149,cyberpunk
149,based on manga
149,motorcycle gang
149,adult animation
149,psychotronic
149,anime
149,2010s
149,vibrant
11543,sports
11543,stripper
11543,handicap
11543,sexual favor
11543,star spangled banner
11543,bowling team
11543,hair loss
11543,comb over
11543,inflatable doll
11543,combover
11543,unlikely lovers
11543,kingpin
11543,carriage
11543,"lancaster, pa"
4147,hotel
4147,farm
4147,hitman
4147,illinois
4147,great depression
4147,road trip
4147,based on comic
4147,revenge
4147,organized crime
4147,mafia
4147,bank robbery
4147,based on graphic novel
4147,homework
4147,learning to drive
4147,spoiled son
4147,scarred face
4147,liberty half dollar
4147,lake michigan
4147,1930s
4147,cautionary
4147,ambivalent
4147,callous
186,sniper
186,assassin
186,assassination
186,gambling debt
186,identity
186,boss
186,gangster
186,mistake in person
186,fbi
186,murder
186,sniper rifle
186,horse racing
186,gambler
186,hoodlum
186,aggressive
186,amused
186,assertive
10328,florida
10328,swimming pool
10328,alien
10328,mahjong
10328,boat trouble
10328,cocoon
10328,senior citizen
10328,retirement community
10328,giving away money
10328,retirement home
10328,trespass
10328,defibrillation
10328,elderly
10328,benign alien
10328,golden years
10328,rejuvenate
10328,lighthearted
10328,whimsical
10328,amused
10328,celebratory
10328,cheerful
10328,enchant
10328,euphoric
388,new york city
388,hostage
388,ultimatum
388,heist
388,police detective
388,bank robbery
388,hostage situation
388,nypd
388,"manhattan, new york city"
388,suspenseful
331,rescue
331,mission
331,exotic island
331,island
331,airplane
331,velociraptor
331,dna
331,tyrannosaurus rex
331,paleontology
331,spinosaurus
331,sequel
331,dinosaur
331,creature
331,scientist
331,amusement park
331,paragliding
331,pterodactyl
331,pterosaur
331,costa rica
331,animal horror
331,excited
473,new york city
473,hacker
473,ark of the covenant
473,insanity
473,paranoia
473,mathematics
473,mathematician
473,delusion
473,helix
473,headache
473,chaos theory
473,migraine
473,genius
473,surrealism
473,alienation
473,computer chip
473,black and white
473,talmud
473,garden of eden
473,math genius
473,atonement
473,mysticism
473,intuition
473,psychotronic film
473,avant garde
473,absurd
473,fibonacci
8987,husband wife relationship
8987,strong woman
8987,marriage crisis
8987,"boston, massachusetts"
8987,montana
8987,river
8987,married couple
8987,robber
8987,architect
8987,matter of life and death
8987,dysfunctional family
8987,hostage-taking
8987,rafting
8987,heist
8987,teacher
8987,raft
8987,family vacation
8987,criminal
8987,dog
8987,park ranger
8987,rowing
8987,adventurer
8987,heist gone wrong
8987,gauntlet
8987,smoke signal
8987,sign languages
8987,experience
8987,escape attempt
8987,whitewater river rafting
8987,camping trip
8987,father son relationship
8987,mother son relationship
8987,rapids
8987,married parents
8987,suspense
8987,family in danger
8987,teacher for the deaf
8987,unable to swim
8987,gripping
1945,lake
1945,loss of loved one
1945,twin sister
1945,autism
1945,kaspar-hauser-syndrom
1945,feral child
1945,forest
1945,north carolina
1945,psychologist
1945,family
8834,new york city
8834,assassin
8834,central intelligence agency (cia)
8834,helicopter
8834,government
8834,chase
8834,politics
8834,obsession
8834,taxi driver
8834,fbi
8834,paranoia
8834,wheelchair
8834,theory
8834,control
8834,flashback
8834,cover-up
8834,murder
8834,conspiracy
8834,torture
8834,geronimo
8834,newsletter
11287,sports
11287,baseball
11287,world war ii
11287,baseball player
11287,female athlete
11287,home front
11287,woman director
11287,1940s
1885,high school
1885,friendship
1885,martial arts
1885,fight
1885,painting
1885,karate
1885,bullying
1885,sensei
1885,bully
1885,teen movie
1885,"los angeles, california"
1885,martial arts master
1885,single mother
1885,sabotage
1885,beaten
1885,high school student
1885,martial arts tournament
1885,martial arts training
1885,crane
1885,sport competition
1885,school dance
1885,semi autobiographical
1885,mentor protégé relationship
1885,teenage gang
1885,teenage romance
1885,philosophical
1885,high school romance
1885,bullies
38757,princess
38757,magic
38757,hostage
38757,fairy tale
38757,horse
38757,villain
38757,musical
38757,blonde
38757,coming of age
38757,tower
38757,selfishness
38757,healing power
38757,female villain
38757,adventurer
38757,based on fairy tale
38757,duringcreditsstinger
38757,healing gift
38757,animal sidekick
38757,magic land
38757,3d animation
38757,amused
38757,hopeful
11472,baby
11472,parent child relationship
11472,pregnancy
11472,marriage
11472,desire to have children
69,prison
69,adultery
69,concert
69,rock 'n' roll
69,music record
69,country music
69,guitar
69,germany
69,loss of loved one
69,marriage
69,biography
69,based on true story
69,single
69,biting
69,accident
69,1960s
69,country singer
69,apathetic
69,condescending
69,cruel
9740,based on novel or book
9740,"venice, italy"
9740,fbi
9740,manipulation
9740,sequel
9740,serial killer
9740,psychological thriller
9740,cannibal
9740,child molester
9740,blunt
9740,forensic
9740,macabre
9740,aftercreditsstinger
9740,gruesome
9740,disturbed
9740,cannibalism
9740,self-cannibalism
9740,psychological horror
9740,evil man
9740,hannibal lecter
9740,psychological drama
9740,suspenseful
9740,sinister
9740,distressing
9740,frightened
9740,horrified
9740,reading people
9740,crime thriller
9740,crime horror
879,rescue
879,daughter
879,flying
879,swordplay
879,sword
879,fairy tale
879,memory loss
879,duel
879,pirate
879,hook
879,hook for a hand
879,reflective
879,playful
879,grand
11688,central and south america
11688,emperor
11688,cartoon
11688,incan empire
11688,kids
11688,lighthearted
11688,animation
11688,comedy
11688,cartoons
11688,amusing
11688,llama
2636,based on novel or book
2636,explosive
2636,fistfight
2636,revenge
2636,organized crime
2636,urban setting
2636,explosives expert
2636,neo-noir
2636,action hero
4543,sense of life
4543,comedian
4543,satire
4543,sketch
4543,breaking the fourth wall
4543,aftercreditsstinger
4543,duringcreditsstinger
4543,vignette
4543,the meaning of life
4543,anarchic comedy
12162,rescue
12162,sniper
12162,explosive
12162,loyalty
12162,us army
12162,car bomb
12162,iraq
12162,tension
12162,disaster
12162,terrorism
12162,soldier
12162,iraq war
12162,booby trap
12162,anti war
12162,bomb squad
12162,body armor
12162,woman director
12162,army sergeant
12162,unexploded bomb
12162,weapons of war
12162,dramatic
12162,violence
12162,bomb disposal unit
12162,disarming a bomb
586,gulf war
586,central intelligence agency (cia)
586,rape
586,usa president
586,"washington dc, usa"
586,government
586,war veteran
586,election campaign
586,presidential election
586,staging
586,politics
586,movie business
586,albania
586,sex scandal
586,senator
586,media adviser
586,manipulation of the media
586,conspiracy
586,soldier
586,extramarital affair
273248,bounty hunter
273248,"wyoming, usa"
273248,narration
273248,mountain
273248,hangman
273248,whodunit
273248,stagecoach
273248,blizzard
273248,post civil war
273248,19th century
273248,huis clos
273248,absurd
273248,male rape
273248,everyone dies
559,amnesia
559,dual identity
559,love of one's life
559,loss of loved one
559,forgiveness
559,hostility
559,superhero
559,sandstorm
559,spider
559,wretch
559,sand
559,narcissism
559,egomania
559,based on comic
559,sequel
559,revenge
559,symbiote
559,amused
1995,"london, england"
1995,buddhist monk
1995,planetary alignment
1995,illuminati
1995,steampunk
1995,female protagonist
1995,heiress
1995,archaeologist
1995,based on video game
1995,aristocrat
1995,sled dogs
1995,relic
1995,dead father
1995,siberia
1995,adventurer
1995,archeology
1995,animate statue
1995,lunar eclipse
1995,tomb raiding
609,dying and death
609,parent child relationship
609,medium
609,poltergeist
609,halloween
609,ghostbuster
609,haunted house
609,paranormal phenomena
609,family relationships
609,suburbia
609,power of goodness
609,haunted
609,anxious
609,dramatic
609,awestruck
10719,elves
10719,dwarf
10719,holiday
10719,adoption
10719,santa claus
10719,sarcasm
10719,looking for  birth parents
10719,romance
10719,fish out of water
10719,orphan
10719,north pole
10719,christmas spirit
10719,christmas
10719,workshop
10719,father son relationship
10719,lighthearted
561,self sacrifice
561,angel
561,christianity
561,confession
561,superhero
561,supernatural
561,exorcism
561,archangel gabriel
561,holy water
561,redemption
561,based on comic
561,lucifer
561,demon
561,biting
561,occult
561,aftercreditsstinger
561,demon hunter
561,mysticism
561,supernatural power
561,good versus evil
561,compassionate
561,defiant
6114,adultery
6114,"london, england"
6114,transylvania
6114,vampire
6114,bite
6114,camping
6114,maze
6114,remake
6114,rough sex
6114,wake
6114,religious conflict
6114,correspondence
6114,19th century
6114,15th century
10539,new york city
10539,based on novel or book
10539,insect
10539,england
10539,magic
10539,loss of loved one
10539,garden
10539,halloween
10539,villain
10539,musical
10539,surrealism
10539,aunt
10539,anthropomorphism
10539,stop motion
10539,based on children's book
10539,hot dog
10539,"manhattan, new york city"
10539,empire state building
10539,live action and animation
10539,3d animation
194662,new york city
194662,midlife crisis
194662,show business
194662,superhero
194662,dark comedy
194662,times square
194662,alter ego
194662,aging actor
194662,broadway
194662,magic realism
194662,city life
194662,father daughter relationship
194662,inner voice
194662,apologetic
60308,underdog
60308,california
60308,sports
60308,baseball
60308,based on true story
60308,"oakland, california"
60308,job transfer
60308,oakland athletics
60308,talent manager
60308,statistics
60308,2000s
60308,major league baseball (mlb)
60308,inspirational
60308,sports industry
9475,vietnam veteran
9475,new york city
9475,blindness and impaired vision
9475,scholarship
9475,boarding school
9475,tango
9475,thanksgiving
9475,limousine
9475,new hampshire
9475,colonel
9475,prank
9475,blind
9475,tears
9475,new england
9475,perfume
9475,preparatory school
9475,ex military
9475,blind man
9475,cantankerous
9475,ferrari
70981,android
70981,alien
70981,space
70981,creature
70981,spin off
70981,creation
70981,emergency surgery
70981,archaeological dig
70981,stasis
70981,god complex
70981,cave drawing
70981,prometheus
70981,cosmic horror
70981,genetic mutation
70981,origins of life
70981,lovecraftian
70981,2090s
70981,sci-fi horror
70981,objective
853,sniper
853,hero
853,winter
853,world war ii
853,stalingrad
853,based on true story
853,nazi officer
853,battle
853,bombing
853,death
853,1940s
853,soldiers
853,war
853,earnest
11224,princess
11224,based on novel or book
11224,loss of loved one
11224,mouse
11224,ball
11224,fairy
11224,cartoon
11224,prince
11224,villain
11224,musical
11224,midnight
11224,love
11224,orphan
11224,family
11224,female villain
11224,evil stepmother
11224,stepsister
11224,fairy godmother
11224,cendrillon
11224,whimsical
1245,newspaper
1245,"london, england"
1245,nazi
1245,england
1245,butler
1245,country house
1245,loyalty
1245,britain
1245,housekeeper
1245,employer
1245,told in flashback
1245,1950s
1245,1930s
14291,new york city
14291,chess
14291,hustler
14291,child prodigy
14291,chess champion
14291,chess tournament
14291,playing chess
14291,chess match
14291,pressure to perform
217,treasure
217,"mexico city, mexico"
217,saving the world
217,whip
217,leather jacket
217,riddle
217,maya civilization
217,peru
217,machinegun
217,treasure hunt
217,sequel
217,alien
217,nuclear explosion
217,refrigerator
217,archaeologist
217,adventurer
217,area 51
217,archeology
217,1950s
217,father son relationship
217,absurd
217,excited
217,vibrant
4133,drug smuggling
4133,war on drugs
4133,drug trafficking
4133,1970s
4133,drug addiction
4133,biography
4133,based on true story
4133,rise and fall
4133,docudrama
4133,cautionary
4133,factual
4133,dramatic
4133,suspenseful
4133,intense
4133,based on real person
4133,drug empire
4133,biopic
61791,"san francisco, california"
61791,solidarity
61791,gorilla
61791,intelligence
61791,dystopia
61791,zoo
61791,chimpanzee
61791,alzheimer's disease
61791,death of father
61791,cage
61791,anthropomorphism
61791,golden gate bridge
61791,disease
61791,ape
61791,orangutan
61791,medical research
61791,primate
61791,duringcreditsstinger
61791,sign languages
61791,virus
61791,animal testing
61791,contagion
61791,father son relationship
61791,animal human friendship
61791,cgi-live action hybrid
61791,violence against animals
61791,meddling neighbor
61791,medical trials
4964,alcohol
4964,pregnancy
4964,bed
4964,one-night stand
4964,condom
4964,paternity
4964,drug use
4964,beard
4964,unprotected sex
4964,duringcreditsstinger
4964,joyous
4964,comforting
109445,princess
109445,magic
109445,mistake in person
109445,queen
109445,cartoon
109445,villain
109445,melancholy
109445,musical
109445,betrayal
109445,snowman
109445,reindeer
109445,curse
109445,snow
109445,troll
109445,based on children's book
109445,mountain climbing
109445,evil prince
109445,based on fairy tale
109445,aftercreditsstinger
109445,frozen
109445,woman director
109445,sister sister relationship
109445,magic land
109445,3d animation
109445,whimsical
109445,enthusiastic
109445,hopeful
335984,future
335984,android
335984,bounty hunter
335984,artificial intelligence (a.i.)
335984,dystopia
335984,sequel
335984,cyberpunk
335984,transhumanism
335984,"los angeles, california"
335984,las vegas
335984,tech noir
335984,cyber thriller
335984,humanoid robot
335984,blade runner
335984,2040s
335984,slow burn
783,muslim
783,strike
783,prayer
783,freedom
783,independence
783,release from prison
783,demonstration
783,world war ii
783,imprisonment
783,colony
783,hunger strike
783,hindu
783,british army
783,political negotiations
783,conference
783,nonviolent resistance
783,apartheid
783,british empire
783,protest
783,independence movement
783,biography
783,idealism
783,based on true story
783,idealist
783,fighting the system
11113,transformation
11113,musical
11113,flower girl
11113,colonel
11113,suitor
11113,wager
11113,class differences
11113,tutor
11113,aristocrat
11113,linguist
11113,high society
11113,misogynist
11113,guttersnipe
11113,class prejudice
11113,opposites attract
11113,pygmalion
8488,romcom
8488,speed date
8488,dating
8488,romantic
8584,princess
8584,rescue
8584,martial arts
8584,native american
8584,sioux
8584,travel
8584,chinese
8584,cowboy
8584,buddy comedy
8584,aftercreditsstinger
8584,duringcreditsstinger
8584,19th century
8584,action hero
8584,good versus evil
11977,lightning
11977,sports
11977,competition
11977,underwear
11977,golf
11977,coming of age
11977,class differences
11977,explosion
11977,country club
11977,celebratory
271110,superhero
271110,based on comic
271110,sequel
271110,super soldier
271110,aftercreditsstinger
271110,duringcreditsstinger
271110,marvel cinematic universe (mcu)
271110,superhero teamup
271110,versus fighting
271110,versus
11216,parent child relationship
11216,"sicily, italy"
11216,movie business
11216,kiss
11216,coming of age
11216,flashback
11216,magic realism
11216,nostalgic
11216,haunted by the past
11216,censorship
11216,nuovo cinema paradiso
11216,movie theater
11216,joyful
1103,new york city
1103,taxi
1103,martial arts
1103,street gang
1103,usa president
1103,war veteran
1103,kidnapping
1103,hostage
1103,liberation of prisoners
1103,gangster
1103,dystopia
1103,anti hero
1103,post-apocalyptic future
1103,wrestling
1103,villain
1103,attempt to escape
1103,rescue mission
1103,police operation
1103,cyberpunk
1103,urban setting
1103,aggressive
1103,thoughtful
1103,reluctant hero
1103,suspenseful
9472,underdog
9472,sports
9472,love at first sight
9472,competition
9472,gymnasium
9472,bodyguard
9472,oddball
9472,cheerleader
9472,cheerleading
9472,sexual harassment
9472,breaking the fourth wall
9472,workout
9472,megalomaniac
9472,lgbt
9472,sport competition
9472,against the odds
9472,mentor protégé relationship
9472,weight loss
9472,referee
9472,aftercreditsstinger
9472,duringcreditsstinger
9472,guide book
9472,dodgeball
9472,instructional video
9472,girl scouts
9472,candid
9472,small business
9472,handicapped
9472,casual
9472,rules and regulations
9472,food addiction
9472,appreciative
9472,exhilarated
4547,new york city
4547,hostage
4547,bravery
4547,ex husband
4547,safe
4547,burglary
4547,psychological thriller
4547,single mother
4547,home invasion
4547,divorcee
4547,teenage daughter
4547,diabetic
4547,rainstorm
4547,safecracker
4547,seizure
4547,trapped in a house
4547,bearer bonds
4547,secret room
4547,robbery crew
4547,intense
4547,brownstone
8960,love of one's life
8960,flying
8960,alcohol
8960,advertising expert
8960,superhero
8960,pokies
8960,forbidden love
8960,lovers
8960,invulnerability
8960,affection
8960,alcoholism
8960,"los angeles, california"
8960,duringcreditsstinger
8960,desperate
1777,saudi arabia
1777,usa president
1777,government
1777,politics
1777,war on terror
1777,socialism
1777,jihad
1777,iraq
1777,iraq war
1777,political intrigue 
1777,9/11
1777,political scandal
1777,patriot act
1777,political machine
1777,fake news
1777,political documentary
1777,fake reality
1777,oil war
4944,"washington dc, usa"
4944,blackmail
4944,paranoia
4944,dark comedy
4944,black humor
4944,plastic surgery
4944,autobiography
4944,memory
4944,corpse
4944,divorce
4944,gym
4944,disc
4944,fitness
4944,online dating
4944,memoirs
4944,personal trainer
4944,shaggy dog story
4944,ex-priest
10478,love triangle
10478,sports
10478,golf
10478,romantic rivalry
10478,woman between two men
10478,caddy
10478,rivalry
10478,psychologist
10478,driving range
10478,rebellious
10478,rivals
10478,golfers
10478,sports reporter
10478,pga tour
10478,washed up
10478,golf instructor
10478,golf tournament
10478,us open
254,new york city
254,exotic island
254,movie business
254,show business
254,human animal relationship
254,great depression
254,giant insect
254,remake
254,prehistoric creature
254,dinosaur
254,creature
254,kaiju
254,empire state building
254,giant ape
254,woman in peril
254,1930s
254,giant gorilla
254,grand
254,king kong
9675,california
9675,based on novel or book
9675,golf
9675,wine
9675,road trip
9675,stag night
9675,marijuana
9675,writer
9675,buddy
9675,"santa barbara, california"
9675,wine drinking
9675,winery
9675,whimsical
9675,amused
9675,antagonistic
9675,cheerful
9675,sincere
9675,sympathetic
9587,depression
9587,parent child relationship
9587,holiday
9587,pregnancy
9587,sister
9587,desire
9587,chalkboard
9587,nightgown
9587,birth of twins
9587,woman director
9587,christmas
9587,19th century
9587,christmas romance
9587,adoring
9587,four sisters
7340,high school
7340,child abuse
7340,based on novel or book
7340,isolation
7340,cemetery
7340,stage
7340,bible
7340,telekinesis
7340,teacher
7340,revenge
7340,unrequited love
7340,prom
7340,religion
7340,teenage girl
7340,school
7340,cruelty
7340,rage
7340,humiliation
7340,crucifix
7340,praying
7340,outsider
7340,hostile
7340,abusive mother
7340,firestorm
7340,religious horror
7340,mother daughter relationship
7340,supernatural horror
7340,school bullying
7340,suspenseful
14275,"chicago, illinois"
14275,sports
14275,narration
14275,ghetto
14275,college
14275,basketball
14275,high school sports
14275,inner city
14275,high school student
64688,drug dealer
64688,high school
64688,investigation
64688,nerd
64688,male friendship
64688,parody
64688,jock
64688,crude humor
64688,undercover cop
64688,high school student
64688,police academy
64688,buddy cop
64688,buddy comedy
64688,duringcreditsstinger
64688,high school rivalry
64688,bicycle cop
64688,based on tv series
64688,cops
64688,party drugs
64688,high school classmates
64688,bold
64688,dignified
64688,horrified
1648,jealousy
1648,school presentation
1648,journey in the past
1648,time travel
1648,heavy metal
1648,socrates
1648,past
1648,napoleon bonaparte
1648,rhinoceros
1648,world peace
1648,best friend
1648,quest
75656,new york city
75656,"paris, france"
75656,escape
75656,magic
75656,bank
75656,fbi
75656,vault
75656,"new orleans, louisiana"
75656,investigation
75656,heist
75656,money
75656,conspiracy
75656,las vegas
75656,shocking
75656,magician
75656,mischievous
75656,suspenseful
75656,awestruck
75656,excited
75656,elaborate deception
7446,vietnam
7446,movie business
7446,satire
7446,parody
7446,jungle
7446,movie star
7446,southeast asia
7446,land mine
7446,shackles
7446,taunting
7446,duringcreditsstinger
7446,blackface
7446,method acting
7446,playful
7446,provocative
7446,critical
7446,jungle adventure
7446,amused
7446,audacious
7446,bold
7446,exuberant
7446,inflammatory
7446,sardonic
888,friendship
888,plan
888,jealousy
888,manager
888,adoption
888,bad mother-in-law
888,family's daily life
888,stone age
888,based on cartoon
888,prehistory
888,best friend
888,dinosaur
888,cavemen
9535,new york city
9535,mafia boss
9535,wedding
9535,psychiatrist
546554,immigrant
546554,detective
546554,massachusetts
546554,investigation
546554,big family
546554,mansion
546554,whodunit
546554,family home
546554,murder mystery
546554,neo-noir
546554,privilege
71,dancing
71,friendship
71,dreams
71,dancing class
71,northern england
71,workers' quarter
71,strike
71,homophobia
71,hope
71,mentor
71,sadness
71,socialism
71,youngster
71,letter
71,ballet dancer
71,street riots
71,coming of age
71,ballet
71,young boy
71,cross dressing
71,crying
71,single father
71,audition
71,dance class
71,retrospective
71,lgbt
71,revolt
71,ballet school
71,emotional vulnerability
71,helping children
71,smart kid
71,street kid
71,dance teacher
71,1980s
71,miners strike
71,father son relationship
71,80s throwback
71,ballet dancing
71,gay theme
71,late 20th century
71,teen playing kid
71,ya
71,generational divide
71,celebratory
11017,family business 
11017,school
11017,woman director
11017,back to school
152,spacecraft
152,man vs machine
152,artificial intelligence (a.i.)
152,self sacrifice
152,teleportation
152,"san francisco, california"
152,starship
152,space opera
152,reunited friends
152,outer space
152,lighthearted
152,didactic
152,reminiscent
152,sentimental
152,sympathetic
455,"london, england"
455,sports
455,tradition
455,culture clash
455,immigration
455,women's football (soccer)
455,multiculturalism
455,football (soccer)
455,family
455,lgbt
455,woman director
455,teen drama
455,british asian
455,british-indian
455,sports comedy
22881,sports
22881,american football
22881,adoption
22881,private school
22881,education
22881,based on true story
22881,"memphis, tennessee"
22881,duringcreditsstinger
22881,christian
22881,high school american football
22881,inspirational
22881,dramatic
22881,hopeful
9323,android
9323,man vs machine
9323,artificial intelligence (a.i.)
9323,computer virus
9323,cyborg
9323,dystopia
9323,implantat
9323,fugitive
9323,female protagonist
9323,cyberpunk
9323,transhumanism
9323,based on manga
9323,adult animation
9323,tech noir
9323,mysterious
9323,anime
9323,philosophical
9323,intense
82690,video game
82690,support group
82690,villain
82690,bullying
82690,medal
82690,product placement
82690,jail
82690,racing
82690,arcade
82690,based on video game
82690,self esteem
82690,curiosity
82690,precocious child
82690,aftercreditsstinger
82690,duringcreditsstinger
82690,first person shooter
82690,glitch
82690,carefree
82690,interrupted wedding
82690,social reject
82690,escape from jail
82690,hoverboard
82690,3d animation
82690,inspirational
82690,metaverse
82690,admiring
82690,amused
82690,enthusiastic
82690,joyful
82690,based on game
805,new york city
805,husband wife relationship
805,based on novel or book
805,satanism
805,conspiracy
805,soul selling
805,new neighbor
805,occult
805,struggling actor
805,demonic possession
805,satanic ritual
805,pregnant wife
805,coven (akelarre)
805,satanic cult
805,nosy neighbor
805,"manhattan, new york city"
805,woman in jeopardy
805,aspiring actor
805,neighbor neighbor relationship
805,new apartment
805,paranoid
805,poisoning
805,gaslighting
805,apartment
805,psychological horror
805,meddling neighbor
805,horrified
805,impregnation of woman by entity
805,selfish husband
805,ambitious husband
796,bet
796,virgin
796,drug abuse
796,sibling relationship
796,based on novel or book
796,sexual obsession
796,upper class
796,cynic
796,sadistic
796,eroticism
796,innocence
796,cocaine
796,manipulation
796,seduction
796,love letter
796,private school
796,addiction
796,love
796,incest
796,psychotherapy
796,dangerous liaison
796,clinical
796,antagonistic
847,mission
847,hero
847,baby
847,monster
847,magic
847,prophecy
847,falsely accused
847,traitor
847,queen
847,castle
847,sorcerer's apprentice
847,love
847,sword and sorcery
847,fantasy
847,adventure
6280,baby
6280,media
6280,pregnancy
6280,medicine
6280,scientist
6280,burlesque
6280,shocking
6280,male pregnancy
6280,fertility
6280,gynaecology
6280,ceasarean birth
6280,baffled
44264,bounty hunter
44264,based on novel or book
44264,father murder
44264,loss of loved one
44264,texas ranger
44264,arkansas
44264,alcoholism
44264,remake
44264,betrayal
44264,eye patch
44264,somber
841,witch
841,empire
841,galaxy
841,rebellion
841,future
841,space marine
841,army
841,monster
841,based on novel or book
841,prophecy
841,atomic bomb
841,mutation
841,telepathy
841,traitor
841,dystopia
841,emperor
841,insurgence
841,space travel
841,space war
841,spice
841,duke
841,chosen one
841,jihad
841,invasion
841,baron
841,steampunk
841,conflict
841,execution
841,explosion
841,fictional war
841,drugs
841,desert
841,incest
841,giant worm
841,space opera
841,future war
841,messiah
841,denunciation
841,lies
841,suspenseful
841,excited
2759,australia
2759,van
2759,homophobia
2759,drag queen
2759,musical
2759,transsexual
2759,lgbt
2759,australian aboriginal
2759,australian outback
2759,aggressive
2759,zealous
2759,alice springs
2759,gay theme
2759,playful
2759,transgender
2759,absurd
2759,whimsical
2759,admiring
2759,appreciative
2759,approving
2759,celebratory
2759,defiant
475,sheriff
475,waitress
475,ambush
475,prohibition era
475,submachine gun
475,texas
475,bank robber
475,oklahoma
475,impotence
475,missouri
475,texas ranger
475,crook couple
475,heist
475,fugitive
475,on the run
475,bank robbery
475,grave digger
475,crime spree
475,crime wave
475,bank heist
475,police shootout
475,public enemy
475,gun crime
475,runaway couple
475,witty
475,fugitive lovers
475,joyful
475,tragic
102899,superhero
102899,ant
102899,master thief
102899,shrinking
102899,based on comic
102899,heist
102899,miniaturization
102899,mentor protégé relationship
102899,aftercreditsstinger
102899,duringcreditsstinger
102899,marvel cinematic universe (mcu)
102899,overprotective father
102899,father daughter relationship
102899,good versus evil
102899,robbery gang
102899,supersize
9869,assassin
9869,"washington dc, usa"
9869,based on novel or book
9869,psychopath
9869,repayment
9869,intelligence
9869,northern ireland
9869,sequel
9869,revenge
9869,terrorism
9869,ira (irish republican army)
9869,ireland
9869,british prime minister
9869,jack ryan
9869,ex military
9869,assassination attempt
9869,political thriller
9869,political turmoil
9869,intelligence service
9869,cia analyst
943,showdown
943,police
943,dark comedy
943,sequel
943,mixed martial arts (mma)
943,"los angeles, california"
943,rookie cop
943,buddy cop
943,lapd
943,maverick cop
943,aftercreditsstinger
943,action hero
943,shooting
943,cops
11360,mother
11360,dreams
11360,nightmare
11360,suffering
11360,circus
11360,cartoon
11360,clown
11360,ear
11360,musical
11360,crow
11360,affection
11360,storch
11360,big ears
11360,cartoon mouse
11360,cartoon elephant
11360,whimsical
13597,rescue
13597,race against time
13597,maze
13597,castle
13597,musical
13597,puppet
13597,babysitter
13597,surrealism
13597,baby-snatching
13597,coming of age
13597,growing up
13597,teenage girl
13597,puppetry
13597,fantasy world
13597,child kidnapping
13597,goblin
13597,goblins
13597,magic land
13597,giant creature
13597,bizarre creatures
13597,goblin king
13597,baffled
13597,enchant
10218,stuffed animal
10218,hollywood
10218,drink
10218,swinger
10218,producer
10218,name calling
10218,aspiring actor
152532,aids
152532,homophobia
152532,rodeo
152532,texas
152532,biography
152532,"dallas, texas"
152532,based on true story
152532,hiv
152532,drugs
152532,lgbt
152532,treatment
152532,1980s
152532,medical drama
152532,trans woman
152532,apologetic
1598,prison
1598,small town
1598,child abuse
1598,rape
1598,houseboat
1598,cigar smoking
1598,remake
1598,revenge
1598,stalking
1598,lawyer
1598,psychological thriller
1598,fear
1598,rebellious daughter
1598,rapist
1598,private detective
1598,killing a dog
1598,threat to family
1598,family terrorized
36643,mission
36643,"london, england"
36643,submarine
36643,oil
36643,boat chase
36643,mi6
36643,heiress
36643,"bilbao, spain"
36643,british secret service
36643,snowmobile
36643,azerbaijan
36643,james bond
421,parent child relationship
421,red cap
421,dysfunctional family
421,rivalry
421,eccentric
421,pirate
421,magic realism
421,estranged father
421,oceanography
421,scientific expedition
421,satirical
421,father son relationship
421,diorama
421,research turtles
421,acoustic guitar
421,hopeful
54138,spacecraft
54138,friendship
54138,sequel
54138,alien
54138,futuristic
54138,space
54138,mysterious force
54138,space opera
54138,terrorist bombing
54138,new beginning
54138,amused
54138,excited
15144,high school
15144,birthday
15144,nerd
15144,convertible
15144,crush
15144,teenage crush
15144,exchange student
15144,night vision goggles
15144,sweet sixteen
15144,chastity
15144,teenage angst
15144,high school romance
15144,popular boy
15144,high school prom
9631,"chicago, illinois"
9631,corruption
9631,police
9631,hostage
9631,innocence
9631,pension
9631,hostage-taking
9631,murder
9631,conspiracy
9631,bullet wound
9631,urban setting
9631,negotiator
324857,superhero
324857,based on comic
324857,aftercreditsstinger
324857,alternate universe
298,casino
298,heart attack
298,con man
298,master thief
298,hidden camera
298,sequel
298,revenge
298,las vegas
298,double cross
298,diamond heist
298,explosives expert
298,pretending to be rich
298,labor strike
298,security system
298,casino owner
298,professional thief
298,artificial earthquake
298,master plan
298,computer hacker
298,robbery crew
298,contortionist
298,grand opening
11777,wedding vows
11777,mathematician
11777,princeton university
11777,car mechanic
11777,comet
11777,halley's comet
11777,1950s
11777,matchmaker
11777,research scientist
11777,albert einstein
1710,police brutality
1710,psychology
1710,police operation
1710,police protection
1710,psychologist
1710,serial killer
1710,cowardliness
10998,new york city
10998,sexual obsession
10998,marriage crisis
10998,obsession
10998,married couple
10998,deceived wife
10998,one-night stand
10998,stalker
10998,stalking
10998,lawyer
10998,female stalker
10998,extramarital affair
10998,obsessive love
10998,executive
10998,married man
10998,psychotic obsessions
10998,obsessed with a man
10998,obsessive relationship
10998,every man's nightmare
10998,absurd
10998,incredulous
10998,cliché
10998,dubious
10998,ridiculous
6075,new york city
6075,based on novel or book
6075,gangster
6075,go-go dancer
6075,release from prison
6075,1970s
6075,puerto rico
6075,cocaine
6075,nightclub
6075,criminal past
6075,love
6075,lawyer
6075,drugs
6075,disco
6075,neo-noir
6075,frantic
2907,dancing
2907,dead wish
2907,secret passage
2907,fencing
2907,halloween
2907,black humor
2907,uncle
2907,eccentric
2907,mansion
2907,loan shark
2907,accountant
2907,creepy
2907,disembodied hand
2907,anxious
2907,long lost sibling
2907,gloomy
37136,assassination
37136,police
37136,aquarium
37136,baseball
37136,satire
37136,parody
37136,slapstick comedy
37136,"los angeles, california"
37136,terrorism
37136,illegal drugs
37136,criminal investigation
37136,buddy cop
37136,hypnotize
37136,anarchic comedy
37136,good versus evil
37136,based on tv series
37136,exhilarated
37136,bumbling detective
137106,friendship
137106,parent child relationship
137106,prophecy
137106,superhero
137106,villain
137106,based on comic
137106,part live action
137106,based on toy
137106,falling in love
137106,anti villain
137106,super power
137106,good cop bad cop
137106,duringcreditsstinger
137106,live action and animation
137106,lego
137106,father son relationship
137106,loving
137106,mischievous
137106,playful
137106,3d animation
137106,teamwork
137106,evil tyrant
137106,witty
137106,hilarious
137106,whimsical
137106,admiring
137106,celebratory
137106,euphoric
137106,exhilarated
137106,exuberant
137106,ridiculous
9909,high school
9909,california
9909,rap music
9909,karate
9909,naval officer
9909,teacher
9909,based on memoir or autobiography
9909,amusement park
9909,schoolteacher
167,dreams
167,robbery
167,investigation
167,hypnosis
167,alien
167,murder
167,hospital
167,planet
167,patient
167,medication
167,psychiatrist
167,claim
167,mental
167,fugue state
11674,"london, england"
11674,fur
11674,fashion designer
11674,puppy
11674,fur coat
11674,based on children's book
11674,dog
11674,dalmatian
11674,female villain
11674,pets
11674,live action remake
11674,playful
22970,halloween
22970,giant snake
22970,school party
22970,motorcycle crash
22970,abandoned house
22970,woods
22970,marijuana
22970,cabin
22970,apocalypse
22970,zombie
22970,werewolf
22970,creature
22970,cabin in the woods
22970,video wall
22970,speaker phone
22970,young adult
22970,college student
22970,lovecraftian
22970,everyone dies
2978,new year's eve
2978,new york city
2978,painting
2978,supernatural
2978,halloween
2978,ghostbuster
2978,paranormal phenomena
2978,slime
2978,mythology
2978,reincarnation
2978,sequel
2978,product placement
2978,crude humor
2978,single mother
2978,paranormal investigation
2978,old flame
2978,courtroom
2978,urban setting
2978,book store
2978,chrysler building
2978,ghost
2978,nostalgic
2978,river of slime
2978,revolving door
2978,occult research
2978,fighting supernatural
2978,ghostbusters
2978,monsters
2978,absurd
2978,amused
665,governor
665,middle east
665,based on novel or book
665,roman empire
665,politics
665,christianity
665,jew persecution
665,jewish life
665,roman
665,miracle
665,jerusalem
665,prince
665,chariot race
665,leprosy
665,redemption
665,religious conversion
665,ancient rome
665,love
665,friends
665,remake
665,revenge
665,judaism
665,religion
665,historical fiction
665,period drama
665,catholic
665,dungeon
665,galley
665,hatred
665,sheikh
665,sea battle
665,jewish family
665,galley slave
665,childhood sweetheart
665,salvation
665,1st century
665,jesus christ
665,false imprisonment
665,antiquity
665,judea
665,subjugated people
665,dramatic
665,awestruck
2080,army
2080,corruption
2080,superhero
2080,mutant
2080,boxer
2080,based on comic
2080,prequel
2080,spin off
2080,aftercreditsstinger
2080,duringcreditsstinger
2080,excited
2080,powerful
142,secret love
142,"wyoming, usa"
142,countryside
142,homophobia
142,marriage crisis
142,intolerance
142,in the closet
142,summer
142,cowboy
142,lgbt
142,star crossed lovers
142,1960s
142,thoughtful
142,closeted homosexual
142,gay romance
142,gay theme
142,gay relationship
142,matter of fact
11353,movie business
11353,celebrity
11353,fame
11353,hollywood
11353,"los angeles, california"
11353,filmmaking
11353,hilarious
11353,amused
688,adultery
688,secret love
688,husband wife relationship
688,based on novel or book
688,love of one's life
688,unsociability
688,marriage crisis
688,photographer
688,love at first sight
688,photography
688,peasant
688,mother role
688,iowa
688,bridge
688,housewife
688,love letter
688,dramatic
688,romantic
696,adultery
696,lolita
696,new york city
696,based on novel or book
696,based on true story
696,love
696,mistress
696,black and white
696,writer
696,relationship
696,divorce
696,true crime
696,"manhattan, new york city"
696,married
696,pretentious
944,showdown
944,police
944,sequel
944,mixed martial arts (mma)
944,"los angeles, california"
944,house fire
944,triad
944,buddy cop
944,lapd
944,maverick cop
944,revolver
944,action hero
944,chinese triad
944,shooting
65,individual
65,adolescence
65,rap music
65,hip-hop
65,rhyme battle
65,trailer park
65,street gang
65,ethnic stereotype
65,rapper
65,ghetto
65,single
65,"detroit, michigan"
65,semi autobiographical
65,1990s
65,battle rap
9476,"london, england"
9476,poetry
9476,rivalry
9476,sword fight
9476,knight
9476,tournament
9476,duel
9476,torture
9476,writer
9476,impostor
9476,church
9476,game
9476,jousting
9476,medieval
9476,aftercreditsstinger
2028,high school
2028,"seattle, washington"
2028,high school graduation
2028,teenage crush
2028,teenage love
2028,kickboxer
2028,opposites attract
2028,valedictorian
2028,teenage angst
982,cold war
982,korean war (1950-53)
982,stepparents
982,conspiracy
982,brainwashed assassin
982,brainwashing
982,black and white
982,election
982,presidential candidate
982,sleeper agent
982,queen of diamonds
982,korea
3933,skeleton
3933,love triangle
3933,cheating
3933,wedding vows
3933,shyness
3933,arranged marriage
3933,marriage
3933,grave
3933,halloween
3933,villain
3933,bride
3933,musical
3933,wedding ring
3933,money
3933,stop motion
3933,wedding
3933,corpse
3933,wedding ceremony
3933,playing piano
3933,parents
3933,macabre
3933,dark fantasy
3933,bride and groom
3933,ring
3933,scoundrel
3933,19th century
3933,3d animation
3933,underworld
3933,romantic
3933,ghoulish
9879,dance
9879,police
9879,blackmail
9879,striptease
9879,satire
9879,strip club
9879,trial
9879,family
9879,u.s. congress
9879,softcore
9879,corrupt politician
9879,congressman
9879,mother daughter relationship
9879,bar
9879,dancing girls
59436,"paris, france"
59436,based on novel or book
59436,detective
59436,screenwriter
59436,camping
59436,diary
59436,time travel
59436,forbidden love
59436,painter
59436,midnight
59436,nostalgia
59436,past
59436,versailles
59436,sculpture
59436,romance
59436,magic realism
59436,nostalgic
59436,art history
59436,back in time
59436,wine drinking
9008,newspaper
9008,research
9008,politics
9008,spy
9008,journalism
9008,interview
9008,tobacco
9008,insider
9008,conspiracy theory
9008,reporter
9008,whistleblower
9008,tobacco industry
9008,legal drama
9008,legal thriller
9008,intimate
9008,suspenseful
12092,dreams
12092,based on novel or book
12092,heart
12092,queen
12092,villain
12092,time
12092,based on children's book
12092,cartoon cat
12092,nothing
12092,female villain
12092,tea party
12092,mad hatter
12092,lewis carroll
12092,based on young adult novel
12092,adaptation
12092,adventure
12092,whimsical
12092,ambiguous
12092,wonderland
12092,march hare
12092,queen of hearts
1051,drug dealer
1051,new york city
1051,police brutality
1051,drug smuggling
1051,undercover agent
1051,gangster
1051,heroin
1051,"marseille, france"
1051,paranoia
1051,night life
1051,attempted murder
1051,drug mule
1051,train hijacking
1051,police stakeout
1051,police pursuit
1051,popeye
1051,academy award winner
9285,politics
9285,college
9285,sexism
9285,sperm bank
9285,blonde
9285,road trip
9285,crude humor
9285,politically incorrect
9285,sorority
9285,university
9285,cross country
9285,stoner
9285,sperm donor
9285,school bus
9285,losing money
9285,male virgin
9285,dorm room
9285,sex comedy
9285,sex tape
9285,young adult
9509,mexico
9509,"mexico city, mexico"
9509,based on novel or book
9509,kidnapping
9509,bodyguard
9509,diary
9509,bible
9509,remake
9509,stuffed animal
9509,revenge
9509,gun battle
9509,cell phone
9509,alcoholic
9509,grenade launcher
9509,child kidnapping
9509,bloodshed
9509,swim meet
9509,aggressive
9509,ex-cia agent
9509,mexican federale
9509,mexican law enforcement
9509,vigilante justice
9509,corrupt cop
9509,mexican police
9509,personal security
9509,suspenseful
9509,gun death
9509,one person army
10764,undercover
10764,spy
10764,killing
10764,secret agent
10764,austria
10764,mi6
10764,british secret service
10764,james bond
10764,intense
10764,powerful
10764,vibrant
12230,"london, england"
12230,cartoon
12230,villain
12230,fashion designer
12230,puppy
12230,dog
12230,dalmatian
12230,female villain
12230,cartoon dog
12230,pets
12230,cartoon animal
9066,supermarket
9066,house
9066,woman director
5175,martial arts
5175,"los angeles, california"
5175,criminal investigation
5175,interracial friendship
5175,buddy cop
5175,duringcreditsstinger
5175,action hero
5175,good versus evil
9322,undercover agent
9322,"venice, italy"
9322,shotgun
9322,secret identity
9322,drugstore
9322,special unit
9322,romance
9322,secret government organization
9322,hitwoman
9322,female assassin
9322,drug stealing
9322,government assassin
765,shotgun
765,halloween
765,deer
765,sequel
765,tape recorder
765,chainsaw
765,spirit
765,cabin in the woods
765,over the top
765,book of the dead
765,evil dead
765,eyeball
765,necronomicon
765,meat cleaver
765,psychotronic
765,playful
765,lovecraftian
765,absurd
765,witty
765,hilarious
765,excited
1630,pornography
1630,free love
1630,court case
1630,aids
1630,eroticism
1630,group sex
1630,last judgment
1630,freedom of speech
1630,baptism
1630,millionaire
1630,disabled
1630,pornographer
1630,constitutional convention
1630,first amendment
1630,history and legacy
1630,american history
1630,constitutional revolution
10315,based on novel or book
10315,tree
10315,peasant
10315,fox
10315,villain
10315,cider
10315,tale
10315,farm life
10315,anthropomorphism
10315,caper
10315,revenge
10315,stop motion
10315,candid
10315,3d animation
10315,dramatic
10315,intense
10315,admiring
10315,ambiguous
10315,euphoric
383498,hero
383498,superhero
383498,mutant
383498,mercenary
383498,based on comic
383498,sequel
383498,breaking the fourth wall
383498,aftercreditsstinger
383498,duringcreditsstinger
383498,joyful
1725,new york city
1725,immigrant
1725,showdown
1725,street gang
1725,slum
1725,love at first sight
1725,highway
1725,forbidden love
1725,musical
1725,based on play or musical
1725,rivalry
1725,feud
1725,interracial relationship
1725,tragic love
1725,attempted rape
1725,policeman
1725,obsessive love
1725,lifting female in air
1725,young love
1725,modern day adaptation
1725,romeo & juliet
1725,music and dance
1725,romantic
1725,tragic
1725,dance musical
8619,ship
8619,navy
8619,based on novel or book
8619,surgeon
8619,royal navy
8619,historical fiction
8619,period drama
8619,napoleonic wars
8619,naturalist
8619,frigate
8619,self surgery
8619,sea battle
8619,weevil
8619,high seas
8619,naval warfare
8619,aggressive
8619,19th century
8619,galapagos islands
8619,naval battle
8619,english navy
8619,commanding
8619,surprise-ending
1633,based on novel or book
1633,southern usa
1633,alabama
1633,female friendship
1633,barbecue (bbq)
1633,tomato
1633,cafe
1633,bee
1633,nursing home
1633,tomboy
1633,lgbt
1633,roadside cafe
1633,abused wife
1633,train station
1633,small southern town
1633,lesbian
1633,elderly woman
1633,deep south
1633,flashback to past
772,new york city
772,burglar
772,holiday
772,family relationships
772,sequel
772,slapstick comedy
772,little boy
772,home invasion
772,family
772,precocious child
772,home alone
772,mischievous child
772,shocking
772,aggressive
772,christmas
772,kids on their own
772,child rescue
8843,california
8843,schizophrenia
8843,drowning
8843,virtual reality
8843,therapist
8843,psychopath
8843,fbi
8843,investigation
8843,horse
8843,gore
8843,surrealism
8843,sadomasochism
8843,serial killer
8843,desert
8843,mind game
8843,subconscious
281,new year's eve
281,future
281,pornography
281,prostitute
281,police brutality
281,dreams
281,rape
281,police
281,virtual reality
281,paranoia
281,ex-girlfriend
281,bodyguard
281,rapper
281,dystopia
281,minidisc
281,ex-cop
281,murder
281,cyberpunk
281,"los angeles, california"
281,criminal
281,private detective
281,revolt
281,tech noir
281,woman director
79,martial arts
79,kung fu
79,right and justice
79,countryside
79,loss of loved one
79,patriot
79,wuxia
79,warring states period
79,3rd century bc
7984,prison
7984,rebellion
7984,based on novel or book
7984,parent child relationship
7984,faith
7984,1970s
7984,biography
7984,northern ireland
7984,trial
7984,thief
7984,police corruption
7984,torture
7984,terrorism
7984,ira (irish republican army)
7984,ireland
7984,courtroom
7984,prison riot
7984,"belfast, north ireland"
7984,terrorist bombing
7984,english police
7984,father son conflict
7984,innocent in jail
7984,father son relationship
7984,innocent man
7984,irish history
7984,irish
7984,corrupt legal system
7984,corrupt district attorney
7984,irish resistance
7984,irish writer
7984,british injustice
7984,british crimes
377,dreams
377,nightmare
377,psychopath
377,sleep
377,child murder
377,supernatural
377,halloween
377,ohio
377,murder
377,slasher
377,trapped
377,alcoholic
377,boiler room
377,booby trap
377,disfigurement
377,medical test
377,nightmare becomes reality
377,caffeine
377,shocking
377,vexed
377,frantic
377,grim
377,desperate
377,anxious
377,supernatural horror
377,suspenseful
377,frightened
377,b-horror
377,suburban gothic
2293,game show
2293,slacker
2293,shopping
2293,mall
2293,ex-boyfriend ex-girlfriend relationship
2293,silent man
2293,coke
2293,bandleader
2293,aftercreditsstinger
2293,view askewniverse
953,friendship
953,island
953,escape
953,africa
953,lion
953,zoo
953,hippopotamus
953,giraffe
953,penguin
953,cartoon
953,villain
953,zebra
953,slapstick comedy
953,madagascar
953,animals
953,lemur
953,escaped animal
953,talking animal
953,3d animation
953,witty
10776,assistant
10776,investigation
10776,solar eclipse
10776,florist
10776,aggression
10776,halloween
10776,nerd
10776,bloodthirstiness
10776,plant
10776,success
10776,musical
10776,based on play or musical
10776,blonde
10776,carnivorous plant
10776,laughing gas
10776,remake
10776,crush
10776,animated scene
10776,puppetry
10776,creature
10776,motorcycle
10776,eclipse
10776,dentist
10776,death
10776,bum
10776,killer plant
10776,homoeroticism
10776,skid row
10776,based on movie
10776,plant food
10776,inept assistant
10776,man eating plant
10776,horror musical
4982,new york city
4982,vietnam
4982,drug smuggling
4982,society
4982,gangster
4982,drug trafficking
4982,heroin
4982,junkie
4982,ghetto
4982,nightclub
4982,ambition
4982,rise and fall
4982,cop
4982,organized crime
4982,drug dealing
4982,police corruption
4982,wedding
4982,police detective
4982,family
4982,surveillance
4982,bribery
4982,law enforcement
4982,aftercreditsstinger
4982,dishonesty
4982,1960s
4982,provocative
4982,violence
4982,suspenseful
4982,intense
4982,brisk
84892,school friend
84892,depression
84892,high school
84892,friendship
84892,based on novel or book
84892,trauma
84892,melancholy
84892,coming of age
84892,freshman
84892,school
84892,teenage boy
84892,high school student
84892,first love
84892,aunt nephew relationship
84892,lgbt
84892,mental health
84892,lgbt teen
84892,teen drama
84892,"pittsburgh, pennsylvania"
84892,1990s
84892,based on young adult novel
84892,gay theme
84892,boys' love (bl)
84892,teenager
14836,friendship
14836,dreams
14836,based on novel or book
14836,halloween
14836,eye
14836,stuffed animal
14836,stop motion
14836,parallel world
14836,button
14836,new home
14836,secret door
14836,female villain
14836,reality vs fantasy
14836,dark fantasy
14836,aftercreditsstinger
14836,duringcreditsstinger
14836,horror for children
14836,talking cat
14836,parallel universe
14836,3d animation
14836,inspirational
14836,absurd
9571,high school
9571,1970s
9571,texas
9571,coming of age
9571,marijuana
9571,summer
9571,period drama
9571,teen comedy
9571,inspirational
9571,teenager
9571,stoner comedy
9571,sentimental
9571,hilarious
9571,comforting
9571,instructive
131631,based on novel or book
131631,resistance
131631,dystopia
131631,post-apocalyptic future
131631,sequel
131631,female protagonist
131631,bow and arrow
131631,game
131631,future war
131631,revolt
131631,class prejudice
131631,human subjugation
131631,based on young adult novel
819,child abuse
819,sexual abuse
819,based on novel or book
819,court case
819,court
819,gangster
819,repayment
819,sadistic
819,narration
819,pastor
819,irish-american
819,juvenile prison
819,revenge
819,murder
819,organized crime
819,gang
819,juvenile delinquent
819,reform school
819,"manhattan, new york city"
819,prank gone wrong
819,1980s
819,kids
819,1960s
819,courtroom drama
819,legal drama
819,hell's kitchen
819,catholic church
9870,rock star
9870,ex-girlfriend
9870,hawaii
9870,beauty
9870,vacation
9870,one-night stand
9870,celebrity
9870,break-up
9870,dumped
354912,skeleton
354912,mexico
354912,guitar
354912,afterlife
354912,musician
354912,holiday
354912,villain
354912,singer
354912,murderer
354912,life after death
354912,kids
354912,day of the dead
354912,3d animation
354912,music
354912,boy
354912,hilarious
354912,hopeful
354912,modest
354912,pixar
72190,"philadelphia, pennsylvania"
72190,new jersey
72190,based on novel or book
72190,dystopia
72190,jerusalem
72190,end of the world
72190,apocalypse
72190,zombie
72190,epidemic
72190,nuclear weapons
72190,multiple perspectives
72190,zombie apocalypse
72190,virus
4806,small town
4806,chase
4806,self-discovery
4806,artist
4806,just married
4806,reporter
4806,wedding
4806,relationship
4806,wedding ceremony
4806,screwball comedy
4806,self identity
4806,hair salon
4806,cold feet
4806,romantic
4518,queen
4518,duke
4518,treason
4518,queen elizabeth i
4518,tudor
4518,historical figure
4518,catholic
4518,protestant
4518,palace intrigue
4518,16th century
4518,british monarchy
968,new york city
968,airport
968,police
968,hostage
968,bank
968,fbi
968,heist
968,psychological thriller
968,bank robbery
968,"brooklyn, new york city"
968,bank cashier
968,car procession
968,attica
968,energetic
968,unhappy marriage
968,"based on magazine, newspaper or article"
968,witty
968,assertive
968,awestruck
968,matter of fact
3179,hotel
3179,sperm
3179,"washington dc, usa"
3179,casino
3179,fbi
3179,sun
3179,texas
3179,road trip
3179,sexual humor
3179,crude humor
3179,drug trip
3179,las vegas
3179,adult animation
3179,peyote
3179,atf
3179,based on tv series
9100,witch
9100,puberty
9100,magic
9100,suicide attempt
9100,halloween
9100,black magic
9100,sorcery
9100,female friendship
9100,gothic
9100,occult
9100,hair loss
9100,outsider
9100,karma
9100,newcomer
9100,love spell
10510,new love
10510,holiday
10510,department store
10510,santa claus
10510,miracle
10510,wish
10510,remake
10510,christmas
10510,amused
10510,apologetic
10510,compassionate
62177,witch
62177,kingdom
62177,scotland
62177,rebel
62177,bravery
62177,villain
62177,wish
62177,archer
62177,bear
62177,scot
62177,rebellious daughter
62177,turns into animal
62177,archery
62177,ruins
62177,aftercreditsstinger
62177,peace offering
62177,woman director
62177,quest
62177,3d animation
62177,pixar
403,individual
403,chauffeur
403,culture clash
403,self-discovery
403,widow
403,1970s
403,atlanta
403,pulitzer prize
403,civil rights
403,racial segregation
403,based on play or musical
403,car accident
403,unlikely friendship
403,elderly
403,african american servant
403,1940s
403,1950s
403,1960s
403,elderly lady
403,race relations
10112,"paris, france"
10112,return
10112,butler
10112,cartoon
10112,villain
10112,suspension
10112,inheritance
10112,cartoon cat
10112,kitten
10112,1910s
10112,greedy
10112,cartoon animal
10112,cartoon goose
2112,hotel
2112,new york city
2112,prostitute
2112,robbery
2112,based on novel or book
2112,heroin
2112,anti hero
2112,greed
2112,money
2112,revenge
2112,organized crime
2112,drugs
2112,criminal
2112,one against many
2112,double cross
2112,neo-noir
2112,corrupt cop
2112,parker
56292,mask
56292,assassin
56292,"budapest, hungary"
56292,skyscraper
56292,secret intelligence service
56292,sandstorm
56292,"seattle, washington"
56292,satellite
56292,fake identity
56292,"mumbai (bombay), india"
56292,car crash
56292,sequel
56292,prison escape
56292,dubai
56292,secret government organization
56292,infiltration
56292,billionaire
56292,terrorism
56292,disguise
56292,bombing
56292,nuclear threat
56292,undercover operation
56292,fictional government agency
56292,"moscow, russia"
56292,clandestine
56292,analyst
56292,government agency
56292,nuclear submarine
56292,based on tv series
146233,"pennsylvania, usa"
146233,kidnapping
146233,detective
146233,symbolism
146233,investigation
146233,father
146233,vigilante
146233,psychological thriller
146233,brutality
146233,neo-noir
146233,search for child
146233,child abduction
146233,rural town
146233,baffled
1844,new year's eve
1844,"london, england"
1844,distrust
1844,undercover
1844,burglar
1844,skyscraper
1844,blackmail
1844,heist
1844,thief
1844,older man younger woman relationship
1844,art thief
1844,criminal
1844,art theft
1844,millennium
1844,"manhattan, new york city"
1844,kuala lumpur malaysia
8741,based on novel or book
8741,steel helmet
8741,world war ii
8741,battle assignment
8741,invasion
8741,infantry
8741,marine corps
8741,us army
8741,commander
8741,rifle
8741,pacific war
8741,gun battle
8741,jungle
8741,sergeant
8741,pacific island
8741,soldier
8741,battle
8741,fighting
8741,period drama
8741,mourning
8741,guadalcanal
8741,pacific theater
8741,burlesque
8741,anti war
8741,awol
8741,japanese army
8741,disturbed
8741,1940s
8741,nervous
8741,zealous
8741,philosophical
8741,philosophic conflict
8741,battlefield trauma
8741,shell shocked soldier
8741,inspirational
8741,wistful
8741,intimate
8741,provocative
8741,ghoulish
8741,powerful
8741,philosophical depiction of war
11448,prostitute
11448,adoption
11448,adoptive father
11448,child prodigy
11448,childlessness
11448,looking for  birth parents
11448,porn star
11448,adoptive mother
11448,illegal prostitution
11448,pygmalion
11448,kids
11448,adopted son
13342,high school
13342,friendship
13342,rock 'n' roll
13342,based on novel or book
13342,shopping mall
13342,loss of virginity
13342,coming of age
13342,teacher
13342,bong
13342,drug humor
13342,marijuana
13342,teen movie
13342,stoner
13342,irreverence
13342,teen comedy
13342,woman director
13342,inspirational
13342,teenager
13342,hilarious
13342,cheerful
13342,comforting
320,hotel
320,small town
320,homicide
320,confession
320,blackmail
320,detective
320,fbi
320,investigation
320,hallucination
320,insomnia
320,flashback
320,love
320,remake
320,murder
320,alaska
320,shootout
320,cynical
320,guilt
320,phone call
320,neo-noir
320,philosophical
320,midnight sun
320,planted evidence
320,crime writer
320,corrupt cop
320,introspective
320,distressing
8871,new love
8871,based on novel or book
8871,holiday
8871,christmas party
8871,village
8871,santa claus
8871,surrealism
8871,thief
8871,public humiliation
8871,christmas
8871,surreal world
10669,rape
10669,based on novel or book
10669,river
10669,banjo
10669,strangeness
10669,wound
10669,wilderness
10669,georgia
10669,canoe
10669,rafting
10669,hillbilly
10669,rapids
10669,male rape
10331,sibling relationship
10331,"pennsylvania, usa"
10331,loss of loved one
10331,gun
10331,gas station
10331,cemetery
10331,cellar
10331,halloween
10331,house
10331,barricade
10331,zombie
10331,black and white
10331,trapped
10331,bitten
10331,farm house
10331,suspenseful
10331,intense
11544,sibling relationship
11544,mutation
11544,extraterrestrial technology
11544,hawaii
11544,adoption
11544,affectation
11544,villain
11544,alien life-form
11544,alien
11544,dog
11544,dead parents
11544,duringcreditsstinger
11544,fitting in
11544,native hawaiian
343,dying and death
343,depression
343,suicide
343,life and death
343,age difference
343,birthday
343,suicide attempt
343,dead wish
343,cemetery
343,life planning
343,banjo
343,cliff
343,arranged marriage
343,coming of age
343,wealth
343,older woman younger man relationship
343,elderly lady
343,age-gap relationship
3170,loss of loved one
3170,cartoon
3170,forest
3170,coming of age
3170,best friend
3170,cartoon rabbit
3170,forest fire
3170,aggressive
3170,fawn
3170,cartoon deer
8367,england
8367,crusade
8367,robin hood
8367,folk hero
8367,archer
8367,sherwood forest
8367,thief
8367,nottingham
8367,bow and arrow
8367,friar
8367,12th century
8367,the crusades
8367,living in the woods
8367,helping the poor
866,"london, england"
866,stroke of fate
866,becoming an adult
866,parent child relationship
866,faith
866,widow
866,theater play
866,theatre group
866,author
866,illness
866,children's author
902,rescue
902,friendship
902,island
902,dreams
902,clone
902,dystopia
902,eye
902,aging
902,steampunk
902,childhood
902,child kidnapping
902,flea
902,somber
902,doubtful
902,ominous
929,new york city
929,atomic bomb
929,missile
929,intelligence
929,pregnancy
929,destroy
929,boat accident
929,giant monster
929,atomic bomb test
929,us army
929,flowerpot
929,creature
929,kaiju
929,military
929,animal horror
929,godzilla
929,disrespectful
1634,whale
1634,social worker
1634,freedom
1634,social work
1634,"portland, oregon"
1634,human animal relationship
1634,best friend
1634,orphan
1634,killer whale
1634,amusement park
1634,aftercreditsstinger
1634,animal human friendship
12155,based on novel or book
12155,queen
12155,based on children's book
12155,fantasy world
12155,mad hatter
12155,lewis carroll
12155,live action remake
12155,based on young adult novel
12155,adaptation
12155,amused
12155,vibrant
12155,wonderland
12155,march hare
12155,queen of hearts
8393,airplane
8393,africa
8393,tribe
8393,botswana
8393,god
8393,desert
8393,soda bottle
8393,kalahari
8393,bushman
8393,tribal
8393,independent film
948,mask
948,police
948,halloween
948,babysitter
948,marijuana
948,stalking
948,serial killer
948,maniac
948,killing spree
948,family
948,evil
948,psychotic
948,escaped killer
693,florida
693,central intelligence agency (cia)
693,nurse
693,parent child relationship
693,anti-authoritarian upbringing
693,parents-in-law
693,orderly
693,just married
693,sex therapy
693,bad father-in-law
693,sequel
693,family
693,illegitimate son
693,meddling father
10559,rescue
10559,future
10559,new york city
10559,race against time
10559,mother
10559,escape
10559,detective
10559,baseball
10559,investigation
10559,time travel
10559,radio
10559,father
10559,time
10559,family relationships
10559,paranormal
10559,flashback
10559,murder
10559,explosion
10559,criminal investigation
10559,firefighter
10559,phenomenon
10559,amateur radio
10559,aurora borealis
10559,altering history
10559,complex
10559,hopeful
577,pedophilia
577,adultery
577,based on novel or book
577,winter
577,obsession
577,housewife
577,new hampshire
577,mafia
577,newswoman
577,ice skating
577,murder trial
577,narcissistic personality disorder
577,satirical
577,fame-seeking
577,tv presenter
577,weather girl
577,punks
577,punk kids
1635,genetics
1635,love of one's life
1635,escape
1635,freedom
1635,dystopia
1635,transhumanism
1635,false memory
1635,plague
1635,human clone
1635,2010s
1635,organ trafficking
1635,sympathetic
5236,detective
5236,loser
5236,thief
5236,crush
5236,whodunit
5236,"los angeles, california"
5236,series of murders
5236,hoodlum
5236,female corpse
5236,neo-noir
5236,christmas
5236,bumbling detective
11635,infidelity
11635,group sex
11635,college
11635,male friendship
11635,beer
11635,fraternity
11635,dean
11635,sex doll
11635,streaking
11635,mouth to mouth resuscitation
11635,wild party
11412,martial arts
11412,amnesia
11412,assassination
11412,strong woman
11412,escape
11412,chase
11412,hostage
11412,spy
11412,new identity
11412,dark comedy
11412,teacher
11412,beautiful woman
11412,shootout
11412,female protagonist
11412,gunfight
11412,terrorism
11412,single mother
11412,government assassin
11412,timebomb
11412,candlelight vigil
11412,rogue agent
11412,woman agent
11412,christmas
11412,ex-cia agent
11412,action hero
11412,amnesiac
11412,christmas parade
11412,assassination team
11412,dramatic
11412,gun death
11412,bold
339403,robbery
339403,waitress
339403,atlanta
339403,crime boss
339403,romance
339403,heist
339403,getaway car
339403,on the run
339403,shootout
339403,bank robbery
339403,getaway driver
339403,sign languages
339403,armed robbery
339403,hearing impaired
339403,music
339403,bewildered
36819,treasure
36819,dwarf
36819,pig
36819,magic
36819,map
36819,titanic
36819,time travel
36819,robin hood
36819,tank
36819,satire
36819,napoleon bonaparte
36819,cage
36819,minotaur
36819,burglary
36819,steampunk
36819,arm wrestling
36819,childhood
36819,ancient greece
36819,giant
36819,ogre
36819,turned into animal
36819,comforting
10890,date
10890,ex-girlfriend
10890,military spoof
10890,training camp
10890,private
10890,army life
10890,military training
10890,army cadet
10890,army training
10890,war games
10890,class clown
431,escape
431,entrapment
431,riddle
431,autism
431,mathematics
431,claustrophobia
431,maze
431,prime number
431,psychology
431,trapdoor
431,gore
431,trap
431,murder
431,labyrinth
431,survival horror
431,numbers
431,cube
431,mysterious
431,mechanical
431,industrial
431,amused
431,distressing
8536,new york city
8536,saving the world
8536,flying
8536,sacrifice
8536,superhero
8536,loss of virginity
8536,based on comic
8536,sequel
8536,niagara falls
8536,love
8536,nemesis
8536,criminal
8536,disguise
8536,super power
8536,fortress
8536,news reporter
8536,super villain
8536,"eiffel tower, paris"
8536,phantom zone
8536,crystal machine
8536,superhuman strength
8536,duringcreditsstinger
8536,the man of steel
8536,the last son of krypton
8536,clark kent
1930,new york city
1930,experiment
1930,loss of loved one
1930,superhero
1930,based on comic
1930,vigilante
1930,teenage girl
1930,teenage boy
1930,super power
1930,spider bite
1930,masked vigilante
1930,reboot
1930,genetic engineering
1930,social outcast
1930,death of husband
1930,duringcreditsstinger
1930,virus
1930,teen superhero
1930,teenage angst
1930,vigilante justice
11639,race against time
11639,mission
11639,liberation
11639,castle
11639,villain
11639,mythical creature
11639,puppetry
11639,creature
11639,fantasy world
11639,crystal
11639,good versus evil
11639,bizarre creatures
11639,complicated
11639,melodramatic
11639,ominous
44115,canyon
44115,based on novel or book
44115,utah
44115,photography
44115,despair
44115,hiking
44115,biography
44115,engineer
44115,based on true story
44115,alone
44115,mountain biking
44115,struggle for survival
44115,trapped
44115,boulder
44115,cavern
44115,video recorder
44115,adventurer
44115,disturbed
44115,rock climbing
44115,isolated
44115,hikers
44115,memories
44115,hallucinations
44115,desperation
44115,distressing
9576,infidelity
9576,new york city
9576,love
9576,friends
9576,feminist
9576,cross dressing
9576,agent
9576,reputation
9576,serenade
9576,apology
9576,live television
9576,witty
9576,sarcastic
9576,clever social commentary
9532,airport
9532,time travel
9532,omen
9532,premonition
9532,airplane accident
9532,airplane crash
9532,corpse
9532,death
9532,macabre
9532,near-death experience
9532,desperate
9532,cheating death
9532,supernatural horror
9532,cliché
9532,deaths
200,spacecraft
200,teleportation
200,starship
200,fountain of youth
200,utopia
200,insurrection
200,alien
200,space opera
200,retribution
200,spacecraft officer
200,exploding ship
200,cosmos
200,technophobia
200,synthetic android
200,outer space
1576,biological weapon
1576,quarantine
1576,amnesia
1576,undercover
1576,dystopia
1576,mutant
1576,hologram
1576,flashback
1576,conspiracy
1576,zombie
1576,special forces
1576,based on video game
1817,sniper
1817,new york city
1817,psychopath
1817,terrorism
1817,real time
1817,publicist
1817,affair
1817,phone booth
11970,peasant
11970,hades
11970,cartoon
11970,villain
11970,musical
11970,pegasus
11970,zeus
11970,coming of age
11970,ancient greece
11970,aftercreditsstinger
11970,olympus
11970,hercules
11970,worth
599,new year's eve
599,jealousy
599,loss of sense of reality
599,screenwriter
599,butler
599,delusion
599,diva
599,film noir
599,hollywood
599,"los angeles, california"
599,black and white
599,madness
599,aging actor
599,has been
599,silent film star
599,grandiose  behavior
599,kept man
599,movie studio
599,powerful
599,tragic
11202,general
11202,steel helmet
11202,allies
11202,world war ii
11202,"normandy, france"
11202,dead soldier
11202,tank
11202,biography
11202,historical figure
11202,d-day
11202,destiny
11202,thoughtful
11202,dramatic
11202,commanding
11202,dimension 150
391,gunslinger
391,based on novel or book
391,hostility
391,greed
391,gang war
391,remake
391,murder
391,gun battle
391,spaghetti western
391,middleman
391,rivals
391,gun death
391,pitting ones enemy's against each other
391,techniscope
10693,"london, england"
10693,sibling relationship
10693,flying
10693,becoming an adult
10693,magic
10693,crocodile
10693,clock
10693,bravery
10693,fairy
10693,cartoon
10693,mermaid
10693,villain
10693,child hero
10693,musical
10693,pirate gang
10693,pirate
10693,小飞侠
9346,"chicago, illinois"
9346,high school
9346,brothel
9346,coming of age
9346,prostitution
9346,playful
9430,drug dealer
9430,ecstasy
9430,nightclub
9430,rave
9430,coming of age
9430,marijuana
9430,drug dealing
9430,"los angeles, california"
9430,las vegas
9430,drugs
9430,group of friends
9430,lgbt
9430,high
9430,bisexual man
9430,grocery store
9430,multiple storylines
9430,multiple perspectives
9430,rave culture
9430,narcotics
9430,christmas
9430,gay theme
9430,christmas eve
1850,show business
1850,comedian
1850,sexism
1850,biography
1850,pro wrestling
1850,mentally unstable
1850,stand-up comedian
1850,pro wrestlers
1850,biographical
9533,based on novel or book
9533,psychopath
9533,fbi
9533,murder
9533,serial killer
9533,psychological thriller
9533,cannibal
9533,biting
9533,macabre
9533,dentures
9533,megalomania
9533,mind game
9533,disturbed
9533,tabloid reporter
9533,chloroform
9533,police profiling
9533,psychotronic film
9533,fbi agent
9533,cannibalism
9533,psychological horror
9533,hannibal lecter
9533,suspenseful
9533,stethoscope
9533,sinister
9533,distressing
9533,excited
9533,frightened
9533,horrified
9533,psychological profiling
9533,crime thriller
9533,crime horror
7191,quarantine
7191,monster
7191,chaos
7191,skyscraper
7191,supernatural
7191,giant monster
7191,alien
7191,disaster
7191,break-up
7191,destruction
7191,survival horror
7191,kaiju
7191,military
7191,found footage
7191,aftercreditsstinger
7191,pov (point of view)
7191,desperate
7191,pseudo-documentary
7191,ominous
7191,faux documentary
7191,found footage adjacent
6947,"pennsylvania, usa"
6947,twist
6947,forest
6947,rural area
6947,blindness
6947,courtship
6947,mentally handicapped man
6947,aura
6947,village council
6947,bosque
6947,plot twist
2069,"chicago, illinois"
2069,hitman
2069,gangster
2069,new identity
2069,dark comedy
2069,"montreal, canada"
2069,mafia
2069,murderer
2069,suburb
2069,divorce
2069,dentist
2069,hoodlum
2069,unhappy marriage
9824,bowling
9824,hostage
9824,superhero
9824,sphinx
9824,training
9824,insane asylum
9824,based on comic
9824,casanova
9824,tools
9824,spoof
9824,shovel
9824,disco
9824,superhero spoof
9824,invisible person
9824,super villain
9824,invisibility
9824,bowling ball
9824,evil genius
9824,good versus evil
646,exotic island
646,"london, england"
646,space marine
646,card game
646,assassination
646,casino
646,based on novel or book
646,england
646,secret mission
646,spy
646,secret intelligence service
646,jamaica
646,intelligence
646,secret base
646,baccarat
646,secret organization
646,nuclear radiation
646,villain
646,secret agent
646,atomic reactor
646,caribbean sea
646,james bond
646,witty
646,excited
37735,high school
37735,small town
37735,lie
37735,loss of virginity
37735,coming of age
37735,teen movie
37735,school
37735,female protagonist
37735,high school student
37735,teen comedy
37735,intelligent
37735,duringcreditsstinger
37735,small town girl
37735,rumor
37735,teen drama
37735,pretend relationship
37735,gay friend
37735,teenager
8413,space marine
8413,nightmare
8413,insanity
8413,delusion
8413,hallucination
8413,space travel
8413,cryogenics
8413,gore
8413,black hole
8413,crew
8413,flashback
8413,evil spirit
8413,alternate dimension
8413,hellgate
8413,religion
8413,explosion
8413,burning man
8413,rescue team
8413,super power
8413,trapped in space
8413,distress signal
8413,2040s
8413,spaceship
8413,grimdark
8413,lovecraftian
8413,appreciative
8966,high school
8966,soulmates
8966,based on novel or book
8966,immortality
8966,vampire
8966,forbidden love
8966,teen movie
8966,trust
8966,desire
8966,washington state
8966,duringcreditsstinger
8966,woman director
8966,interspecies romance
8966,based on young adult novel
8966,supernatural power
8966,good versus evil
8966,high school romance
8966,vampire human love
8966,absurd
8966,hilarious
8966,baffled
8966,bewildered
8966,cliché
8966,embarrassed
8966,melodramatic
8966,ridiculous
8966,teen fantasy
9591,rock 'n' roll
9591,pop star
9591,"pennsylvania, usa"
9591,record label
9591,recording studio
9591,battle of the bands
9591,fictional band
9591,teen drama
9591,1960s
9591,one hit wonder
1368,prison
1368,guerrilla warfare
1368,dying and death
1368,vietnam war
1368,vietnam veteran
1368,hero
1368,vietnam
1368,police brutality
1368,sheriff
1368,escape
1368,police
1368,gun
1368,submachine gun
1368,falsely accused
1368,anti hero
1368,destroy
1368,self-defense
1368,firearm
1368,prosecution
1368,attempt to escape
1368,police operation
1368,matter of life and death
1368,tramp
1368,national guard
1368,woods
1368,rural area
1368,survivalist
1368,special forces
1368,aggressive
1368,absurd
1368,sympathetic
314365,pedophilia
314365,florida
314365,newspaper
314365,journalist
314365,child abuse
314365,court
314365,judge
314365,"boston, massachusetts"
314365,journalism
314365,sex scandal
314365,victim
314365,based on true story
314365,cover-up
314365,priest
314365,conspiracy
314365,lawyer
314365,historical fiction
314365,biting
314365,catholic
314365,roman catholic church
314365,lgbt
314365,catholicism
314365,9/11
314365,child molestation
314365,archdiocese
314365,investigative journalism
314365,cardinal
314365,serious
314365,understated
314365,powerful
314365,tragic
814,dying and death
814,"london, england"
814,intensive care
814,nurse
814,loss of loved one
814,zoo
814,transformation
814,affectation
814,halloween
814,full moon
814,black humor
814,london underground
814,yorkshire
814,rural area
814,werewolf
814,creature
814,moor (terrain)
814,british pub
814,dream sequence
814,macabre
814,angry
814,hikers
814,aggressive
814,malicious
814,playful
814,london zoo
814,practical special effects
814,provocative
814,absurd
814,incredulous
814,hilarious
814,admiring
814,adoring
814,ambiguous
814,ambivalent
814,baffled
814,defiant
814,foreboding
814,horrified
1927,california
1927,monster
1927,general
1927,mutation
1927,"san francisco, california"
1927,gun
1927,superhero
1927,dna
1927,transformation
1927,psychology
1927,berkeley
1927,based on comic
1927,president
1927,golden gate bridge
1927,doctor
1927,fear
1927,scientist
1927,dog
1927,desert
1927,anger
1927,phone
1927,military
1927,super villain
1927,cell
1927,superhuman strength
1927,repressed memory
1927,repression
1927,good versus evil
1927,introspective
1927,ambiguous
530,moon
530,inventor
530,missile
530,human animal relationship
530,cheese
530,vacation
530,rocket
530,moon landing
530,anthropomorphism
530,stop motion
530,robot
530,dog
530,ski
530,claymation
530,plasticine
530,short film
10061,prison
10061,martial arts
10061,showdown
10061,usa president
10061,war veteran
10061,dystopia
10061,anti hero
10061,post-apocalyptic future
10061,earthquake
10061,attempt to escape
10061,"los angeles, california"
10061,frantic
10061,reluctant hero
10428,new york city
10428,computer
10428,hacker
10428,computer virus
10428,virtual reality
10428,prank
10428,internet
10428,cyberpunk
10428,hacking
10428,secret service
10428,dream sequence
10428,playful
10428,so bad it’s good
10428,enthusiastic
10428,informative
10428,instructive
2294,experiment
2294,movie business
2294,comic book
2294,breaking the fourth wall
2294,self mocking
2294,gigantic hand
2294,view askewniverse
284054,africa
284054,superhero
284054,based on comic
284054,aftercreditsstinger
284054,duringcreditsstinger
284054,marvel cinematic universe (mcu)
1092,staged death
1092,black market
1092,cemetery
1092,investigation
1092,soviet military
1092,prater
1092,british army
1092,austria
1092,cover-up
1092,film noir
1092,black and white
1092,foot chase
1092,"vienna, austria"
1092,sewer
1092,missing person
1092,post world war ii
1092,ferris wheel
1092,grim
1092,penicillin
1092,forged passport
1092,suspenseful
1092,ominous
9383,experiment
9383,killing
9383,villain
9383,slasher
9383,scientist
9383,survival horror
9383,invisible person
9383,voyeurism
9383,invisibility
135397,island
135397,primal fear
135397,escape
135397,velociraptor
135397,dna
135397,tyrannosaurus rex
135397,animal attack
135397,sequel
135397,dinosaur
135397,creature
135397,scientist
135397,park
135397,amusement park
135397,theme park
135397,genetic engineering
135397,nostalgic
135397,costa rica
135397,raptor
135397,animal horror
135397,playful
135397,jungle adventure
135397,mosasaurus
135397,excited
135397,exhilarated
2270,witch
2270,new love
2270,based on novel or book
2270,kingdom
2270,transformation
2270,prince
2270,beauty
2270,wall
2270,falling star
2270,goat
2270,royalty
2270,unrequited love
2270,pirate
2270,fratricide
2270,air pirate
2270,turned into animal
3512,race against time
3512,pentagon
3512,u.s. air force
3512,satellite
3512,u.s. navy seal
3512,terrorism
3512,hand to hand combat
3512,cyber terrorism
3512,action hero
3512,good versus evil
3512,explosive action
3512,moving train
3512,colorado mountains
3512,railway hijacking
3512,train sabotage
3512,satellite control
13885,widow
13885,asylum
13885,confession
13885,razor
13885,villain
13885,musical
13885,beggar
13885,based on play or musical
13885,child in peril
13885,cane
13885,lust
13885,cannibal
13885,person on fire
13885,incest
13885,infatuation
13885,shaving
13885,social injustice
13885,barbershop
13885,oven
13885,macabre
13885,beadle
13885,seaman
13885,mother figure
13885,folktale
13885,corrupt judge
13885,intense
13885,horror musical
13885,tragic
3597,high school
3597,police
3597,blackmail
3597,fisherman
3597,letter
3597,cover-up
3597,friends
3597,revenge
3597,murder
3597,pageant
3597,slasher
3597,hook
3597,killer
3597,teen horror
657,assassin
657,"london, england"
657,assassination
657,based on novel or book
657,"venice, italy"
657,england
657,gypsy
657,secret mission
657,spy
657,secret intelligence service
657,secret organization
657,villain
657,kgb
657,orient express
657,zagreb
657,gondola
657,phantom
657,duringcreditsstinger
657,inspirational
657,james bond
657,whimsical
657,excited
9611,high school
9611,overweight child
9611,smoking
9611,marriage
9611,graduation
9611,cafeteria
9611,prom
9611,best friend
9611,buddy
9611,fashion
9611,alcoholic
9611,car trouble
9611,disabled
9611,high school reunion
9611,nostalgic
9611,social outcast
9611,ruse
9611,loving
9611,playful
9611,inspirational
9611,lighthearted
9611,joyous
9611,hilarious
9611,whimsical
9611,amused
9611,cheerful
9611,comforting
9611,excited
9611,joyful
9611,optimistic
9611,sarcastic
9611,vibrant
10003,"berlin, germany"
10003,"london, england"
10003,gas
10003,based on novel or book
10003,espionage
10003,politics
10003,spy
10003,master thief
10003,thief
10003,scientist
10003,"moscow, russia"
10003,the saint
10003,action hero
1909,sex addiction
1909,love
1909,mental institution
1909,patient
1909,psychiatrist
1909,don juan
9738,mask
9738,friendship
9738,marriage proposal
9738,fire
9738,sibling relationship
9738,flying
9738,radiation
9738,missile
9738,superhero
9738,dna
9738,transformation
9738,based on comic
9738,space
9738,laboratory
9738,explosion
9738,scientist
9738,super power
9738,space station
9738,brooklyn bridge
9738,superhuman strength
9738,invisibility
9738,elasticity
9738,baffled
2005,concert
2005,nun
2005,church choir
2005,dark comedy
2005,witness protection
2005,gospel
2005,singer
2005,murder
2005,singing nun
2005,fish out of water
2005,witness to murder
2005,mother superior
2005,monastery
2005,roman catholic church
2005,mob boss
1593,night shift
1593,skeleton
1593,chaos
1593,maya civilization
1593,museum
1593,genghis khan
1593,natural history
1593,dinosaur
1593,based on children's book
1593,magical object
1593,security guard
1593,aftercreditsstinger
1593,duringcreditsstinger
1593,pharaoh
1593,inanimate objects come to life
1593,cheerful
2609,"chicago, illinois"
2609,new york city
2609,holiday
2609,thanksgiving
2609,flight
2609,road trip
2609,train
2609,buddy
2609,receptionist
2609,slob
2609,"st. louis, missouri"
2609,double take
2609,chatter box
2609,wichita kansas
2609,speeding ticket
2609,chewing tobacco
2609,credit card fraud
2609,state trooper
2609,unlikely friendship
2609,aftercreditsstinger
2609,delayed flight
2609,hilarious
2609,whimsical
2609,amused
2609,cheerful
12163,daughter
12163,new jersey
12163,supermarket
12163,heart attack
12163,redemption
12163,ambition
12163,barbed wire
12163,stripper
12163,steroids
12163,fame
12163,pro wrestling
12163,reflective
12163,pro wrestlers
12163,dramatic
12163,cruel
374720,army
374720,beach
374720,france
374720,allies
374720,raf (royal air force)
374720,military officer
374720,world war ii
374720,evacuation
374720,pilot
374720,british army
374720,rescue mission
374720,europe
374720,based on true story
374720,royal navy
374720,survival
374720,historical fiction
374720,soldier
374720,period drama
374720,private
374720,military
374720,dunkirk
374720,1940s
374720,intense
374720,awestruck
374720,foreboding
9705,hacker
9705,hostage
9705,secret agent
9705,terrorism
9705,bank robbery
9705,ex-con
9705,wire
9705,misdirection
9705,aftercreditsstinger
226,small town
226,rape
226,identity
226,based on true story
226,romance
226,love
226,friends
226,murder
226,anger
226,hate crime
226,woman director
226,nebraska
226,trans man
226,small town murder
226,transphobia
226,gender identity
226,1990s
226,rural town
36586,martial arts
36586,mutation
36586,vampire
36586,lasersight
36586,superhero
36586,katana
36586,supernatural
36586,based on comic
36586,vampire hunter (slayer)
36586,revenge
36586,tragic villain
36586,super power
36586,reaper
36586,sword duel
36586,urban gothic
36586,anxious
36586,good versus evil
122917,gold
122917,corruption
122917,based on novel or book
122917,elves
122917,dwarf
122917,mine
122917,mountain
122917,sequel
122917,troll
122917,dragon
122917,battle
122917,unlikely friendship
122917,fantasy world
122917,wizard
122917,epic battle
122917,ring
122917,invisibility
122917,live action and animation
122917,high fantasy
122917,sword and sorcery
122917,dreary
122917,good versus evil
122917,armies
122917,hobbit
5176,dying and death
5176,race against time
5176,hero
5176,saloon
5176,parent child relationship
5176,liberation of prisoners
5176,arizona
5176,transport of prisoners
5176,wilderness
5176,stetson
5176,railway car
5176,rivalry
5176,remake
5176,gang
5176,gunfight
5176,family
5176,dishonesty
5176,heroic mission
5176,righting the wronged
277,"budapest, hungary"
277,love of one's life
277,vampire
277,subway
277,hostility
277,bite
277,descendant
277,hybrid
277,rivalry
277,shootout
277,werewolf
277,gothic
277,dark fantasy
277,lycanthrope
277,urban gothic
277,supernatural power
503475,anthology
503475,stop motion
503475,short compilation
503475,plasticine
110415,new year's eve
110415,rebellion
110415,cold
110415,parent child relationship
110415,winter
110415,brothel
110415,child labour
110415,pregnancy
110415,dystopia
110415,allegory
110415,post-apocalyptic future
110415,bridge
110415,train hijacking
110415,rifle
110415,based on comic
110415,dam
110415,survival
110415,train
110415,based on graphic novel
110415,guilt
110415,revolt
110415,duplicity
110415,tunnel
110415,social class
110415,cold weather
110415,population control
110415,perpetual winter
110415,2030s
110415,science fiction
110415,conspiracy thriller
110415,into the future
75612,spacecraft
75612,dystopia
75612,post-apocalyptic future
75612,based on comic
75612,space
75612,drone
75612,surveillance
75612,human vs alien
75612,wonder
75612,2070s
50646,friendship
50646,soulmates
50646,marriage crisis
50646,midlife crisis
50646,babysitter
50646,womanizer
50646,law school
50646,"los angeles, california"
50646,middle school
50646,relationship
50646,love affair
50646,divorcee
50646,teenage love
50646,playful
617,sailboat
617,florida
617,rape
617,sexual abuse
617,court case
617,blackmail
617,eroticism
617,sailing
617,seduction
617,everglades
617,heart-throb
617,cheerleader
617,menage a trois
617,conspiracy
617,duringcreditsstinger
617,erotic thriller
617,accusation
617,pool
50014,based on novel or book
50014,mississippi river
50014,exploitation
50014,racial segregation
50014,racism
50014,writer
50014,maid
50014,moral courage
50014,ressentiment
50014,southern belle
50014,racial issues
50014,1960s
50014,newspaper columnist
50014,desperate
50014,cautionary
50014,dramatic
11005,coma
11005,experiment
11005,based on novel or book
11005,hope
11005,miracle
11005,based on true story
11005,hospital
11005,illness
11005,woman director
11005,comatose
11005,medical drama
1571,helicopter
1571,"washington dc, usa"
1571,hostage
1571,detective
1571,fbi
1571,genius
1571,sarcasm
1571,parkour
1571,traffic chaos
1571,sequel
1571,hacking
1571,power outage
1571,police detective
1571,nypd
1571,federal agent
1571,fourth of july
1571,media manipulation
1571,nsa agent
1571,cyber terrorism
1571,police escort
1571,homeland security
1571,assassination team
1571,electric power station
1571,"based on magazine, newspaper or article"
1571,father daughter relationship
1571,algorithm
1571,computer hacker
1571,excited
470,life and death
470,rage and hate
470,transplantation
470,faith
470,suicide attempt
470,loss of loved one
470,widow
470,ex-detainee
470,new mexico
470,sadness
470,car crash
470,multiple storylines
22947,suitcase
22947,business
22947,omaha
22947,las vegas
22947,on the road
22947,fired from the job
22947,downsizing
22947,cross country
22947,videoconferencing
22947,employment termination
22947,business trip
22947,airport lounge
22947,duringcreditsstinger
22947,airline
22947,motivational speaker
22947,public speaking
22947,laid off
22947,mature romance
22947,traveler
22947,airport ending
22947,travel packing
22947,travel gift
22947,air travel
22947,frequent flyer
76,talking
76,soulmates
76,walking
76,austria
76,"vienna, austria"
76,semi autobiographical
76,playful
76,cliché
3989,egypt
3989,government
3989,france
3989,"paris, france"
3989,cairo
3989,capitalism
3989,loss of loved one
3989,shotgun
3989,war on terror
3989,shipwreck
3989,patriotism
3989,pentagon
3989,american dream
3989,destroy
3989,louvre museum
3989,american  way of life
3989,panama
3989,damage
3989,parody
3989,failure
3989,puppetry
3989,"eiffel tower, paris"
3989,global politics
3989,mass destruction
3989,agents
76203,slavery
76203,louisiana
76203,based on true story
76203,racism
76203,based on memoir or autobiography
76203,period drama
76203,slave owner
76203,shocking
76203,19th century
76203,sold into slavery
76203,abolitionist
76203,african american history
76203,american history
76203,deep south
76203,harsh
76203,chattel slavery
8914,shark attack
8914,creature
8914,scientist
8914,shark
8914,killer shark
8914,genetic engineering
8914,animal horror
8914,animal research
8914,underwater facility
8914,intense
8914,defiant
72105,friendship
72105,dreams
72105,satire
72105,love
72105,buddy
72105,teddy bear
72105,toy comes to life
72105,wishes come true
72105,joyous
13466,small town
13466,based on novel or book
13466,parent child relationship
13466,satellite
13466,biography
13466,based on true story
13466,rocket
13466,west virginia
13466,mining accident
13466,teacher
13466,coal mine
13466,1950s
13466,sputnik
13466,rocketry
1389,bedroom
1389,prison escape
1389,heist
1389,u.s. marshal
1389,locked in trunk of car
1389,diamond theft
1389,car trunk
838,farewell
838,california
838,rock 'n' roll
838,robbery
838,airplane
838,car race
838,love at first sight
838,radio station
838,radio presenter
838,radio
838,vandalism
838,pirate radio
838,coming of age
838,semi autobiographical
838,kids
838,radio dj
838,1960s
838,dreary
838,disapproving
838,disgusted
838,techniscope
892,underground
892,suicide attempt
892,dystopia
892,post-apocalyptic future
892,dark comedy
892,clown
892,butcher
892,butcher's shop
892,vegetarian
892,terror cell
892,surrealism
892,cannibal
892,cannibalism
892,post-apocalyptic
2924,"chicago, illinois"
2924,rescue
2924,fire
2924,corruption
2924,sibling relationship
2924,psychopath
2924,office
2924,investigation
2924,danger of life
2924,arson
2924,firefighting
2924,explosion
2924,warehouse
2924,pyromaniac
2924,firefighter
2924,somber
2924,suspenseful
36669,post-traumatic stress disorder (ptsd)
36669,espionage
36669,spy
36669,demonstration
36669,fencing
36669,laser
36669,satellite
36669,iceland
36669,sequel
36669,hong kong
36669,torture
36669,mi6
36669,british spy
36669,british secret service
36669,"havana, cuba"
36669,captured
36669,u.s. secret service agent
36669,publicist
36669,space based weapon
36669,adrenaline junkie
36669,dmz
36669,north korea
36669,spycraft
36669,james bond
36669,prisoner exchange
36669,conflict diamonds
10882,witch
10882,princess
10882,magic
10882,kingdom
10882,fairy tale
10882,sleep
10882,fairy
10882,cartoon
10882,prince
10882,castle
10882,villain
10882,kiss
10882,knight
10882,dragon
10882,dungeon
10882,female villain
10882,based on fairy tale
10882,comforting
10882,sleeping beauty
10882,technirama
865,based on novel or book
865,dystopia
865,game show
865,on the run
865,totalitarian
865,prison break
865,paranoid
865,dark future
865,wrongly accused
865,death game
865,not too distant future
865,fight for life
865,authoritarian
865,stalkers
865,alternate future
865,crowd mentality
11355,"chicago, illinois"
11355,high school
11355,newspaper
11355,journalist
11355,entrapment
11355,undercover
11355,nerd
11355,kiss
11355,romcom
11355,love
11355,prank
11355,prom
11355,reporter
11355,humiliation
11355,editor
11355,lighthearted
2788,yuppie
2788,roommates
2788,generations conflict
2788,cohabitant
2788,cabriolet
2788,unemployed
2157,future
2157,time travel
2157,robot
2157,sabotage
2157,deep space
2157,2050s
7863,australia
7863,letter
7863,child prodigy
7863,biography
7863,jumping
7863,pianist
7863,concert hall
7863,breakdown
7863,piano
7863,1950s
7863,1960s
7863,adelaide
1911,witch
1911,mission
1911,based on novel or book
1911,kingdom
1911,arabian
1911,village
1911,cave
1911,horse
1911,defence
1911,scandinavia
1911,vikings (norsemen)
1911,bagdad
1911,deception
1911,sword fight
1911,historical fiction
1911,barbarian
1911,fictional war
1911,demon
1911,combat
1911,cavalry
1911,medieval
1911,dark fantasy
1911,norse mythology
1911,warrior
1911,mysterious
1911,sword and sorcery
1911,10th century
177,homeless person
177,unsociability
177,holy grail
177,sense of guilt
177,loss of loved one
177,cynic
177,gun rampage
177,talk show
177,suppressed past
177,yuppie
177,forgiveness
177,legend
177,self-discovery
177,housebreaking
177,mental illness
177,fugue state
177,whimsical
177,exuberant
177,joyful
10189,smoking
10189,witness
10189,cannabis
10189,marijuana
10189,stoner
10189,roach
10189,painting toenails
10189,radio call in show
10189,seed
10189,stoner movie
9549,based on novel or book
9549,nasa
9549,politics
9549,cold war
9549,answering machine
9549,pilot
9549,u.s. air force
9549,space travel
9549,biography
9549,based on true story
9549,flight
9549,historical figure
9549,astronaut
9549,space race
9549,test pilot
9549,1940s
9549,1950s
9549,1960s
9549,sound barrier
9549,space program
9549,astronauts
37135,baby
37135,africa
37135,gorilla
37135,adoption
37135,cartoon
37135,villain
37135,feral child
37135,tarzan
37135,nest
37135,anthropomorphism
37135,jungle
37135,camp
37135,orphan
37135,accidental death
3573,"london, england"
3573,based on novel or book
3573,england
3573,etiquette
3573,victorian england
3573,best friend
3573,young woman
3573,courting
3573,19th century
3573,wealth differences
3573,matchmaker
3573,meddling friend
10201,california
10201,bungee-jump
10201,falling in love
10201,ex-wife
10201,hollywood bowl
10201,excuse
10201,burlesque
10201,opposites attract
10201,loan officer
10201,scooter
10201,duringcreditsstinger
10201,life changing
10201,candid
10201,inspirational
10201,best friends
10201,unlikely romance
10201,amused
10201,cheerful
10201,derisive
10201,joyful
12665,teenage boy
12665,held at gunpoint
12665,teacher student relationship
12665,albino
12665,fainting
12665,christ allegory
12665,psionic power
12665,healing power
12665,flickering light
12665,extrasensory perception
12665,pale
12665,powerful
277834,sailboat
277834,sea
277834,island
277834,saving the world
277834,ocean
277834,cartoon
277834,mythology
277834,villain
277834,musical
277834,coming of age
277834,curse
277834,sailor
277834,explorer
277834,aftercreditsstinger
277834,demigod
277834,polynesia
277834,voyage
277834,pacific  ocean
277834,quest
277834,island life
277834,giant crab
277834,animal sidekick
277834,seafarer
277834,3d animation
277834,admiring
277834,female explorer
9387,based on novel or book
9387,gladiator
9387,fight
9387,magic
9387,repayment
9387,mythology
9387,despot
9387,black magic
9387,warlord
9387,stone age
9387,thief
9387,barbarian
9387,wizard
9387,warrior
9387,serpent
9387,action hero
9387,sword and sorcery
9387,mysticism
9387,good versus evil
9387,irreverent
9387,grand
9387,admiring
820,vietnam war
820,central intelligence agency (cia)
820,assassination
820,usa president
820,government
820,politics
820,homophobia
820,texas
820,"new orleans, louisiana"
820,investigation
820,john f. kennedy
820,based on true story
820,historical figure
820,president
820,conspiracy
820,district attorney
820,death
820,john f. kennedy assassination
820,taunting
820,assassination of president
820,speculative
820,usa history
820,shocking
820,1960s
820,somber
820,courtroom drama
820,suspicious
820,legal thriller
820,america
820,ambiguous
820,antagonistic
820,defiant
8051,depression
8051,sibling relationship
8051,businessman
8051,shyness
8051,hawaii
8051,dysfunctional family
8051,psychological abuse
8051,"los angeles, california"
8051,burlesque
8051,nostalgic
8051,scam artist
8051,telephone sex
8051,pudding
8051,sweepstakes
8051,harmonium
8051,absurdist
8051,social anxiety
8051,emotional abuse
8051,anxious
8051,provo utah
8051,scam call center
8051,overbearing sister
8051,romantic
8051,apologetic
10403,based on novel or book
10403,homicide
10403,movie business
10403,blackmail
10403,screenwriter
10403,hollywood
10403,death threat
10403,movie mogul
10403,movie studio
10403,studio executive
10403,appreciative
10403,baffled
10403,harsh
9480,new york city
9480,blindness and impaired vision
9480,narration
9480,superhero
9480,based on comic
9480,blind
9480,hazardous waste
9480,mob hit
9480,duringcreditsstinger
9480,hell's kitchen
9480,intense
9480,bold
9480,vibrant
76338,superhero
76338,based on comic
76338,sequel
76338,hostile takeover
76338,norse mythology
76338,aftercreditsstinger
76338,duringcreditsstinger
76338,marvel cinematic universe (mcu)
76338,mythological place
4233,mask
4233,halloween
4233,college
4233,ohio
4233,campus
4233,sequel
4233,slaughter
4233,serial killer
4233,slasher
4233,university
4233,self-referential
4233,copycat killer
4233,approving
1548,female friendship
1548,based on comic
1548,high school graduation
1548,best friend
1548,high school friends
1548,social outcast
1548,art class
1548,record collector
1548,plaster
1548,personal ad
1548,blues music
1548,nunchaku
1548,prank telephone call
1548,aftercreditsstinger
1548,depressing
10398,sailboat
10398,court case
10398,"new orleans, louisiana"
10398,ferry boat
10398,deceived wife
10398,women's prison
10398,parole board
10398,wrongful imprisonment
10398,courtroom
10398,fake death
10398,ex-con
10398,lost at sea
10398,framed for murder
10398,parolee
10398,mother child separation
10398,revenge plot
10398,double jeopardy
10398,probation officer
10398,murder suspect
10398,prison life
10398,determination
10398,halfway house
10398,paintings
10398,convicted murderer
10398,revenge thriller
10398,best friends
10398,puget sound
10398,whidbey island
10398,mother looking for child
10398,husband fakes his murder
11382,new york city
11382,female lover
11382,talent
11382,mafia boss
11382,author
11382,playwright
11382,broadway
11382,nostalgic
11382,1920s
11382,compulsive eating
11827,flying car
11827,taxi
11827,heavy metal
11827,based on comic
11827,drug use
11827,rotoscoping
11827,adult animation
10684,gulf war
10684,war veteran
10684,politics
10684,praise
10684,pilot
10684,rescue mission
10684,dead soldier
10684,tank
10684,us army
10684,medal
10684,battlefield
10684,behind enemy lines
10684,military
10684,army life
3050,based on novel or book
3050,tiger
3050,"san francisco, california"
3050,veterinarian
3050,monkey
3050,dog
3050,talking to animals
3050,woman director
3050,father son relationship
3050,father daughter relationship
4348,based on novel or book
4348,england
4348,bachelor
4348,family relationships
4348,suitor
4348,prejudice
4348,period drama
4348,pride
4348,18th century
4348,opposites attract
4348,gentleman
4348,georgian or regency era
4348,sisters
8698,saving the world
8698,submarine
8698,"venice, italy"
8698,immortality
8698,based on comic
8698,kenya
8698,steampunk
8698,super power
8698,jekyll and hyde
8698,evil plot
8698,captain nemo
8698,allan quatermain
8698,secret lair
8698,nautilus
8698,unassuming
8698,immortal
8698,victorian era
8698,moriarty
8698,invisible man
8698,vampiress (female vampire)
8698,appreciative
8698,1800s
110,infidelity
110,judge
110,isolation
110,shadowing
110,english channel
110,"geneva, switzerland"
110,retiree
110,dog
110,surveillance
110,prediction
110,unlikely friendship
110,manifest destiny
110,love destiny
110,fashion model
110,empathetic
38055,prison
38055,saving the world
38055,date
38055,secret identity
38055,superhero
38055,anti hero
38055,museum
38055,villain
38055,romance
38055,alien
38055,anthropomorphism
38055,reporter
38055,super villain
38055,aftercreditsstinger
38055,duringcreditsstinger
38055,mysterious
38055,malicious
38055,3d animation
38055,bold
38055,enthusiastic
14534,underdog
14534,sports
14534,american football
14534,biography
14534,based on true story
14534,family relationships
14534,aspiration
10802,dancing
10802,go-go dancer
10802,striptease
10802,spanner
10802,affectation
10802,seduction
10802,sexappeal
10802,strip club
10802,rivalry
10802,las vegas
10802,campy
10802,malicious
10802,showgirls
10802,cautionary
10802,provocative
10802,dramatic
10802,dancing girls
10802,incredulous
10802,egotistical
10802,bitter
10802,admiring
10802,callous
10802,mean spirited
10802,melodramatic
1907,exotic island
1907,beach
1907,based on novel or book
1907,hippie
1907,map
1907,commune
1907,delusion
1907,shark attack
1907,thailand
1907,backpacker
1907,community
1907,marijuana
1907,shark
1907,extramarital affair
1907,voiceover
2114,future
2114,dystopia
2114,post-apocalyptic future
2114,space travel
2114,battle assignment
2114,alien
2114,downfall
2114,soldier
2114,scientist
2114,fictional war
2114,based on video game
2114,adult animation
2114,military
2114,soul transference
2114,motion capture
2114,female scientist
2114,alien creature
2114,2060s
2114,baffled
172,spacecraft
172,self sacrifice
172,teleportation
172,starship
172,loss of loved one
172,uss enterprise-a
172,hostage
172,liberation of hostage
172,half-brother
172,sequel
172,space western
172,romulans
172,belief in god
172,cult leader
172,space opera
172,levitation
172,el capitan
172,outer space
172,jailbreak
266856,husband wife relationship
266856,biography
266856,based on true story
266856,physicist
266856,based on memoir or autobiography
266856,fictional biography
266856,medical drama
266856,motor neuron disease
266856,als
266856,cambridge university
266856,inspirational
266856,admiring
10537,rock 'n' roll
10537,airplane
10537,hippie
10537,joint
10537,poetry
10537,lsd
10537,hallucination
10537,wilderness
10537,addicted
10537,organ
10537,biography
10537,alcoholism
10537,singer
10537,drugs
10537,period drama
1443,suicide
1443,based on novel or book
1443,michigan
1443,suicide attempt
1443,1970s
1443,coming of age
1443,suburb
1443,lust
1443,family
1443,catholic
1443,overprotective parent
1443,teen suicide
1443,femininity
1443,woman director
1443,male gaze
1443,anxious
1443,cautionary
1443,sisters
1443,disheartening
14161,race against time
14161,maya civilization
14161,civilization
14161,natural disaster
14161,earthquake
14161,end of the world
14161,disaster
14161,apocalypse
14161,destruction
14161,volcanic eruption
14161,flood
14161,disaster movie
14161,ark
14161,solar
14161,2010s
14161,cautionary
14161,dramatic
14161,tense
14161,urban collapse
9837,egypt
9837,moses
9837,kingdom
9837,pyramid
9837,exodus
9837,bible
9837,musical
9837,governance
9837,ancient egypt
9837,nostalgic
9837,aftercreditsstinger
9837,pharaoh
9837,woman director
9837,passover
9837,music
9837,dramatic
9837,hopeful
9837,13th century bc
37094,detective
37094,rocket launcher
37094,fast food restaurant
37094,retirement
37094,traffic jam
37094,gang
37094,"los angeles, california"
37094,divorce
37094,anger
37094,cynical
37094,psychotic
37094,inequality
37094,road rage
37094,urban decay
37094,laid off
37094,disturbed
37094,aggressive
37094,philosophical
37094,unassuming
37094,price gouging
37094,person snapping
37094,suspenseful
37094,critical
37094,intense
37094,antagonistic
37094,farcical
11522,high school
11522,jealousy
11522,bullying
11522,outcast
11522,crush
11522,clique
11522,first love
11522,fashion design
11522,peer pressure
11522,social differences
11522,school life
11522,abandoned by mother
11522,1980s
11522,wealth differences
11522,teenage angst
11522,record store
11522,high school prom
83542,future
83542,artificial intelligence (a.i.)
83542,based on novel or book
83542,"san francisco, california"
83542,clone
83542,dystopia
83542,lgbt
83542,multiple storylines
83542,duringcreditsstinger
83542,century
83542,woman director
83542,1930s
83542,awestruck
859,plan
859,lovesickness
859,"paris, france"
859,based on novel or book
859,cheating
859,cynic
859,sexuality
859,boredom
859,praise
859,lover
859,ladykiller
859,fiancé
859,seduction
859,love letter
859,courtly life
859,loss of virginity
859,wager
859,gender roles
859,18th century
859,sword duel
859,baroque
859,seducer
20504,faith
20504,chaos
20504,dystopia
20504,post-apocalyptic future
20504,bible
20504,survival
20504,gunfight
20504,blind
20504,brutality
20504,cannibal
20504,combat
20504,2040s
20504,carnage
20504,grimdark
1024,mother
1024,obsession
1024,literature
1024,christchurch
1024,based on true story
1024,love
1024,friends
1024,murder
1024,relationship
1024,1950s
1024,absurd
1024,compassionate
1024,sincere
2039,opera
2039,marriage proposal
2039,husband wife relationship
2039,italian american
2039,"sicily, italy"
2039,widow
2039,superstition
2039,full moon
2039,man woman relationship
2039,mama's boy
2039,bakery
2039,engagement
2039,family relationships
2039,italian restaurant
2039,dog
2039,makeover
2039,"brooklyn, new york city"
2039,dying mother
2039,mothering
2039,holiday season
2039,extended family
2039,engaged couple
2039,baker
2039,estranged brother
2039,bookkeeper
2039,the metropolitan opera
2039,la bohème
2039,bad blood
2039,disapproving parent
2039,passion and romance
2039,affair
2039,hilarious
2039,romantic
2039,melodramatic
259316,witch
259316,new york city
259316,robbery
259316,escape
259316,teleportation
259316,magic
259316,suitcase
259316,mistake
259316,spin off
259316,subway station
259316,wizard
259316,goblin
259316,magical creature
259316,1920s
259316,based on young adult novel
259316,fantastic beasts and where to find them
9304,mistake in person
9304,clone
9304,cloning
9304,construction
273481,mission
273481,assassin
273481,central intelligence agency (cia)
273481,mexico
273481,corruption
273481,bomb
273481,fbi
273481,smoking
273481,texas
273481,border
273481,manipulation
273481,cynicism
273481,revenge
273481,murder
273481,dirty cop
273481,brutality
273481,drugs
273481,special forces
273481,interrogation
273481,desert
273481,surveillance
273481,blunt
273481,night vision
273481,death of daughter
273481,moral dilemma
273481,neo-noir
273481,death of wife
273481,mexican cartel
273481,reflective
273481,serious
273481,secret tunnel
273481,dramatic
273481,violence
273481,suspenseful
273481,intense
273481,awestruck
273481,powerful
273481,"juárez, mexico"
6471,blow
6471,neominstrelsy
6471,phone book
6471,sharecropper
6471,tennis court
9481,new york city
9481,taxi
9481,based on novel or book
9481,psychopath
9481,taxi driver
9481,bone
9481,partnership
9481,serial killer
9481,author
9481,crime scene
9481,rookie cop
9481,nypd
9481,homicide detective
9481,quadriplegic
9481,gruesome
9481,home care nurse
9481,decipher
9481,homicide investigation
9481,sadistic killer
9481,cryptic
9481,furious
9481,ambiguous
9481,antagonistic
9481,conceited
9481,ghoulish
9481,former detective
9481,forensic expert
9481,crime scene investigation
1865,sea
1865,ship
1865,mutiny
1865,spain
1865,england
1865,sword
1865,prime minister
1865,sailing
1865,mermaid
1865,duke
1865,sequel
1865,silver
1865,pirate
1865,soldier
1865,battle
1865,swashbuckler
1865,18th century
1865,aftercreditsstinger
1865,blackbeard
1865,based on theme park ride
1865,whimsical
1865,excited
122906,"london, england"
122906,soulmates
122906,parent child relationship
122906,time travel
122906,family secrets
122906,"cornwall, england"
122906,family
122906,second chance
122906,time-manipulation
122906,reflective
122906,playful
122906,introspective
122906,intimate
122906,whimsical
122906,admiring
122906,adoring
122906,appreciative
122906,celebratory
122906,comforting
122906,compassionate
122906,exuberant
122906,hopeful
122906,viajes en el tiempo
122906,viaje en el tiempo
1955,friendship
1955,"london, england"
1955,escape
1955,nurse
1955,exploitation
1955,biography
1955,based on true story
1955,tragedy
1955,hospital
1955,black and white
1955,period drama
1955,social injustice
1955,physical abuse
1955,curiosity
1955,disability
1955,sideshow
1955,dying young
1955,emotional vulnerability
1955,disfigurement
1955,birth defect
1955,deformed
1955,circus freak
1955,discrimination
1955,shame
1955,physical disability
1955,humanity
1955,physical deformity
1955,freak show
1955,freak
1955,abuse
1955,19th century
1955,dignity
1955,social isolation
1955,human monster
1955,emotion
1955,anxiety
1955,social integration
1955,introspection
1955,psychological healing
1955,1880s
11318,husband wife relationship
11318,biography
11318,based on true story
11318,based on play or musical
11318,parliament
11318,mental illness
11318,mental health
11318,18th century
11318,king of england
11318,assassination attempt
11318,aristocracy
11318,british monarchy
11318,self destructiveness
864,underdog
864,sports
864,winter
864,olympic games
864,jamaica
864,trainer
864,training camp
864,reggae
864,bobsleighing
864,based on true story
864,bobsled
864,winter sport
864,calgary
864,inspirational
864,hilarious
864,excited
10663,sports
10663,stutter
10663,louisiana
10663,social outcast
10663,ridicule
10663,deserted by husband
10663,low self esteem
10663,waterboy
10663,college american football
68726,monster
68726,dystopia
68726,giant monster
68726,pacific
68726,alaska
68726,giant robot
68726,apocalypse
68726,hong kong
68726,robot
68726,alien invasion
68726,kaiju
68726,duringcreditsstinger
68726,monster movie
10409,dance
10409,husband wife relationship
10409,dancer
10409,parent child relationship
10409,transformation
10409,dance competition
10409,revelation
10409,musical
10409,based on play or musical
10409,partner
10409,flashback
10409,ballroom dancing
10409,falling in love
10409,dance lesson
10409,championship
10409,dance school
10409,rhumba
10409,paso doble
3536,mission
3536,submarine
3536,world war ii
3536,north atlantic
3536,enigma machine
3536,adoring
1724,new york city
1724,rio de janeiro
1724,superhero
1724,based on comic
1724,fugitive
1724,on the run
1724,super soldier
1724,scientist
1724,virginia
1724,military
1724,super villain
1724,marvel cinematic universe (mcu)
1724,radical transformation
1724,good versus evil
1724,intimate
1562,dying and death
1562,"london, england"
1562,sibling relationship
1562,chaos
1562,loss of loved one
1562,mutant
1562,supernatural
1562,survival
1562,on the run
1562,zombie
1562,escapade
1562,virus
1562,plague
1562,female corpse
1562,deadly
956,mask
956,mission
956,"berlin, germany"
956,central intelligence agency (cia)
956,computer
956,the white house
956,"shanghai, china"
956,funeral
956,explosive
956,secret mission
956,spy
956,vatican (holy see)
956,secret identity
956,traitor
956,map
956,honeymoon
956,pretended murder
956,letter
956,fake identity
956,covered investigation
956,secret agent
956,stamp
956,hard drive
956,e-mail
956,decipherment
956,suitcase
956,sequel
956,secret government organization
956,revenge
956,murder
956,hospital
956,infiltration
956,duel
956,disguise
956,celebration
956,fictional government agency
956,research laboratory
956,government agency
956,blast
956,desperate
956,anxious
956,based on tv series
956,suspenseful
956,amused
1654,mission
1654,based on novel or book
1654,nazi
1654,secret mission
1654,world war ii
1654,castle
1654,hand grenade
1654,training
1654,us army
1654,fistfight
1654,shootout
1654,suicide mission
1654,soldier
1654,explosion
1654,commando
1654,behind enemy lines
1654,military police
1654,commando unit
1654,metrocolor
10220,new york city
10220,friendship
10220,casino
10220,poker
10220,gambling
10220,call girl
10220,bratva (russian mafia)
10220,gambling debt
10220,roulette
10220,gain
10220,atlantic city
10220,law student
10220,loan shark
10220,credit card fraud
10220,neo-noir
11236,based on novel or book
11236,servant
11236,garden
11236,uncle
11236,yorkshire
11236,little girl
11236,orphan
11236,woman director
11236,old mansion
11236,english garden
11362,treasure
11362,based on novel or book
11362,loss of loved one
11362,"marseille, france"
11362,female lover
11362,ex-lover
11362,napoleon bonaparte
11362,prison escape
11362,sword fight
11362,torture
11362,period drama
11362,historical
11362,swashbuckler
11362,betrayal by friend
11362,19th century
11362,awestruck
49530,future
49530,race against time
49530,immortality
49530,bank
49530,dystopia
49530,time
49530,love
49530,on the run
49530,class differences
49530,biting
49530,cops and robbers 
49530,aggressive
49530,rich vs poor
49530,in time
49530,antagonistic
49530,defiant
49530,urgent
4234,mask
4234,california
4234,isolation
4234,movie business
4234,halloween
4234,ex-cop
4234,sequel
4234,serial killer
4234,reporter
4234,slasher
4234,hollywood
4234,self-referential
4234,phone call
4234,satirical
984,sniper
984,police
984,ambush
984,chase
984,ransom
984,"san francisco, california"
984,kidnapping
984,psychopath
984,detective
984,mayor
984,investigation
984,assault
984,swimming pool
984,beating
984,serial killer
984,gunfight
984,maniac
984,hunt
984,school bus
984,revolver
984,shocking
984,aggressive
984,neo-noir
984,police procedural
984,suspenseful
984,intense
984,antagonistic
984,commanding
984,defiant
984,tragic
984,harry callahan
10714,based on novel or book
10714,tiger
10714,feral child
10714,jungle
10714,bear
10714,falling in love
4108,martial arts
4108,transporter
4108,france
4108,human trafficking
4108,organized crime
4108,police chase
4108,gunfight
4108,explosion
4108,young woman
4108,getaway driver
4108,assassination attempt
4108,rules
4108,bmw
4108,ex special forces
4108,french police
4108,french detective
4108,nice france
4108,precision
4108,transport
4108,admiring
4108,no questions asked
4108,french inspector
4108,modified vehicle
10647,child's point of view
10647,candlelight vigil
10647,good deed
10647,exotic dancer
10647,schoolteacher
10647,extra credit assignment
10647,disfigurement
10647,junior high school
10647,burn injury
10647,woman director
1406,stetson
1406,vacation
1406,cattle drive
1406,prairie
1406,fish out of water
1406,mid-life crisis
1406,lighthearted
108,france
108,"paris, france"
108,composer
108,pain
108,to compose
108,loss of loved one
108,psychological drama
108,french
64682,infidelity
64682,based on novel or book
64682,obsession
64682,hope
64682,"long island, new york"
64682,1920s
64682,voiceover
9919,bet
9919,new york city
9919,journalist
9919,therapist
9919,advertising expert
9919,romcom
9919,basketball
9919,relationship
9919,advice columnist
9919,blunt
9919,group of friends
9919,battle of the sexes
9919,relationship sabotage
9919,ulterior motive dating
9919,clinical
9919,women's magazine
9919,new york knicks
746,suicide
746,experiment
746,china
746,isolation
746,buddhism
746,becoming an adult
746,war crimes
746,suicide attempt
746,war on drugs
746,revolution
746,drug addiction
746,opium
746,arranged marriage
746,world war ii
746,emperor
746,coup d'etat
746,manchuria
746,dynasty
746,reeducation camp
746,biography
746,based on true story
746,autobiography
746,teacher
746,"beijing, china"
746,dowager
746,decadence
746,communism
746,1920s
746,1940s
746,1950s
746,1910s
746,1930s
746,forbidden city
746,japanese occupation of china
41154,time travel
41154,time machine
41154,based on comic
41154,sequel
41154,alien
41154,buddy cop
41154,fictional government agency
41154,seeing the future
41154,changing history
625,journalist
625,vietnam
625,cambodia
625,civil war
625,based on novel or book
625,photographer
625,mass murder
625,1970s
625,evacuation
625,embassy
625,national socialist party
625,killing fields
625,red khmer
625,pol pot
625,pulitzer prize
625,based on true story
625,brutality
625,genocide
625,communism
625,khmer rouge
625,violence
297762,island
297762,hero
297762,strong woman
297762,world war i
297762,empowerment
297762,superhero
297762,feminism
297762,greek mythology
297762,based on comic
297762,female protagonist
297762,period drama
297762,super power
297762,heroine
297762,woman director
297762,female empowerment
297762,1910s
297762,dc extended universe (dceu)
55,daughter
55,secret love
55,homeless person
55,"mexico city, mexico"
55,money
55,dog fighting
55,dog
55,nonlinear timeline
55,multiple storylines
55,new mexican cinema
55,commanding
1779,capitalism
1779,economics
1779,unemployment
1779,corporate greed
10312,based on novel or book
10312,nurse
10312,1970s
10312,based on true story
10312,psychiatric hospital
10312,hospital
10312,doctor
10312,suicidal thoughts
10312,medical school
10312,determination
10312,medical drama
10312,1960s
10312,based on real person
2832,prostitute
2832,prisoner
2832,psychopath
2832,nevada
2832,detective
2832,rain
2832,motel
2832,weather
2832,ex-cop
2832,murder
2832,stranded
2832,serial killer
2832,slasher
2832,psychological thriller
2832,whodunit
2832,storm
2832,psychiatrist
2832,convict
2832,thunderstorm
2832,rainstorm
2832,split personality
2832,mental disorders
2832,murder mystery
2832,dissociative identity disorder
2832,isolated place
764,audio tape
764,aggression
764,halloween
764,log cabin
764,friends
764,cabin
764,zombie
764,occult
764,book of the dead
764,evil dead
764,necronomicon
764,demonic possession
764,macabre
764,zealous
764,based on short film
764,lovecraftian
764,antagonistic
764,frightened
82702,rescue
82702,husband wife relationship
82702,sacrifice
82702,parent child relationship
82702,loss of loved one
82702,villain
82702,melancholy
82702,vikings (norsemen)
82702,sequel
82702,dragon
82702,nostalgic
82702,warrior
82702,mysterious
82702,philosophical
82702,reflective
82702,mother son relationship
82702,loving
82702,3d animation
82702,inspirational
82702,wistful
82702,intimate
82702,dramatic
82702,sentimental
82702,intense
82702,romantic
82702,whimsical
82702,adoring
82702,amused
82702,appreciative
82702,awestruck
82702,bewildered
82702,celebratory
82702,comforting
82702,commanding
82702,compassionate
82702,enthusiastic
82702,euphoric
82702,excited
82702,exhilarated
82702,optimistic
82702,sincere
82702,tragic
82702,vibrant
212,poison
212,cemetery
212,insanity
212,cellar
212,marriage
212,murder
212,serial killer
212,writer
212,corpse
212,critic
9339,dying and death
9339,regret
9339,workaholic
9339,heart attack
9339,architect
9339,liposuction
9339,time travel
9339,remote control
9339,obesity
9339,hospital
9339,wedding
9339,dog
9339,second chance
9339,fatherhood
9339,alternative reality
9339,absurd
9339,time jump
11153,holiday
11153,vacation
11153,relatives
11153,road trip
11153,domestic life
11153,family vacation
11153,family holiday
11153,amusement park
11153,theme park
11153,duringcreditsstinger
11153,trip
10215,"london, england"
10215,ex-girlfriend
10215,in flagranti
10215,fate
10215,tube
10215,fired from the job
10215,boyfriend girlfriend relationship
10215,parallel lives
10215,parallel story
10215,alternate timeline
10215,what if
10215,publicist
10215,parallel layers of reality
10215,romantic
3036,experiment
3036,halloween
3036,remake
3036,gothic horror
3036,macabre
3036,angry
3036,philosophical
3036,goth
3036,anxious
3036,intimate
3036,audacious
3036,callous
3036,compassionate
3036,sympathetic
11561,future
11561,government
11561,revolution
11561,dystopia
11561,satire
11561,control
11561,robot
11561,tyranny
11561,cyrogenics
11561,anarchic comedy
9905,distrust
9905,scotland
9905,roommates
9905,overdose
9905,dark comedy
9905,"edinburgh, scotland"
9905,money
9905,shallow grave
9905,exploitation of friendship
9905,neo-noir
9905,grim
9905,mischievous
9905,cautionary
9905,absurd
9905,tense
9905,witty
9905,friendship comedy
9905,ambiguous
9905,dubious
9905,wry
9905,boundaries of friendship
359940,small town
359940,police brutality
359940,missouri
359940,alcoholism
359940,murder
359940,cancer
359940,teenage girl
359940,police corruption
359940,racism
359940,biting
359940,guilty conscience
359940,angry
359940,serious
359940,grieving mother
359940,tragic
15472,journalist
15472,island
15472,bondage
15472,rape
15472,strong woman
15472,hacker
15472,based on novel or book
15472,nazi
15472,blow job
15472,antisocial personality disorder
15472,female protagonist
15472,whodunit
15472,newspaper man
15472,millennium
15472,female empowerment
15472,locked room mystery
15472,girl with piercings
15472,woman murder
8859,friendship
8859,amnesia
8859,tattoo
8859,idiot
8859,girlfriend
8859,stupidity
8859,cannabis
8859,hangover
8859,spoof
8859,drugs
8859,alcohol abuse
8859,celebration
8859,duringcreditsstinger
8859,kids
8859,stoner movie
2789,prison
2789,bounty hunter
2789,dystopia
2789,anti hero
2789,space travel
2789,sequel
2789,escaped convict
2789,on the run
2789,alien race
2789,futuristic society
2789,planet invasion
2789,reluctant hero
2789,intergalactic travel
2789,x-ray vision
2789,future noir
2789,annihilation
2789,save humanity
2789,bounty
2789,multiverse
2789,draining souls
2789,deadly planet
2789,super max prison
2789,necro
804,dance
804,"rome, italy"
804,photography
804,boat
804,secret identity
804,intelligence
804,embassy
804,forbidden love
804,sightseeing
804,duty
804,black and white
9889,overweight
9889,hypnosis
9889,overweight man
9889,rejection
9889,death of father
9889,volunteer
9889,overweight woman
9889,superficiality
9889,obesity
9889,hospital
9889,dating
9889,falling in love
9889,fat suit
9889,dance club
9889,helping children
9889,physical deformity
9889,beauty standards
9889,superficial
9889,attractiveness
9889,disabled person
9889,inner beauty
9889,peace corps
4421,gulf war
4421,helicopter
4421,middle east
4421,libya
4421,u.s. navy
4421,sexism
4421,naval officer
4421,sexual harassment
4421,feminist
4421,u.s. navy seal
4421,drill instructor
4421,military
4421,against the odds
4421,u.s. senator
4421,us military
4421,military training
4421,reconnaissance
4421,sexual discrimination
4421,proving oneself
4421,political
4421,women in the military
4421,woman in a man's world
4421,military tradition
4421,one of the guys
4421,physical training
4421,military exercises
4421,seal team
10515,army
10515,flying
10515,magic
10515,mine
10515,castle
10515,lost civilisation
10515,pirate
10515,orphan
10515,government agent
10515,floating
10515,pendant
10515,blue sky
10515,air pirate
10515,crystal
10515,anime
10515,incredulous
10515,adventure
3176,high school
3176,friendship
3176,suicide
3176,island
3176,japan
3176,based on novel or book
3176,asia
3176,dystopia
3176,gore
3176,survival
3176,tragedy
3176,murder
3176,soldier
3176,battle
3176,death
3176,death match
3176,teen drama
3176,school class
3176,japanese
3176,extreme violence
3176,psychological
3176,science fiction
3176,inspirational
3176,students
3176,suspense
3176,death game
9067,dystopia
9067,destroy
9067,reincarnation
9067,based on comic
9067,desert
9067,woman director
9067,2030s
11929,depression
11929,child abuse
11929,island
11929,based on novel or book
11929,detective
11929,suspicion of murder
11929,abusive father
11929,melancholy
11929,dysfunctional family
11929,lawsuit
11929,alcoholism
11929,murder
11929,maine
11929,domestic violence
11929,reporter
11929,maid
11929,anger
11929,alcoholic father
11929,macabre
11929,angry
11929,accident
11929,abusive husband
11929,anti-depressant
11929,bank account
11929,antagonistic
11929,awestruck
240832,artificial intelligence (a.i.)
240832,telepathy
240832,intelligence
240832,drug mule
240832,time travel
240832,telekinesis
240832,futuristic
240832,drugs
240832,super power
240832,tough girl
240832,surgery
240832,brain capacity
240832,synthetic drug
240832,human brain
240832,absurd
240832,cliché
240832,melodramatic
240832,pretentious
3116,new york city
3116,friendship
3116,prostitute
3116,rape
3116,based on novel or book
3116,shower
3116,texas
3116,hustler
3116,homelessness
3116,rape of a male
3116,male homosexuality
3116,male prostitution
3116,fish out of water
3116,gang rape
3116,cynical
3116,lgbt
3116,male bonding
3116,polio
3116,1960s
3116,anxious
3116,cautionary
3116,provocative
3116,psychological drama
109424,ship
109424,africa
109424,fisherman
109424,hijacking
109424,somalia
109424,based on true story
109424,poverty
109424,pirate
109424,terrorism
109424,commando
109424,cargo ship
109424,ship hijacking
109424,somali
109424,set in africa
9506,penalty
9506,therapist
9506,psychology
9506,aggression
9506,rage
9506,anger
9506,"brooklyn, new york city"
9506,anger management
9506,anger issues
9506,joyous
9506,amused
9506,manipulative man
287,jealousy
287,love triangle
287,sports
287,stadium
287,age difference
287,poem
287,baseball
287,trainer
287,pitcher
287,flirt
287,home run
287,minor leagues
612,hotel room
612,israel
612,mossad
612,assassination
612,"paris, france"
612,hostage
612,olympic games
612,1970s
612,intelligence
612,"munich, germany"
612,ailul al aswad
612,plo terrorist group
612,bomb constructor
612,olympian village
612,revenge
612,terrorism
612,terrorist group
1535,vietnam war
1535,palestinian-israeli conflict
1535,central intelligence agency (cia)
1535,china
1535,espionage
1535,spy
1535,cold war
1535,flashback
1535,terrorism
1715,based on novel or book
1715,orphanage
1715,pregnancy
1715,drug addiction
1715,cigarette
1715,cider
1715,maine
1715,orphan
1715,incest
1715,drug overdose
1715,war injury
1715,apple cider
1715,anesthetic
1715,incinerator
1715,picking apples
1715,1940s
1715,abortion
1715,abortionist
5825,squirrel
5825,holiday
5825,boss
5825,rottweiler
5825,christmas tree
5825,vacation
5825,sequel
5825,family dinner
5825,neighbor
5825,domestic life
5825,fantasy sequence
5825,lights
5825,christmas
5825,christmas bonus
5825,jello
5825,christmas eve
5825,romantic
5825,adoring
68724,future
68724,capitalism
68724,dystopia
68724,space station
68724,class conflict
68724,late stage capitalism
68724,health inequality
68724,social inequality
68724,wealth inequality
7131,transylvania
7131,vampire
7131,vatican (holy see)
7131,bite
7131,castle
7131,steampunk
7131,werewolf
7131,gothic horror
7131,van helsing
7131,notre dame cathedral
7131,19th century
7131,mr. hyde
7131,frankenstein
7131,dracula
7131,fantasy
20526,artificial intelligence (a.i.)
20526,computer program
20526,video game
20526,secret identity
20526,dystopia
20526,simulation
20526,super computer
20526,utopia
20526,deception
20526,computer simulation
20526,sequel
20526,computer game
20526,based on video game
20526,80s style
20526,autocracy
20526,based on game
981,journalist
981,"philadelphia, pennsylvania"
981,strong woman
981,photographer
981,journalism
981,swimming pool
981,remarriage
981,hangover
981,reporter
981,black and white
981,divorcee
981,screwball comedy
981,socialite
981,ex-husband ex-wife relationship
981,high society
981,fiancé fiancée relationship
981,divorced couple
981,family estate
981,inebriated
981,imminent wedding
981,kid sister
981,mischievous
981,tabloid journalism
981,comedy of remarriage
981,romantic
10612,wales
10612,world war i
10612,village
10612,1910s
10612,cartographer
10163,dreams
10163,virtual reality
10163,technology
10163,chimpanzee
10163,manipulation
10163,botanist
10163,lemonade
10163,revenge
10163,cyberpunk
10163,scientist
10163,cyberspace
10163,surveillance
10163,based on short story
10163,intelligent
10163,world domination
10163,supernatural power
2655,lake
2655,therapist
2655,haunted house
2655,haunting
2655,suspicion
2655,ouija board
2655,car accident
2655,new neighbor
2655,vermont
2655,missing child
2655,ghost
2655,séance
2655,mysterious
2655,shocking
2655,angry
2655,secret
2655,absurd
2655,admiring
2655,ambiguous
2655,appreciative
2655,approving
2655,audacious
2655,baffled
2655,sympathetic
2655,vibrant
1164,daughter
1164,first time
1164,loss of loved one
1164,gun
1164,deaf-mute
1164,"san diego, california"
1164,ecstasy
1164,nanny
1164,illegal immigration
1164,morocco
1164,drug use
1164,"tokyo, japan"
1164,bullet wound
1164,multiple storylines
1164,tijuana
1164,incident
1164,non linear
12106,gunslinger
12106,revenge
12106,prairie
12106,shootout
12106,awestruck
12106,powerful
533,northern england
533,hunter
533,competition
533,village
533,garden
533,halloween
533,villain
533,parody
533,vegetable
533,yorkshire
533,stop motion
533,contest
533,dog
533,rabbit
533,pest control
533,giant vegetable
533,claymation
533,plasticine
533,3d animation
533,joyous
533,whimsical
1412,sexual obsession
1412,sexuality
1412,orgasm
1412,spanner
1412,louisiana
1412,longing
1412,interview
1412,love affair
1412,videotape
1412,voyeurism
1412,minimal
81,future
81,airplane
81,saving the world
81,human vs nature
81,fungus spores   
81,post-apocalyptic future
81,giant insect
81,toxic
81,based on manga
81,ecology
81,anime
81,adventure
49521,saving the world
49521,flying
49521,hope
49521,superhero
49521,based on comic
49521,alien planet
49521,superhuman
49521,alien invasion
49521,super power
49521,mysterious force
49521,reboot
49521,save the day
49521,dc extended universe (dceu)
49521,save the planet
49521,origin story
49521,alien spaceship
49521,defiant
10249,nazi
10249,superhero
10249,airplane wreck
10249,based on comic
10249,airship
10249,steampunk
10249,"los angeles, california"
10249,based on graphic novel
10249,flying man
10249,pilot hero
10249,nazi collaborationism
10249,1930s
10249,griffith observatory
8388,hero
8388,mexico
8388,village
8388,usa–mexico border
8388,confusion
8388,spoof
8388,western hero
8388,western band
8388,playful
8388,ridiculous
1073,army
1073,"washington dc, usa"
1073,bomb
1073,wife
1073,politics
1073,professor
1073,fbi
1073,paranoia
1073,college
1073,suspicion
1073,murder
1073,neighbor
1073,conspiracy
1073,terrorism
1073,agent
1073,blueprint
1073,classified
1073,neo-noir
1073,domestic terrorism
7451,mission
7451,biological weapon
7451,sports car
7451,cold war
7451,"prague, czech republic"
7451,nsa agent
7451,adrenaline junkie
7451,thrill seeker
2067,spacecraft
2067,planet mars
2067,affectation
2067,space travel
2067,alien
2067,space
2067,astronaut
2067,dismemberment
2067,alien contact
2067,trapped in space
2067,aggressive
2067,philosophical
2067,lyrical
2067,based on theme park ride
2067,inspirational
2067,absurd
2067,admiring
2067,adoring
2067,amused
2067,appreciative
2067,enchant
2067,exuberant
2067,2020s
613,dying and death
613,based on novel or book
613,nazi
613,clerk
613,dictator
613,poison
613,despair
613,traitor
613,world war ii
613,bunker
613,destroy
613,testament
613,capitulation
613,soviet military
613,race politics
613,national socialism
613,ideology
613,minister
613,national socialist party
613,based on true story
613,historical figure
613,german shepherd
613,1940s
613,adolf hitler
26748,sheriff
26748,texas
26748,family secrets
26748,neo-western
26748,dark secret
13310,based on novel or book
13310,vampire
13310,sweden
13310,bullying
13310,castration
13310,bully
13310,child vampire
13310,murder
13310,androgyny
13310,new neighbor
13310,young love
39514,assassin
39514,central intelligence agency (cia)
39514,undercover agent
39514,kidnapping
39514,assault rifle
39514,affectation
39514,based on comic
39514,shootout
39514,sniper rifle
39514,explosion
39514,retired
39514,female spy
39514,government agent
39514,undercover operation
39514,black ops
39514,first date
39514,paranoid
39514,aggressive
39514,playful
39514,dramatic
39514,amused
39514,audacious
39514,exhilarated
39514,vibrant
711,dying and death
711,high school
711,friendship
711,scholarship
711,sibling relationship
711,based on novel or book
711,unsociability
711,becoming an adult
711,upper class
711,scotland
711,poetry
711,literature
711,professor
711,mentor
711,intellectually gifted
711,plagiarism
711,literature competition
711,private school
711,manuscript
711,seclusion
711,pulitzer prize
711,basketball
711,father figure
19,future
19,metropolis
19,class society
19,man vs machine
19,underground world
19,tower of babel
19,based on novel or book
19,inventor
19,dystopia
19,delirium
19,mad scientist
19,prophet
19,steampunk
19,grim reaper
19,black and white
19,robot
19,destruction
19,silent film
19,expressionism
19,seven deadly sins
19,depravity
19,partially lost film
19,mob justice
19,downtrodden
19,saviour
19,social unrest
19,german expressionism
19,mediator
19,defiant
244,new york city
244,ship
244,exotic island
244,island
244,monster
244,unsociability
244,screenplay
244,movie business
244,great depression
244,dinosaur
244,black and white
244,pre-code
244,sea voyage
244,damsel in distress
244,empire state building
244,curious
244,giant ape
244,monster movie
244,stegosaurus
244,animal horror
244,great ape
244,king kong
244,amused
244,gigantism
379,street gang
379,corruption
379,prohibition era
379,gun
379,gambling debt
379,gangster
379,loyalty
379,irish-american
379,irish mob
379,betrayal
379,organized crime
379,shootout
379,drunkenness
379,neo-noir
379,1920s
379,frantic
379,violence
11282,sibling relationship
11282,new jersey
11282,"amsterdam, netherlands"
11282,road trip
11282,cannabis
11282,pot smoking
11282,marijuana
11282,police chase
11282,east asian lead
11282,buddy
11282,stoner
11282,fast food
11282,one night
11282,buddy comedy
11282,munchies
11282,crop circle
11282,rich parents
11282,car siren
11282,blood spurting
619,sibling relationship
619,bodyguard
619,anonymous letter
619,diva
619,stalker
619,singer
619,"los angeles, california"
619,admiring
521,adultery
521,"london, england"
521,jealousy
521,blackmail
521,detective
521,tennis player
521,marriage
521,letter
521,love
521,murder
521,theft
521,husband
521,murder plot
521,crime fiction writer
521,keys
521,cautionary
313369,dancing
313369,dance
313369,jazz
313369,musical
313369,ambition
313369,casting
313369,romcom
313369,coffee shop
313369,jazz club
313369,traffic jam
313369,hollywood
313369,"los angeles, california"
313369,pianist
313369,pier
313369,audition
313369,valentine's day
313369,planetarium
313369,aspiring actor
313369,movie set
313369,sunset
313369,one-woman show
313369,pool party
313369,complex
313369,griffith observatory
313369,bold
313369,exuberant
2107,meteorology
2107,metereologist
2107,weather forecaster
2107,"los angeles, california"
2107,duel
2107,unemployment
335,small town
335,loss of loved one
335,harmonica
335,wedding party
335,spaghetti western
335,arizona territory
335,intercontintental railroad
335,outlaw gang
335,water pump
335,mysterious character
335,boom town
335,railroad company
335,hope for a new life
335,railroad construction
335,excited
335,techniscope
925,new york city
925,police brutality
925,hip-hop
925,italian american
925,culture clash
925,chaos
925,heat
925,street war
925,restaurant critic
925,radio transmission
925,punk rock
925,pizzeria
925,police operation
925,pizza
925,love
925,money
925,racism
925,"brooklyn, new york city"
925,burlesque
925,angry
925,heatwave
925,race relations
925,dignified
9313,mask
9313,france
9313,swordplay
9313,loyalty
9313,palace
9313,bastille
9313,sword fight
9313,remake
9313,royalty
9313,rural area
9313,conspiracy
9313,musketeer
9313,twins
9313,period drama
9313,swashbuckler
9313,tyrant
9313,palace intrigue
9313,baroque
9313,17th century
9313,louis xiv
198663,based on novel or book
198663,escape
198663,dystopia
198663,maze
198663,post-apocalyptic future
198663,memory loss
198663,trapped
198663,labyrinth
198663,based on young adult novel
702,loss of sense of reality
702,rape
702,sibling relationship
702,southern usa
702,brother-in-law
702,violent husband
702,"new orleans, louisiana"
702,family relationships
702,black and white
702,light bulb
702,expectant father
702,sister sister relationship
9504,estate agent
9504,robbery
9504,competition
9504,office
9504,dark comedy
9504,shop
9504,based on play or musical
9504,betrayal
9504,salesman
9504,contest
9504,"brooklyn, new york city"
9504,chinese restaurant
9504,stormy night
9504,real estate
9504,salesmen
9504,aggressive
9504,neo-noir
9504,bleak
9504,desperate
9504,cutthroat
9504,dreary
9504,pressure
12104,rock 'n' roll
12104,rock star
12104,berlin wall
12104,paranoia
12104,wall
12104,descent into madness
12104,rock musical
12104,adult animation
9602,new york city
9602,fast food restaurant
9602,prince
9602,fake identity
9602,heir to the throne
9602,royal family
9602,fish out of water
9602,rich man
9602,searching for love
9602,rich family
9602,satirical
9602,pretending to be poor
9602,absurd
9602,hilarious
9602,ambiguous
9602,amused
9602,exhilarated
9602,familiar
9602,melodramatic
9602,african american romance
9602,african royalty
297,life and death
297,broken engagement
297,love at first sight
297,fireworks
297,religion and supernatural
297,based on play or musical
297,fate
297,teenage crush
297,grim reaper
297,doctor
297,millionaire
297,death personified
297,death incarnate
297,angel of death
297,romantic
297,appreciative
297,compassionate
11967,sheriff
11967,bounty hunter
11967,corruption
11967,deputy sheriff
11967,anti hero
11967,ranch
11967,based on true story
11967,outlaw
11967,neighbor
11967,cowboy
11967,new mexico territory
11967,1870s
5279,england
5279,servant
5279,butler
5279,lordship
5279,country estate
5279,inspector
5279,industrialist
5279,money
5279,murder
5279,countess
5279,maid
5279,housekeeper
5279,valet
5279,shooting party
5279,illegitimate child
5279,dark secret
5279,child given up for adoption
5279,master servant relationship
5279,upstairs downstairs
5279,1930s
5279,defiant
4538,sibling relationship
4538,dysfunctional family
4538,train
4538,india
4538,healing
4538,catharsis
4538,train ride
4538,understated
4538,melodramatic
11004,adultery
11004,infidelity
11004,robbery
11004,based on novel or book
11004,police
11004,"pennsylvania, usa"
11004,winter
11004,midlife crisis
11004,professor
11004,college
11004,liar
11004,coming of age
11004,marijuana
11004,snow
11004,writer
11004,university
11004,drugs
11004,dog
11004,bisexual man
11004,drag
11004,"pittsburgh, pennsylvania"
11004,gay theme
11004,small town america
119450,"san francisco, california"
119450,peace
119450,solidarity
119450,gorilla
119450,intelligence
119450,dystopia
119450,chimpanzee
119450,horse
119450,post-apocalyptic future
119450,pacifism
119450,animal attack
119450,colony
119450,tank
119450,forest
119450,sequel
119450,woods
119450,anthropomorphism
119450,dam
119450,revenge
119450,betrayal
119450,golden gate bridge
119450,explosion
119450,ape
119450,scientist
119450,orangutan
119450,death
119450,medical research
119450,primate
119450,dead horse
119450,allegorical
119450,sign languages
119450,virus
119450,plague
119450,assassination attempt
119450,shocking
119450,aggressive
119450,murder by gunshot
119450,contagion
119450,guns
119450,soldiers
119450,2030s
119450,animal human friendship
119450,war
119450,cgi-live action hybrid
119450,violence against animals
119450,war horse
119450,depressing
119450,bitter
119450,bold
119450,powerful
119450,horse riding
10322,usa president
10322,"washington dc, usa"
10322,based on novel or book
10322,identity
10322,autism
10322,impotence
10322,botanist
10322,philosophical
10322,ambivalent
10322,baffled
10322,dignified
11176,chicken
11176,musical
11176,puppet
11176,road trip
11176,fame
11176,puppetry
11176,hollywood
11176,movie star
11176,aftercreditsstinger
11176,anthropomorphic puppets
11176,casual
11176,muppets
11176,sincere
921,daughter
921,transporter
921,sports
921,irish-american
921,socially deprived family
921,boxer
921,family's daily life
921,netherlands
921,comeback
921,defeat
921,training
921,heavy weight
921,folk hero
921,biography
921,based on true story
921,boxing
10830,based on novel or book
10830,parent child relationship
10830,classroom
10830,difficult childhood
10830,child prodigy
10830,childhood trauma
10830,dysfunctional family
10830,telekinesis
10830,school
10830,teacher student relationship
10830,used car salesman
10830,school principal
10830,neglected child
10830,schoolmarm
10830,dysfunctional life
10830,female teacher
10830,parental abuse
10830,crass comedy
10830,based on young adult novel
10830,abused child
10830,apathetic
10830,apologetic
10830,enthusiastic
10830,tyrannical school principal
1523,diplomat
1523,naivety
1523,based on novel or book
1523,general
1523,kidnapping
1523,dictator
1523,africa
1523,mass murder
1523,1970s
1523,affectation
1523,charisma
1523,polygamy
1523,uganda
1523,dictatorship
1523,biography
1523,historical fiction
1523,doctor
1523,period drama
1523,angry
1523,zealous
1523,idi amin
1523,scottish
1523,kampala
1523,absurd
1523,admiring
1523,ambiguous
1523,ambivalent
1523,vibrant
8845,race against time
8845,martial arts
8845,war ship
8845,mercenary
8845,nuclear missile
8845,u.s. navy
8845,hostage-taking
8845,terrorism
8845,one against many
8845,nuclear threat
8845,battleship
8845,hand to hand combat
8845,action hero
8845,good versus evil
8845,ship takeover
10223,friendship
10223,sibling relationship
10223,airplane
10223,based on novel or book
10223,money delivery
10223,minnesota
10223,greed
10223,snow
10223,bag of money
10223,police officer
10223,financial transactions
10223,neo-noir
10223,plane wreck
9336,trainer
9336,recruit
9336,shenanigan
9336,police academy
30197,nazi
30197,cheating
30197,dark comedy
30197,musical
30197,satire
30197,scam
30197,theatrical producer
30197,playwright
30197,sing sing
30197,broadway
30197,accountant
30197,adolf hitler
10153,space marine
10153,based on novel or book
10153,ocean
10153,extraterrestrial technology
10153,paranoia
10153,time travel
10153,time bomb
10153,alien
10153,psychologist
10153,ocean floor
10153,deepsea
10153,spaceship crash
51540,bad boss
51540,employee
51540,death of father
51540,stakeout
51540,duringcreditsstinger
924,nurse
924,department store
924,shotgun
924,pregnancy
924,bite
924,habor
924,bus ride
924,dark comedy
924,lorry
924,gore
924,shopping mall
924,infection
924,basement garage
924,remake
924,survival
924,zombie
924,police officer
924,dog
924,death
924,security guard
924,gun store
924,duringcreditsstinger
924,zombie apocalypse
924,anxious
924,cautionary
924,witty
924,frightened
12560,friendship
12560,suicide
12560,regret
12560,funeral
12560,gathering
12560,bat
12560,nostalgia
12560,south carolina
12560,morning
12560,reunion
12560,marijuana
12560,group of friends
12560,old friends
12560,remembrance
12560,enduring friendship
12560,lifelong friendship
12560,old school friend
8909,mission of murder
8909,secret base
8909,secret organization
8909,death of father
8909,instinct
8909,train crash
8909,revenge
8909,betrayal
8909,fate
8909,based on graphic novel
8909,healing process
8909,hidden powers
8909,legacy
8909,secret code
8909,trainsurfing
8909,weapons training
8909,office worker
8909,physical training
8909,intense
8909,assassins
8909,extraordinary powers
8909,vibrant
324552,martial arts
324552,assassin
324552,"rome, italy"
324552,hitman
324552,roof
324552,secret organization
324552,sequel
324552,revenge
324552,shootout
324552,dog
324552,code of honor
324552,handshake
324552,hand to hand combat
324552,neo-noir
324552,guns
324552,dark
324552,roof-top
324552,precision shooting
324552,continental hotel
466272,movie business
466272,male friendship
466272,cult
466272,based on true story
466272,celebrity
466272,fame
466272,hollywood
466272,"los angeles, california"
466272,historical fiction
466272,period drama
466272,buddy
466272,filmmaking
466272,struggling actor
466272,satanic cult
466272,revisionist history
466272,duringcreditsstinger
466272,western filmmaking
466272,manson family murders
466272,1960s
466272,stunt double
466272,old hollywood
466272,sharon tate
466272,charles manson
466272,subjective
466272,"hollywood, california"
9443,underdog
9443,sports
9443,scotland
9443,missionary
9443,olympic games
9443,jewry
9443,patriotism
9443,mayor
9443,praline
9443,olympian sports team
9443,ambition
9443,based on true story
9443,athletics
9443,1920s
9443,olympic athlete
9443,running on the beach
9443,cambridge university
9443,dramatic
9443,running
9443,celebratory
9443,dignified
9443,powerful
2755,husband wife relationship
2755,wedding
2755,channel surfing
2755,mullet
2755,spiritual journey
2755,life changing
2755,pioneer village
2755,family gathering
228150,hero
228150,nazi
228150,ambush
228150,bravery
228150,world war ii
228150,heroism
228150,tank
228150,europe
228150,execution
228150,battle
228150,brutality
228150,hatred
228150,tank battle
228150,1940s
228150,enclosed space
228150,beating the odds
228150,european theatre
228150,exhilarated
228150,tanks
11814,"chicago, illinois"
11814,nerd
11814,biker
11814,based on comic
11814,morphing
11814,mischievous
11814,lighthearted
11814,absurd
11814,hilarious
11814,whimsical
11814,ridiculous
10774,adultery
10774,new york city
10774,corruption
10774,profit
10774,satire
10774,tv ratings
10774,murder
10774,corporate
10774,reporter
10774,co-workers relationship
10774,rage
10774,anger
10774,tv show in film
10774,meeting
10774,political satire
10774,news
10774,fired
10774,network
10774,anchor
10774,tv news anchor
10774,satirical
10774,authoritarian
10774,defiant
10774,derogatory
654,corruption
654,new jersey
654,murder
654,mafia
654,black and white
654,union
654,dock
654,longshoreman
654,pigeon
654,ex-boxer
654,excited
11774,fire
11774,sibling relationship
11774,murder
11774,inheritance
11774,steampunk
11774,mansion
11774,orphan
11774,death of parent
11774,orphan siblings
11774,unfortunate
11774,based on young adult novel
11774,parental guardian
1547,small town
1547,california
1547,street gang
1547,parent child relationship
1547,vampire
1547,saxophone
1547,boardwalk
1547,single
1547,murder
1547,amusement park
1547,blood sucking
1547,seaside town
1547,pets
1547,1980s
1547,brother brother relationship
1547,playful
1547,beach town
1547,cliché
1547,ridiculous
938,bounty hunter
938,pot smoking
938,rural area
938,spaghetti western
938,right hand man
938,piano
938,excited
938,techniscope
7270,daughter
7270,based on novel or book
7270,parent child relationship
7270,con man
7270,pole dancer
7270,obsessive compulsive disorder (ocd)
7270,criminal
7270,bank vault
7270,neurotic
9397,governor
9397,fire engine
9397,giant monster
9397,grand canyon
9397,alien life-form
9397,shampoo
9397,evolution
9397,high school teacher
9397,government scientist
9397,napalm
9397,primate
9397,advertisement
9360,human vs nature
9360,snake
9360,predator
9360,movie business
9360,expedition
9360,amazon rainforest
9360,jungle
9360,creature
9360,hunting
9360,anaconda
9360,killer snake
9360,riverboat
9360,aggressive
9360,amazon river
9360,animal horror
9360,suspenseful
9360,killer expedition
9360,rainforest river
9360,river ravine
9360,hilarious
9749,journalist
9749,rio de janeiro
9749,sarcasm
9749,insurance fraud
9749,dirty cop
9749,police corruption
9749,disguise
9749,assumed identity
9749,heroin addict
9749,cabana
9749,country club
9749,divorce lawyer
9749,"santa monica, california"
9749,social engineering
9749,hilarious
9749,bumbling detective
284,new year's eve
284,new york city
284,lovesickness
284,clerk
284,winter
284,age difference
284,suicide attempt
284,office
284,flat
284,spaghetti
284,tennis racket
284,romcom
284,black and white
284,love affair
284,extramarital affair
284,quitting a job
284,christmas
284,farce
284,apartment
284,cheerful
284,holiday comedy
2925,based on novel or book
2925,revenge
2925,divorce
2925,divorced woman
2925,reunited friends
338,husband wife relationship
338,coma
338,bureaucracy
338,police state
338,berlin wall
338,loss of loved one
338,german democratic republic
338,socialism
338,single
828,spacecraft
828,flying saucer
828,peace
828,remote control
828,ufo
828,social commentary
828,giant robot
828,black and white
828,military
828,curious
828,physics professor
828,humanity
828,alien technology
828,ambiguous
828,awestruck
530915,race against time
530915,world war i
530915,british army
530915,survival
530915,soldier
530915,period drama
530915,real time
530915,trenches
530915,1910s
530915,trench warfare
530915,no man's land
530915,intense
530915,horrified
530915,war epic
23168,drug dealer
23168,based on novel or book
23168,ambulance
23168,"boston, massachusetts"
23168,money laundering
23168,irish-american
23168,bank manager
23168,massachusetts
23168,florist
23168,flower shop
23168,stolen money
23168,hold-up robbery
23168,volunteer
23168,heist
23168,friends
23168,boston garden
23168,shootout
23168,police chase
23168,best friend
23168,bank robbery
23168,car fire
23168,fenway park
23168,criminal gang
23168,desperate
23168,fbi agent
23168,violence
7551,deja vu
7551,technology
7551,fbi
7551,patriotism
7551,"new orleans, louisiana"
7551,time travel
7551,wormhole
7551,terrorism
7551,investigator
7551,alternate timeline
7551,ferry
8856,underdog
8856,martial arts
8856,japan
8856,sports
8856,death of father
8856,okinawa
8856,sequel
8856,feud
8856,revenge
8856,teen movie
8856,japanese woman
8856,self esteem
8856,mentor protégé relationship
8856,japanese family
8856,thoughtful
8856,japanese girl
8856,reflective
8856,traditional culture
8856,romantic rival
8856,enemies to friends
8856,japanese tradition
8856,sentimental
10096,new york city
10096,photographer
10096,editor-in-chief
10096,time travel
10096,wish
10096,beautiful woman
10096,child as an adult
10096,nostalgic
10096,friends in love
10096,age change
10096,teenager
10096,time jump
1367,hero
1367,husband wife relationship
1367,coma
1367,transporter
1367,love of one's life
1367,intensive care
1367,sports
1367,publicity
1367,boxer
1367,training
1367,world champion
1367,victory
1367,sequel
1367,hospital
1367,boxing
1367,candid
1367,anxious
1367,appreciative
1367,powerful
16859,witch
16859,clock tower
16859,magic
16859,bicycle accident
16859,female friendship
16859,bakery
16859,coming of age
16859,female protagonist
16859,based on children's book
16859,cartoon cat
16859,cartoon dog
16859,baking
16859,seaside town
16859,talking cat
16859,courier service
16859,delivery service
16859,anime
16859,lighthearted
16859,adventure
16859,empathetic
16859,gentle
9078,witch
9078,based on novel or book
9078,magic
9078,transformation
9078,cartoon
9078,villain
9078,knight
9078,king arthur
9078,turns into animal
9078,female villain
9078,excalibur
9078,wizard
9078,wart
9078,whimsical
9355,australia
9355,arena
9355,dwarf
9355,dictator
9355,dystopia
9355,sandstorm
9355,post-apocalyptic future
9355,villain
9355,camel
9355,tribe
9355,ex-cop
9355,desert oasis
9355,sequel
9355,wasteland
9355,desert
9355,psychotic
9355,adventurer
9355,post nuclear
9355,angry
9355,frantic
9355,grim
9355,action hero
9355,good versus evil
9355,exuberant
9355,forceful
9355,harsh
9355,ominous
9355,urgent
18129,based on novel or book
18129,con man
18129,con artist
18129,"los angeles, california"
18129,horse track
18129,grifter
18129,estafa
18129,neo-noir
8065,friendship
8065,card game
8065,casino
8065,gambling
8065,professor
8065,harvard university
8065,cohabitant
8065,college
8065,girlfriend
8065,studies
8065,dormitory
8065,blackjack
8065,las vegas
8065,furious
8065,ghoulish
12477,sibling relationship
12477,hunger
12477,world war ii
12477,wartime
12477,shelter
12477,struggle for survival
12477,brother sister 
12477,pacific theater
12477,adult animation
12477,semi autobiographical
12477,anti war
12477,anime
12477,orphan siblings
12477,children in wartime
12477,brother and sister
794,ambassador
794,prophecy
794,monk
794,photography
794,nanny
794,halloween
794,paranormal phenomena
794,rottweiler
794,devil's son
794,revelation
794,satan
794,anti-christ
794,decapitation
794,priest
794,conspiracy
794,religion
794,cowardliness
794,devil
794,baboon
794,archaeologist
794,macabre
794,awestruck
794,ominous
10054,double life
10054,sibling relationship
10054,parent child relationship
10054,loss of loved one
10054,secret agent
10054,robot
10162,beguilement
10162,village
10162,fake identity
10162,lottery
10162,jackpot
10162,ireland
10162,lottery winner
11886,hero
11886,right and justice
11886,fox
11886,cartoon
11886,villain
11886,robin hood
11886,forest
11886,animal as human
11886,sherwood forest
11886,outlaw
11886,teacher
11886,thief
11886,bear
11886,playful
11886,romantic
11886,whimsical
10314,high school
10314,artist
10314,nerd
10314,bullying
10314,teen angst
10314,house party
10314,wager
10314,teen movie
10314,performance art
10314,break-up
10314,dead mother
10314,high school student
10314,group of friends
10314,young love
10314,prom queen
10314,pygmalion
10314,self expression
10314,social outcast
10314,senior high school students
10314,popular boy
10314,modern retelling
10314,cinderella story
10314,high school prom
10874,island
10874,based on novel or book
10874,musical
10874,pirate gang
10874,puppet
10874,treasure hunt
10874,puppetry
10874,pirate
10874,old flame
10874,duringcreditsstinger
10874,tribal customs
10874,children's adventure
10874,interspecies romance
10874,anthropomorphic puppets
10874,adventure comedy
10874,treasure island
10874,lighthearted
10874,muppets
10874,romantic
11257,based on novel or book
11257,england
11257,tennis
11257,kiss
11257,surrey
11257,bed and breakfast (b&b)
11257,"florence, italy"
11257,love
11257,skinny dipping
11257,spinster
11257,edwardian england
11257,1900s
584,"miami, florida"
584,undercover
584,car race
584,sports car
584,sequel
584,street race
584,"los angeles, california"
584,nostalgic
584,aggressive
584,anxious
584,cars
584,admiring
584,ambiguous
584,excited
9267,blackmail
9267,stupidity
9267,spoof
9267,compilation
9267,lumberjack
9267,sketch comedy
9267,dead parrot
9267,twit
9267,intentional mistranslation
9267,foot race
9267,obstacle course
9267,anarchic comedy
10303,sailboat
10303,egypt
10303,treasure
10303,middle east
10303,kidnapping
10303,dictator
10303,africa
10303,riddle
10303,sailing trip
10303,palace
10303,treasure hunt
10303,sequel
10303,guru
10303,captive
10303,desert
10303,double cross
10303,novelist
10303,adventurer
10303,archeology
10303,soldier of fortune
10303,excited
6978,martial arts
6978,kung fu
6978,magic
6978,"san francisco, california"
6978,kidnapping
6978,chinatown
6978,mercenary
6978,mythology
6978,truck driver
6978,adventurer
6978,mysterious
6978,1980s
6978,fantasy
6978,awestruck
285923,exploitation
285923,slasher
285923,zombie
285923,killer
285923,death
9619,rescue
9619,small town
9619,helicopter
9619,lava
9619,mayor
9619,evacuation
9619,natural disaster
9619,motel
9619,volcano
9619,lovers
9619,partnership
9619,volcanology
9619,disaster
9619,cabin
9619,explosion
9619,scientist
9619,seismograph
9619,volcanic eruption
9619,rowboat
9619,catastrophe
9619,disaster movie
9619,acid
9619,county fair
9619,abandoned mine
9619,volcanic ash
40807,friendship
40807,parent child relationship
40807,therapist
40807,painter
40807,cancer
40807,psychologist
40807,hospital
40807,best friend
40807,doctor
40807,patient
40807,doctor patient relationship
40807,vomiting
40807,chemotherapy
1391,friendship
1391,adolescence
1391,beach
1391,mexico
1391,group sex
1391,male friendship
1391,road trip
1391,coming of age
1391,travel
1391,human relationship
1391,new mexican cinema
1391,self reflection
1391,self-reflexive
1391,roadtrip
1391,sexual discovery
1391,melodrama
169,predator
169,war on drugs
169,extraterrestrial technology
169,sequel
169,alien
169,"los angeles, california"
169,creature
169,alien invasion
169,invisible
11359,based on novel or book
11359,cupboard
11359,puppet
11359,based on children's book
11359,game
11359,parallel world
11359,toy comes to life
11359,toy soldier
9880,princess
9880,high school
9880,based on novel or book
9880,grandparent grandchild relationship
9880,heir to the throne
9880,royalty
9880,social outcast
9880,fictitious country
9880,based on young adult novel
9880,bold
9880,joyful
1588,high school
1588,florida
1588,sports
1588,routine
1588,affectation
1588,cheerleader
1588,plagiarism
1588,rivalry
1588,high school sports
1588,cheerleading
1588,teen movie
1588,teenage girl
1588,cynical
1588,audition
1588,cheering crowd
1588,choreography
1588,championship
1588,duringcreditsstinger
1588,provocative
1588,reminiscent
1588,admiring
1588,amused
1588,mean spirited
1588,melodramatic
9276,drug dealer
9276,high school
9276,homophobia
9276,paranoia
9276,alien
9276,teacher
9276,alien invasion
9276,drugs
9276,alien infection
9276,social status
9276,parasite
9276,creature feature
9276,school nurse
9276,body snatchers
9276,alien parasites
9276,parasites
9276,body horror
9276,teenager
38050,hotel
38050,future
38050,plan
38050,dancer
38050,hat
38050,marriage
38050,senator
38050,kiss
38050,politician
38050,honesty
38050,alone
38050,speech
38050,fate
38050,foot chase
38050,covert agency
38050,courthouse
38050,political campaign
38050,destiny
38050,time freeze 
38050,based on short story
13820,police
13820,capitalism
13820,dark comedy
13820,punk rock
13820,satire
13820,surrealism
13820,alien
13820,radioactivity
13820,economy
13820,ufo
13820,conspiracy
13820,consumerism
13820,"los angeles, california"
13820,scientist
13820,nonconformism
13820,repossession
13820,genre bending
13820,1980s
13820,satirical
13820,car trunk
13820,absurd
13820,anti-authoritarianism
11527,witch
11527,adultery
11527,holy grail
11527,love triangle
11527,england
11527,magic
11527,prophecy
11527,fog
11527,mythology
11527,castle
11527,vision
11527,knight
11527,king arthur
11527,tournament
11527,duel
11527,battle
11527,mist
11527,excalibur
11527,wizard
11527,lancelot
11527,sword and sorcery
11527,epic
10779,daughter
10779,small town
10779,mother
10779,sheriff
10779,judge
10779,funeral
10779,widow
10779,fbi
10779,architect
10779,supernatural
10779,poltergeist
10779,hell
10779,halloween
10779,con man
10779,black humor
10779,lovers
10779,murder
10779,scam
10779,serial killer
10779,grim reaper
10779,reporter
10779,doctor
10779,car accident
10779,investigator
10779,widower
10779,threat
10779,psychotic
10779,recluse
10779,ghost
10779,graveyard
10779,multiple murder
10779,army sergeant
10779,haunted
10779,playful
10779,hilarious
333371,kidnapping
333371,paranoia
333371,bunker
333371,basement
333371,survivalist
333371,apocalypse
333371,car accident
333371,captive
910,based on novel or book
910,gambling
910,poison
910,blackmail
910,detective
910,drug addiction
910,sister
910,film noir
910,murder
910,private investigator
910,whodunit
910,"los angeles, california"
910,private detective
910,book store
910,missing person
910,prank telephone call
910,wealthy family
221,individual
221,underground world
221,street gang
221,unsociability
221,car race
221,parent child relationship
221,authority
221,rebel
221,coming of age
221,based on short story
221,teen rebel
221,teenager
9454,child abuse
9454,france
9454,gypsy
9454,fairy tale
9454,arranged marriage
9454,leonardo da vinci
9454,prince
9454,royal family
9454,death of father
9454,royalty
9454,evil stepmother
9454,based on fairy tale
9454,retelling
9454,stepsister
9454,master servant relationship
9454,16th century
9454,classism
9454,commoner
9454,father daughter relationship
9454,masquerade ball
9454,adaptation
9454,cinderella story
9454,adoring
9454,compassionate
9454,enchant
9454,hopeful
490,witch
490,dying and death
490,blacksmith
490,chess
490,countryside
490,allegory
490,crusade
490,artist
490,juggler
490,witch burning
490,last judgment
490,symbolism
490,sense of life
490,matter of life and death
490,grim reaper
490,black and white
490,demon
490,belief in god
490,middle ages (476-1453)
490,meaning of life
490,virgin mary
490,black death
490,playing chess
490,death personified
490,death incarnate
490,life teacher
490,metaphysical
490,14th century
490,seeking a god
490,metaphysical drama
490,"metaphysics, mysticism, kabbalah, spiritism"
490,the virgin mary
490,ambiguous
490,facing death
860,artificial intelligence (a.i.)
860,computer
860,government
860,hacker
860,video game
860,cold war
860,fbi
860,prosecution
860,norad
860,nuclear threat
860,paranoid
860,political thriller
860,cyber thriller
860,tense
860,hopeful
18240,new york city
18240,marriage proposal
18240,blackmail
18240,ex-girlfriend
18240,assistant
18240,deportation
18240,immigration law
18240,romcom
18240,alaska
18240,fish out of water
18240,humiliation
18240,book editor
18240,green card
18240,employer employee relationship
18240,duringcreditsstinger
18240,woman director
18240,publishing house
18240,pretend relationship
18240,rich family
18240,father son conflict
18240,tyrannical boss
18240,enemies to lovers
18240,hilarious
18240,fake fiancé
18240,romantic
18240,amused
18240,grandmother's birthday
181808,bunker
181808,space battle
181808,defeat
181808,failure
181808,sequel
181808,space opera
181808,military operation
181808,quest
181808,tuwaderalit
9303,infidelity
9303,money laundering
9303,plumber
9303,crime boss
9303,heist
9303,lesbian relationship
9303,mafia
9303,love affair
9303,ex-con
9303,neo-noir
9303,lesbian
9303,affair
9303,suspenseful
9303,italian mafia
9303,excited
9101,mutiny
9101,submarine
9101,u.s. navy
9101,misfit
9101,maverick
9101,hijinks
9101,nemesis
9101,navy lieutenant
9101,comradeship
9101,nuclear submarine
9101,navy officer
9101,comedy of errors
9101,navy admiral
9101,band of misfits
9101,war games
9101,naval command
1946,hacker
1946,video game
1946,virtual reality
1946,pop star
1946,bodyguard
1946,dystopia
1946,virtual fight
1946,near future
7450,galaxy
7450,mission
7450,monster
7450,dystopia
7450,alien
7450,space
37686,1970s
37686,alien
37686,train crash
37686,firecracker
37686,super 8mm footage
37686,duringcreditsstinger
37686,complex
37686,conspiracy thriller
37686,joyous
37686,suspenseful
37686,intense
37686,amused
37686,comforting
9471,martial arts
9471,robbery
9471,undercover agent
9471,spy
9471,secret identity
9471,villainess
9471,secret agent
9471,sequel
9471,organized crime
9471,"los angeles, california"
9471,heroine
9471,nostalgic
9471,spy hero
9471,based on tv series
9471,provocative
9471,dramatic
9471,hilarious
9471,admiring
9471,adoring
9471,vibrant
62211,friendship
62211,monster
62211,door
62211,training camp
62211,dormitory
62211,feud
62211,bully
62211,prequel
62211,best friend
62211,university
62211,game
62211,fraternity
62211,aftercreditsstinger
62211,college student
62211,personification
62211,3d animation
62211,pixar
996,california
996,seduction
996,housewife
996,insurance fraud
996,stepdaughter
996,femme fatale
996,film noir
996,murder
996,life insurance
996,black and white
996,insurance investigator
996,insurance agent
996,insurance policy
996,duplicity
996,bored housewife
996,murder plot
996,1930s
996,commuter train
996,scheming wife
996,first-person narration
12133,becoming an adult
12133,hostility
12133,autonomy
12133,childhood trauma
12133,stepbrother
12133,slacker
12133,man child
12133,buddy
12133,aftercreditsstinger
12133,duringcreditsstinger
12133,absurd
12133,disgusted
12133,ridiculous
3083,governor
3083,"washington dc, usa"
3083,senate
3083,senator
3083,sightseeing
3083,politician
3083,idealist
3083,dam
3083,camp
3083,conservative
3083,black and white
3083,disillusionment
3083,political corruption
3083,integrity
3083,usa politics
3083,determination
3083,filibuster
3083,walkout
3083,political machine
3083,smear campaign
3083,expulsion attempt
3083,exhilarated
190859,sniper
190859,based on novel or book
190859,affectation
190859,grave
190859,biography
190859,iraq
190859,based on true story
190859,u.s. navy seal
190859,iraq war
190859,u.s. soldier
190859,u.s. marine
190859,9/11
190859,pack
190859,guns
190859,war
190859,inspirational
190859,illegal war
190859,suspenseful
190859,tense
190859,sentimental
190859,appreciative
190859,powerful
190859,illegal invasion
845,infidelity
845,island
845,based on novel or book
845,perfect crime
845,psychopath
845,obsession
845,detective
845,suspicion
845,theory
845,carousel 
845,lighter
845,film noir
845,stalking
845,black and white
845,train
845,strangulation
845,double cross
845,amusement park
845,husband wife estrangement
845,chance meeting
845,cocktail party
845,fiancée
845,perfect murder
845,penn station
845,storm drain
845,tennis match
845,tennis pro
845,trains
845,murder swap
845,suspenseful
11446,sibling relationship
11446,new jersey
11446,parent child relationship
11446,mockery
11446,ugliness
11446,dark comedy
11446,bullying
11446,coming of age
11446,misfit
11446,little girl
11446,suburb
11446,junior high school
11446,school life
950,mammoth
950,sloth
950,ice age
950,barrier ice
950,ice melting
950,iceberg
950,villain
950,flooding
950,deluge
950,lovers
950,sequel
950,saber-toothed tiger
950,3d animation
3065,telescope
3065,cinema on cinema
3065,satire
3065,puppet
3065,mad scientist
3065,spoof
3065,robot
3065,held captive
3065,space adventure
3065,escape attempt
3065,outer space
3065,hubble
3065,based on tv series
3065,independent film
3065,movie riffing
1272,space marine
1272,saving the world
1272,bomb
1272,sun
1272,space suit
1272,sunlight
1272,space travel
1272,space mission
1272,earth
1272,solar energy
1272,expiration
1272,introspective
1272,grand
1272,2050s
1272,suspenseful
1272,ambiguous
1272,audacious
1272,awestruck
1272,baffled
1272,foreboding
1272,frightened
13595,rock 'n' roll
13595,radio station
13595,heavy metal
13595,rock band
10535,atomic bomb
10535,spoof
10535,james bond spoof
10535,apathetic
10535,doubtful
10535,dubious
10535,frustrated
2928,angel
2928,vice
2928,road trip
2928,reporter
2928,dog
2928,woman director
10137,sibling relationship
10137,based on novel or book
10137,cat
10137,gangster
10137,orphanage
10137,adoption
10137,mouse
10137,stepbrother
10137,world trade center
10137,live action and animation
10137,talking animal
10137,cgi-live action hybrid
10137,different species
10137,feeling different
10137,familiar
11368,husband wife relationship
11368,boss
11368,texas
11368,lover
11368,employee
11368,money
11368,killer
11368,double cross
11368,extramarital affair
11368,shallow grave
11368,private detective
11368,hired killer
11368,neo-noir
5683,prenzlauer berg
5683,dark comedy
5683,bicycle
5683,tour guide
5683,man child
5683,stolen bicycle
5683,alamo
5683,truck driver
5683,road movie
5683,bull riding
5683,"san antonio, texas"
59,small town
59,hero
59,robbery
59,"indiana, usa"
59,distrust
59,"philadelphia, pennsylvania"
59,dual identity
59,double life
59,fight
59,identity
59,self-defense
59,marriage
59,diner
59,mistaken identity
59,family relationships
59,irish mob
59,revenge
59,mobster
59,lawyer
59,attempted robbery
59,based on graphic novel
10525,"paris, france"
10525,crisis
10525,"dallas, texas"
10525,basketball
10525,falling in love
10525,told in flashback
10525,referee
10525,aftercreditsstinger
93456,parent child relationship
93456,villain
93456,adoptive father
93456,secret agent
93456,bakery
93456,sequel
93456,falling in love
93456,family
93456,single father
93456,audition
93456,female agent
93456,duringcreditsstinger
93456,first date
93456,supervillain
93456,masked supervillain
93456,3d animation
93456,absurd
93456,hilarious
93456,amused
93456,brisk
93456,bumbling detective
16448,missouri
16448,mockumentary
16448,mechanic
16448,in the closet
16448,improvisation
16448,whispering
16448,travel agent
16448,alien contact
16448,city council
16448,chinese restaurant
16448,product licensing
16448,community theater
16448,absurd
16448,hilarious
9357,hotel room
9357,cheating
9357,supermarket
9357,penalty
9357,photography
9357,knife
9357,birthday party
9357,stalker
9357,photo lab
9357,voyeurism
9357,questioning
9357,unfaithful husband
9357,suspenseful
9357,tense
9357,callous
9357,enthusiastic
9357,foreboding
10276,idiot
10276,neurosis
10276,new hampshire
10276,psychiatrist
10276,family holiday
10276,farce
7485,"philadelphia, pennsylvania"
7485,assassination
7485,usa president
7485,based on novel or book
7485,widow
7485,fbi
7485,ethiopia
7485,on the run
7485,conspiracy
7485,dog
7485,ex-marine
7485,patriot
7485,u.s. marine
7485,u.s. senator
7485,framed for murder
7485,government corruption
7485,archbishop
7485,aggressive
7485,army colonel
7485,manhunt
7485,elite sniper
7485,death of friend
7485,fbi agent
7485,pipeline
7485,gunnery sergeant
7485,fugitive suspect
7485,marine sniper
7485,intense
7485,bitter
7485,spotter
7485,marine veteran
80,journalist
80,talking
80,soulmates
80,walking
80,"paris, france"
80,bookshop
80,love of one's life
80,author
80,semi autobiographical
80,romantic
80,cliché
624,adolescence
624,rock 'n' roll
624,rebel
624,drug trafficking
624,brothel
624,drug addiction
624,opium
624,arbitrary law
624,highway
624,lsd
624,marijuana
624,road movie
10673,new york city
10673,fraud
10673,wall street
10673,broker
10673,finances
10673,stockbroker
10673,lawyer
10673,union
10673,millionaire
10673,"manhattan, new york city"
10673,stock market
10673,stocks
10673,1980s
10673,black monday
10673,high finance
131634,strong woman
131634,based on novel or book
131634,revolution
131634,dystopia
131634,sequel
131634,death match
131634,based on young adult novel
9647,holiday
9647,tv ratings
9647,ghost
9647,duringcreditsstinger
9647,christmas music
9647,christmas
9647,christmas eve
3063,ambassador
3063,dictator
3063,widow
3063,spy
3063,siege
3063,musical
3063,lemonade
3063,cigar smoking
3063,slapstick comedy
3063,black and white
3063,pre-code
3063,dowager
3063,fictitious country
3063,geofiction
3063,absurd
3063,witty
264644,based on novel or book
264644,escape
264644,isolation
264644,carpet
264644,kidnapping
264644,imprisonment
264644,grandparents
264644,hospital
264644,dog
264644,captive
264644,children's perspectives
264644,skylight
264644,complex
264644,mother son relationship
264644,depressing
8592,martial arts
8592,corruption
8592,fight
8592,gangster
8592,crime fighter
8592,investigation
8592,villain
8592,based on comic
8592,film noir
8592,organized crime
8592,one man army
8592,criminal
8592,police detective
8592,one against many
8592,urban setting
8592,policeman
8592,action hero
8592,police procedural
8592,good versus evil
907,daughter
907,based on novel or book
907,love triangle
907,nurse
907,world war i
907,suicide attempt
907,loss of loved one
907,forbidden love
907,stepparents
907,russian revolution (1917)
907,1910s
907,condescending
907,melodramatic
907,metrocolor
3090,gold
3090,mexico
3090,based on novel or book
3090,greed
3090,gold rush
3090,gold mine
3090,friends
3090,money
3090,american
3090,bandit
3090,prospector
3090,1920s
3090,dramatic
173,ship
173,diving
173,submarine
173,ocean
173,atlantis
173,deep sea
173,war ship
173,diving suit
173,jules verne
173,harpoon
173,scuba diving
173,steampunk
173,underwater
173,scuba
173,captain nemo
173,aggressive
173,giant  squid
173,dramatic
173,awestruck
173,complicated
8452,laser gun
8452,clone
8452,dystopia
8452,dna
8452,villain
8452,futuristic
8452,murder
8452,cyberpunk
8452,scientist
8452,alternative reality
8452,implanted memory
8452,cyber thriller
8452,action hero
810,ship
810,island
810,ambush
810,kingdom
810,boarding school
810,liberation of prisoners
810,pregnancy
810,traitor
810,shipwreck
810,stage
810,sadness
810,transformation
810,assault
810,prince
810,villain
810,theater play
810,tricks
810,heir to the throne
810,conciliation
810,sequel
810,teacher
810,best friend
810,dragon
810,cowardliness
810,capture
810,wizard
810,aftercreditsstinger
810,duringcreditsstinger
810,ogre
810,satirical
810,3d animation
810,cartoon donkey
810,witty
810,tragic
26564,underground
26564,"san francisco, california"
26564,obsession
26564,fetish
26564,artist
26564,cartoon
26564,nerd
26564,biography
26564,comic-strip artist
26564,counter-culture
26564,drawing
26564,art
26564,swinging 60s
26564,ec comics
26564,cartoonist
26564,obsessive quest
26564,obssesive
26564,portrait of an artist
26564,obsessive thoughts
26564,brothers
26564,bubble comics
26564,image comics
26564,biographical documentary
26564,comics
26564,comic-sex
4104,sibling relationship
4104,autism
4104,car garage
4104,eccentric
11645,assassination
11645,kingdom
11645,gun
11645,greed
11645,castle
11645,siege
11645,heir to the throne
11645,revenge
11645,descent into madness
11645,historical fiction
11645,period drama
11645,seppuku
11645,inheritance fight
11645,ruins
11645,jidaigeki
11645,historical drama
11645,king lear
11645,feudal japan
11645,black widow
11645,somber
11645,hopelessness
11645,dramatic
11645,tragic
9470,martial arts
9470,china
9470,magic
9470,gangster
9470,mafia
9470,defense
9470,policeman
9470,wuxia
9470,1940s
9470,anarchic comedy
9470,pretending to be gay
9470,canton
9470,absurd
9470,joyful
1371,dying and death
1371,transporter
1371,sports
1371,trainer
1371,boxer
1371,comeback
1371,defeat
1371,training
1371,world champion
1371,challenger
1371,victory
1371,rematch
1371,sequel
1371,revenge
1371,wealth
1371,fame
1371,shocking
1371,boxing
1371,admiring
1371,powerful
1429,drug dealer
1429,new york city
1429,friendship
1429,dreams
1429,distrust
1429,based on novel or book
1429,bratva (russian mafia)
1429,paranoia
1429,sadness
1429,irish-american
1429,nightclub
1429,american dream
1429,melancholy
1429,girlfriend
1429,surrealism
1429,betrayal
1429,stockbroker
1429,prison sentence
1429,widower
1429,reflection
1429,post 9/11
55721,jealousy
55721,parent child relationship
55721,fight
55721,competition
55721,materialism
55721,bridesmaid
55721,female friendship
55721,sexual humor
55721,wealth
55721,fear of commitment
55721,wedding party
55721,best friend
55721,maid of honor
55721,drunk
55721,wedding dress
55721,group of friends
55721,missing person
55721,casual sex
55721,vanity
55721,duringcreditsstinger
55721,out of control
55721,intimate
55721,amused
55721,awestruck
11253,rebellion
11253,superhero
11253,auction
11253,northern ireland
11253,based on comic
11253,sequel
11253,resignation
11253,spear
11253,superhero team
11253,super villain
11253,remorse
11253,self exile
11253,citizen action
11253,war zone
11253,robot fighting
11253,father son conflict
11253,dramatic
11253,witty
11253,excited
192,based on novel or book
192,library
192,christianity
192,inquisition
192,monk
192,poison
192,secret passage
192,religion
192,labyrinth
192,rich
192,middle ages (476-1453)
192,persecution
192,medieval
192,franciscan
192,burned at the stake
192,poor
192,murder mystery
192,grotesque
192,thoughtful
192,theological debate
192,14th century
192,master disciple relationship
192,medieval italy
192,umberto eco
192,inspirational
45317,sports
45317,irish-american
45317,boxer
45317,biography
45317,family business 
45317,dysfunctional family
45317,family conflict
45317,hometown
45317,boxing trainer
45317,crack addict
45317,lowell massachusetts
45317,jumping rope
45317,shadow boxing
45317,boxing
45317,boxer hero
45317,professional athlete
45317,black sheep
45317,devoted girlfriend
45317,local hero
447332,pregnancy
447332,fireworks
447332,deaf
447332,post-apocalyptic future
447332,alien life-form
447332,child in peril
447332,creature
447332,alien invasion
447332,parenting
447332,survival horror
447332,alien monster
447332,human vs alien
447332,sign languages
447332,hostile
447332,anxious
447332,dreary
447332,quiet
447332,upstate new york
447332,psychological horror
447332,sci-fi horror
447332,frightened
260513,married couple
260513,superhero
260513,cartoon
260513,villain
260513,sequel
260513,parenting
260513,family
260513,super power
260513,female villain
260513,supervillain
260513,3d animation
260513,suspenseful
260513,pixar
290250,daughter
290250,detective
290250,1970s
290250,investigation
290250,alcoholism
290250,private investigator
290250,conspiracy
290250,whodunit
290250,alcoholic
290250,buddy cop
290250,private eye
290250,neo-noir
290250,father daughter relationship
290250,amused
290250,vibrant
290250,bumbling detective
10451,daughter
10451,cooking
10451,sense of life
10451,aging
10451,taiwan
10451,teacher
10451,food
10451,taiwanese
10451,dating
10451,family
10451,chef
10451,widower
10451,taipei
10451,father daughter relationship
10451,sister sister relationship
10451,chinese cuisine
10451,sisters
10451,masterchef
10451,aging man
891,newspaper
891,journalist
891,plan
891,"washington dc, usa"
891,based on novel or book
891,shadowing
891,politics
891,burglar
891,fbi
891,wiretap
891,watergate scandal
891,based on true story
891,conspiracy
891,newspaper man
891,watergate
891,informative
5551,nasa
5551,space travel
5551,space western
5551,astronaut
5551,elderly
187017,drug dealer
187017,sarcasm
187017,college
187017,male friendship
187017,sequel
187017,undercover cop
187017,burlesque
187017,buddy cop
187017,buddy comedy
187017,aftercreditsstinger
187017,duringcreditsstinger
187017,based on tv series
187017,farcical
187017,vibrant
1991,sports car
1991,sadism
1991,psychopath
1991,disc jockey
1991,ladykiller
1991,exploitation
1991,gore
1991,stunt
1991,female friendship
1991,women's prison
1991,stalker
1991,stuntman
1991,grindhouse
1991,beaten to death
1991,slasher
1991,sadist
1991,cynical
1991,killer car
1991,macabre
1991,duringcreditsstinger
1991,angry
1991,aggressive
1991,domineering
1991,frantic
1991,malicious
1991,mischievous
1991,bloody
1991,april march
1991,hilarious
1991,intense
1991,sinister
1991,apathetic
1991,audacious
1991,cruel
1991,enraged
1991,harsh
1991,mean spirited
1991,powerful
168672,new jersey
168672,1970s
168672,fbi
168672,mayor
168672,con artist
168672,mobster
168672,scam
168672,hair
168672,century
168672,assertive
168672,dubious
10147,elves
10147,holiday
10147,department store
10147,christmas party
10147,safe
10147,drink
10147,little people
10147,christmas
10147,hilarious
10147,xmas
2252,chauffeur
2252,"london, england"
2252,prostitute
2252,jealousy
2252,rape
2252,tattoo
2252,hitman
2252,parent child relationship
2252,bratva (russian mafia)
2252,gangster
2252,human trafficking
2252,diary
2252,midwife
2252,murder
2252,statutory rape
2252,orphan
2252,brutality
2252,motorcycle
2252,disposing of a dead body
2252,bathhouse
2252,empathy
2252,intense
6637,gold
6637,treasure
6637,"london, england"
6637,assassination
6637,usa president
6637,the white house
6637,"paris, france"
6637,parent child relationship
6637,riddle
6637,secret society
6637,treasure hunt
6637,sequel
6637,divorce
6637,desk
6637,library of congress
6637,archaeologist
6637,revisionist history
6637,ex-husband ex-wife relationship
6637,american civil war
6637,archeology
6637,south dakota
6637,usa history
6637,ancestor
6637,secret formula
6637,decipher
6637,anxious
6637,hidden history
6637,lincoln memorial
6637,history and legacy
6637,fictionalized history
6637,mount rushmore
6637,secret history
6637,hidden clues
6637,historical artifacts
6637,buckingham palace
6637,"mount vernon estate, virginia"
395,space marine
395,saving the world
395,predator
395,praise
395,pyramid
395,alien
395,creature
395,cosmos
395,versus fighting
395,versus
395,familiar
11592,court
11592,harassment
11592,"baltimore, usa"
11592,dark comedy
11592,housewife
11592,satire
11592,protection
11592,motherly love
11592,hit-and-run
11592,evil mother
11592,suburbia
11592,murder
11592,serial killer
11592,infamy
11592,perfectionist
11592,perfection
11592,obscene telephone call
11592,protective mother
11592,farce
2291,vietnam veteran
2291,new york city
2291,post-traumatic stress disorder (ptsd)
2291,experiment
2291,nightmare
2291,subway
2291,1970s
2291,paranoia
2291,hallucination
2291,car bomb
2291,grief
2291,memory
2291,chemist
2291,demon
2291,postal worker
2291,figment of imagination
2291,oneiric
2291,chiropractor
5,hotel
5,new year's eve
5,witch
5,bet
5,sperm
5,hotel room
5,anthology
5,"los angeles, california"
5,hoodlum
5,multiple storylines
5,woman director
10336,anti hero
10336,secret agent
10336,fistfight
10336,based on comic
10336,burn victim
12626,journalist
12626,"washington dc, usa"
12626,love triangle
12626,workaholic
12626,journalism
12626,television producer
12626,neurotic
12626,tv news anchor
45243,stag night
45243,sequel
45243,memory loss
45243,undercover cop
45243,drugs
45243,hopeless
15171,friendship
15171,musical
15171,anthropomorphism
15171,spider web
15171,talking pig
15171,cartoon spider
9607,sibling relationship
9607,saving the world
9607,plumber
9607,royalty
9607,dinosaur
9607,based on video game
9607,aftercreditsstinger
9607,woman director
9607,multiple dimensions
9607,so bad it’s good
6282,beautiful woman
873,prison
873,rape
873,sibling relationship
873,jazz
873,southern usa
873,africa
873,empowerment
873,adoption
873,abusive father
873,violent husband
873,jazz singer or musician
873,letter
873,cynical
873,incest
873,angry
873,aggressive
873,desperate
873,complex
873,anxious
873,cautionary
873,sentimental
873,antagonistic
873,authoritarian
873,callous
873,celebratory
873,condescending
873,defiant
873,harsh
873,ominous
3558,based on novel or book
3558,escape
3558,suicide attempt
3558,identity
3558,insanity
3558,female friendship
3558,based on true story
3558,borderline personality disorder
3558,psychiatric hospital
3558,mental institution
3558,female protagonist
3558,based on memoir or autobiography
3558,psychiatrist
3558,mental illness
3558,psychiatric ward
3558,meditative
3558,medical drama
3558,1960s
3558,introspective
3558,compassionate
3558,gentle
1677,blindness and impaired vision
1677,country music
1677,jazz
1677,loss of loved one
1677,overdose
1677,bus ride
1677,georgia
1677,melancholy
1677,record producer
1677,biography
1677,rags to riches
1677,childhood trauma
1677,gospel
1677,indianapolis
1677,record label
1677,recording studio
1677,pianist
1677,usa history
1677,cautionary
10549,mother
10549,denmark
10549,loss of loved one
10549,prince
10549,based on play or musical
10549,madness
10549,aggressive
10549,complex
10549,antagonistic
177677,mask
177677,mission
177677,assassin
177677,"london, england"
177677,spy
177677,morocco
177677,villain
177677,fake identity
177677,austria
177677,europe
177677,double agent
177677,sequel
177677,secret government organization
177677,conspiracy
177677,infiltration
177677,mi6
177677,mole
177677,"vienna, austria"
177677,british prime minister
177677,vienna opera
177677,fictional government agency
177677,british intelligence
177677,government agency
177677,based on tv series
14283,violin
14283,auction
8831,martial arts
8831,time travel
8831,based on comic
8831,alternative reality
8831,1920s
8831,19th century
8831,1990s
8831,2000s
8831,1860s
8831,security agent
8831,20th century
8831,21st century
795,suicide
795,operation
795,life and death
795,afterlife
795,angel
795,faith
795,heaven
795,remake
795,"los angeles, california"
795,interspecies romance
1374,dying and death
1374,friendship
1374,transporter
1374,sports
1374,loss of loved one
1374,cold war
1374,soviet union
1374,boxer
1374,kgb
1374,training
1374,victory
1374,matter of life and death
1374,loss of powers
1374,sequel
1374,revenge
1374,siberia
1374,christmas
1374,boxing
1374,excited
1374,powerful
2275,rape
2275,post-traumatic stress disorder (ptsd)
2275,based on novel or book
2275,politics
2275,homicide
2275,police chief
2275,georgia
2275,cover-up
2275,murder
2275,betrayal
2275,gang rape
2275,investigator
2275,decorum
2275,army general
2275,army captain
2275,west point
2275,basic training
2275,murder investigation
2275,army base
2275,army officer
2275,father daughter relationship
2275,military excercise
2275,homicide investigation
2275,psychological warfare
2275,military cover-up
2275,psychological trauma
2275,psychological operations
2275,ucmj - military law
2275,chief warrant officer
10858,usa president
10858,"washington dc, usa"
10858,government
10858,presidential election
10858,1970s
10858,watergate scandal
10858,biography
10858,historical figure
10858,richard nixon
10858,1960s
10858,ambiguous
10858,disapproving
10858,disdainful
10858,disheartening
10858,earnest
10858,empathetic
10858,frustrated
14337,distrust
14337,garage
14337,mathematics
14337,identity crisis
14337,time travel
14337,time machine
14337,paradox
14337,mechanical engineering
14337,determinism
14337,incredulous
10158,friendship
10158,sports
10158,white trash
10158,male friendship
10158,racial segregation
10158,basketball
10158,streetball
10158,jeopardy
10158,"los angeles, california"
10158,buddy
10158,hoodlum
10158,confidence artist
10158,hustling
10158,satirical
206487,mission
206487,orphanage
206487,pregnancy
206487,bomber
206487,secret organization
206487,time travel
206487,bartender
206487,time machine
206487,intersexuality
206487,fate
206487,terrorism
206487,based on short story
206487,loner
206487,shocking
206487,time paradox
206487,philosophical
206487,intersex
206487,temporal agent
206487,determinism
206487,baffled
206487,excited
114150,competition
114150,roommates
114150,college
114150,female friendship
114150,misfit
114150,hazing
114150,university
114150,audition
114150,group of friends
114150,dorm room
114150,bickering
114150,dj
114150,singing competition
114150,film score
114150,young adult
114150,acapella
114150,hilarious
515001,based on novel or book
515001,world war ii
515001,jew persecution
515001,satire
515001,imaginary friend
515001,hitler youth
515001,single mother
515001,questioning
515001,nazism
515001,1940s
515001,child protagonist
515001,adolf hitler
515001,children in wartime
515001,suspicious
515001,irreverent
515001,nazi germany
515001,doubtful
515001,ridiculous
11520,thanksgiving
11520,retiree
11520,old friends
11520,elderly
11520,aftercreditsstinger
11520,duringcreditsstinger
11520,neighborhood
11520,ice fishing
11520,christmas
1452,saving the world
1452,superhero
1452,invulnerability
1452,based on comic
1452,sequel
1452,alien
1452,super power
1452,superhuman strength
705,playwright
705,hollywood
705,black and white
705,relationship
705,insecurity
705,broadway
705,based on short story
705,broadway star
705,manipulative woman
705,stage struck
705,homewrecker
705,enchant
8873,concert
8873,rock 'n' roll
8873,dreams
8873,love of one's life
8873,kiss
8873,sequel
8873,buddy
8873,duringcreditsstinger
9403,erection
9403,becoming an adult
9403,sexuality
9403,eroticism
9403,radio
9403,based on true story
9403,autobiography
9403,autobiographical
9403,woman director
9403,based on real person
10149,smoking
10149,robber
10149,cigarette
10149,laden
10149,writer
4464,based on novel or book
4464,horse race
4464,american dream
4464,horse
4464,racehorse
4464,great depression
4464,based on true story
4464,jockey
4464,horse trainer
4464,seabiscuit
4464,1930s
3082,factory
3082,ambulance
3082,invention
3082,mental breakdown
3082,tramp
3082,great depression
3082,industrial revolution
3082,slapstick comedy
3082,automation
3082,jail
3082,hospital
3082,black and white
3082,machine
3082,pardon
3082,silent film
3082,unemployment
3082,screwdriver
3082,police arrest
3082,wrongful conviction
3082,communism
3082,assembly line
3082,prison break attempt
3082,burglars
3082,smuggling
3082,hilarious
3082,orphans
1369,vietnam war
1369,vietnam veteran
1369,vietnam
1369,helicopter
1369,government
1369,prisoner
1369,chase
1369,submachine gun
1369,liberation of prisoners
1369,photography
1369,machinegun
1369,prisoner of war
1369,liberation
1369,leech
1369,us army
1369,forest
1369,sequel
1369,revenge
1369,torture
1369,soldier
1369,explosion
1369,bow and arrow
1369,exploding body
1369,agent
1369,russian army
1369,electrical torture
1369,denunciation
548,dying and death
548,japan
548,samurai
548,rape
548,court case
548,court
548,truth
548,rain
548,woodcutter
548,subjectivity
548,medium
548,sunlight
548,black and white
548,criminal
548,based on short story
548,multiple perspectives
548,jidaigeki
548,human nature
548,witness account
548,heian period
548,rashomon effect
967,gladiator
967,roman empire
967,gladiator fight
967,slavery
967,insurgence
967,ancient rome
967,historical fiction
967,torture
967,ancient world
967,slave
967,escaped slave
967,1st century
967,antiquity
4248,supernatural
4248,exorcism
4248,haunted house
4248,parody
4248,sequel
4248,spoof
4248,horror spoof
4248,secret door
4248,college student
4248,school project
4248,haunted mansion
4248,weed
4248,horror parody
4248,supernatural horror
4248,whimsical
4248,supernatural comedy
37137,usa president
37137,"washington dc, usa"
37137,the white house
37137,police
37137,dark comedy
37137,satire
37137,parody
37137,sequel
37137,slapstick comedy
37137,spoof
37137,"los angeles, california"
37137,good versus evil
37137,based on tv series
7512,future
7512,army
7512,prostitute
7512,usa president
7512,congress
7512,experiment
7512,arena
7512,capitalism
7512,dystopia
7512,dark comedy
7512,hibernation
7512,stupidity
7512,junk food
7512,social satire
7512,brainwashing
7512,surveillance
7512,masturbation
7512,u.s. congress
7512,mass media
7512,aftercreditsstinger
7512,commercialism
7512,thoughtful
7512,cryonics
7512,anti-intellectualism
7512,cautionary
7512,hilarious
5994,businessman
5994,workaholic
5994,midlife crisis
5994,holiday
5994,second chance
5994,magic realism
5994,first love
5994,lost love
5994,alternative reality
5994,guardian angel
5994,family man
5994,christmas
5994,what if
5994,crisis of conscience
5994,career vs family
5994,christmas eve
4771,robbery
4771,corruption
4771,based on novel or book
4771,police
4771,kidnapping
4771,"boston, massachusetts"
4771,blackmail
4771,detective
4771,drug addiction
4771,murder
4771,conspiracy
4771,gang
4771,pedophile
4771,drugs
4771,alcoholic
4771,addict
4771,child kidnapping
4771,neo-noir
4771,anxious
4771,cautionary
4771,critical
4771,frightened
293,journalist
293,individual
293,sibling relationship
293,gambling
293,prohibition era
293,montana
293,fishing
293,fly fishing
293,pastor
293,semi autobiographical
11013,suicide
11013,clerk
11013,fetish
11013,sadomasochism
11013,secretary
11013,lawyer
11013,hospital
11013,typewriter
11013,kinky
11013,submissive
11013,cutting
11013,pantyhose
11013,bdsm
11013,workplace romance
11013,workplace drama
333339,future
333339,based on novel or book
333339,video game
333339,virtual reality
333339,dystopia
333339,nostalgia
333339,love
333339,film in film
333339,evil corporation
333339,quest
333339,1980s
333339,2040s
333339,based on young adult novel
333339,virtual game
333339,"columbus, ohio"
333339,dreary
333339,gloomy
333339,vrmmo
2018,"san francisco, california"
2018,arranged marriage
2018,wedding planner
2018,romcom
2018,doctor
2018,wedding
2018,heiress
2018,childhood friends
2018,chance meeting
2018,damsel in distress
2018,heroic rescue
2018,pediatrician
2018,single woman
2018,italian immigrant
2018,organized
2018,new money
2018,in love with someone's man
2018,fake fiancé
2018,immigrant parents
8247,adolescence
8247,based on novel or book
8247,loss of loved one
8247,motherly love
8247,super power
8247,identity conflict
8247,teleportation ability
8247,global chase
8247,secret war
8247,paladin hunter
8247,tragic family past
8247,fight and chase
8247,power discovery
8247,instant travel
8247,dimensional jump
8247,hidden safehouses
44826,"paris, france"
44826,based on novel or book
44826,library
44826,clock tower
44826,key
44826,clock
44826,museum
44826,montparnasse
44826,steampunk
44826,orphan
44826,robot
44826,filmmaking
44826,security guard
44826,leg brace
44826,doberman
44826,runaway train
44826,railway station
44826,guard dog
44826,toy maker
44826,mechanical toys
44826,toymaker
44826,lyrical
44826,ticking clock
44826,based on young adult novel
44826,clockwork
44826,train station
44826,toy
44826,stationmaster
44826,clockmaker
44826,mechanical dolls
303,daughter
303,marriage proposal
303,nazi
303,undercover
303,espionage
303,atomic bomb
303,love at first sight
303,poison
303,spy
303,fbi
303,patriotism
303,rio de janeiro
303,wine cellar
303,staircase
303,film noir
303,black and white
303,millionaire
303,intoxication
303,american spy
303,spy thriller
9099,smuggling (contraband)
9099,gambling
9099,military spoof
9099,us army
9099,revenge
9099,con game
9099,scheme
9099,base realignment and closure commission (brac)
9099,military acquisitions
768,"london, england"
768,loss of loved one
768,drug addiction
768,jack the ripper
768,based on comic
768,united kingdom
768,macabre
768,aggressive
768,somber
768,urban gothic
768,absurd
768,sinister
768,admiring
768,adoring
768,antagonistic
768,defiant
768,enthusiastic
768,vibrant
10803,based on novel or book
10803,escape
10803,teleportation
10803,killer robot
10803,dystopia
10803,post-apocalyptic future
10803,utopia
10803,plastic surgery
10803,distant future
10803,fugitive
10803,robot
10803,domed city
10803,totalitarianism
10803,population control
10161,bodily disabled person
10161,poet
10161,biography
10161,based on true story
10161,foot
10161,flashback
10161,author
10161,working class
10161,ireland
10161,disabled
10161,cerebral palsy
10161,irish film
22625,college
22625,forbidden love
22625,moral conflict
22625,childhood friends
22625,1950s
1365,new love
1365,ethnic stereotype
1365,waitress
1365,unsociability
1365,overweight child
1365,parent child relationship
1365,southern usa
1365,loss of loved one
1365,interracial relationship
1365,electric chair
1365,xenophobia
1365,shocking
1365,angry
1365,dramatic
1365,authoritarian
1365,callous
1365,cruel
1365,disapproving
1365,enraged
1365,foreboding
274870,android
274870,spacecraft
274870,asteroid
274870,isolation
274870,shower
274870,hibernation
274870,swimming pool
274870,automation
274870,space
274870,robot
274870,space station
274870,lying
274870,gravity
274870,trapped in space
274870,shocking
274870,malfunction
274870,cryonics
274870,proprietary
274870,fusion reactor
8961,drug smuggling
8961,"miami, florida"
8961,undercover agent
8961,cuba
8961,ku klux klan
8961,kidnapping
8961,money laundering
8961,mexican standoff
8961,ecstasy
8961,male friendship
8961,guantánamo
8961,sequel
8961,shootout
8961,criminal underworld
8961,drug lord
8961,exploding house
8961,dea agent
8961,undercover operation
8961,buddy cop
8961,narcotics detective
8961,aggressive
8961,action hero
8961,buddy movie
8961,haitian gang
8961,dead bodies
8961,absurd
8961,dramatic
8961,russian mobster
8961,exhilarated
311,new york city
311,regret
311,lovesickness
311,rape
311,life and death
311,sexual abuse
311,street gang
311,corruption
311,based on novel or book
311,prohibition era
311,gangster
311,sadistic
311,money laundering
311,opium
311,mafia boss
311,murder
311,memory
311,jewish american
311,torture
311,brooklyn bridge
311,childhood friends
311,aggressive
311,1920s
311,1960s
311,1930s
2119,underdog
2119,sports
2119,stock car racing
2119,daytona
2119,car crash
2119,rivalry
2119,revenge
2119,racing
2119,crash
2119,race car driver
2119,nascar
2119,racer
2119,stock car
2119,recovery
2119,"phoenix, arizona"
2119,motorsport
2119,underdog sports movie
68924,infidelity
68924,husband wife relationship
68924,based on novel or book
68924,1970s
68924,thanksgiving
68924,dysfunctional family
68924,connecticut
68924,family relationships
68924,ice storm
68924,suburbia
68924,neighbor
68924,swinger
68924,polyamory
68924,sexual awakening
68924,marital crisis
68924,party
68924,malaise
9946,new year's eve
9946,new york city
9946,nightmare
9946,faith
9946,christianity
9946,pastor
9946,bible
9946,satanist
9946,ex-cop
9946,atheist
9946,anti-christ
9946,millenium
9946,priest
9946,hospital
9946,explosion
9946,church
9946,devil
9946,ritual murder
9946,macabre
9946,hard
9946,meditative
9946,stigmata
9946,paranoid
9946,philosophical
9946,supernatural horror
9946,dreary
9946,good versus evil
9946,security agent
9946,absurd
9946,exhilarated
9946,frustrated
109,france
109,hairdresser
109,sexual frustration
109,businessman
109,funeral
109,love
109,poland
109,psychological
109,french
109,arthouse
1639,computer
1639,diamond
1639,boat
1639,cruise
1639,sequel
1639,disaster
1639,cruise ship
1639,sea cruise
1639,shipboard romance
1639,collision course
1639,serene
1639,barefoot female
1639,disgruntled employee
1639,sympathetic
116,adultery
116,infidelity
116,"london, england"
116,love triangle
116,sports
116,upper class
116,tennis
116,love
116,wealth
116,lust
116,gold digger
116,luck
116,instructor
116,social climbing
116,dark romance
116,malicious
116,affair
9447,farm
9447,pig
9447,chaos
9447,piggy bank
9447,chimpanzee
9447,piglet
9447,sequel
9447,anthropomorphism
9447,talking dog
9447,dog
9447,talking pig
223,based on novel or book
223,age difference
223,obsession
223,monte carlo
223,bride
223,"cornwall, england"
223,love
223,film noir
223,rural area
223,black and white
223,devotion
223,housekeeper
223,gothic
223,death
223,estate
223,costume party
223,mysterious death
223,gothic thriller
223,age-gap relationship
1381,dying and death
1381,operation
1381,love of one's life
1381,immortality
1381,brain tumor
1381,maya civilization
1381,tree
1381,queen
1381,fountain
1381,surgeon
1381,transience
1381,religion
1381,monkey
1381,multiple storylines
1381,conquest
1381,flagellation
1381,awestruck
1381,cliché
157350,mind control
157350,future
157350,based on novel or book
157350,dystopia
157350,injection
157350,futuristic
157350,transhumanism
157350,individuality
157350,alternative reality
157350,caste system
157350,vaccination
157350,philosophical
157350,based on young adult novel
157350,inspirational
157350,excited
157350,informative
9013,crooked lawyer
9013,road trip
9013,buddy
9013,buddy comedy
9013,bail jumper
9013,mafia accountant
9013,stretch limousine
9013,"manhattan, new york city"
9013,southwestern u.s.
9013,bus station
9013,police surveillance
12102,husband wife relationship
12102,marriage
12102,custody battle
12102,divorce
12102,family
12102,couple
12102,selfishness
12102,"manhattan, new york city"
12102,child custody
12102,abandonment
12102,dramatic
12102,parents separating
12102,compassionate
6620,chauffeur
6620,sibling relationship
6620,champagne
6620,playboy
6620,love
6620,teenage crush
6620,millionaire
6620,high society
6620,"manhattan, new york city"
6620,impossible love
6620,family disapproval
11159,"london, england"
11159,parent child relationship
11159,adoption
11159,socially deprived family
11159,reunion
11159,candid
11159,loving
1498,new york city
1498,martial arts
1498,skateboarding
1498,brother
1498,superhero
1498,mutant
1498,cartoon
1498,pizza delivery
1498,pizza
1498,turtle
1498,based on comic
1498,ninja
1498,radical
1498,sewer
1498,vigilante justice
1498,anthropomorphic animal
1498,amused
1498,cowabunga
288,small town
288,gunslinger
288,showdown
288,fistfight
288,u.s. marshal
288,shootout
288,morality
288,black and white
288,battle
288,justice
288,one against many
288,quick draw
288,brawl
288,ticking clock
10330,high school
10330,concert
10330,sibling relationship
10330,single parent
10330,mistake in person
10330,bride
10330,body exchange
10330,fortune cookie
10330,motherly love
10330,female protagonist
10330,wedding
10330,psychiatrist
10330,body-swap
10330,teen comedy
10330,child as an adult
10330,adult as a child
10330,mother daughter relationship
10330,amused
1636,love of one's life
1636,wish
1636,sale of soul
1636,pact with the devil
1636,remake
1636,devil
1636,demon
1636,wishes come true
1636,devil woman
1636,faustian pact
1636,searching for love
1636,philosophical
1636,deal with the devil
1636,instructive
9444,nightmare
9444,villain
9444,czar / tsar / tzar
9444,musical
9444,based on true story
9444,sorcerer
9444,period drama
9444,catholic
9444,russian revolution (1917)
9444,train explosion
9444,1920s
9444,good versus evil
9444,amused
1579,loss of loved one
1579,maya civilization
1579,village
1579,solar eclipse
1579,affectation
1579,slavery
1579,tribe
1579,native american
1579,forest
1579,human sacrifice
1579,eclipse
1579,central america
1579,ancient civilization
1579,angry
1579,aggressive
1579,16th century
1579,candid
1579,maya temple
1579,ancient language film
1579,absurd
1579,dramatic
1579,critical
1579,admiring
1579,adoring
1579,ambiguous
1579,ambivalent
1579,approving
1579,assertive
1579,audacious
1579,authoritarian
1579,awestruck
1579,baffled
1579,celebratory
1579,commanding
1579,defiant
1579,earnest
1579,empathetic
1579,enchant
695,suicide
695,helicopter
695,cheating
695,loss of loved one
695,fishing
695,jazz singer or musician
695,modern society
695,cellist
695,earthquake
695,"los angeles, california"
695,hit by a car
695,multiple storylines
9396,australia
9396,new york city
9396,crocodile
9396,knife
9396,adventurer
9396,aftercreditsstinger
9396,kangaroo
534,army
534,artificial intelligence (a.i.)
534,saving the world
534,prophecy
534,"san francisco, california"
534,gas station
534,cyborg
534,killer robot
534,dystopia
534,firearm
534,post-apocalyptic future
534,wartime
534,sequel
534,"los angeles, california"
638,prison
638,pornography
638,jealousy
638,dreams
638,dual identity
638,nightmare
638,police
638,sexual frustration
638,gangster
638,insanity
638,paranoia
638,prison cell
638,eroticism
638,bedroom
638,violent husband
638,headache
638,motel
638,transformation
638,death row
638,jazz singer or musician
638,highway
638,car mechanic
638,hallucination
638,suspicion
638,identity crisis
638,surrealism
638,car crash
638,murder
638,psychological thriller
638,"los angeles, california"
638,doppelgänger
638,videotape
638,fugue state
638,ambiguous
13448,based on novel or book
13448,"rome, italy"
13448,vatican (holy see)
13448,symbolism
13448,illuminati
13448,quantum mechanics
13448,prequel
13448,anti matter
13448,conspiracy
13448,investigator
13448,catholicism
13448,cern
13448,conspiracy thriller
9718,car race
9718,prayer
9718,north carolina
9718,family dinner
9718,betrayal
9718,best friend
9718,race car driver
9718,advertising
9718,divorce
9718,estranged father
9718,nascar
9718,sport competition
9718,psychosomatic illness
9718,frenchman
9718,aftercreditsstinger
9718,duringcreditsstinger
9718,race car crash
9718,team owner
9718,race car driving
9718,racecourse
9718,face your fear
9718,race team
253,new york city
253,"london, england"
253,sheriff
253,dual identity
253,based on novel or book
253,drug smuggling
253,bomb
253,england
253,secret mission
253,spy
253,boat
253,secret intelligence service
253,tarot cards
253,jamaica
253,drug trafficking
253,voodoo
253,tombstone
253,heroin
253,secret identity
253,crocodile
253,speedboat 
253,aftercreditsstinger
253,james bond
296098,central intelligence agency (cia)
296098,spy
296098,cold war
296098,soviet union
296098,pilot
296098,based on true story
296098,lawyer
296098,american
296098,courtroom
296098,russian spy
296098,legal drama
13667,duck
13667,nerd
13667,paperboy
13667,suicidal
13667,teen comedy
13667,snow skiing
13667,aftercreditsstinger
13667,duringcreditsstinger
13667,skiing
13667,hilarious
13667,admiring
13667,familiar
5549,police
5549,cyborg
5549,sequel
5549,cyberpunk
5549,transhumanism
5549,robot
5549,drugs
5549,police officer
5549,absurd
5549,complicated
15196,blackmail
15196,butler
15196,board game
15196,mansion
15196,whodunit
15196,maid
15196,old house
15196,one by one
15196,secret passageway
15196,murder mystery
15196,murder weapon
15196,dinner guest
15196,multiple endings
15196,audacious
15196,based on board game
15196,silly
3509,future
3509,california
3509,dreams
3509,schizophrenia
3509,based on novel or book
3509,undercover
3509,detective
3509,dystopia
3509,cocaine
3509,exam
3509,assignment
3509,cyberpunk
3509,drugs
3509,surveillance
3509,totalitarian
3509,corporation
3509,speculative
3509,substance
3509,condition
3509,neo-noir
3509,dubious
381,hotel
381,jealousy
381,villa
381,police
381,expensive restaurant
381,age difference
381,cat
381,jewelry
381,falsely accused
381,fireworks
381,masked ball
381,picnic
381,nice
381,roof
381,côte d'azur
381,southern france
381,blonde
381,french riviera
381,on the run
381,cat burglar
381,riviera
381,man on the run
381,vistavision
832,"berlin, germany"
832,germany
832,psychopath
832,detective inspector
832,child murder
832,investigation
832,film noir
832,organized crime
832,serial killer
832,black and white
832,criminal
832,pre-code
832,psycho
832,expressionism
832,german expressionism
832,crime
429617,"venice, italy"
429617,secret identity
429617,superhero
429617,school trip
429617,europe
429617,based on comic
429617,sequel
429617,travel
429617,aftercreditsstinger
429617,duringcreditsstinger
429617,marvel cinematic universe (mcu)
429617,masked superhero
429617,tower of london
429617,teen superhero
429617,cliché
1480,hotel
1480,gangster
1480,brothel
1480,border
1480,investigation
1480,honeymoon
1480,usa–mexico border
1480,car bomb
1480,film noir
1480,black and white
381288,child abuse
381288,"philadelphia, pennsylvania"
381288,kidnapping
381288,gore
381288,sequel
381288,stalking
381288,teenage girl
381288,psychological thriller
381288,super power
381288,mental illness
381288,split personality
381288,multiple personality
381288,traumatic childhood
381288,dissociative identity disorder
381288,psychological horror
381288,bitter
381288,defiant
381288,frightened
11011,wealthy
11011,billionaire
11011,family
592,isolation
592,shadowing
592,"san francisco, california"
592,technology
592,spy
592,audio tape
592,paranoia
592,wiretap
592,saxophone
592,conspiracy
592,morality
592,tragic event
592,surveillance
592,cynical
592,wiretapping
592,voyeurism
592,ethics
592,psychological
9944,based on novel or book
9944,judge
9944,professor
9944,mission of murder
9944,supreme court
9944,legal thriller
9944,dramatic
9944,suspenseful
138832,drug dealer
138832,mexico
138832,drug smuggling
138832,fireworks
138832,camping
138832,"denver, colorado"
138832,carnival
138832,witness protection
138832,stripper
138832,road trip
138832,breaking the fourth wall
138832,marijuana
138832,drug stealing
138832,man child
138832,drugs
138832,drug lord
138832,first kiss
138832,strip tease
138832,dea
138832,homeless girl
138832,drug syndicate
138832,drug gang
138832,4th of july
138832,drug money
138832,pretend family
138832,rv
27576,new york city
27576,race against time
27576,central intelligence agency (cia)
27576,"washington dc, usa"
27576,kidnapping
27576,hostage
27576,spy
27576,married woman
27576,assassination plan
27576,secret past
27576,russian spy
27576,sleeper agent
27576,spy thriller
27576,north korea
27576,intense
27576,cia agent
27576,russian defector
116745,himalaya mountain range
116745,photographer
116745,iceland
116745,daydream
116745,magazine
116745,photograph
116745,shark
116745,fired from the job
116745,dreamer
116745,online dating
116745,daydreaming
116745,frantic
116745,life magazine
116745,inspirational
116745,excited
116745,joyful
10395,adultery
10395,bite
10395,heal
10395,deer
10395,werewolf
10395,vermont
10395,publisher
381284,nasa
381284,mathematics
381284,sexism
381284,biography
381284,racial segregation
381284,racism
381284,historical fiction
381284,scientist
381284,space race
381284,discrimination
381284,1960s
381284,space program
381284,african american history
381284,apologetic
381284,arrogant
381284,authoritarian
381284,callous
381284,condescending
381284,disrespectful
381284,frustrated
7350,dying and death
7350,friendship
7350,husband wife relationship
7350,himalaya mountain range
7350,parent child relationship
7350,brain tumor
7350,africa
7350,journey around the world
7350,sense of life
7350,safari
7350,male friendship
7350,wish
7350,terminal illness
7350,road trip
7350,cancer
7350,billionaire
7350,estranged father
7350,list
7350,elderly
7350,journey
7350,bucket list
7350,"taj mahal, india"
9550,rebellion
9550,martial arts
9550,government
9550,china
9550,swordplay
9550,tang dynasty
9550,dagger
9550,wuxia
9550,9th century
9550,bold
9550,exuberant
9384,california
9384,undercover
9384,drug trafficking
9384,1970s
9384,cocaine
9384,cop
9384,informant
9384,disco
9384,buddy cop
9384,jumping from a rooftop
9384,surveillance footage
9384,drug kingpin
9384,based on tv series
978,himalaya mountain range
978,buddhism
978,buddhist monk
978,world war ii
978,prisoner of war
978,mountain
978,monsoon
978,austria
978,tibet
978,mountaineer
978,lhasa
978,wedding
978,based on memoir or autobiography
978,people's liberation army
8491,beach
8491,boss
8491,bad boss
8491,mission of murder
8491,house
8491,male corpse
8491,mischievous
8491,hilarious
8491,bewildered
8491,cliché
8491,farcical
9306,island
9306,monster
9306,experiment
9306,genetics
9306,based on novel or book
9306,mutation
9306,hybrid
9306,remake
9306,stranded
9306,held captive
9306,remote island
9306,genetic engineering
9306,south sea island
9306,god complex
9306,cross breed
9306,human animal hybrid
9306,mutants
11321,sadness
11321,vegetarian
11321,tax collector
11321,blind
11321,pianist
11321,organ transplant
11321,blood type
11321,questioning
11321,sad story
11321,admiring
11321,compassionate
11321,surprise-ending
9090,new york city
9090,transvestism
9090,homophobia
9090,drag queen
9090,road trip
9090,travel
9090,drag
9090,woman director
9090,mischievous
9090,amused
5876,monster
5876,based on novel or book
5876,supermarket
5876,fight
5876,faith
5876,prayer
5876,spider
5876,fog
5876,giant monster
5876,giant spider
5876,giant insect
5876,survival
5876,disaster
5876,angry mob
5876,mass hysteria
5876,trapped in building
5876,giant octopus
5876,giant crab
5876,father son relationship
5876,experiment gone awry
5876,lovecraftian
5876,religious fanaticism
5876,bible thumper
5876,sinister
8373,egypt
8373,chaos
8373,sun
8373,tank
8373,symbol
8373,sequel
8373,alien
8373,artifact
8373,revenge
8373,based on toy
8373,giant robot
8373,robot
8373,duringcreditsstinger
6068,new york city
6068,island
6068,engagement
6068,stranded
6068,fish out of water
6068,deserted island
6068,tropical island
6068,boyfriend girlfriend relationship
6068,opposites attract
6068,interrupted vacation
6068,south pacific
6068,squall
6068,polynesian
6068,magazine editor
6068,airplane pilot
6068,plane crash
6068,enemies to lovers
6068,teamwork
6068,tropical storm
6068,airplane in storm
6068,transport plane
6068,tropical resort
6068,sea pirates
6068,tropical vacation
6068,romantic getaway
127380,fish
127380,amnesia
127380,octopus
127380,sequel
127380,anthropomorphism
127380,computer animation
127380,underwater
127380,aftercreditsstinger
127380,clownfish
127380,3d animation
127380,amused
127380,enthusiastic
127380,hopeful
127380,pixar
123,mission
123,based on novel or book
123,elves
123,dwarf
123,troll
123,fantasy world
123,wizard
123,journey
123,ring
123,hero's journey
123,high fantasy
123,good versus evil
123,animation
123,hobbit
290,hotel
290,screenplay
290,mass murder
290,movie business
290,screenwriter
290,neighbor
290,"los angeles, california"
290,neo-noir
290,1940s
10122,florida
10122,farewell
10122,artificial intelligence (a.i.)
10122,flying saucer
10122,nasa
10122,homesickness
10122,extraterrestrial technology
10122,time travel
10122,alien
10122,dog
10122,pets
10122,alien technology
10122,lighthearted
10122,time jump
9623,based on novel or book
9623,court case
9623,jurors
9623,homicide
9623,blackmail
9623,mafia boss
9623,trial
9623,coercion
9623,murder
9623,jury duty
9623,mafia
9623,single mother
9623,courtroom
9623,jury tampering
9623,murder trial
9623,criminal trial
9623,mob enforcer
9560,pregnancy
9560,world war ii
9560,vineyard
9560,love
9560,remake
9560,harvest
9560,grape
9560,abandoned woman
9560,admiring
9560,adoring
9560,assertive
9560,celebratory
9560,familiar
10547,greenhouse effect
10547,global warming
10547,alien
10547,extraterrestrial
10547,astronomer
10547,conspiracy
10547,scientist
10547,alien invasion
10547,foot chase
10547,desert
10547,climatologist
10547,observatory
10547,alien language
10547,golf club
10547,liquid nitrogen
10547,screwdriver
10547,cosmic zoom
10547,rollerblades
10547,radio telescope
10547,satellite dish
10547,aliens
44896,hero
44896,gunslinger
44896,sheriff
44896,suicide attempt
44896,nevada
44896,mayor
44896,pet
44896,native american
44896,water supply
44896,outlaw
44896,water shortage
44896,spirit
44896,chameleon
44896,mariachi
44896,disillusionment
44896,desert
44896,construction
44896,frontier town
44896,small western town
44896,animal life
44896,animal protagonist
44896,3d animation
44896,old west
44896,high noon
2288,infidelity
2288,secret love
2288,husband wife relationship
2288,cheating
2288,photographer
2288,loss of loved one
2288,love at first sight
2288,photography
2288,lover
2288,lie
2288,forbidden love
2288,sexchat
2288,stripper
2288,liar
2288,based on play or musical
2288,death of father
2288,times square
2288,writer
2288,falling in love
2288,photo exhibition
2288,provocative
2288,love square
698,space marine
698,based on novel or book
698,"venice, italy"
698,mass murder
698,rio de janeiro
698,space suit
698,marcus square
698,space battle
698,secret base
698,gondola
698,laser
698,space travel
698,utopia
698,boat chase
698,mi6
698,astronaut
698,british secret service
698,space shuttle
698,cable car
698,james bond
49049,metropolis
49049,corruption
49049,police
49049,judge
49049,gangster
49049,crime fighter
49049,dystopia
49049,post-apocalyptic future
49049,executive case
49049,based on comic
49049,futuristic
49049,survival
49049,cyberpunk
49049,criminal
49049,justice
49049,drug lord
49049,based on graphic novel
49049,female villain
490132,friendship
490132,southern usa
490132,based on true story
490132,road trip
490132,racism
490132,pianist
490132,driver
490132,lgbt
490132,road movie
490132,music tour
490132,1960s
490132,roadtrip
490132,gay theme
490132,feelgood
10909,journalist
10909,california
10909,trailer park
10909,photographer
10909,gas station
10909,kidnapping
10909,psychopath
10909,journalism
10909,motel
10909,highway
10909,road trip
10909,murder
10909,serial killer
10909,mental illness
10909,ex-con
10909,hitchhiking
10909,bar
10909,abusive relationship
10909,inspirational
80274,based on novel or book
80274,fight
80274,starship
80274,intolerance
80274,war strategy
80274,chosen one
80274,earth
80274,child prodigy
80274,futuristic
80274,space
80274,alien invasion
80274,universe
80274,military school
80274,adventurer
80274,morality tale
80274,somber
80274,philosophical
80274,based on young adult novel
80274,boy group
80274,starships
1607,italian american
1607,gambling
1607,funeral
1607,italian
1607,parent child relationship
1607,gangster
1607,loyalty
1607,molotow cocktail
1607,gang leader
1607,nostalgia
1607,game of dice
1607,bus driver
1607,mafia
1607,best friend
1607,witness to murder
1607,hoodlum
1607,xenophobia
1607,"bronx, new york city"
1607,father figure
1607,1960s
1607,confession booth
2022,new york city
2022,love letter
2022,new hampshire
2022,liar
2022,city country contrast
2022,inheritance
2022,billionaire
2022,kindness
2022,fable
2022,apple tree
2022,corporate take over
2022,chrysler building
1996,medallion
1996,biological weapon
1996,"shanghai, china"
1996,riddle
1996,ex-lover
1996,greece
1996,kazakhstan
1996,mercenary
1996,earthquake
1996,chinese mafia
1996,treasure hunt
1996,alexander the great
1996,pandora's box
1996,sequel
1996,female protagonist
1996,hong kong
1996,mi6
1996,scientist
1996,underwater
1996,heiress
1996,archaeologist
1996,based on video game
1996,aristocrat
1996,great wall of china
1996,adventurer
1996,archeology
1996,crime syndicate
1996,bio terrorism
1996,mythical artifact
97630,hotel
97630,van
97630,mossad
97630,central intelligence agency (cia)
97630,assassination
97630,prisoner
97630,car dealer
97630,iraq
97630,pakistan
97630,f word
97630,man hunt
97630,u.s. navy seal
97630,female protagonist
97630,gunfight
97630,terrorism
97630,raid
97630,text message
97630,monkey
97630,dog
97630,special forces
97630,tied up
97630,military
97630,area 51
97630,terrorist group
97630,torturing
97630,woman director
97630,al qaeda
97630,prison camp
97630,suicide bombing
97630,political thriller
97630,ex special forces
97630,post 9/11
97630,helicopter crash
97630,islamabad
97630,intense
97630,bold
97630,forceful
10502,friendship
10502,boarding school
10502,suspicion
10502,face transplant
10502,teacher
10502,love
10502,accident
10502,1960s
8130,amnesia
8130,lonely hearts ad
8130,woman director
10307,faith
10307,vatican (holy see)
10307,religion and supernatural
10307,miracle
10307,possession
10307,clergyman
10307,atheist
10307,priest
10307,demon
10307,roman catholic church
10307,demonic possession
10307,religious horror
10307,supernatural horror
11529,new york city
11529,marriage proposal
11529,alabama
11529,career woman
11529,fashion designer
11529,young love
11529,deep south
11529,social mobility
11529,upward mobility
4824,showdown
4824,hitman
4824,politics
4824,bratva (russian mafia)
4824,cold war
4824,fbi
4824,"montreal, canada"
4824,revenge
4824,terrorism
4824,ira (irish republican army)
4824,political thriller
4824,pretending to be gay
215,sadism
215,riddle
215,sequel
215,serial killer
215,torture
215,survival horror
215,death match
215,mind game
215,death game
215,sadistic horror
206647,based on novel or book
206647,spy
206647,secret society
206647,secret agent
206647,austria
206647,sequel
206647,boat chase
206647,mi6
206647,british secret service
206647,united kingdom
206647,day of the dead
206647,james bond
206647,ambiguous
85350,high school
85350,family's daily life
85350,college
85350,urban life
85350,coming of age
85350,growing up
85350,domestic abuse
85350,parenting
85350,divorce
85350,family
85350,nostalgic
85350,divorced parents
85350,abusive husband
85350,teenager
2142,new york city
2142,corruption
2142,new jersey
2142,police
2142,handcuffs
2142,fbi
2142,bridge
2142,car crash
2142,murder
2142,arson
2142,organized crime
2142,bad cop
2142,dirty cop
2142,internal affairs
2142,police corruption
2142,car accident
2142,nypd
2142,world trade center
2142,curious
2142,neo-noir
9012,pain
9012,idiot
9012,disgust
9012,stunt
9012,music video
9012,stuntman
9012,stupidity
9012,prank
9012,shocking
9012,based on tv series
107985,addiction
107985,alcoholism
107985,end of the world
107985,apocalypse
107985,homage
107985,pub
107985,hilarious
107985,pub crawl
107985,cornetto trilogy
203801,central intelligence agency (cia)
203801,spy
203801,cold war
203801,kgb
203801,remake
203801,nostalgic
203801,buddy cop
203801,russian spy
203801,american spy
975,army
975,france
975,based on novel or book
975,general
975,germany
975,world war i
975,patriotism
975,cowardice
975,idealism
975,idealist
975,black and white
975,soldier
975,anti war
975,disturbed
975,1910s
975,war
975,fighting the system
975,psychological drama
8986,prostitute
8986,tree house
8986,red-light district
8986,stripper
8986,make a match
8986,mob boss
8986,father son relationship
914,amnesia
914,nazi
914,hairdresser
914,propaganda
914,world war i
914,dictator
914,jewish ghetto
914,fascism
914,world war ii
914,national socialism
914,national socialist party
914,satire
914,speech
914,black and white
914,barbershop
914,anti war
914,fictitious country
914,domineering
914,inspirational
914,dramatic
681,smuggling (contraband)
681,fight
681,"amsterdam, netherlands"
681,cat
681,spy
681,secret organization
681,moon buggy
681,satellite
681,secret agent
681,plastic surgery
681,murder
681,extortion
681,look-alike
681,las vegas
681,millionaire
681,fingerprint
681,dirt bike
681,casino owner
681,old woman murdered
681,high dive
681,gender disguise
681,aftercreditsstinger
681,master villain
681,james bond
681,witty
11843,robbery
11843,diamond
11843,côte d'azur
11843,inspector
11843,sequel
9344,puberty
9344,first time
9344,new york city
9344,drug abuse
9344,coming of age
9344,hiv
9344,juvenile delinquent
9344,shoplifting
9344,underage sex
9344,sexually transmitted disease
9344,sleeping around
9344,complex
9344,juvenile delinquency
9344,independent film
9344,banned film
9344,critical
9344,disgusted
18203,immigrant
18203,new jersey
18203,jazz
18203,restaurant
18203,food
18203,car salesman
18203,italian restaurant
18203,feast
18203,1950s
18203,italian cuisine
39939,alcohol
39939,police chief
39939,highway
39939,radio
39939,cop
39939,broken lizard
39939,drug humor
39939,marijuana
39939,police corruption
39939,vermont
39939,state trooper
39939,aftercreditsstinger
39939,duringcreditsstinger
39939,shenanigans
39939,playful
39939,disdainful
39939,disgusted
39939,doubtful
39939,dubious
39939,frustrated
39939,ridiculous
928,dying and death
928,new york city
928,monster
928,mutation
928,cleverness
928,skyscraper
928,mutant
928,human animal relationship
928,current
928,electric shock
928,halloween
928,restaurant
928,gremlin
928,research station
928,sequel
928,puppetry
928,cowardliness
928,creature
928,pets
928,electricity
615,mission
615,suffering
615,roman empire
615,christianity
615,jewry
615,roman
615,crucifixion
615,apostle
615,last supper
615,bible
615,satan
615,easter
615,torture
615,brutality
615,shocking
615,jesus christ
615,complex
615,christian film
615,aramaic
615,rosario
615,antiquity
615,blood
615,provocative
615,ancient language film
615,bold
615,hopeful
254320,hotel
254320,suicide attempt
254320,boat
254320,dystopia
254320,woods
254320,romance
254320,punishment
254320,revenge
254320,swimming
254320,grave digging
254320,dead rabbit
254320,blind woman
254320,manhunt
254320,shooting an animal
254320,irreverent
254320,farcical
254320,scathing
22794,based on novel or book
22794,inventor
22794,weather
22794,food
22794,based on children's book
22794,3d animation
22794,hopeful
96721,car race
96721,sports
96721,world champion
96721,based on true story
96721,racing
96721,adventurer
96721,formula one (f1)
96721,ambivalent
96721,compassionate
96721,exhilarated
4523,princess
4523,new york city
4523,magic
4523,fairy tale
4523,poison
4523,queen
4523,prince
4523,villain
4523,musical
4523,portal
4523,female protagonist
4523,female villain
4523,"manhattan, new york city"
4523,evil queen
4523,fantasy world
4523,evil witch
4523,true love
4523,part animation
4523,live action and animation
1552,parent child relationship
1552,grandparent grandchild relationship
1552,dysfunctional family
1552,family relationships
1552,parenting
1552,children's party
10660,new york city
10660,waitress
10660,court case
10660,greed
10660,diner
10660,based on true story
10660,cop
10660,fame
10660,news reporter
10660,newspaper article
10660,marital discord
10660,lottery ticket
10660,winning lottery
10660,new-found fame
10660,man of his word
10660,romantic
10660,comforting
11808,"chicago, illinois"
11808,central intelligence agency (cia)
11808,escape
11808,chase
11808,espionage
11808,innocence
11808,transport of prisoners
11808,swamp
11808,u.s. marshal
11808,fugitive
11808,conspiracy
11808,agent
11808,escaped prisoner
11808,corrupt agent
11808,glock
11808,ex special forces
11808,action hero
11808,manhunt
11808,innocent in jail
11808,motorboat
11808,plane crash
11808,finger gun
11808,transport plane
11808,grain silo
13997,corrupt politician
13997,nitrous oxide
13997,candid camera
13997,double act
13997,political satire
13997,woman director
1653,based on novel or book
1653,peru
1653,revolution
1653,asthma
1653,che guevara
1653,cuban revolution
1653,chile
1653,argentina
1653,motorcycle
1653,guajira peninsula
1653,leper colony
1653,biochemist
1653,road movie
1653,amused
1581,"london, england"
1581,holiday
1581,movie business
1581,christmas party
1581,country house
1581,vacation
1581,surrey
1581,romance
1581,"los angeles, california"
1581,multiple storylines
1581,woman director
1581,christmas
1581,christmas romance
1581,house swapping
1581,holiday romance
1581,bold
1581,vibrant
11050,adultery
11050,based on novel or book
11050,parent child relationship
11050,loss of loved one
11050,"houston, texas"
11050,cancer
11050,astronaut
11050,single mother
11050,neighbor neighbor relationship
11050,mother daughter relationship
11050,narcissistic mother
11050,dramatic
9574,wedding vows
9574,inventor
9574,slime
9574,flight
9574,mad scientist
9574,remake
9574,wedding
9574,secret formula
9574,flubber
10948,friendship
10948,based on novel or book
10948,fox
10948,coming of age
10948,dog
10948,animals
10948,hunting
10948,unlikely friendship
10948,pets
7095,genetics
7095,age difference
7095,body exchange
7095,coming of age
551,new year's eve
551,sea
551,ship
551,prostitute
551,husband wife relationship
551,life and death
551,sibling relationship
551,based on novel or book
551,faith
551,ocean
551,1970s
551,wave
551,shipwreck
551,natural disaster
551,cruise
551,seaquake
551,ocean liner
551,travel
551,disaster
551,capsized ship
551,tidal wave
551,disaster movie
551,dramatic
11371,quebec
11371,heist
11371,jewel
11371,scepter
11371,customs house
11371,jewelry heist
11371,blueprint
11371,assumed identity
11371,schematic
11371,surveillance camera
11371,one last job
6073,mexico
6073,kidnapping
6073,romcom
6073,road trip
6073,thief
6073,mobster
6073,"los angeles, california"
6073,on the road
6073,storytelling
11663,rock 'n' roll
11663,"dublin, ireland"
11663,ireland
11663,soul music
11663,irish
11663,band
11663,the barrytown trilogy
11663,wilson pickett
11663,cheerful
10586,"london, england"
10586,based on novel or book
10586,hunter
10586,africa
10586,lion
10586,animal attack
10586,bridge
10586,british army
10586,based on true story
10586,lion attack
10586,colonialism
10586,swahili
10586,aggressive
10586,mysticism
10586,railroad construction
10586,1890s
10586,bold
606,farm
606,infidelity
606,africa
606,plantation
606,safari
606,melancholy
606,nairobi
606,coffee grower
606,romance
606,kenya
606,based on memoir or autobiography
606,british colonial
606,syphilis
606,danish
606,historical drama
606,1910s
606,big game hunter
606,cuckolded husband
606,plantation owner
606,lions
606,coffee beans
606,romantic
10468,drug addiction
10468,car crash
10468,alcoholism
10468,drug rehabilitation
10468,wedding
10468,withdrawal
10468,sobriety
10468,woman director
9778,new york city
9778,new love
9778,soulmates
9778,chance
9778,love at first sight
9778,department store
9778,dollar
9778,fate
9778,destiny
9778,shopping
9778,canceled wedding
9778,meet cute
9778,chance meeting
9778,true love
9778,wedding day
9778,christmas
9778,finding love
9778,wedding rehearsal
9778,imminent wedding
9778,cold feet
9778,serendipity
9778,black gloves
9778,happy ending
9778,christmas romance
9778,missed connection
9778,air travel
9778,second chance romance
3021,hotel
3021,hotel room
3021,new york city
3021,research
3021,fire
3021,husband wife relationship
3021,window
3021,loss of loved one
3021,door
3021,painting
3021,telephone
3021,haunted house
3021,writer
3021,based on short story
3021,ghost hunter
3021,adaptation
3021,baffled
3021,horrified
11549,small town
11549,based on novel or book
11549,alien
11549,black and white
11549,doctor
11549,patient
11549,alien invasion
11549,psychiatrist
11549,alien infection
11549,angry mob
11549,doppelgänger
11549,mystery writer
11549,body snatchers
11549,emotionless
11549,paranoid
11549,hopeless
11549,abandoned mine
11549,personality change
11549,alien plant-life
11549,superscope
96,police
96,arms smuggling
96,intensive care
96,undercover
96,detective
96,investigation
96,armored car
96,strip club
96,sequel
96,shootout
96,gunfight
96,"los angeles, california"
96,"detroit, michigan"
96,horse track
96,beverly hills
96,black cop
96,buddy cop
96,credit card fraud
96,narcotics detective
96,playboy mansion
96,shooting range
96,police procedural
96,robbery gang
96,superdetective
96,detective comedy
96,ferrari
96,amused
438631,empire
438631,future
438631,army
438631,based on novel or book
438631,prophecy
438631,dystopia
438631,emperor
438631,sand
438631,spice
438631,chosen one
438631,hallucinogen
438631,treason
438631,baron
438631,revenge
438631,premonition
438631,betrayal
438631,space
438631,water shortage
438631,creature
438631,desert
438631,knife fight
438631,destiny
438631,giant worm
438631,space opera
438631,sand dune
438631,messiah
438631,complex
438631,mother son relationship
438631,giant creature
11704,widow
11704,mouse
11704,villain
11704,crow
11704,illness
11704,playful
11704,good versus evil
11704,admiring
9531,saving the world
9531,superhero
9531,super computer
9531,identity crisis
9531,loss of powers
9531,based on comic
9531,sequel
9531,hacking
9531,super power
9531,bowling alley
9531,superhuman strength
11881,new york city
11881,court
11881,judge
11881,parent child relationship
11881,holiday
11881,department store
11881,santa claus
11881,thanksgiving
11881,psychologist
11881,lawyer
11881,little girl
11881,black and white
11881,single mother
11881,district attorney
11881,skepticism
11881,holiday season
11881,commercialism
11881,christmas
11881,loss of faith
11881,mother daughter relationship
11881,imagination
16538,marriage
16538,male friendship
16538,wedding
16538,guitar player
16538,rock band
16538,real estate agent
16538,fiancé fiancée relationship
16538,male bonding
16538,duringcreditsstinger
16538,best man
16538,engaged couple
16538,socially awkward
16538,gay theme
16538,best friends
16538,no friends
16538,gay brother
16538,man date
297761,secret mission
297761,superhero
297761,anti hero
297761,villain
297761,supervillain
297761,dc extended universe (dceu)
8818,prostitute
8818,funeral
8818,narration
8818,"buenos aires, argentina"
8818,politician
8818,musical
8818,based on play or musical
8818,president
8818,argentina
8818,death
8818,deification
8818,perónism
8818,argentinean president
8818,rise to power
8818,1940s
8818,1950s
8818,evita perón
8818,death of political figure
14181,finances
14181,"long island, new york"
14181,stockbroker
14181,investment firm
14181,candid
14181,investment banker
14181,admiring
14181,enchant
660,sea
660,florida
660,"paris, france"
660,spy
660,fighter pilot
660,bahamas
660,sanatorium
660,secret organization
660,nuclear missile
660,coral reef
660,secret agent
660,scuba diving
660,british spy
660,shark
660,scuba
660,british secret service
660,big ben
660,james bond
4978,new york city
4978,cat
4978,immigration
4978,mouse
4978,american dream
4978,villain
4978,cossack
4978,hanukkah
4978,pogrom
4978,good versus evil
5550,police
5550,cyborg
5550,dystopia
5550,superhero
5550,sequel
5550,cyberpunk
5550,transhumanism
5550,policeman
11393,corruption
11393,sports
11393,baseball
11393,attempted murder
11393,talent
11393,redemption
11393,child prodigy
11393,femme fatale
11393,lightning bolt
11393,hdd
2277,android
2277,based on novel or book
2277,freedom
2277,hologram
2277,futuristic
2277,robot
2277,based on short story
2277,journey
2277,22nd century
2277,2040s
2277,23rd century
2277,2060s
5924,prison
5924,escape
5924,prison escape
5924,jungle
5924,solitary confinement
5924,based on memoir or autobiography
5924,remote island
5924,leper colony
5924,labor camp
5924,corrupt official
5924,french colonialism
5924,devil's island
5924,prison brutality
5924,guyana
5924,1930s
55931,martial arts
55931,artificial intelligence (a.i.)
55931,hacker
55931,virtual reality
55931,dystopia
55931,post-apocalyptic future
55931,anthology
55931,cyberpunk
55931,adult animation
55931,multiple storylines
55931,alternative reality
55931,matrix
55931,short compilation
55931,anime
55931,action hero
55931,supernatural power
10414,sports
10414,ice hockey
10414,nostalgic
10414,the big game
10414,minneapolis
10414,kids' sports team
11831,mutiny
11831,cuba
11831,sentence
11831,slavery
11831,based on true story
11831,historical figure
11831,tall ship
11831,slave trade
4836,"london, england"
4836,based on novel or book
4836,drug smuggling
4836,hitman
4836,kidnapping
4836,gangster
4836,drug trafficking
4836,ecstasy
4836,cocaine
4836,drug mule
4836,mission of murder
4836,murder
4836,cafe
4836,rooftop
4836,neo-noir
4836,crack head
9040,new york city
9040,corruption
9040,hippie
9040,police
9040,biography
9040,idealism
9040,based on true story
9040,idealist
9040,money
9040,undercover cop
9040,internal affairs
9040,police corruption
9040,biting
9040,social justice
9040,police vigilantism
9040,questioning
9040,whistleblower
9040,grim
9040,serious
9040,cops
9040,fighting the system
9040,tense
9040,intense
9040,sinister
9040,antagonistic
9040,arrogant
9040,callous
9040,disgusted
9040,enraged
9040,informative
99,drug abuse
99,"barcelona, spain"
99,transvestism
99,transplantation
99,"madrid, spain"
99,transsexuality
99,birthday
99,autograph
99,friends
99,lgbt
99,melodrama
9536,pollution
9536,biotope
9536,vegetarian
9536,biosphere
9452,hip-hop
9452,"washington dc, usa"
9452,election campaign
9452,politics
9452,mission of murder
9452,liberal
9452,political satire
9452,u.s. senator
9452,democratic party
504,death penalty
504,prostitute
504,rape
504,sexual abuse
504,motel
504,based on true story
504,murder
504,betrayal
504,serial killer
504,poverty
504,drifter
504,prostitution
504,heartbreak
504,mental illness
504,woman director
504,hard
504,1980s
504,1990s
504,female serial killer
504,bitter
504,based on real person
10778,small town
10778,california
10778,hairdresser
10778,con man
10778,insurance fraud
10778,black and white
10778,barber
10778,neo-noir
10778,1940s
12429,princess
12429,fish
12429,fairy tale
12429,cliff
12429,mermaid
12429,heart warming
12429,quest
12429,anime
12429,good feeling
12429,light-hearted
12429,different species
12429,happy
12429,adventure
12429,cute
12429,optimistic
12429,family bonds
12160,gunslinger
12160,sheriff
12160,gambling
12160,deputy sheriff
12160,arizona
12160,wretch
12160,historical figure
12160,wyatt earp
12160,doc holliday
12160,tombstone arizona
12160,19th century
12160,ok corral
13685,robbery
13685,sibling relationship
13685,burglar
13685,motel
13685,language barrier
13685,heist
13685,psychiatric hospital
13685,maid
13685,theft
13685,nervous breakdown
13685,escapade
13685,laundry room
13685,based on short film
13685,joyous
13685,absurd
900,prison
900,donation
900,museum
900,zoo
900,paleontologist
900,leopard
900,bone
900,cross dressing
900,black and white
900,psychiatrist
900,screwball comedy
900,hilarious
900,celebratory
900,cheerful
1495,blacksmith
1495,muslim
1495,crusade
1495,jerusalem
1495,catapult
1495,swordsman
1495,battlefield
1495,knight
1495,religion
1495,epic battle
1495,desert battle
1495,knight templars
1495,12th century
1495,saladin
1495,christian
1495,ambiguous
1495,awestruck
1495,sword battle
23210,new york city
23210,con man
23210,art
23210,art dealer
23210,audacious
23210,empathetic
102651,friendship
102651,magic
102651,kingdom
102651,fairy tale
102651,fairy
102651,prince
102651,enchantment
102651,betrayal
102651,curse
102651,kindness
102651,protector
102651,childhood friends
102651,good becoming evil
102651,raven
102651,dark fantasy
102651,based on fairy tale
102651,retelling
102651,literary adaptation
102651,true love
102651,dark forest
102651,live action remake
102651,cursed princess
102651,fairies
102651,antagonistic
102651,sleeping beauty
12123,"chicago, illinois"
12123,fbi
12123,hydrogen bomb
12123,secret lab
12123,energy supply
12123,on the run
12123,conspiracy
12123,aftercreditsstinger
12123,angry
12123,frantic
12123,scientific research
12123,admiring
12123,amused
12123,appreciative
12123,awestruck
424694,"london, england"
424694,aids
424694,musician
424694,1970s
424694,biography
424694,based on true story
424694,singer
424694,hiv
424694,male homosexuality
424694,fame
424694,rock band
424694,lgbt
424694,1980s
424694,gay theme
424694,excited
4816,hip-hop
4816,new jersey
4816,hitman
4816,mission of murder
4816,revenge
4816,mafia
4816,park
4816,pigeon
4816,hagakure
4816,ice cream
4816,haitian
4816,cd player
4816,arm sling
4816,racial slur
4816,carrier pigeon
4816,ice cream truck
4816,contract killer
4816,code of the samurai
4816,african american
691,sea
691,egypt
691,assassination
691,based on novel or book
691,cairo
691,submarine
691,england
691,tanker
691,spy
691,mass murder
691,secret intelligence service
691,pyramid
691,villain
691,kgb
691,nuclear missile
691,sphinx
691,"sardinia, italy"
691,warhead
691,jet ski
691,utopia
691,secret agent
691,murder
691,terrorism
691,shark
691,killer
691,british secret service
691,snow skiing
691,james bond
691,excited
9896,casino
9896,road trip
9896,millionaire
9896,eccentric millionaire
10683,pedophilia
10683,depression
10683,suicide
10683,secret love
10683,rape
10683,strike
10683,sibling relationship
10683,new jersey
10683,therapist
10683,female lover
10683,dark comedy
10683,satire
10683,partnership
10683,stalker
10683,sister
10683,suburbia
10683,sexual harassment
10683,loneliness
10683,mistress
10683,relationship
10683,pedophile
10683,parenting
10683,separation
10683,extramarital affair
10683,family conflict
10683,unhappiness
10683,disturbed
10683,shocking
10683,obscene telephone call
10683,father son relationship
10683,traditional values
10683,irony
590,depression
590,suicide
590,"london, england"
590,drowning
590,based on novel or book
590,aids
590,self-destruction
590,home
590,poetry
590,literature
590,province
590,empowerment
590,way of life
590,delusion
590,sense of life
590,country life
590,family's daily life
590,homelessness
590,leaving one's family
590,writer
590,gay parent
590,mother son estrangement
590,lesbian couple
590,family estrangement
590,lgbtq+
8974,laser gun
8974,based on novel or book
8974,dystopia
8974,mountain village
8974,street riots
8974,space invasion
8974,radioactivity
8974,martian
8974,religion
8974,"los angeles, california"
8974,alien invasion
8974,scientist hero
8974,martian invasion
8974,mass evacuation
8974,meteor space ship
8974,wedge maneuver
8974,impenetrable force field
8974,martian aircraft
8974,three-lensed eye
8974,body horror
8438,prison
8438,prisoner
8438,death row
8438,alcatraz prison
8438,lawyer
8438,courtroom
8438,murder trial
8438,1940s
8438,mistreatment
8438,public defender
8438,prisoner abuse
8688,assassination
8688,casino
8688,gambling
8688,political activism
8688,naval officer
8688,atlantic city
8688,bribery
8688,woman in jeopardy
8688,homicide detective
8688,secretary of defense
8688,whistleblower
8688,corrupt cop
8688,boxing match
8688,navy commander
8688,admiring
8688,adoring
8688,ambiguous
8688,amused
8688,dubious
3525,new york city
3525,strong woman
3525,love triangle
3525,clerk
3525,boss
3525,empowerment
3525,feminism
3525,career woman
3525,employee
3525,business
3525,female protagonist
3525,"staten island, new york city"
3525,working woman
3525,female empowerment
3525,stolen
3525,idea
3525,determination
3525,reclaim
2135,future
2135,new york city
2135,based on novel or book
2135,time travel
2135,time machine
2135,remake
2135,steampunk
2135,near future
2135,admiring
324786,japan
324786,hero
324786,world war ii
324786,abusive father
324786,pacifism
324786,bible
324786,gore
324786,vegetarian
324786,biography
324786,based on true story
324786,okinawa
324786,conscientious objector
324786,religion
324786,soldier
324786,alcoholic
324786,war hero
324786,pacifist
324786,medic
324786,us military
324786,battle of okinawa
324786,congressional medal of honor
324786,admiring
324786,combat medic
324786,weaponless
324786,seventh-day adventists
300668,depression
300668,florida
300668,quarantine
300668,coma
300668,based on novel or book
300668,mutation
300668,self-destruction
300668,professor
300668,dna
300668,expedition
300668,transformation
300668,alligator
300668,hybrid
300668,swamp
300668,meteor
300668,grief
300668,physicist
300668,cancer
300668,memory loss
300668,psychologist
300668,scientist
300668,paramedic
300668,missing person
300668,mourning
300668,beast
300668,geologist
300668,biologist
300668,unusual phenomena
300668,psychedelic
300668,speculative
300668,meditative
300668,compound
300668,missing husband
300668,fauna
300668,mysterious life form
300668,flora
300668,dreary
300668,body horror
300668,lovecraftian
300668,psychological horror
300668,absurd
300668,ambiguous
10206,high school
10206,vampire
10206,cheerleader
10206,dating
10206,fashion
10206,unlikely friendship
10206,valley girl
10206,duringcreditsstinger
10206,woman director
10206,teenage mortality
4808,central intelligence agency (cia)
4808,"paris, france"
4808,espionage
4808,age difference
4808,loss of loved one
4808,widow
4808,spy
4808,interpreter
4808,stamp
4808,caper
4808,whodunit
4808,train
4808,alias
4808,screwball comedy
4808,caper comedy
4808,alps mountains
4808,notre dame cathedral
4808,american spy
10865,sea
10865,submarine
10865,mediterranean
10865,atlantis
10865,expedition
10865,museum
10865,cartoon
10865,villain
10865,steampunk
10865,underwater
10865,sea monster
10865,adventurer
10865,ancient civilization
10865,journey
10865,1910s
10865,in memoriam
1985,diplomat
1985,aids
1985,rwandan genocide
1985,politician
1985,morgue
1985,pharmaceutical industry
1985,nairobi
1985,kenya
1985,cancer
1985,political thriller
1985,factual
1985,dramatic
1985,tense
1992,gas
1992,loss of loved one
1992,military base
1992,grindhouse
1992,zombie
398,dreams
398,based on novel or book
398,self-fulfilling prophecy
398,identity
398,literature
398,journalism
398,literature research
398,biography
398,based on true story
398,"kansas, usa"
398,magazine
398,author
398,truman capote
398,1950s
398,1960s
4566,new york city
4566,killing
4566,chambers of a barrister
4566,restaurant
4566,fake suicide
4566,lawsuit
4566,business ethics
4566,scandal
4566,crooked lawyer
4566,cover-up
4566,corporate world
4566,law firm
4566,whistleblower
4566,legal thriller
4566,dangerous secrets
4566,fixer lawyer
4566,truth seeking
3078,newspaper
3078,"miami, florida"
3078,marriage
3078,reporter
3078,black and white
3078,screwball comedy
3078,socialite
3078,pre-code
3078,based on short story
3078,screwball
3078,hitchhiking
3078,road movie
3078,rich girl
3078,frantic
3078,brat
3078,trains
3078,lighthearted
3078,witty
3078,romantic
867,new york city
867,telescope
867,based on novel or book
867,psychopath
867,eroticism
867,video surveillance
867,hidden camera
867,drug use
867,murder
867,stalking
867,invasion of privacy
867,neighbor
867,look-alike
867,landlord
867,female protagonist
867,sex talk
867,voyeurism
867,landlord tenant relationship
867,mind game
867,erotic movie
867,erotic thriller
867,sex video
867,similar crime
867,sexual curiosity
5255,winter
5255,faith
5255,holiday
5255,santa claus
5255,nerd
5255,bell
5255,train
5255,beard
5255,north pole
5255,trestle
5255,ticket
5255,train travel
5255,motion capture
5255,christmas
5255,wonder
5255,3d animation
5255,admiring
5255,cheerful
5255,xmas
16,factory worker
16,individual
16,immigrant
16,blindness and impaired vision
16,dancing
16,eye operation
16,small town
16,naivety
16,hereditary disease
16,robbery
16,court
16,musical
16,female friendship
16,murder
16,debt
16,police officer
16,trailer
16,daydreaming
16,mother son relationship
16,bitter
9678,new york city
9678,sibling relationship
9678,parent child relationship
9678,hell
9678,devil's son
9678,satan
9678,demon
9678,bulldog
9678,father son relationship
9678,familiar
14367,babysitter
14367,unfaithful boyfriend
14367,misadventure
14367,one night
14367,car theft
14367,suburbanite
14367,chop shop
14367,homeless man
14367,frat party
14367,criminal gang
14367,held hostage
14367,norse mythology
14367,aftercreditsstinger
5693,high school
5693,"indiana, usa"
5693,sports
5693,parent child relationship
5693,son
5693,based on true story
5693,basketball
5693,coach
5693,high school sports
5693,hoosier
5693,1950s
5693,basketball coach
5693,head coach
5693,coaching
5693,coach teacher
5693,high school coach
25,sniper
25,california
25,gulf war
25,petrol
25,marine corps
25,kuwait
25,soldier
25,based on memoir or autobiography
25,iraq war
25,u.s. marine
25,anti war
25,1990s
25,desert storm
25,harsh
391713,friendship
391713,loss of virginity
391713,coming of age
391713,teen angst
391713,high school graduation
391713,teenage girl
391713,best friend
391713,loss of job
391713,high school student
391713,catholic school
391713,first love
391713,semi autobiographical
391713,sacramento
391713,woman director
391713,father daughter relationship
391713,mother daughter relationship
391713,college applications
391713,2000s
391713,inspirational
11878,japan
11878,samurai
11878,swordplay
11878,gambling
11878,sword
11878,bodyguard
11878,black and white
11878,fighting
11878,period drama
11878,family
11878,intrigue
11878,ronin
11878,jidaigeki
11878,revolver
11878,edo period
11878,feudal japan
11878,19th century
11878,business rivalry
11878,middleman
11878,asian western
11878,grand
11878,rivals
11878,pitting ones enemy's against each other
9302,career
9302,"miami, florida"
9302,affectation
9302,reporter
9302,candid
9302,intimate
9302,absurd
9302,admiring
9302,adoring
9302,amused
9302,informative
9302,sympathetic
9302,vibrant
13701,composer
13701,deaf
13701,letter
13701,biography
13701,sister-in-law
13701,character study
13701,uncle nephew relationship
13701,für elise
13701,ludwig van beethoven
13701,portrait of an artist
13701,life and career
13701,classical musician
13701,biographical drama
13701,musician’s journey
1979,mask
1979,surfboard
1979,helicopter
1979,fire
1979,airplane
1979,superhero
1979,transformation
1979,satellite
1979,forest
1979,resurrection
1979,based on comic
1979,sequel
1979,space
1979,wedding
1979,explosion
1979,scientist
1979,interrogation
1979,double cross
1979,military
1979,earth in peril
1979,superhuman strength
1979,duringcreditsstinger
1979,invisibility
1979,silver surfer
1979,forcefield
1979,elasticity
1979,teamwork
1979,suspenseful
1979,amused
9437,based on novel or book
9437,escape
9437,kidnapping
9437,detective
9437,fbi
9437,investigation
9437,north carolina
9437,psychologist
9437,serial killer
9437,psychological thriller
9437,"los angeles, california"
9437,doctor
9437,kickboxing
9437,missing person
9437,uncle niece relationship
9437,police psychologist
9437,homicide investigation
9437,psychological detective
9437,psychological profiling
10634,drug dealer
10634,rap music
10634,parent child relationship
10634,rapper
10634,male friendship
10634,urban life
10634,slacker
10634,pot smoking
10634,bully
10634,marijuana
10634,"los angeles, california"
10634,drugs
10634,absurd
10634,exuberant
12159,paradise
12159,husband wife relationship
12159,soulmates
12159,afterlife
12159,painting
12159,hell
12159,heaven
12159,car crash
12159,death
12159,death of husband
12159,spiritism
12159,death of a child
12159,lost souls
12159,dramatic
12159,souls
12159,informative
1089,surfing
1089,surfer
1089,undercover agent
1089,self-destruction
1089,fbi
1089,extreme sports
1089,moral conflict
1089,skydiving
1089,"los angeles, california"
1089,bank robbery
1089,undercover operation
1089,woman director
1089,ex-president
1089,robbery gang
1089,fbi agent
1089,action thriller
1089,excited
1089,fbi operation
46838,countryside
46838,west virginia
46838,cabin
46838,chainsaw
46838,misunderstanding
46838,accidental death
46838,hillbilly
46838,violent death
46838,killer
46838,held captive
46838,old friends
46838,isolated house
46838,disturbed teenager
46838,captured woman
46838,country bumpkin
46838,teenager
138843,sibling relationship
138843,1970s
138843,cellar
138843,exorcism
138843,halloween
138843,haunted house
138843,possession
138843,rhode island
138843,based on true story
138843,paranormal investigation
138843,crucifix
138843,ghost
138843,demonic
138843,demonic spirit
138843,demonology
138843,psychic vision
138843,malevolent spirit
1883,prison
1883,new york city
1883,police brutality
1883,beach
1883,assassination
1883,muslim
1883,police
1883,ku klux klan
1883,"boston, massachusetts"
1883,prison cell
1883,koran
1883,jail guard
1883,bible
1883,civil rights
1883,islam
1883,biography
1883,martin luther king
1883,nation of islam
1883,mekka
1883,pilgrimage
1883,cabriolet
1883,historical figure
1883,based on memoir or autobiography
1883,john f. kennedy assassination
1883,1960s
1883,mecca
1883,african american history
1883,inspirational
1883,informative
346364,small town
346364,based on novel or book
346364,halloween
346364,haunted house
346364,clown
346364,bullying
346364,abandoned house
346364,coming of age
346364,flashback
346364,murder
346364,balloon
346364,maine
346364,school
346364,creature
346364,fear
346364,summer
346364,killer
346364,missing person
346364,death of brother
346364,well
346364,1980s
346364,kids
346364,grim
346364,creepy house
346364,demonic
346364,town history
346364,frightened
346364,ghoulish
346364,gloomy
5491,based on novel or book
5491,dystopia
5491,post-apocalyptic future
5491,mining
5491,fighter jet
5491,distant future
5491,alien invasion
5491,scientology
5491,cavemen
5491,bureaucrat
5491,so bad it’s good
5491,distressing
5491,inflammatory
5491,matter of fact
103663,pedophilia
103663,denmark
103663,parent child relationship
103663,lie
103663,father
103663,kindergarten
103663,teacher
103663,tragedy
103663,school
103663,pedophile
103663,bloody fight
103663,divorce
103663,hunting
103663,pond
103663,dead dog
103663,grocery store
103663,christmas
103663,nude swimming
103663,psychological drama
103663,drama
103663,apologetic
1948,assassin
1948,helicopter
1948,hitman
1948,poison
1948,fistfight
1948,swimming pool
1948,revenge
1948,shootout
1948,motorcycle
1948,drugs
1948,cell phone
1948,pharmacy
1948,defibrillation
1948,hospital gown
1948,emergency room
1948,aftercreditsstinger
1948,sweatshop
1948,epinephrine
1948,desperate
1948,absurd
1948,forceful
11158,inventor
11158,becoming an adult
11158,infant
11158,sequel
11158,family
990,new york city
990,suicide
990,based on novel or book
990,sports
990,gambling
990,alcohol
990,manager
990,pool billiards
990,hustler
990,money
990,black and white
990,game
990,drunk
990,pool
8326,based on novel or book
8326,suitor
8326,curse
8326,false accusations
8326,juvenile delinquent
8326,baseball player
8326,mountain climbing
8326,aftercreditsstinger
8326,based on young adult novel
10141,bet
10141,casino
10141,competition
10141,southern france
10141,wheelchair
10141,seduction
10141,con man
10141,swindler
10141,remake
10141,french riviera
10141,money
10141,wager
10141,heiress
10141,mentor protégé relationship
10141,riviera
10141,mischievous
10141,conman
10141,hilarious
10141,conmen
27578,rescue
27578,sniper
27578,island
27578,martial arts
27578,tattoo
27578,escape
27578,mercenary
27578,bridge
27578,church
27578,drugs
27578,blade
27578,duringcreditsstinger
201,android
201,spacecraft
201,assassination
201,self sacrifice
201,teleportation
201,ambush
201,senate
201,starship
201,enterprise-e
201,clone
201,romulus
201,telepathy
201,romulans
201,space opera
201,outer space
11618,based on novel or book
11618,painting
11618,trauma
11618,halloween
11618,haunted house
11618,haunting
11618,castle
11618,insomnia
11618,bone
11618,poster
11618,child labor
11618,audio recording
11618,spiral staircase
11618,evil
11618,loner
11618,researcher
11618,insomniac
11618,paranormal activity
11618,logbook
11618,strange noise
11618,spook
11618,cherub
11618,suspenseful
20766,based on novel or book
20766,dystopia
20766,post-apocalyptic future
20766,paternity
20766,abandoned house
20766,end of the world
20766,survival
20766,on the road
20766,duringcreditsstinger
20766,starvation
20766,bomb shelter
20766,father son relationship
20766,cannibalism
20766,grimdark
10449,new love
10449,husband wife relationship
10449,family
10449,alcoholic
10449,therapy
10449,candid
10449,wonder
10449,tense
10449,admiring
10449,adoring
10449,appreciative
10449,joyful
10449,sympathetic
4488,lake
4488,new jersey
4488,drowning
4488,summer camp
4488,sadism
4488,halloween
4488,villain
4488,woods
4488,revenge
4488,murder
4488,stalking
4488,serial killer
4488,cabin
4488,camp
4488,slasher
4488,summer
4488,series of murders
4488,1950s
4488,teenager
4488,suspenseful
4488,antagonistic
4488,b-horror
15373,friendship
15373,camping
15373,community service
15373,minotaur
15373,break-up
15373,role playing game (rpg)
15373,boyfriend girlfriend relationship
15373,duringcreditsstinger
15373,pessimist
15373,bad attitude
15373,energy drink
15373,bad day
15373,larp
15373,hilarious
15373,negativity
15373,big brother program
15373,dead end job
2362,future
2362,android
2362,man vs machine
2362,saloon
2362,old town
2362,vacation
2362,survival
2362,robot as menace
2362,theme park
579,dying and death
579,rescue
579,island
579,panic
579,mayor
579,shark attack
579,police chief
579,current
579,boat accident
579,animal attack
579,sailing
579,sequel
579,scuba diving
579,creature
579,shark
579,great white shark
579,killer whale
579,high-tension current
579,water skiing
579,tourism
579,animal horror
1586,adultery
1586,jealousy
1586,nightmare
1586,police
1586,isolation
1586,alcohol
1586,window
1586,mississippi river
1586,detective
1586,paranoia
1586,motel
1586,letter
1586,notebook
1586,murder
1586,arson
1586,writer
1586,divorce
1586,ax
1586,cliché
1586,doubtful
10139,california
10139,election campaign
10139,politics
10139,homophobia
10139,"san francisco, california"
10139,1970s
10139,mayor
10139,politician
10139,biography
10139,based on true story
10139,murder
10139,male homosexuality
10139,morality
10139,election
10139,biting
10139,lgbt
10139,candlelight vigil
10139,lgbt activist
10139,mayoral campaign
10139,gay history
10139,gay theme
10139,gay rights
10139,cautionary
10139,intense
10139,antagonistic
10139,enraged
10139,inflammatory
10156,moses
10156,roman empire
10156,inquisition
10156,french revolution
10156,musical
10156,stone age
10156,satire
10156,anthology
10156,prehistory
10156,cavemen
10156,18th century
10156,louis xvi
10156,peplum
10156,timeline
10156,nero
10156,15th century
10156,spanish inquisition
10156,satirical
257211,new york city
257211,friendship
257211,"san francisco, california"
257211,office
257211,masseuse
257211,website
257211,tai chi
257211,internet
257211,fish out of water
257211,"brooklyn, new york city"
257211,business start-up
257211,driver
257211,senior citizen
257211,ceo
257211,father figure
257211,intern
257211,social media
257211,gentleman
257211,woman director
257211,meditative
257211,city life
257211,chivalry
257211,retired life
257211,professional woman
257211,internship
257211,e-comm
257211,appreciative
257211,enthusiastic
257211,vibrant
257211,elderly widower
257211,online store
699,sea
699,assassin
699,"london, england"
699,smuggling (contraband)
699,submarine
699,undercover
699,england
699,secret mission
699,olympic games
699,secret intelligence service
699,drug trafficking
699,mountain
699,kgb
699,coral reef
699,ski jump
699,parrot
699,cryptographic device
699,figure skating
699,motorcycle
699,monastery
699,british secret service
699,snow skiing
699,serious
699,james bond
2085,martial arts
2085,hip-hop
2085,"oakland, california"
2085,east asian lead
49040,assassin
49040,espionage
49040,wolf
49040,maryland
49040,sequel
49040,covert operation
49040,sniper rifle
49040,rooftop
49040,exploding house
49040,laptop
49040,tracking device
49040,fake id
49040,pharmaceutical lab
49040,government conspiracy
49040,manila philippines
49040,hunted
49040,false passport
49040,alberta canada
49040,jason bourne
49040,dramatic
49040,admiring
11601,obsession
11601,cemetery
11601,paranoia
11601,grave
11601,haunted house
11601,hypnosis
11601,tools
11601,clairvoyance
11601,murder
11601,disappearance
11601,psychic
11601,ghost
11601,neighborhood
11601,repressed memory
11601,hearing voices
834,"budapest, hungary"
834,vampire
834,key
834,light
834,forbidden love
834,rivalry
834,werewolf
834,gothic
834,evolution
834,dark fantasy
834,lycanthrope
834,urban gothic
8197,drag queen
8197,voodoo
8197,affectation
8197,burlesque
8197,shocking
8197,savannah georgia
8197,gay theme
8197,joyous
8197,suspenseful
8197,reminiscent
8197,tense
8197,romantic
8197,adoring
8197,amused
8197,celebratory
8197,compassionate
246741,friendship
246741,vampire
246741,commune
246741,new zealand
246741,halloween
246741,mockumentary
246741,zombie
246741,werewolf
246741,suburb
246741,heartbreak
246741,fraternity
246741,found footage
246741,aftercreditsstinger
246741,nosferatu
246741,communal living
246741,wellington new zealand
246741,audacious
246741,witches
479,drug dealer
479,new york city
479,corruption
479,sibling relationship
479,based on novel or book
479,italian american
479,remake
479,revenge
479,murder
479,drugs
479,police officer
479,xenophobia
479,lucifer morningstar
479,african american
359724,based on novel or book
359724,car race
359724,sports
359724,car mechanic
359724,biography
359724,based on true story
359724,le mans
359724,racing
359724,race car driver
359724,frantic
359724,1960s
359724,motorsport
10445,stroke of fate
10445,england
10445,brother
10445,christianity
10445,literature
10445,bachelor
10445,marriage
10445,biography
10445,based on play or musical
10445,oxford
10445,author
10445,writer
10445,falling in love
10445,1950s
10445,children's author
10480,bartender
10480,native american
10480,writer
10480,used car dealer
10480,nurse uniform
10480,tv production
10480,heart specialist
10480,anxious
10480,fugue state
10480,hilarious
5156,"rome, italy"
5156,italian
5156,society
5156,riding a bicycle
5156,search
5156,poster
5156,thief
5156,black and white
5156,stolen bicycle
5156,madame
5156,unemployment
5156,realism
5156,neo realism
5156,italian neo realism
10603,"san francisco, california"
10603,africa
10603,gorilla
10603,narration
10603,lion
10603,feral child
10603,tarzan
10603,breaking the fourth wall
10603,jungle
10603,falling in love
10603,talking to animals
10603,damsel in distress
10603,comedy of errors
10603,accident prone
13053,hamster
13053,human animal relationship
13053,talking dog
13053,animals
13053,cat vs dog
13053,aftercreditsstinger
13053,duringcreditsstinger
13053,talking cat
13053,pets
13053,dog cat friendship
13053,animal lead
13053,3d animation
13053,lighthearted
13053,enthusiastic
13053,joyful
9820,california
9820,summer camp
9820,twin sister
9820,remake
9820,matchmaking
9820,twins
9820,family reunion
9820,wedding dress
9820,gold digger
9820,twins separated at birth
9820,identity swap
9820,father daughter reunion
9820,divorced parents
9820,woman director
9820,mother daughter reunion
9820,calm
9820,napa valley
9820,sleepaway camp
9820,father daughter relationship
9820,mother daughter relationship
9820,sister sister relationship
9820,stop wedding
9820,parent child reunion
9820,relaxed
9820,age-gap relationship
9820,long lost sibling
9820,romantic
9820,cheerful
9820,wedding sabotage
3085,prison
3085,journalist
3085,suicide
3085,journalism
3085,based on play or musical
3085,wager
3085,fugitive
3085,black and white
3085,screwball comedy
3085,corrupt politician
3085,newspaper editor
3085,insurance agent
3085,fiancé fiancée relationship
3085,press room
3085,political corruption
3085,rolltop desk
3085,reprieve
3085,bride-to-be
3085,ex spouses
3085,imminent execution
3085,convicted murderer
3085,comedy of remarriage
3085,ambivalent
4614,central intelligence agency (cia)
4614,usa president
4614,based on novel or book
4614,atomic bomb
4614,spy
4614,cold war
4614,intelligence
4614,chechnya
4614,intelligence agency
4614,nuclear explosion
4614,terrorism
4614,jack ryan
4614,ex military
4614,russian president
4614,"baltimore, maryland"
4614,cia analyst
4614,arms inspection
4614,imminent threat
3291,government
3291,telecaster
3291,political activism
3291,politician
3291,based on true story
3291,anti-communism
3291,black and white
3291,mccarthyism
3291,tv news anchor
3291,1950s
3291,government witch hunt
3291,complex
3291,complicated
2665,space marine
2665,moon
2665,space travel
2665,coffee
2665,sequel
2665,spoof
2665,bomb planting
2665,aftercreditsstinger
2665,anarchic comedy
150,prison
150,"san francisco, california"
150,knife
150,partner
150,revenge
150,convict
150,buddy cop
150,tough cop
150,fake fight
150,dysfunctional relationship
150,absurd
150,amused
12101,based on novel or book
12101,paranoia
12101,dystopia
12101,greenhouse effect
12101,global warming
12101,overpopulation
12101,water shortage
12101,cannibal
12101,genocide
12101,murder investigation
12101,colony collapse disorder
12101,eutanasia
12101,assisted suicide
12101,reflective
12101,crime against humanity
12101,murder case
12101,food shortage
12101,societal collapse
12101,processing plant
12101,environmental collapse
12101,bold
12101,cruel
12101,tragic
12101,21st century
10474,new york city
10474,sports
10474,heroin
10474,addiction
10474,basketball
10474,friends
10474,based on memoir or autobiography
10474,drugs
10474,1960s
10474,school suspension
10474,gay theme
10474,teenager
622,hotel
622,new york city
622,suicide
622,library
622,portugal
622,obsession
622,southern france
622,investigation
622,antiquary
622,picture puzzle
622,castle
622,satanism
622,collector
622,lucifer
622,devil
622,demon
622,millionaire
622,book store
622,occult
622,macabre
622,rare book
622,devil worship
622,gnosticism
622,irreverent
622,bibliophilia
622,sinister
622,bewildered
622,ghoulish
622,ominous
10400,prison
10400,new jersey
10400,1970s
10400,boxer
10400,affectation
10400,melancholy
10400,boxing school
10400,biography
10400,based on true story
10400,based on memoir or autobiography
10400,hard
10400,angry
10400,aggressive
10400,1960s
10400,boxing
10400,legal drama
10400,legal thriller
10400,absurd
10400,admiring
10400,adoring
10400,defiant
10400,demeaning
10400,familiar
10400,scathing
10400,tragic
10400,vibrant
11816,daughter
11816,lake
11816,parent child relationship
11816,son
11816,based on play or musical
11816,family relationships
11816,family holiday
11816,new england
11816,family conflict
11816,lake house
11816,optimistic
553,friendship
553,bondage
553,rape
553,police
553,gangster
553,village life
553,refugee
553,blackmail
553,mountain
553,american dream
553,bank robber
553,last judgment
553,mountain village
553,exploitation
553,rocky mountains
553,woman martyr
553,physical work
553,wanted poster
553,forced labour
553,slavery
553,recession
553,art house
553,hoodlum
553,experimental film
553,avant garde
553,avant garde film
553,art house film
1090,artificial intelligence (a.i.)
1090,based on novel or book
1090,computer program
1090,virtual reality
1090,dystopia
1090,simulation
1090,surrealism
1090,computer simulation
1090,simulated reality 
1090,remake
1090,"los angeles, california"
1090,parallel world
1090,alternative reality
1090,existentialism
1090,curious
1090,mysterious
1090,mind transfer
1090,neo-noir
1090,1990s
1090,1930s
1090,scientist's daughter
10950,mentally disabled
10950,foster parents
10950,lawyer
10950,pro bono
10950,social services
10950,coffee shop manager
10950,pizza hut
10950,children's book
10950,locked door
10950,child custody
10950,woman director
10950,father daughter relationship
10950,neurodiversity
9271,android
9271,artificial intelligence (a.i.)
9271,computer program
9271,video game
9271,virtual reality
9271,nanotechnology
9271,hologram
9271,ex-cop
9271,visual effect
9271,serial killer
9271,cyberpunk
9271,"los angeles, california"
9271,police training
9271,good versus evil
1672,prison
1672,sniper
1672,homeless person
1672,husband wife relationship
1672,"paris, france"
1672,africa
1672,intelligence
1672,secret agent
1672,prison escape
1672,love
1672,revenge
1672,political assassination
1672,french spy
1672,car pursuit
1672,adventure
10154,new york city
10154,marriage proposal
10154,fbi
10154,mafia boss
10154,mafia
27581,new york city
27581,narration
27581,sarcasm
27581,buddy cop
27581,buddy comedy
27581,carjacking
27581,jumping off a building
27581,aftercreditsstinger
27581,crime investigation
27581,running gags
27581,explosions
27581,nypd detectives
27581,celebrity cops
27581,parody elements
27581,financial crime
27581,police satire
9352,"berlin, germany"
9352,"paris, france"
9352,alcohol
9352,pen pals
9352,travel
9352,marijuana
9352,nudism
9352,duringcreditsstinger
1599,jealousy
1599,wife
1599,detective
1599,protest
1599,celebrity
1599,rivalry
1599,religion
1599,universe
1599,anger
1599,husband
1599,existentialism
1599,enviroment
10705,france
10705,kingdom
10705,theater play
10705,based on true story
10705,based on play or musical
10705,hundred years' war
10705,sword fight
10705,honor
10705,battlefield
10705,historical
10705,combat
10705,medieval
10705,king of england
10705,historical drama
10705,warrior
10705,15th century
709,florida
709,corruption
709,airplane
709,liberation of prisoners
709,drug trafficking
709,secret identity
709,floatplane
709,transport of prisoners
709,tank car
709,florida keys
709,coast guard
709,british secret service
709,james bond
49444,mission
49444,martial arts
49444,kung fu
49444,fortune teller
49444,post-traumatic stress disorder (ptsd)
49444,prophecy
49444,hope
49444,villain
49444,chosen one
49444,fleet
49444,sequel
49444,panda
49444,friends
49444,accidental death
49444,genocide
49444,wuxia
49444,woman director
49444,inspiring
49444,henchmen
49444,3d animation
49444,traumatic past
49444,whimsical
49444,enthusiastic
49444,post traumatic growth
8224,new york city
8224,pornography
8224,underground
8224,loss of loved one
8224,sex shop
8224,obsession
8224,investigation
8224,porn actor
8224,snuff
8224,sadomasochism
8224,child pornography
8224,private investigator
8224,"los angeles, california"
8224,subculture
8224,missing person
8224,bdsm
8224,snuff film
10436,infidelity
10436,new york city
10436,based on novel or book
10436,upper class
10436,lover
10436,countess
10436,lawyer
10436,19th century
653,based on novel or book
653,self sacrifice
653,transylvania
653,germany
653,loss of loved one
653,vampire
653,shapeshifting
653,coffin
653,supernatural
653,halloween
653,castle
653,ghost ship
653,black and white
653,gothic horror
653,gothic
653,silent film
653,seashore
653,vampire bat
653,real estate agent
653,ghoul
653,psychotronic
653,locket
653,sailing ship
653,corpse in coffin
653,nosferatu
653,real estate
653,black death
653,expressionism
653,mountain country
653,sleepwalking
653,romania
653,rat
653,gothic romance
653,wonder
653,german expressionism
653,suspicious
653,dracula
653,grimdark
653,sentimental
653,depressing
653,admiring
76170,japan
76170,samurai
76170,superhero
76170,mutant
76170,world war ii
76170,based on comic
76170,sequel
76170,superhuman
76170,spin off
76170,duringcreditsstinger
76170,excited
10806,coming out
10806,small town
10806,"indiana, usa"
10806,homophobia
10806,teacher
10806,wedding
10806,high school teacher
10806,lgbt
10806,jilted woman
10806,gay theme
10872,robbery
10872,police
10872,parent child relationship
10872,burglar
10872,holiday
10872,hostage
10872,liberation of hostage
10872,blackmail
10872,christmas party
10872,santa claus
10872,bad mother-in-law
10872,mother-in-law
10872,dark comedy
10872,dysfunctional family
10872,connecticut
10872,thief
10872,man hunt
10872,dinner
10872,alcoholic
10872,christmas
10872,marriage counseling
1428,central intelligence agency (cia)
1428,mexico
1428,corruption
1428,coup d'etat
1428,revenge
1428,gun battle
1428,body double
1428,political assassination
1428,mariachi
1428,guitar player
1428,brutality
1428,drug lord
1428,mexican cartel
1428,gun death
1428,cia agent
3600,island
3600,competition
3600,fisherman
3600,bahamas
3600,college
3600,radio
3600,knife
3600,vacation
3600,sequel
3600,revenge
3600,murder
3600,marijuana
3600,resort
3600,slasher
3600,storm
3600,hook
3600,killer
3600,ridiculous
75780,sniper
75780,coma
75780,based on novel or book
75780,detective
75780,investigation
75780,police chase
75780,investigator
75780,district attorney
75780,defense attorney
75780,military police
75780,murder investigation
75780,loner
75780,off the grid
75780,mass shooting
75780,ex army
75780,father daughter relationship
75780,army veteran
75780,physical evidence
75780,fist fight
75780,forensic evidence
75780,gun range
75780,random act of violence
9367,mistaken identity
9367,usa–mexico border
9367,mariachi
9367,concealed weapon
14370,genius
14370,laser
14370,u.s. air force
14370,boy genius
14370,ego
14370,teen comedy
14370,computer cracker
14370,woman director
1965,jealousy
1965,husband wife relationship
1965,blackmail
1965,attempted murder
1965,artist
1965,extramarital affair
1965,painter as artist
1965,ex-prisoner
1965,loyal girlfriend
19186,summer camp
19186,deception
19186,twins
19186,twins separated at birth
50544,new york city
50544,friendship
50544,job interview
50544,dementia
50544,romcom
50544,alzheimer's disease
50544,love
50544,friends
50544,break-up
50544,lust
50544,beach house
50544,headhunter
50544,job hunting
50544,sex comedy
50544,casual sex
50544,aftercreditsstinger
50544,duringcreditsstinger
50544,new job
50544,flash mob
50544,sexual relationship
50544,film within a film
50544,sex
50544,anti-romance
50544,friends with benefits
50544,job
50544,art director
31174,england
31174,kidnapping
31174,murder
31174,king
11562,adultery
11562,new york city
11562,assassin
11562,professor
11562,brother-in-law
11562,murder
11562,mistress
11562,doctor
11562,hired killer
11562,documentary filmmaking
9349,vietnam
9349,revitalization
9349,barrage
9349,reporter
9349,soldier
10590,vietnam war
10590,vietnam veteran
10590,hero
10590,army
10590,based on novel or book
10590,steel helmet
10590,missile
10590,based on true story
10590,major
10590,battlefield
10590,soldier
10590,explosion
10590,battle
10590,bayonet
10590,death
10590,carpet bombing
10590,military
10590,u.s. cavalry
10590,epic battle
10590,comradeship
10590,1960s
10590,soldiers
10590,war
10590,north vietnamese
10590,intense
10590,compassionate
1577,rescue
1577,martial arts
1577,dystopia
1577,mutant
1577,sequel
1577,conspiracy
1577,evil corporation
1577,zombie
1577,based on video game
1577,casual
246655,egypt
246655,hero
246655,superhero
246655,mutant
246655,based on comic
246655,sequel
246655,superhuman
246655,super power
246655,superhero team
246655,world domination
246655,aftercreditsstinger
246655,1980s
246655,origin
246655,appreciative
29193,confidence
29193,invention
29193,sister
29193,con game
29193,corporation
29193,neo-noir
29193,process
650,street gang
650,gangster
650,rapper
650,ghetto
650,street war
650,coming of age
650,tragedy
650,social commentary
650,"los angeles, california"
650,gang violence
650,social awareness
650,black american
650,intense
650,antagonistic
650,racial inequality
308,unsociability
308,midlife crisis
308,bachelor
308,amateur detective
308,ex-boyfriend
308,ex-girlfriend
308,veterinarian
308,anonymous letter
308,it-expert
966,friendship
966,gunslinger
966,village
966,horse
966,mercenary
966,remake
966,bandit
966,farmer
966,cowboy
966,hired gun
966,inspirational
9691,rescue
9691,central intelligence agency (cia)
9691,hitman
9691,cat
9691,bank
9691,mexican standoff
9691,"seattle, washington"
9691,mission of murder
9691,hidden camera
9691,rivalry
9691,shootout
9691,police chase
9691,sniper rifle
9691,"detroit, michigan"
9691,silencer
9691,double cross
9691,caribbean sea
188927,spacecraft
188927,sequel
188927,stranded
188927,hatred
188927,space opera
188927,space adventure
682,gold
682,exotic island
682,martial arts
682,assassin
682,"london, england"
682,based on novel or book
682,england
682,hitman
682,secret mission
682,villain
682,"bangkok, thailand"
682,thailand
682,floatplane
682,karate
682,hong kong
682,duel
682,secret service
682,aftercreditsstinger
682,james bond
682,absurd
682,amused
16619,"chicago, illinois"
16619,depression
16619,post-traumatic stress disorder (ptsd)
16619,based on novel or book
16619,suicide attempt
16619,middle class
16619,dysfunctional family
16619,grief
16619,bereavement
16619,psychiatrist
16619,guilt
16619,grieving
16619,survivor's guilt
16619,loss of son
16619,hopeful
16619,sincere
16619,tragic
16619,mother son conflict
10591,high school
10591,porn actor
10591,pornographic video
10591,school party
10591,blonde
10591,prom
10591,sexual attraction
10591,teenage boy
10591,porn industry
10591,sex comedy
10591,girl next door
10591,sex video
10591,loving
11867,bounty hunter
11867,civil war
11867,dystopia
11867,based on comic
11867,obesity
11867,b movie
11867,scientist bar
11867,electrical torture
11867,pretending to be a prostitute
11867,pressure washer
11867,2010s
11867,female bounty hunter
11867,hilarious
12335,witch
12335,flying
12335,nazi
12335,world war ii
12335,knight
12335,live action and animation
12335,children in wartime
12335,farmer's market
332,police
332,detective
332,superhero
332,gadget
332,nerd
332,villain
332,slapstick comedy
332,based on cartoon
332,scientist
332,super villain
332,science fiction
4954,florida
4954,"washington dc, usa"
4954,"miami, florida"
4954,extreme sports
4954,training
4954,emergency landing
4954,u.s. marshal
4954,tragedy
4954,airplane hijacking
4954,skydiving
4954,break in
4954,federal agent
4954,fourth of july
4954,escaped prisoner
4954,criminal gang
4954,dea
4954,prison break
4954,loss of brother
4954,revenge thriller
4954,prisoner transport
4954,airplane passenger
4954,crazy
4954,former agent
4954,prisoner escort
4954,robbery crew
4954,skydiving school
4954,skydiving instructor
4954,skydiving team
39513,"san diego, california"
39513,alien
39513,burlesque
39513,area 51
39513,alien space craft
39513,duringcreditsstinger
39513,1980s
39513,ambivalent
39513,dignified
1632,suicide
1632,sheriff
1632,police
1632,funeral
1632,ku klux klan
1632,mississippi river
1632,shotgun
1632,fbi
1632,deputy sheriff
1632,motel
1632,u.s. navy
1632,rope
1632,burning cross
1632,based on true story
1632,murder
1632,racism
1632,dramatic
1632,adoring
1632,callous
1632,compassionate
1632,disheartening
1632,empathetic
1632,harsh
11041,arkansas
11041,oil
11041,billionaire
11041,hillbilly
11041,beverly hills
11041,woman director
11041,based on tv series
49948,magic
49948,classical music
49948,orchestra
49948,musical
49948,sequel
49948,live action and animation
49948,magician
49948,mickey mouse
4437,jupiter
4437,super computer
4437,space travel
4437,space mission
4437,ghost ship
4437,sequel
4437,space
4437,astronaut
4437,monolith
4437,space opera
4437,near future
4437,exhilarated
10990,prostitute
10990,police
10990,investigation
10990,special unit
10990,celebrity
10990,murder
10990,"los angeles, california"
10990,1950s
704,adolescence
704,rock 'n' roll
704,great britain
704,culture clash
704,pop culture
704,press conference
704,musical
704,mockumentary
704,behind the scenes
704,fame
704,police chase
704,black and white
704,older man younger woman relationship
704,shaving
704,swinging 60s
704,railway station
704,psychotronic
704,generation gap
704,television director
12105,rock 'n' roll
12105,submarine
12105,surreal
12105,musical
12105,"liverpool, england"
12105,blase
12105,admiral
12105,apple
12105,phantasmagoria
12105,color
12105,psychadelic
12105,mischievous
12105,playful
12105,absurd
12105,hilarious
12105,celebratory
12105,cheerful
12105,exuberant
12105,optimistic
5966,beach
5966,chance
5966,honeymoon
5966,bride
5966,romcom
5966,risk
5966,"long island, new york"
5966,unfaithfulness
5966,scuba diving
5966,"los angeles, california"
5966,art gallery
5966,dance class
5966,opposites attract
5966,caribbean sea
5966,commitment
5966,dance club
5966,neurotic
5966,chance meeting
5966,bagpipe
5966,insurance risk manager
5966,ferret
5966,romantic
5966,amused
11978,diving
11978,u.s. navy
11665,dancing
11665,mission
11665,usa president
11665,"washington dc, usa"
11665,airplane
11665,undercover agent
11665,spy
11665,sarcasm
11665,bakery
11665,"los angeles, california"
11665,terrorism
11665,secret service
11665,government agent
11665,weight loss
11665,secret headquarters
11665,world domination
11665,"moscow, russia"
11665,hand to hand combat
11665,field agent
11665,ineptitude
11665,vice president
11665,criminal organization
11665,homeland security
11665,spycraft
11665,based on tv series
922,dying and death
922,sheriff
922,bounty hunter
922,gun
922,indigenous
922,attempted murder
922,prosecution
922,frontier
922,murder
922,black and white
922,19th century
922,fear of dying
922,wanted dead or alive
6038,martial arts
6038,"london, england"
6038,indian territory
6038,emperor
6038,sequel
6038,revenge
6038,murder
6038,arrow
6038,buddy comedy
6038,aftercreditsstinger
6038,duringcreditsstinger
6038,action hero
6038,imperial seal
6038,good versus evil
6038,wistful
6038,disdainful
6038,doubtful
6038,dubious
6038,frustrated
6038,joyful
86838,suicide
86838,alcohol
86838,fight
86838,kidnapping
86838,gangster
86838,screenwriter
86838,black humor
86838,murder
86838,scam
86838,"los angeles, california"
86838,explosion
86838,criminal
86838,shih tzu
86838,struggling
86838,neo-noir
3033,dying and death
3033,movie business
3033,biography
3033,male homosexuality
3033,author
3033,filmmaking
3033,gardener
3033,horror filmmaking
3033,1950s
3033,film director
3033,frankenstein
3033,gay theme
363088,van
363088,dreams
363088,insect
363088,flying
363088,chase
363088,fight
363088,superhero
363088,ant
363088,nuclear missile
363088,shrinking
363088,based on comic
363088,giant insect
363088,sequel
363088,flashback
363088,house arrest
363088,alternate dimension
363088,tragic villain
363088,laboratory
363088,fugitive
363088,school
363088,miniaturization
363088,montage
363088,toy car
363088,giant man
363088,female villain
363088,aftercreditsstinger
363088,duringcreditsstinger
363088,marvel cinematic universe (mcu)
363088,giant
363088,action hero
363088,father daughter relationship
363088,mother daughter relationship
11551,defense industry
11551,toy shop
11551,technical toy
11551,soldier
11551,prototype
11551,killer toys
11551,toy comes to life
109414,friendship
109414,monster
109414,panic
109414,painting
109414,exorcism
109414,dark comedy
109414,possession
109414,satire
109414,celebrity
109414,friends
109414,end of the world
109414,house party
109414,apocalypse
109414,hollywood
109414,creature
109414,drugs
109414,demon
109414,self-referential
109414,macabre
109414,end
109414,disturbed
109414,frantic
109414,claustrophobic
109414,other worldly
109414,mischievous
109414,dreary
109414,biblical
109414,amused
291805,prison
291805,new york city
291805,magic
291805,kidnapping
291805,fbi
291805,card trick
291805,secret society
291805,hypnosis
291805,illusion
291805,twin brother
291805,sequel
291805,heist
291805,revenge
291805,vigilante
291805,on the run
291805,fake death
291805,macau
291805,perception
291805,illusionist
291805,secrecy
291805,illusionism
291805,debunker
291805,sleight of hand
291805,fbi agent
291805,intense
291805,cheerful
9334,egypt
9334,temple
9334,magic
9334,sword fight
9334,prequel
9334,battlefield
9334,fictional war
9334,spin off
9334,desert
9334,ancient egypt
9334,tyrant
9334,warrior
9334,action hero
9334,sword and sorcery
9334,supernatural power
9334,assertive
2289,civil war
2289,love of one's life
2289,loss of loved one
2289,desertion
2289,north carolina
2289,rape attempt
2289,somber
2289,early america
2289,intimate
2289,complicated
2289,empathetic
2289,powerful
2289,sincere
31011,time travel
31011,surrealism
31011,time
31011,choice
31011,free will
31011,multiple storylines
31011,curious
31011,shocking
31011,complex
31011,loving
31011,2090s
31011,depressing
31011,ambiguous
31011,irreversible process
31011,entropy
2295,gas station
2295,sequel
2295,aftercreditsstinger
2295,duringcreditsstinger
2295,day in a life
2295,view askewniverse
399055,government
399055,fairy tale
399055,cold war
399055,supernatural
399055,"baltimore, usa"
399055,laboratory
399055,orphan
399055,scientist
399055,magic realism
399055,capture
399055,sign languages
399055,1960s
399055,calm
399055,interspecies romance
399055,complex
399055,fishman
399055,amphibious creature
399055,informative
399055,interspecies sex
493922,daughter
493922,funeral
493922,parent child relationship
493922,loss of loved one
493922,ritual
493922,supernatural
493922,possession
493922,dysfunctional family
493922,sleeplessness
493922,murder
493922,family drama
493922,fear
493922,demon
493922,attic
493922,evil
493922,ritual murder
493922,demonic possession
493922,satanic ritual
493922,dollhouse
493922,coven (akelarre)
493922,séance
493922,grieving
493922,psychological disorders
493922,matriarch
493922,miniatures
493922,traumatized woman
493922,didactic
493922,commanding
6278,"london, england"
6278,castle
6278,dragon
6278,evolution
6278,fire chief
6278,animated map
6278,theatre audience
6278,dragonslayer
6278,tunnel construction
6278,fire repellent
6278,drilling
6278,iodine
6278,northumberland
6278,2080s
30497,van
30497,gas station
30497,sadistic
30497,texas
30497,halloween
30497,leatherface
30497,hitchhiker
30497,slaughterhouse
30497,slasher
30497,chainsaw
30497,cannibal
30497,family
30497,polaroid
30497,grave robber
30497,disturbed
30497,cannibalism
30497,psychological horror
30497,suspenseful
30497,vacation gone wrong
30497,antagonistic
30497,frightened
30497,one day
30497,b-horror
7518,suburbian idyll
7518,garbage
7518,entrapment
7518,squirrel
7518,garden
7518,grizzly bear
7518,villain
7518,turtle
7518,forest
7518,suburb
7518,animals
7518,raccoon
7518,porcupine
7518,aftercreditsstinger
7518,playful
7518,3d animation
7518,opossum
7518,cartoon turtle
7518,skunk
6964,new york city
6964,"paris, france"
6964,heart attack
6964,age difference
6964,womanizer
6964,playwright
6964,dating
6964,falling in love
6964,older man younger woman relationship
6964,divorcee
6964,heartbreak
6964,emergency doctor
6964,older woman younger man relationship
6964,woman director
6964,recuperation
6964,mother daughter relationship
6964,old bachelor
6964,mother and daughter
9563,sports
9563,american football
9563,american football coach
9563,trainer
9563,training
9563,american football stadium
11528,sports
11528,baseball
11528,tree house
11528,dog
11528,fourth of july
11528,san fernando valley
11528,fence
11528,1960s
11528,mastiff
11528,kids' sports team
76493,petrol
76493,culture clash
76493,dictator
76493,coup d'etat
76493,satire
76493,parody
76493,uncle
76493,conspiracy
76493,female soldier
76493,united nations
76493,weapon of mass destruction
76493,dissident
76493,grocery store
76493,identity swap
76493,hilarious
923,helicopter
923,army
923,chaos
923,bite
923,halloween
923,dark comedy
923,materialism
923,machete
923,gore
923,martial law
923,state of emergency
923,shopping mall
923,infection
923,biker
923,sequel
923,truck
923,consumerism
923,zombie
923,motorcycle gang
923,exploding head
923,mall
923,tv production
923,zombie apocalypse
923,"pittsburgh, pennsylvania"
923,anxious
923,hilarious
923,excited
923,frightened
11349,small town
11349,psychopath
11349,poison
11349,ex-detainee
11349,boat
11349,film noir
11349,lawyer
11349,psychological thriller
11349,killing a dog
11349,listening to the radio
11349,aggressive
11349,intense
11349,threat to family
11349,family terrorized
4967,love triangle
4967,rabbi
4967,romcom
4967,priest
4967,catholicism
209112,superhero
209112,based on comic
209112,sequel
209112,revenge
209112,vigilante
209112,super power
209112,supervillain
209112,dc extended universe (dceu)
209112,versus fighting
209112,versus
15765,1970s
15765,affectation
15765,record producer
15765,biography
15765,recording studio
15765,celebrity
15765,singer
15765,fame
15765,domestic violence
15765,biting
15765,physical abuse
15765,price of fame
15765,shocking
15765,angry
15765,aggressive
15765,1960s
15765,abusive husband
15765,music industry
15765,cautionary
15765,introspective
15765,inspirational
15765,absurd
15765,admiring
15765,adoring
15765,antagonistic
15765,callous
15765,demeaning
15765,derogatory
15765,hopeful
985,baby
985,nightmare
985,mutant
985,claustrophobia
985,parents-in-law
985,pencil
985,surrealism
985,black and white
985,torture
985,parallel world
985,disturbed
985,body horror
985,ambiguous
985,gloomy
9081,dreams
9081,philosophy
9081,parallel world
9081,existence
9081,adult animation
8512,based on novel or book
8512,war veteran
8512,jazz club
8512,murder
8512,"los angeles, california"
8512,biting
8512,private detective
8512,missing person
8512,framed for a crime
8512,aggressive
8512,neo-noir
8512,1940s
8512,complex
8512,egotistical
399174,island
399174,japan
399174,stop motion
399174,dog
399174,garbage dump
399174,pets
399174,witty
19931,based on novel or book
19931,chinese
19931,family
19931,chinese american
19931,mother daughter relationship
11232,new york city
11232,time travel
11232,duke
11232,fish out of water
11232,falling in love
11232,scientist
11232,deadline
11232,dog
11232,apartment building
11232,tv commercial
11232,brooklyn bridge
11232,ex-boyfriend ex-girlfriend relationship
11232,uncle nephew relationship
11232,advertising executive
11232,broken elevator
11232,jumping off a bridge
11232,gentleman
11232,advertising agency
11232,mental hospital
11232,time portal
11232,brother sister relationship
11232,2000s
11232,1870s
11232,propriety
11232,marry for money
11232,big sister little brother
11232,scientific theory
1649,dying and death
1649,future
1649,afterlife
1649,time travel
1649,heaven
1649,heavy metal
1649,diabolical ego
1649,sequel
1649,robot
1649,devil
1649,doppelgänger
1649,séance
16388,love
16388,best friend
16388,true love
16388,irish catholic
16388,independent film
2454,witch
2454,sibling relationship
2454,based on novel or book
2454,faith
2454,allegory
2454,lion
2454,wretch
2454,prince
2454,matter of life and death
2454,uncle
2454,family relationships
2454,sequel
2454,battle
2454,based on children's book
2454,fantasy world
2454,1940s
2454,high fantasy
2454,isekai
2454,based on young adult novel
2454,good versus evil
19101,based on novel or book
19101,parent child relationship
19101,boarding school
19101,servant
19101,private school
19101,female friendship
19101,school
19101,little girl
19101,orphan
19101,class differences
19101,india
19101,schoolgirl
19101,presumed dead
19101,attic
19101,magic realism
19101,interracial friendship
19101,african american servant
8273,marriage proposal
8273,sibling relationship
8273,wedding reception
8273,handcuffs
8273,spanner
8273,blow job
8273,stag night
8273,sequel
8273,wedding
8273,nostalgic
8273,sex comedy
8273,best man
8273,bachelor party
5038,"barcelona, spain"
5038,photographer
5038,artist
5038,menage a trois
5038,painter
5038,author
5038,summer
5038,polyamory
5038,bohemian
5038,wonder
5038,romantic
222935,based on novel or book
222935,support group
222935,"amsterdam, netherlands"
222935,cancer
222935,valentine's day
222935,star crossed lovers
222935,teen drama
222935,oxygen tank
222935,based on young adult novel
222935,sentimental
9663,widow
9663,lovers
9663,alien
9663,cherry pie
9663,reflective
9663,loving
9663,intimate
9663,intense
2771,comic book
2771,biography
2771,based on comic
2771,v.a. hospital
2771,junk sale
2771,jellybean
2771,greeting card
2771,file clerk
2771,garage sale
2771,comic book art
2771,neurotic
2771,comic book artist
2771,woman director
2771,wilmington
2771,delaware
2771,comic book writer
2771,"cleveland, ohio"
59440,bank
59440,training
59440,beating
59440,mixed martial arts (mma)
59440,teacher
59440,muscleman
59440,combat
59440,alcoholic
59440,gym
59440,exercise
59440,"pittsburgh, pennsylvania"
59440,intense
59440,complicated
59440,familiar
508442,new york city
508442,jazz
508442,musician
508442,cat
508442,self-discovery
508442,jazz singer or musician
508442,teacher
508442,nostalgic
508442,questioning
508442,aftercreditsstinger
508442,duringcreditsstinger
508442,life after death
508442,calm
508442,philosophical
508442,reflective
508442,wonder
508442,introspective
508442,3d animation
508442,inspirational
508442,sentimental
508442,gentle
508442,hopeful
508442,optimistic
508442,sincere
508442,pixar
18971,based on play or musical
18971,fate
18971,existentialism
18971,hamlet
18971,tragicomedy
64,dying and death
64,journalist
64,friendship
64,suicide
64,rape
64,coma
64,bullfighting
64,spain
64,sexual abuse
64,"madrid, spain"
64,pregnancy
64,car crash
64,matador (bullfighter)
64,hospital
64,clinical
9279,husband wife relationship
9279,holiday
9279,minnesota
9279,christmas party
9279,santa claus
9279,shopping mall
9279,puppet
9279,aftercreditsstinger
9279,christmas
9279,satirical
9279,father son relationship
9279,farce
9279,lighthearted
9279,hilarious
2604,vietnam war
2604,vietnam veteran
2604,post-traumatic stress disorder (ptsd)
2604,1970s
2604,wheelchair
2604,biography
2604,based on true story
2604,based on memoir or autobiography
2604,desert
2604,fourth of july
2604,anti war
2604,drunkenness
2604,1950s
2604,1960s
9362,small town
9362,nevada
9362,old town
9362,stranded
9362,rural area
9362,creature
9362,tentacle
9362,graboids
9362,seismologist
9362,binoculars
9362,town
9362,cursed town
9362,amused
9362,antagonistic
9362,giant worms
9362,old tractor
951,drug dealer
951,dying and death
951,police
951,crime fighter
951,kiss
951,kindergarten
951,education
951,teacher
10849,new york city
10849,great depression
10849,falling in love
10849,movie star
11467,husband wife relationship
11467,fictitious marriage
11467,marriage crisis
11467,movie business
11467,married couple
11467,romcom
11467,press
11467,hollywood
11467,sister sister relationship
156022,assassin
156022,corruption
156022,hitman
156022,call girl
156022,sadism
156022,hostage
156022,gangster
156022,fbi
156022,gore
156022,remake
156022,sociopath
156022,revenge
156022,vigilante
156022,organized crime
156022,teenage prostitute
156022,commando
156022,interrogation
156022,surveillance
156022,fake death
156022,ex soldier
156022,loner
156022,black ops
156022,hand to hand combat
156022,mysterious past
156022,vigilante justice
156022,callous
9486,hero
9486,funeral
9486,spy
9486,intelligence
9486,queen
9486,coronation
9486,secret agent
9486,slapstick comedy
9486,spoof
9486,explosion
9486,agent
9486,pen
9486,duringcreditsstinger
11975,based on novel or book
11975,court case
11975,jurors
11975,proof
11975,leukemia
11975,lawyer
11975,courtroom
11975,legal thriller
11975,inspirational
11975,dramatic
9411,police
9411,angel
9411,psychopath
9411,riddle
9411,detective
9411,supernatural
9411,bible
9411,murder
9411,curse
9411,serial killer
9411,religion
9411,execution
9411,series of murders
9411,devil
9411,family
9411,evil
9411,neo-noir
36648,martial arts
36648,loss of loved one
36648,vampire
36648,fbi
36648,superhero
36648,katana
36648,supernatural
36648,fistfight
36648,based on comic
36648,sequel
36648,vampire hunter (slayer)
36648,martial arts master
36648,motorcycle
36648,blade
36648,super villain
36648,urban gothic
36648,good versus evil
36648,sarcastic
2605,artificial intelligence (a.i.)
2605,lightning
2605,"oregon, usa"
2605,robot
2605,military
2605,childlike
4256,halloween
4256,parody
4256,sequel
4256,alien
4256,spoof
4256,vhs
4256,horror spoof
4256,alien invasion
4256,crop circle
4256,tv news anchor
4256,mysterious death
4256,weed
4256,horror parody
4256,dumb blonde
4256,aliens
4256,amused
5137,journalist
5137,"london, england"
5137,himalaya mountain range
5137,killer robot
5137,computer war
5137,steampunk
5137,robot
10358,pornography
10358,love of one's life
10358,platonic love
10358,pornographic video
10358,best friend
10358,sex comedy
10358,friends in love
10358,duringcreditsstinger
10358,adult filmmaking
10358,porno
1580,philosophy
1580,banquet
1580,rope
1580,strangle
1580,based on play or musical
1580,murder
1580,dinner party
1580,academia
1580,suspicious
1580,suspenseful
1580,intense
1580,superiority
198184,future
198184,android
198184,artificial intelligence (a.i.)
198184,dystopia
198184,"johannesburg, south africa"
198184,robot
198184,robot cop
198184,cyber thriller
11622,isolation
11622,atomic bomb
11622,bunker
11622,shelter
11622,lighthearted
11622,blast from the past
11622,adoring
11622,amused
11622,familiar
12244,friendship
12244,man vs machine
12244,hope
12244,dystopia
12244,post-apocalyptic future
12244,halloween
12244,steampunk
12244,coward
12244,end of world
12244,rag doll
530385,loss of loved one
530385,ritual
530385,paranoia
530385,sweden
530385,cult
530385,hallucinogenic drug
530385,magic mushroom
530385,anthropology
530385,human sacrifice
530385,paganism
530385,death of family
530385,boyfriend girlfriend relationship
530385,grieving
530385,midsummer
530385,cultural conflict
530385,bad trip
530385,folk horror
530385,psychological disorders
530385,toxic relationship
530385,midnight sun
530385,isolated community
530385,summer festival
530385,traumatized woman
530385,violence
6557,newspaper
6557,new love
6557,lovesickness
6557,sibling relationship
6557,wedding planner
6557,witness
6557,bride
6557,bridesmaid
6557,romcom
6557,sister
6557,sibling rivalry
6557,reporter
6557,wedding
6557,woman director
6557,hilarious
9844,dying and death
9844,louisiana
9844,stepfather
9844,teacher
9844,teenage girl
9844,death
9844,lgbt
9844,gay theme
9662,france
9662,kidnapping
9662,biker
9662,tour de france
9662,mafia
9662,dog
9662,triplet
9662,band singer
9662,silent film
9662,adult animation
9662,old woman
1667,cold
1667,parent child relationship
1667,penguin
1667,brood
1667,autonomy
1667,survival
1667,wildlife
1667,snow
1667,antarctica
1667,struggle for survival
1667,animals
1667,nature
1667,nature documentary
1667,wonder
1667,anxious
1667,animal behaviour
1667,animal documentary
1667,wildlife documentary
1667,celebratory
1667,hopeful
1667,vibrant
144,"berlin, germany"
144,dreams
144,library
144,circus
144,angel
144,berlin wall
144,immortality
144,observer
144,melancholy
144,black and white
144,perception
144,thoughtful
144,mortality
144,understated
144,dramatic
144,sentimental
144,adoring
144,ambiguous
144,celebratory
144,powerful
144,tragic
228967,central intelligence agency (cia)
228967,socialism
228967,coup d'etat
228967,assassination attempt
228967,evil dictator
228967,north korea
228967,disdainful
228967,disgusted
228967,doubtful
228967,dubious
228967,enthusiastic
228967,euphoric
228967,frustrated
9955,sports
9955,competition
9955,olympic games
9955,rivalry
9955,figure skating
9955,sibling
9955,ice skating
9955,frenemies
10534,sailing trip
10534,sailing
10534,diary
10534,coming of age
10534,survival
10534,teenage boy
10534,discipline
10534,squall
10534,sail
10534,caribbean sea
10534,male bonding
10534,seasickness
10534,storm at sea
10534,1960s
10534,gay interest
4347,new love
4347,sibling relationship
4347,based on novel or book
4347,wind
4347,nurse
4347,loss of loved one
4347,flirt
4347,world war ii
4347,innocence
4347,lie
4347,letter
4347,twist
4347,redemption
4347,mistake
4347,author
4347,summer
4347,mourning
4347,dunkirk
4347,london blitz
4347,sepsis
4347,sentimental
4347,distressing
9374,jealousy
9374,immortality
9374,halloween
9374,beauty
9374,rivalry
9374,potion
9374,drinking
9374,body horror
302946,prison
302946,sniper
302946,assassin
302946,autism
302946,military service
302946,money
302946,treasury department
302946,sniper rifle
302946,gunfight
302946,loner
302946,hand to hand combat
302946,numbers
302946,accountant
302946,math genius
302946,brother brother relationship
10402,fish
10402,aquarium
10402,gigolo
10402,house
10402,carnival
10402,vacation
10402,callboy
10402,male prostitution
10402,prostitution
10402,illegal prostitution
10402,escort
10402,irreverent
10402,lighthearted
10402,cheerful
9928,inventor
9928,businessman
9928,villain
9928,steampunk
9928,robot
9928,dishonesty
9928,3d animation
9928,whimsical
9928,amused
9928,hopeful
10136,buddhism
10136,ritual
10136,social worker
10136,monk
10136,anti hero
10136,mystic
10136,wretch
10136,tibet
10136,pocket knife
10136,demon
10136,evil
10136,missing person
10136,dark fantasy
10136,reluctant hero
10136,mysticism
10136,special child
9942,sports
9942,baseball
9942,sabotage
9942,sombrero
9942,baseball field
9942,hard hat
9942,professional sports
9942,comic strip
9942,hot dog
9942,voodoo ritual
9942,the big game
9942,inspirational
9942,hilarious
9942,"cleveland, ohio"
145,underdog
145,dying and death
145,prostitute
145,paraplegic
145,parent child relationship
145,faith
145,scotland
145,society
145,tradition
145,prayer
145,excommunication
145,authority
145,1970s
145,coercion
145,god
145,priest
145,church
145,polyamory
145,disabled
145,oil rig 
145,oil platform
145,scottish highlands
145,audacious
8913,based on novel or book
8913,funeral
8913,parent child relationship
8913,coffin
8913,pet
8913,halloween
8913,villain
8913,head injury
8913,resurrection
8913,woods
8913,grief
8913,zombie
8913,new neighbor
8913,pet cemetery
8913,dead cat
8913,death of patient
8913,loss of pet
8913,dead lover
8913,ghost
8913,grave robbing
8913,indian burial ground
8913,woman director
8913,mysterious
8913,pets
8913,somber
8913,anxious
8913,supernatural horror
8913,horrified
8913,ominous
9392,panic
9392,darkness
9392,mutant
9392,expedition
9392,cave
9392,claustrophobia
9392,trauma
9392,gore
9392,female friendship
9392,rope
9392,climbing
9392,appalachia
9392,friends
9392,female protagonist
9392,best friend
9392,creature
9392,survival horror
9392,grieving
9392,speleology
9392,camcorder
9392,suspenseful
9392,ambivalent
404,sibling relationship
404,forgiveness
404,wisconsin
404,lawnmower
404,iowa
404,melancholy
404,biography
404,based on true story
404,road trip
404,family relationships
404,family
404,nostalgic
404,road movie
404,journey
404,calm
404,elderly man
404,estranged brother
404,wonder
404,brother brother relationship
404,personal journey
404,modest
404,unexpected kindness
11299,revenge
11299,space western
11299,lethal virus
11299,adult animation
11299,neo-western
11299,anime
11299,excited
11299,vibrant
10555,fish
10555,secret love
10555,hero
10555,mission of murder
10555,vegetarian
10555,threat of death
10555,anthropomorphism
10555,shark
10555,woman director
10555,3d animation
11008,war veteran
11008,headquarter
11008,military spoof
11008,military base
11008,military service
11008,base
11008,major
11008,instructor
2056,friendship
2056,new jersey
2056,small person
577922,assassin
577922,espionage
577922,spy
577922,time travel
577922,"mumbai (bombay), india"
577922,arms dealer
577922,terrorism
577922,terrorist attack
577922,nuclear weapons
577922,terrorist plot
577922,backwards
577922,alternate timeline
577922,"oslo, norway"
577922,time paradox
577922,"kyiv (kiev), ukraine"
577922,ambivalent
1551,life and death
1551,afterlife
1551,haunted by the past
1551,medical student
1551,near-death experience
1551,college student
1551,medical experiment
422,dying and death
422,adultery
422,depression
422,individual
422,unsociability
422,screenplay
422,suicide attempt
422,missile
422,scapegoat
422,movie business
422,allegory
422,difficult childhood
422,creative crisis
422,kurort
422,black and white
422,extramarital affair
422,existence
422,semi autobiographical
422,thoughtful
422,complex
422,lighthearted
422,ambiguous
422,bold
422,compassionate
1370,submachine gun
1370,competition
1370,machinegun
1370,liberation
1370,soviet union
1370,soviet military
1370,thailand
1370,freedom fighter
1370,afghanistan
1370,war on freedom
1370,mujahid
1370,sequel
1370,hard
231,petrol
231,central intelligence agency (cia)
231,middle east
231,capitalism
231,globalization
231,persia
231,war on terror
231,conspiracy
231,false flag
231,geopolitics
231,us imperialism
231,war for oil
13363,immortality
13363,birthday
13363,legend
13363,philosophy
13363,professor
13363,psychology
13363,bible
13363,time
13363,survival
13363,anthropology
13363,prehistory
13363,religion
13363,memory
13363,church
13363,cavemen
13363,assertive
13363,dignified
13363,enchant
11517,new york city
11517,sibling relationship
11517,subway
11517,new york subway
11517,train robbery
12280,new york city
12280,newspaper
12280,research
12280,success
12280,murder
12280,newspaper editor
12280,tabloid
12280,tabloid reporter
102382,new york city
102382,experiment
102382,obsession
102382,secret identity
102382,superhero
102382,based on comic
102382,sequel
102382,electrocution
102382,super power
102382,masked superhero
102382,teen superhero
10907,sword
10907,repayment
10907,robin hood
10907,archer
10907,richard the lionheart
10907,sherwood forest
10907,sword fight
10907,nottingham
10907,historical fiction
10907,disguise
10907,swashbuckler
10907,medieval
10907,"based on myths, legends or folklore"
10907,saxons
10907,action hero
10907,12th century
10907,vigilante justice
10907,antagonistic
9529,based on novel or book
9529,investigation
9529,halloween
9529,melancholy
9529,urban legend
9529,urban
9529,university
9529,evil
9529,candyman
9529,hook for a hand
9529,housing project
9529,urban decay
9529,urban gothic
9529,antagonistic
6623,helicopter
6623,politics
6623,nuclear missile
6623,bridge
6623,train crash
6623,nuclear explosion
6623,train
6623,terrorism
6623,backpack
6623,military
6623,woman director
6623,"based on magazine, newspaper or article"
6623,snipers
6623,disarming a bomb
11336,sheriff
11336,coma
11336,based on novel or book
11336,sacrifice
11336,flashback
11336,premonition
11336,vision
11336,doctor
11336,car accident
11336,series of murders
11336,psychic
11336,dark hero
11336,gothic
11336,madness
9825,sheriff
9825,lake
9825,diving
9825,crocodile
9825,animal attack
9825,deputy
9825,paleontologist
9825,maine
9825,decapitation
9825,severed head
9825,creature
9825,scientist
9825,remote
9825,tooth
9825,bear attack
9825,campfire
9825,severed toe
9825,torso cut in half
9825,giant crocodile
9825,crocodile attack
9825,animal horror
9825,b-horror
2011,puberty
2011,civil war
2011,parent child relationship
2011,1970s
2011,totalitarian regime
2011,punk rock
2011,bomb alarm
2011,coming of age
2011,orient
2011,based on memoir or autobiography
2011,based on graphic novel
2011,adult animation
2011,punk band
2011,woman director
2011,iranian revolution
2011,defiant
830,flying saucer
830,rescue mission
830,space
830,alien planet
830,robot
830,sabotage
830,mysterious death
830,alien civilization
830,lone survivor
830,extinct race
830,invisible monster
830,ray weapons
830,mind enhancement
830,atomic power plant
830,romantic triangle
11040,based on novel or book
11040,fight
11040,indian territory
11040,settler
11040,native american
11040,orphan
11040,cheyenne
11040,19th century
1250,dying and death
1250,religion and supernatural
1250,superhero
1250,supernatural
1250,possession
1250,devil's son
1250,stunt
1250,flame
1250,stuntman
1250,based on comic
1250,religion
1250,soul selling
1250,fallen angel
1250,motorcycle
1250,devil
1250,person on fire
1250,demon
1250,first love
1250,news reporter
1250,faustian pact
1250,stunt riding
1250,supernatural horror
1250,tortured soul
1250,lost souls
1250,deal with the devil
9382,friendship
9382,escape
9382,aids
9382,homophobia
9382,homicide
9382,roommates
9382,car journey
9382,female friendship
9382,road trip
9382,friends
9382,domestic violence
9382,fresh start
9382,abusive boyfriend
9382,lesbian
9382,chosen family
8202,martial arts
8202,espionage
8202,dystopia
8202,surrealism
8202,based on cartoon
8202,shootout
8202,infertility
8202,cyberpunk
8202,sabotage
8202,one against many
8202,woman director
8202,hand to hand combat
8202,human clone
8202,amused
12110,vampire
12110,halloween
12110,satire
12110,spoof
12110,dracula
353486,based on novel or book
353486,video game
353486,fighter
353486,sequel
353486,detention
353486,explorer
353486,based on movie
353486,gaming
353486,quest
353486,cartographer
353486,action hero
353486,unassuming
353486,zoologist
353486,based on young adult novel
353486,trapped in a game
353486,hilarious
353486,amused
353486,awestruck
353486,enthusiastic
9494,baby
9494,single parent
9494,pregnancy
9494,duringcreditsstinger
9494,woman director
9494,hilarious
9494,whimsical
9494,amused
9494,cheerful
39538,quarantine
39538,saving the world
39538,mutation
39538,infection
39538,terminal illness
39538,outbreak
39538,disease
39538,vaccine
39538,lethal virus
39538,scientist
39538,epidemic
39538,prophetic
39538,virus
39538,pandemic
39538,medical drama
9543,persia
9543,sandstorm
9543,brother against brother
9543,armageddon
9543,based on video game
9595,secret mission
9595,bad luck
9595,parody
9595,drill instructor
9595,jet crash
14756,martial arts
14756,kung fu
14756,sports
14756,foreigner
14756,bravery
14756,rice
14756,katana
14756,market
14756,tragic hero
14756,second sino-japanese war (1937-45)
14756,racism
14756,sadist
14756,master
14756,wing chun
14756,bayonet
14756,appreciative
10466,rock star
10466,chaos
10466,price
10466,house
10466,home ownership
10466,old house
10466,absurd
10466,hilarious
10466,ambiguous
10466,amused
10466,empathetic
1788,dancing
1788,dance
1788,dancer
1788,dance teacher
1788,father daughter relationship
1788,amused
707,"london, england"
707,helicopter
707,fire
707,drug abuse
707,france
707,"paris, france"
707,england
707,"san francisco, california"
707,horse race
707,secret identity
707,fire engine
707,villain
707,earthquake
707,ascot
707,silicon valley
707,zeppelin
707,snowboarding
707,microchip
707,doping
707,racehorse
707,flooding
707,snow
707,golden gate bridge
707,terrorism
707,british secret service
707,snow skiing
707,"eiffel tower, paris"
707,firefighter
707,james bond
6878,friendship
6878,based on novel or book
6878,cat
6878,remake
6878,dog
6878,nostalgic
6878,journey
6878,pets
6878,comforting
11631,single parent
11631,parent child relationship
11631,greece
11631,musical
11631,romcom
11631,based on play or musical
11631,unknown father
11631,single mother
11631,"based on song, poem or rhyme"
11631,hotel manager
11631,young love
11631,greek island
11631,duringcreditsstinger
11631,woman director
11631,imminent wedding
11631,mother daughter relationship
11631,jukebox musical
11631,past history
11631,daughter's wedding
11631,abba
11631,comforting
11631,enthusiastic
10437,future
10437,"london, england"
10437,based on novel or book
10437,holiday
10437,redemption
10437,musical
10437,puppet
10437,past
10437,puppetry
10437,miser
10437,lost love
10437,ghost
10437,christmas music
10437,christmas
10437,19th century
10437,what if
10437,grumpy man
10437,victorian era
10437,christmas eve
10437,cautionary
10437,christmas carols
10437,celebratory
10437,holiday spirit
10437,charles dickens
260,"london, england"
260,based on novel or book
260,scotland
260,falsely accused
260,scotland yard
260,secret agent
260,film noir
260,murder
260,fugitive
260,on the run
260,conspiracy
260,black and white
260,moor (terrain)
260,handcuffed
260,campaign speech
260,college professor
260,memorization
260,government secrets
260,runaway couple
260,posing as newlyweds
260,suspicious husband
260,london palladium
260,handcuffed together
23048,poison
23048,time travel
23048,one-night stand
23048,singer
23048,forty something
23048,snow skiing
23048,ski resort
23048,1980s
23048,butterfly effect
23048,80s throwback
23048,change the past
147,adolescence
147,"paris, france"
147,balzac
147,delinquent
147,coming of age
147,black and white
147,fingerprint
147,semi autobiographical
147,skipping school
147,mugshot
147,strict teacher
147,"montmartre, paris"
147,calm
147,bitter
147,complicated
147,gentle
527,individual
527,suicide
527,rape
527,strong woman
527,tattoo
527,slum
527,funeral
527,alcohol
527,tradition
527,approved school 
527,loss of loved one
527,despair
527,indigenous
527,ghetto
527,violent husband
527,new zealand
527,maori
527,lack of prospects
527,maori tradition
527,teacher
527,youth gang
527,crush
527,domestic violence
527,rebellious youth
527,alcohol abuse
527,incest
527,unemployment
527,auckland
11673,new love
11673,"paris, france"
11673,fencing
11673,love letter
11673,poet
11673,nose
11673,inferiority complex
11673,based on play or musical
11673,unrequited love
11673,long nose
11673,17th century
11673,thirty years' war (1618-1648)
270303,beach
270303,chase
270303,supernatural
270303,friends
270303,vision
270303,teenage girl
270303,school
270303,"detroit, michigan"
270303,entity
270303,evil
270303,voyeurism
270303,sexually transmitted disease
270303,young adult
270303,followed
270303,nudity
270303,ambiguity
270303,psychological horror
270303,pastiche
270303,suspenseful
270303,horrified
1281,california
1281,"london, england"
1281,airport
1281,"paris, france"
1281,chaos
1281,repair
1281,vault
1281,museum
1281,painting
1281,arts and culture
1281,destroy
1281,artwork
1281,guard
1281,clumsy fellow
1281,arts expert
1281,host family
1281,damage
1281,poster
1281,hospital
1281,"los angeles, california"
1281,amusement park
1281,teenage rebellion
1281,laxative
596,farm
596,california
596,based on novel or book
596,capitalism
596,ex-detainee
596,oklahoma
596,great depression
596,road trip
596,jail
1375,career
1375,friendship
1375,"philadelphia, pennsylvania"
1375,transporter
1375,cataclysm
1375,sports
1375,restart
1375,parent child relationship
1375,praise
1375,trainer
1375,bankrupt
1375,boxer
1375,training
1375,street riots
1375,world champion
1375,challenger
1375,sponsorship
1375,challenge
1375,champion
1375,tax consultant
1375,boxing school
1375,sequel
1375,father figure
1375,boxing
1375,powerful
1647,central intelligence agency (cia)
1647,"washington dc, usa"
1647,spy
1647,recruit
1647,training
1647,surveillance
1647,extramarital affair
1647,aggressive
1647,intense
9283,friendship
9283,small town
9283,massachusetts
9283,coming of age
9283,hometown
9283,group of friends
8355,insanity
8355,ice age
8355,villain
8355,bridge
8355,sequel
8355,jungle
8355,prehistory
8355,dinosaur
8355,creature
8355,birth
8355,duringcreditsstinger
8355,3d animation
14334,sea
14334,island
14334,legend
14334,family history
14334,family relationships
14334,seagull
14334,ireland
14334,storytelling
14334,seal (animal)
14334,seaweed
14334,talking to animals
14334,fishing boat
14334,lost at sea
14334,lost son
14334,selkie
14334,isolated
14334,gaelic music
14334,irish folklore
14334,human becoming an animal
14334,irish sea
14334,animal behaviour
14334,animal human friendship
14334,animals & nature
14334,donegal
14334,grandfather granddaughter relationship
14334,inishtrahull island
14334,gaelic
8870,future
8870,planet mars
8870,robot
8870,astronaut
8870,space opera
8870,catastrophe
8870,space adventure
3035,fire
3035,monster
3035,experiment
3035,based on novel or book
3035,halloween
3035,reanimation
3035,laboratory
3035,mad doctor
3035,black and white
3035,pre-code
3035,body part
3035,angry mob
3035,grave robbing
3035,reanimated corpse
3035,woman in peril
3035,villager
3035,body snatching
3035,human monster
3035,frankenstein
3035,introspective
3035,wistful
299537,superhero
299537,based on comic
299537,alien
299537,female protagonist
299537,alien invasion
299537,super power
299537,female hero
299537,aftercreditsstinger
299537,duringcreditsstinger
299537,marvel cinematic universe (mcu)
299537,woman director
299537,1990s
299537,alien technology
299537,intense
299537,cliché
299537,joyful
16520,temple
16520,widow
16520,prime minister
16520,letter
16520,"bangkok, thailand"
16520,palace
16520,musical
16520,polygamy
16520,buddha
16520,based on play or musical
16520,misunderstanding
16520,single mother
16520,twins
16520,tutor
16520,chopsticks
16520,chakri dynasty
16520,school teacher
16520,barge
16520,sailing ship
16520,pagoda
16520,consort
16520,dowry
16520,malaria
16520,siam
16520,inspirational
16520,factual
16520,dramatic
16520,admiring
16520,adoring
16520,authoritarian
16520,cheerful
16520,conceited
16520,hopeful
34544,plan
34544,mexico
34544,explosive
34544,war crimes
34544,secret mission
34544,fear of flying
34544,ex-lover
34544,tank
34544,military court
34544,us army
34544,military service
34544,iraq war veteran
34544,military prison
34544,betrayal
34544,fugitive
34544,double crossed
34544,drone
34544,special forces
34544,operative
34544,aftercreditsstinger
34544,duringcreditsstinger
34544,clandestine
34544,military operation
34544,helicopter chase
34544,u.s. general
34544,private military company
34544,based on tv series
34544,airborne ranger
34544,awestruck
34544,u.s. army ranger
34544,cia agent
34544,military contractors
34544,money printing plates
34544,u.s. army hospital
34544,u.s. military intelligence
34544,"frankfurt, germany"
34544,"baghdad, iraq"
34544,engraving plates
10546,martial arts
10546,tattoo
10546,loss of loved one
10546,superhero
10546,supernatural
10546,crow
10546,based on comic
10546,sequel
10546,revenge
10546,vigilante
10546,tragic hero
10546,back from the dead
10546,duel
10546,sadist
10546,gothic
10546,urban setting
10546,neo-noir
10546,urban gothic
10546,supernatural power
10546,vigilante justice
10546,good versus evil
376867,drug dealer
376867,high school
376867,florida
376867,drug abuse
376867,"miami, florida"
376867,parent child relationship
376867,fight
376867,homophobia
376867,drug addiction
376867,ghetto
376867,restaurant
376867,bullying
376867,coming of age
376867,male homosexuality
376867,lgbt
376867,addict
376867,masculinity
376867,black lgbt
376867,"atlanta, georgia"
376867,gay theme
376867,boys' love (bl)
10357,lava
10357,subway
10357,volcano
10357,volcanology
10357,burned alive
10357,disaster
10357,"los angeles, california"
10357,disaster movie
10357,firemen
10357,absurd
10357,ambiguous
10357,audacious
10357,awestruck
10357,defiant
10357,embarrassed
10357,vibrant
11062,drug dealer
11062,new york city
11062,corruption
11062,undercover agent
11062,police
11062,undercover
11062,presidential election
11062,war on drugs
11062,mayor
11062,investigation
11062,mafia
11062,police corruption
11062,city hall
11062,mob hit
11062,political corruption
11062,corrupt mayor
11062,corrupt judge
11062,accidental shooting
11062,suicide by gun
11062,mafia family
9091,explosive
9091,hostage
9091,ice hockey
9091,terrorism
9091,vice president
9091,"pittsburgh, pennsylvania"
10633,small town
10633,southern usa
10633,police chief
10633,stolen money
10633,racial segregation
10633,racist
10633,thief
10633,murder
10633,youth gang
10633,racism
10633,whodunit
10633,poverty
10633,false accusations
10633,police station
10633,racial tension
10633,bigotry
10633,autopsy room
10633,red herring
10633,railroad station
10633,white supremacists
10633,nymphette
10633,bigot
10633,deep south
10633,cotton plantation
10633,southern small town
10633,rumble
10633,illegal abortionist
10633,jumping to conclusions
17578,treasure
17578,riddle
17578,morocco
17578,belgium
17578,treasure hunt
17578,liquor
17578,based on comic
17578,sunken treasure
17578,reporter
17578,belgian
17578,motion capture
17578,1950s
17578,3d animation
17578,excited
535,dancing
535,dance
535,locksmith
843,adultery
843,newspaper
843,secret love
843,martial arts
843,lovesickness
843,husband wife relationship
843,"shanghai, china"
843,marriage crisis
843,married couple
843,singapore
843,deceived husband
843,forbidden love
843,neighbor
843,author
843,hong kong
843,extramarital affair
843,1960s
843,asian culture
11374,tv ratings
11374,simulated reality 
87502,airplane
87502,confession
87502,investigation
87502,pilot
87502,emergency landing
87502,flight
87502,alcoholism
87502,f word
87502,hangover
87502,airplane accident
87502,airplane crash
87502,syringe
87502,denial
87502,baseball stadium
87502,perjury
87502,national transportation safety board
87502,flying upside down
87502,narcissist
87502,relapse
87502,substance abuse
87502,hard
87502,cautionary
87502,inspirational
87502,dramatic
14574,based on novel or book
14574,nazi
14574,nationalism
14574,concentration camp
14574,world war ii
14574,gas chamber
14574,concentration camp prisoner
14574,children in wartime
10765,army
10765,strong woman
10765,"paris, france"
10765,change
10765,empowerment
10765,transformation
10765,training camp
10765,training
10765,female soldier
10765,female protagonist
10765,private
10765,female empowerment
10765,military training
10765,determination
10765,army cadet
10765,army training
10765,war games
10765,witty
10765,hilarious
9637,voodoo
9637,detective
9637,talking dog
9637,based on cartoon
9637,resort
9637,dog
9637,criminal investigation
9637,theme park
9637,duringcreditsstinger
9637,live action and animation
14412,prison
14412,infidelity
14412,florida
14412,smoking
14412,femme fatale
14412,murder
14412,no air conditioning
14412,neo-noir
14412,erotic thriller
14412,heatwave
9620,amnesia
9620,prophecy
9620,technology
9620,engineer
9620,time
9620,evil corporation
9620,cyberpunk
9620,scientist
9620,millionaire
9620,based on short story
9620,tech noir
9620,seeing the future
11963,new york city
11963,central intelligence agency (cia)
11963,"washington dc, usa"
11963,spy
11963,office
11963,conspiracy
11963,christmas
11963,political thriller
11963,frightened
22803,prison
22803,assassin
22803,"philadelphia, pennsylvania"
22803,bomb
22803,secret passage
22803,deal
22803,investigation
22803,gore
22803,torture
22803,explosion
22803,justice
22803,criminal mastermind
22803,district attorney
22803,courtroom
22803,rape and revenge
22803,vigilantism
22803,vigilante justice
1088,diving
1088,becoming an adult
1088,grandparent grandchild relationship
1088,tradition
1088,loss of loved one
1088,ocean
1088,whale
1088,empowerment
1088,new zealand
1088,maori tradition
1088,chief
1088,modern society
1088,canoe
1088,patriarch
1088,stick fighting
1088,patriarchy
1088,magic realism
1088,woman director
1088,swimming underwater
1088,war dance
1088,traditional dance
10658,duck
10658,superhero
10658,based on comic
10658,alternative reality
8850,new york city
8850,atomic bomb
8850,superhero
8850,ladykiller
8850,hypnosis
8850,based on comic
8850,radio series
8850,invisibility
8850,the shadow
8850,neo-noir
338766,brother
338766,texas
338766,bank robber
338766,road trip
338766,gun battle
338766,police officer killed
338766,criminal
338766,held at gunpoint
338766,car fire
338766,cowboy
338766,small western town
338766,neo-western
338766,divorced father
338766,bullet hole
338766,audacious
2268,compass
2268,experiment
2268,england
2268,polar bear
2268,airship
2268,steampunk
2268,animals
2268,alternate universe
2268,based on young adult novel
2268,his dark materials
50348,california
50348,prostitute
50348,based on novel or book
50348,judge
50348,attempted murder
50348,video surveillance
50348,jury
50348,playboy
50348,private investigator
50348,lawyer
50348,crime scene
50348,motorcycle gang
50348,courtroom
50348,defense attorney
50348,divorced father
50348,courtroom drama
50348,car driver
50348,innocent in jail
50348,murder of a prostitute
50348,legal thriller
50348,defense lawyer
50348,attorney client privilege
50348,high-profile client
10518,new york city
10518,government
10518,based on novel or book
10518,nazi
10518,diamond
10518,conspiracy
10518,psychological thriller
10518,theft
10518,criminal
10518,agent
10518,dentist
10518,rogue
10518,safe deposit box
10518,runner
10518,graduate student
10518,pistol
10518,is it safe
10518,diamond district
9440,usa president
9440,the white house
9440,presidential election
9440,new hampshire
9440,scandal
9440,extramarital affair
9440,presidential candidate
12107,mad scientist
12107,alter ego
12107,family
12107,dean
12107,duringcreditsstinger
12107,research laboratory
12596,airport
12596,competition
12596,air controller
12596,adversary
12596,"long island, new york"
12596,air traffic control
12596,air traffic controller
11787,sanatorium
11787,based on play or musical
11787,imaginary friend
11787,mental institution
11787,black and white
11787,police officer
11787,rabbit
11787,mental illness
11787,screwball comedy
11787,commitment
11787,brother sister relationship
51497,car race
51497,freedom
51497,fbi
51497,sequel
51497,prison escape
51497,heist
51497,escaped convict
51497,street race
51497,money
51497,organized crime
51497,fugitive
51497,on the run
51497,police chase
51497,duringcreditsstinger
51497,cars
51497,intense
51497,exhilarated
51497,exuberant
51497,farcical
51497,frustrated
11621,beach
11621,mediterranean
11621,italy
11621,fascism
11621,transformation
11621,singer
11621,war hero
11621,air pirate
11621,anime
11621,playful
11621,witty
11621,adventure
11329,based on novel or book
11329,court case
11329,widow
11329,"new orleans, louisiana"
11329,manipulation
11329,jury
11329,gun violence
11329,jury tampering
11329,jury trial
11329,henchmen
11329,arms industry
11329,trial lawyer
11329,courtroom drama
11329,mass shooting
11329,legal thriller
11329,corporate lawyer
11329,conman
11329,gun death
11329,jury consultant
11329,reading people
11329,trial science
11329,jury selection
11329,wrongful death case
11329,firearms / gun manufacturer
8007,sniper
8007,war crimes
8007,bosnia and herzegovina
8007,rescue mission
8007,marine corps
8007,u.s. navy
8007,based on true story
8007,north atlantic treaty organization (nato)
8007,naval officer
8007,bosnian war (1992-95)
8007,serbian
8007,atrocity
8007,combat
8007,behind enemy lines
8007,jet fighter pilot
8007,mine field
8007,hunted
8007,jet crash
8007,aircraft carrier
8007,reconnaissance
8007,mass grave
8007,enemy territory
8007,naval flight officer
8007,navy pilot
8007,running for one's life
8007,no fly zone
9422,right and justice
9422,pollution
9422,advancement
9422,massachusetts
9422,success
9422,leukemia
9422,lawyer
9422,business start-up
9422,civil action
9422,legal drama
15789,parent child relationship
15789,pop singer
15789,cartoon
15789,musical
15789,road trip
15789,celebrity
15789,coming of age
15789,first love
15789,cross country trip
15789,father son relationship
2623,navy
2623,love of one's life
10747,showdown
10747,loss of loved one
10747,texas
10747,settler
10747,native american
10747,revenge
10747,gun battle
10747,surrender
10747,indian attack
10747,massacre survivor
10747,comanche
10747,american civil war
10747,avenge
10747,19th century
10747,union army
10747,guns
10747,shooting
10747,family massacre
310131,witch
310131,isolation
310131,magic
310131,possession
310131,black magic
310131,older woman seduces younger guy
310131,new hampshire
310131,woods
310131,goat
310131,puritan
310131,religion
310131,crying
310131,false accusations
310131,witchcraft
310131,new england
310131,praying
310131,17th century
310131,folk horror
310131,evil force
310131,english colony
310131,grimdark
310131,excited
24021,based on novel or book
24021,immortality
24021,vampire
24021,bite
24021,graduation
24021,sequel
24021,teen movie
24021,werewolf
24021,based on young adult novel
24021,supernatural power
24021,vampire human love
526,moon
526,swordplay
526,twilight
526,monk
526,bishop
526,cathedral
526,falcon
526,solar eclipse
526,romance
526,thief
526,sword and sorcery
526,medieval italy
526,amused
476,drug abuse
476,support group
476,1970s
476,drug addiction
476,junkie
476,"portland, oregon"
476,drugstore
476,group therapy
476,melancholy
476,addiction
476,drug stealing
476,drugs
476,burglars
476,opioid use disorder
476,hopeful
476,tragic
15764,new york city
15764,concentration camp
15764,holocaust (shoah)
15764,world war ii
15764,writer
15764,poland
15764,1940s
2642,new york city
2642,deal
2642,sarcasm
2642,protest
2642,romcom
2642,lawyer
2642,billionaire
2642,employer employee relationship
2642,pro bono
2642,aftercreditsstinger
2642,environmental law
2642,legal aid
2642,charity benefit
2642,community center
2642,ideals
2642,indispensable
2642,playboy billionaire
2103,loss of sense of reality
2103,based on novel or book
2103,loss of loved one
2103,clone
2103,hallucination
2103,space travel
2103,grief
2103,space
2103,psychologist
2103,astronaut
2103,space station
2103,unusual phenomena
18239,moon
18239,based on novel or book
18239,vampire
18239,sequel
18239,teen movie
18239,werewolf
18239,interspecies romance
18239,based on young adult novel
18239,supernatural power
18239,good versus evil
18239,vampire human love
18239,cliché
11379,menace
11379,talent
11379,genius
11379,intellectually gifted
11379,time travel
11379,space war
11379,alien invasion
11379,lighthearted
11379,whimsical
11379,disrespectful
10495,martial arts
10495,war veteran
10495,karate
10495,adversary
10495,bullying
10495,sequel
10495,bully
10495,teenage love
10495,martial arts tournament
10495,martial arts training
10495,nostalgic
10495,mentor protégé relationship
10495,bullied
10495,philosophical
10495,inspirational
10495,martial arts contest
10495,rappelling
10495,hopeful
10495,optimistic
10110,based on novel or book
10110,"shanghai, china"
10110,atomic bomb
10110,stadium
10110,bravery
10110,peasant
10110,world war ii
10110,prisoner of war
10110,coming of age
10110,pacific war
10110,chinese
10110,japanese army
10110,japanese soldier
10110,japanese surrender
10110,salt mine
10110,internment camp
10110,child protagonist
10110,children in wartime
10110,japanese occupation of china
10110,"suzhou, china"
1781,politics
1781,self-destruction
1781,truth
1781,climate
1781,climate change
1781,greenhouse effect
1781,crisis
1781,earth
1781,global warming
1781,destruction of planet
1781,nature
1781,environment
1781,audience
1781,environmental destruction
1781,destruction of earth
1781,environmental issues
1781,climate engineering
1781,climate breakdown
1781,observational documentary
1781,environmental documentary
1781,climate emergency
1781,climate crisis
11597,sibling relationship
11597,video game
11597,loss of loved one
11597,uncle
11597,toy shop
11597,technical toy
11597,inheritance
11597,battle
11597,toy factory
11597,christmas
11597,evil toys
9493,experiment
9493,orphanage
9493,twins
9493,perfection
9493,low intelligence
9493,jet engine
9493,twins separated at birth
9493,artist colony
9493,same habits
9493,opposites
9493,amused
9493,sarcastic
9816,ballet dancer
9816,musical
9816,ballet
9801,"london, england"
9801,jealousy
9801,based on novel or book
9801,drug smuggling
9801,homesickness
9801,ex-boyfriend
9801,"bangkok, thailand"
9801,thailand
9801,vacation
9801,sequel
9801,dating
9801,falling in love
9801,tv reporter
9801,break-up
9801,false accusations
9801,boyfriend girlfriend relationship
9801,woman director
9801,tv host
9801,innocent in jail
9801,skiing
9801,travel show
9801,new relationship
9801,barrister
9801,excited
9801,new assignment
458156,new york city
458156,martial arts
458156,bratva (russian mafia)
458156,"casablanca, morocco"
458156,secret society
458156,secret organization
458156,black humor
458156,sahara desert
458156,sequel
458156,organized crime
458156,one man army
458156,code of honor
458156,hand to hand combat
458156,consequences
458156,professional assassin
458156,baba yaga
458156,dog man friendship
458156,continental hotel
8649,dying and death
8649,new york city
8649,coma
8649,based on novel or book
8649,ambulance
8649,drug addiction
8649,night life
8649,hallucination
8649,ambulance man
8649,alcoholism
8649,road trip
8649,teacher
8649,hospital
8649,drugs
8649,illegal prostitution
8649,euthanasia
487558,based on novel or book
487558,ku klux klan
487558,1970s
487558,black panther party
487558,biography
487558,based on true story
487558,undercover cop
487558,racism
487558,based on memoir or autobiography
487558,revisionist history
487558,white supremacy
487558,thoughtful
487558,defiant
487558,kkk rally
11302,revolution
11302,political activism
11302,loser
11302,banana republic
11302,anarchic comedy
353081,mask
353081,race against time
353081,"london, england"
353081,central intelligence agency (cia)
353081,helicopter
353081,"paris, france"
353081,chase
353081,gun
353081,spy
353081,countdown
353081,fake identity
353081,stunt
353081,fistfight
353081,double agent
353081,norway
353081,sequel
353081,secret government organization
353081,infiltration
353081,mi6
353081,motorcycle
353081,killer
353081,bomb remote detonator
353081,nuclear weapons
353081,handgun
353081,fictional government agency
353081,hand to hand combat
353081,motorcycle chase
353081,government agency
353081,french police
353081,helicopter chase
353081,based on tv series
353081,action
9314,based on novel or book
9314,dystopia
9314,fascism
9314,totalitarian regime
9314,anarchist
9314,brainwashing
9314,orwellian
9314,totalitarianism
9314,future vision
9314,future noir
9314,authoritarian
9314,george orwell
12614,"paris, france"
12614,cabaret
12614,musical
12614,remake
12614,cross dresser
12614,soprano
12614,1930s
12614,gay theme
16614,infidelity
16614,amusement park
16614,summer job
16614,carny
16614,marijuana joint
16614,reconciliation
16614,ticket booth
16614,job seeking
16614,leaving home
16614,duringcreditsstinger
16614,young adult
16614,1980s
16614,sympathetic
5689,sexual identity
5689,shipwreck
5689,melancholy
5689,lovers
5689,stranded
5689,marooned
5689,pacific island
5689,deserted island
5689,tropical island
5689,lost at sea
5689,wistful
5689,incredulous
5689,sentimental
10548,africa
10548,boxer
10548,black magic
10548,world champion
10548,zaire
10548,psychic power
10548,sympathy
10548,endurance
10548,sports documentary
10548,power of love
10548,heavyweight champion
10548,boxing
10548,racist stereotype
10548,heavyweight boxer
10548,power of the people
10548,semi-biographical
10548,boxing champion
10548,soul music
10548,african music
10548,anti-racism
10548,african dictator
10548,black power
10548,music concert
10548,sports icon
10548,boxing match
10548,muhammad ali
10548,power of positive thinking
11498,amnesia
11498,fortune teller
11498,nightmare
11498,"san francisco, california"
11498,hypnosis
11498,twist
11498,lovers
11498,romance
11498,film noir
11498,private investigator
11498,psychological thriller
11498,therapy
11498,dual role
11498,orchestra conductor
11498,gumshoe
11593,small town
11593,illegal employment
11593,retirement
11593,new york state
10501,gold
10501,horse
10501,cartoon
10501,musical
10501,con artist
10501,sword fight
10501,adventurer
10501,16th century
10501,conquistador
10501,el dorado
10501,3d animation
10501,age of discovery
901,blindness and impaired vision
901,eye operation
901,operation
901,love of one's life
901,suicide attempt
901,flower shop
901,flower girl
901,tramp
901,love
901,black and white
901,millionaire
901,silent film
901,blind girl
901,boxing
901,feelgood
901,hilarious
901,romantic
901,comforting
545611,mother
545611,martial arts
545611,kung fu
545611,nihilism
545611,philosophy
545611,generations conflict
545611,chinese woman
545611,surrealism
545611,laundromat
545611,chinese
545611,east asian lead
545611,divorce
545611,family
545611,lgbt
545611,hot dog
545611,asian woman
545611,chinese immigrant
545611,mother daughter relationship
545611,action comedy
545611,asian american
545611,intergenerational trauma
545611,internal revenue service
545611,interdimensional travel
545611,multiverse
39254,future
39254,sports
39254,parent child relationship
39254,fight
39254,robot
39254,prizefight
39254,father son reunion
39254,robot fighting
39254,boxing
39254,2020s
11239,dance lesson
11239,private detective
11239,dance school
11239,accountant
11239,dance studio
11239,inspirational
11239,intimate
11239,heisei
11239,salaryman
11239,appreciative
20758,marriage
20758,engagement
38356,"chicago, illinois"
38356,spacecraft
38356,moon
38356,traitor
38356,bodyguard
38356,sequel
38356,alien planet
38356,based on toy
38356,giant robot
38356,sabotage
38356,commando
38356,world domination
38356,duringcreditsstinger
9061,florida
9061,small town
9061,rape
9061,based on novel or book
9061,professor
9061,innocence
9061,harvard university
9061,revenge
9061,serial killer
9516,drug dealer
9516,street gang
9516,gangster
9516,ghetto
9516,delinquency
9516,"los angeles, california"
9516,shocking
9516,angry
9516,aggressive
9516,hopeless
9516,desperate
9516,cautionary
9516,depressing
9516,antagonistic
9516,callous
9516,foreboding
9516,inflammatory
9516,informative
44912,superhero
44912,transformation
44912,based on comic
44912,alien
44912,alien infection
44912,magical object
44912,protector
44912,based on graphic novel
44912,super power
634649,new york city
634649,hero
634649,showdown
634649,magic
634649,loss of loved one
634649,secret identity
634649,superhero
634649,villain
634649,portal
634649,based on comic
634649,sequel
634649,vigilante
634649,superhero team
634649,masked vigilante
634649,alternative reality
634649,aftercreditsstinger
634649,duringcreditsstinger
634649,marvel cinematic universe (mcu)
634649,masked superhero
634649,fight for justice
634649,teen superhero
634649,superhero teamup
634649,returning hero
634649,teamwork
634649,multiverse
11846,daughter
11846,wedding planner
11846,bride
11846,son-in-law
11846,father-in-law
11846,fool
11846,remake
11846,"los angeles, california"
11846,wedding
11846,father daughter relationship
9826,gold
9826,gangster
9826,secret identity
9826,phantom
9826,battle for power
9826,based on comic
9826,jade
9826,silver
9826,jungle
9826,nostalgic
9826,masked hero
9826,crystal skull
11066,ladykiller
11066,success
11066,ladies' man
11066,casanova
11066,womanizer
11066,african american business
11066,african american romance
9257,s.w.a.t.
9257,liberation
9257,transport of prisoners
9257,special unit
9257,"los angeles, california"
10217,small town
10217,canada
10217,based on novel or book
10217,suffering
10217,village
10217,paralysis
10217,based on true story
10217,tragedy
10217,lawyer
10217,car accident
10217,school bus
10217,british columbia
9836,fish
9836,ocean
9836,zoo
9836,penguin
9836,tap dancing
9836,anthropomorphism
9836,love
9836,crush
9836,snow
9836,singing
9836,antarctica
9836,family
9836,duringcreditsstinger
9836,3d animation
9836,inspirational
983,journalist
983,gold
983,treasure
983,robbery
983,cheating
983,coronation
983,freemason
983,con man
983,british army
983,british empire
983,friends
983,soldier
983,king
983,battle
983,ruler
983,based on short story
983,19th century
983,british raj
11974,garbage
11974,psychopath
11974,paranoia
11974,dark comedy
11974,vacation
11974,suburbia
11974,neighbor
11974,serial killer
11974,slasher
11974,chainsaw
11974,murderer
11974,old dark house
11974,pig mask
11974,new neighbor
11974,axe murder
11974,dream sequence
11974,psycho
11974,neighborhood
11974,madman
11974,lunatic
11974,absurd
11974,amused
802,hotel
802,depression
802,lolita
802,small town
802,secret love
802,based on novel or book
802,sexual obsession
802,summer camp
802,midlife crisis
802,loss of loved one
802,literature professor
802,widow
802,flirt
802,eroticism
802,youngster
802,motel
802,diary
802,seduction
802,provocation
802,fascination
802,one-sided love
802,forbidden love
802,adoptive father
802,older man younger woman relationship
802,sex with a minor
14506,monster
14506,moon
14506,based on novel or book
14506,surreal
14506,hot air balloon
14506,satire
14506,baron
14506,steampunk
14506,european
14506,roman mythology
14506,eccentricity
14506,irreverent
14506,lighthearted
14506,absurd
14506,preposterous
4977,research
4977,japan
4977,dreams
4977,based on novel or book
4977,procession
4977,psychoanalysis
4977,mad scientist
4977,dream girl
4977,parallel world
4977,adult animation
4977,dream world
4977,anime
4977,avant garde
4977,witty
4977,vibrant
13809,drug dealer
13809,"london, england"
13809,gangster
13809,gang leader
13809,money
13809,gang
13809,duringcreditsstinger
6615,dying and death
6615,shyness
6615,wisconsin
6615,delusion
6615,lone wolf
6615,loss
6615,loneliness
6615,doll
6615,mental illness
6615,blow up doll
6615,companion
6615,introspective
6615,lighthearted
6615,ambivalent
6615,tragic
1398,based on novel or book
1398,guard
1398,wish
1398,stalker
1398,alien
1398,strugatsky
1398,writer
1398,soldier
1398,existentialism
1398,zone
1398,complex
1398,beautifully filmed
6145,suicide
6145,perfect crime
6145,detective
6145,prosecution
6145,murder
6145,lawyer
6145,"los angeles, california"
6145,cat and mouse
6145,district attorney
6145,marbles
6145,aeronautical engineer
6145,courtroom drama
6145,legal thriller
6145,cheating wife
72976,mutiny
72976,usa president
72976,based on true story
72976,speech
72976,battlefield
72976,historical fiction
72976,family conflict
72976,american civil war
72976,cultural conflict
72976,battle of gettysburg
72976,secession
72976,gettysburg address
72976,conflagration
72976,ethical dilemma
72976,emancipation
72976,19th century
72976,abraham lincoln
72976,abraham
72976,america
64635,dystopia
64635,secret agent
64635,remake
64635,machine gun
64635,resistance fighter
64635,false memory
64635,robot cop
64635,suppression
64635,rebel hero
64635,safe deposit box
64635,british colonialism
64635,smog
64635,gatling gun
64635,center of the earth
64635,implanted memory
24795,angel
24795,baseball
24795,remake
11231,high school
11231,martial arts
11231,sports
11231,buddhist monk
11231,becoming an adult
11231,karate
11231,sequel
11231,revenge
11231,teen movie
11231,"los angeles, california"
11231,classmate
11231,pathetic
11231,absurd
11231,depressing
11231,ridiculous
10997,china
10997,society
10997,transvestite
10997,cultural revolution
10997,woman between two men
10997,best friend
10997,"beijing, china"
10997,lgbt
10997,chinese opera
10997,female impersonator
10997,severed finger
10013,time travel
10013,high school reunion
10013,romantic
10013,hopeful
66,daughter
66,rape
66,assassination
66,usa president
66,"washington dc, usa"
66,government
66,corruption
66,the white house
66,based on novel or book
66,politics
66,attempted murder
66,witness
66,attempted robbery
66,secret service
66,u.s. secret service agent
66,father daughter relationship
66,shot to death
2043,based on novel or book
2043,detective
2043,fbi
2043,teacher
2043,psychologist
2043,psychological thriller
2043,whodunit
2043,cat and mouse
2043,secret service
2043,child kidnapping
2043,u.s. senator
2043,ransom demand
2043,u.s. secret service agent
2043,retired detective
2043,young abducted girl
2043,psychological detective
2043,psychological profiling
3175,based on novel or book
3175,gambling
3175,desertion
3175,fencing
3175,palace
3175,british army
3175,opportunist
3175,wealth
3175,debt
3175,duel
3175,ireland
3175,british soldier
3175,18th century
3175,card playing
3175,pistol duel
3175,seven years war
3175,nobility
3175,prussia
3175,costume drama
3175,cautionary
3175,audacious
9609,farm
9609,worker
9609,dreams
9609,country life
9609,farm worker
9609,great depression
9609,error
1360,mexico
1360,love of one's life
1360,bisexuality
1360,painter
1360,surrealism
1360,biography
1360,disabled
1360,lgbt
1360,female artist
1360,woman director
1360,female painter
1360,frida kahlo
9003,based on novel or book
9003,sexual obsession
9003,pain
9003,ritual
9003,supernatural
9003,haunted house
9003,seduction
9003,gore
9003,surrealism
9003,undead
9003,stepmother
9003,revenge
9003,human sacrifice
9003,body double
9003,demon
9003,puzzle box
9003,attic
9003,occult
9003,bdsm
9003,cenobite
9003,sexual awakening
9003,return from dead
9003,reanimated corpse
9003,sexual pleasure
9003,hiding in attic
9003,psycho-sexual
9003,body snatcher
9003,lovecraftian
9003,wicked uncle
9003,sexual adventure
9615,car race
9615,sequel
9615,auto-tuning
9615,street race
9615,drifting
9615,"tokyo, japan"
9615,cars
9615,egotistical
9615,tense
9615,excited
9615,frightened
10911,army
10911,based on novel or book
10911,fort
10911,allies
10911,world war ii
10157,espionage
10157,handcuffs
10157,investigation
10157,police chief
10157,police operation
10157,sequel
10157,police academy
10157,commandant
3529,husband wife relationship
3529,police
3529,detective
3529,mistress
3529,dinner
3529,black and white
3529,wedding
3529,dog
3529,police detective
3529,screwball comedy
3529,private detective
3529,missing person
3529,pre-code
3529,terrier
3529,thin man
3529,x-ray
3529,christmas
3529,audacious
76726,friendship
76726,flying
76726,"seattle, washington"
76726,telekinesis
76726,coming of age
76726,outcast
76726,loneliness
76726,super power
76726,found footage
76726,aftercreditsstinger
76726,pov (point of view)
76726,abuse
76726,teenager
76726,intense
76726,assertive
76726,joyful
76726,超能失控
76726,found footage adjacent
11678,rescue
11678,himalaya mountain range
11678,mountaineer
11678,pakistan
11678,climbing
11678,k2
11678,survival
11678,mountain climbing
11678,mountaineering
11678,adventurer
11678,karakoram
11678,tense
11973,usa president
11973,politics
11973,atomic bomb
11973,cold war
11973,john f. kennedy
11973,based on true story
11973,threat
11973,cuban missile crisis
11973,diplomacy
11973,1960s
576,underdog
576,friendship
576,bounty hunter
576,robbery
576,texas
576,mexican revolution
576,honor
576,gang
576,shootout
576,soldier
576,steam locomotive
576,righteous rage
9037,high school
9037,musical
9037,romcom
9037,talent show
9037,sequel
9037,teenage girl
9037,motorcycle
9037,teenage boy
9037,clique
9037,bad girl
9037,woman director
9037,1960s
9037,romance musical
227,street gang
227,based on novel or book
227,children's home
227,coming of age
227,gang
227,juvenile delinquent
227,"tulsa, oklahoma"
227,based on young adult novel
227,teenager
227,psychological drama
13804,sibling relationship
13804,car race
13804,gambling
13804,ex-lover
13804,fast
13804,car crash
13804,cop
13804,sequel
13804,street race
13804,thoughtful
13804,cars
13804,intense
13804,farcical
13804,vibrant
4477,new york city
4477,assassin
4477,anonymity
4477,showdown
4477,chase
4477,politics
4477,northern ireland
4477,revenge
4477,terrorism
4477,ira (irish republican army)
4477,tragic event
39452,painting
39452,graffiti
39452,fraud
39452,cousin
39452,street artist
39452,prank
39452,eccentric
39452,fame
39452,art
39452,art gallery
39452,modern art
39452,found footage
11815,experiment
11815,teleportation
11815,inventor
11815,mutation
11815,hybrid
11815,"montreal, canada"
11815,scientist
11815,housekeeper
11815,spider web
11815,told in flashback
11815,fly (insect)
11815,house fly
11815,animal horror
11815,fly/human hybrid
11815,science laboratory
11815,in-home laboratory
11815,murder of husband
10210,lover
10210,fairy
10210,promise
10210,luck
10210,puck
588,hotel
588,pedophilia
588,child abuse
588,monster
588,suffering
588,nurse
588,nun
588,darkness
588,sadism
588,orphanage
588,classroom
588,moral ambiguity
588,child murder
588,mother role
588,witch burning
588,symbolism
588,supernatural
588,fog
588,possession
588,heroism
588,gore
588,barbed wire
588,surrealism
588,revenge
588,survival
588,religion
588,school
588,hospital
588,another dimension
588,torture
588,creature
588,massacre
588,pedophile
588,brutality
588,demon
588,religious fundamentalism
588,child molester
588,gothic
588,conscience
588,molestation
588,based on video game
588,missing child
588,dismemberment
588,persecution
588,religious cult
588,child molestation
588,ghost town
588,mist
588,immolation
588,evil child
588,sleepwalking
588,nightmare becomes reality
588,limbo
588,bugs
588,sexual predator
588,mother daughter relationship
588,biopunk
588,skinning
588,supernatural power
588,supernatural horror
588,child sexual abuse
588,evil little girl
588,religious fanaticism
343668,saving the world
343668,spy
343668,secret agent
343668,europe
343668,sequel
343668,secret government organization
343668,agent
343668,statesman
343668,joyous
343668,amused
13776,new year's eve
13776,gambling debt
13776,"baltimore, usa"
13776,diner
13776,fake accident
13776,twenty something
13776,1950s
19959,future
19959,clone
19959,dystopia
19959,based on comic
19959,murder
19959,robot
19959,questioning
19959,intense
372058,high school
372058,race against time
372058,dreams
372058,afterlife
372058,natural disaster
372058,supernatural
372058,time travel
372058,comet
372058,romance
372058,tragedy
372058,school
372058,body-swap
372058,high school student
372058,nonlinear timeline
372058,star crossed lovers
372058,power of love
372058,anime
372058,japanese high school
372058,urban fantasy
5723,rock 'n' roll
5723,lovesickness
5723,love of one's life
5723,composer
5723,pop
5723,music instrument
5723,lovers
5723,"dublin, ireland"
5723,recording studio
5723,pianist
5723,ireland
5723,music store
5723,street musician
5723,songwriting
5723,busker
5723,recording session
5723,street singer
5723,busking
5723,irish
238713,central intelligence agency (cia)
238713,"budapest, hungary"
238713,"paris, france"
238713,undercover agent
238713,"rome, italy"
238713,spy
238713,arms dealer
238713,bulgaria
238713,nuclear bomb
238713,female spy
238713,heiress
238713,bumbling
238713,aftercreditsstinger
238713,duringcreditsstinger
238713,analyst
238713,ironic
238713,suspicious
238713,spycraft
238713,handler
238713,special assignment
238713,mocking
238713,modest
238713,ridiculous
14462,gulf war
14462,post-traumatic stress disorder (ptsd)
14462,ambush
14462,presidential election
14462,senator
14462,kuwait
14462,remake
14462,election
14462,war hero
14462,implant
14462,congressman
14462,presidential campaign
14462,suppressed memory
14462,memories restored
14462,army veteran
14462,election night
14462,nightmares
14462,u.s. army soldier
14462,presidential medal of honor
14462,vice presidential candidate
14052,nerd
14052,jock
14052,social satire
14052,panty raid
14052,fire breathing
14052,defenestration
14052,funhouse
14052,pie eating
4442,sibling relationship
4442,germany
4442,literature
4442,brothers grimm
4442,con artist
4442,historical fiction
4442,aftercreditsstinger
4442,19th century
4442,fake exorcism
87421,dystopia
87421,mercenary
87421,sequel
87421,alien
87421,revenge
87421,planet
87421,hostile
87421,spaceship
87421,serious
87421,furious
87421,sympathetic
11418,"london, england"
11418,chaos
11418,game show
11418,vacation
11418,sequel
11418,travel
11418,family vacation
11418,"eiffel tower, paris"
11418,marriage problems
11418,interrupted vacation
11418,woman director
11418,satirical
11418,absurd
11335,baby
11335,octopus
11335,blackmail
11335,musical
11335,based on comic
11335,tax collector
11335,based on cartoon
11335,super power
11335,sailor
11335,spinach
11335,seaside town
11335,abandoned baby
7007,journalist
7007,corruption
7007,based on novel or book
7007,police
7007,detective
7007,wheelchair
7007,restaurant
7007,parking garage
7007,cover-up
7007,murder
7007,seppuku
7007,bulletproof vest
7007,crime investigation
7007,falsification
7007,cover-up attempt
7007,homicide investigation
7007,japanese culture
7007,suspenseful
7007,intense
23827,halloween
23827,haunting
23827,ouija board
23827,psychic
23827,entity
23827,demonic possession
23827,found footage
23827,supernatural phenomena
23827,supernatural horror
23827,pseudo-documentary
23827,suspenseful
23827,horrified
23827,faux documentary
11397,underdog
11397,high school
11397,cheerleader
11397,kiss
11397,satire
11397,parody
11397,school party
11397,jock
11397,crude humor
11397,teen movie
11397,spoof
11397,prom
11397,crush
11397,teenage crush
11397,sex toy
11397,prom queen
11397,aftercreditsstinger
11397,duringcreditsstinger
11397,high school american football
11397,teenager
140420,skyscraper
140420,black and white
140420,paper airplane
140420,office romance
140420,short film
74643,movie business
74643,hollywood
74643,black and white
74643,dog
74643,filmmaking
74643,mustache
74643,silent film
74643,marquee
74643,terrier
74643,movie star
74643,flapper
74643,silent film star
74643,1920s
74643,pets
74643,old hollywood
74643,fading star
1687,spacecraft
1687,dystopia
1687,chimpanzee
1687,pacifism
1687,time travel
1687,politician
1687,sequel
1687,cage
1687,tease
1687,caving
13203,farm
13203,thanksgiving
13203,college
13203,liar
13203,pancreas
13203,city boy
396,adultery
396,professor
396,married couple
396,guest
396,black humor
396,based on play or musical
396,campus
396,dysfunctional marriage
396,black and white
396,alcohol abuse
396,new england
396,cuckold
396,one night
396,henpecked husband
396,angry
396,aggressive
396,house guest
396,college professor
396,marital tensions
396,academia
396,dead son
396,impotent husband
396,nasty wife
396,cuckolded husband
396,nagging wife
396,hysterical drunks
396,bickering couple
396,provocative
396,bitter
396,mocking
396,sarcastic
396,shattered reality
396,openly flirtatious wife
396,acerbic couple
396,alcoholic couple
10661,new york city
10661,israel
10661,palestinian-israeli conflict
10661,mossad
10661,middle east
10661,hairdresser
10661,secret identity
10661,ladykiller
10661,heart-throb
10661,zionism
10661,hairstyle
10661,hacky sack
10661,nemesis
10661,soldier
10661,falling in love
10661,counterterrorism
10661,developers
10661,terrorist threat
10661,famous
7555,snake
7555,fight
7555,missionary
7555,boat
7555,river
7555,pastor
7555,border
7555,mercenary
7555,thailand
7555,burma
7555,sequel
7555,disturbed
7555,christian missionary
7555,christian
10784,"berlin, germany"
10784,nazi
10784,entertainer
10784,cabaret
10784,bisexuality
10784,musical
10784,based on play or musical
10784,hitler youth
10784,fireplace
10784,based on short story
10784,lgbt
10784,baron love
10784,political unrest
10784,english lesson
10784,burlesque dancer
10784,1930s
10784,gay theme
8011,new york city
8011,martial arts
8011,japan
8011,magic
8011,immortality
8011,scotland
8011,katana
8011,morocco
8011,sorcery
8011,sword fight
8011,sorcerer
8011,fictional war
8011,dark fantasy
8011,archeology
8011,warrior
8011,illusionist
8011,action hero
8011,sword and sorcery
8011,supernatural power
8011,good versus evil
8011,good sorcerer
12154,new york city
12154,baby
12154,bachelor
12154,roommates
12154,adoption
12154,parenthood
12154,fatherhood
12154,abandoned baby
10464,daughter
10464,friendship
10464,loss of loved one
10464,mute
10464,housekeeper
10464,xenophobia
10464,woman director
10464,amused
11319,rescue
11319,kidnapping
11319,mouse
11319,cartoon
11319,villain
11319,rescue mission
11319,baby-snatching
11319,bottle
11319,energy
11319,mole
11319,cartoon mouse
11319,tide
11319,female villain
11319,girl
11873,sports
11873,pool billiards
11873,hustler
11873,talent
11873,inspirational
11873,understated
7737,clone
7737,dystopia
7737,mutant
7737,post-apocalyptic future
7737,sequel
7737,conspiracy
7737,evil corporation
7737,zombie
7737,based on video game
7737,awestruck
7737,skräck
8816,underdog
8816,based on novel or book
8816,sweden
8816,uncle
8816,loneliness
8816,rural area
8816,dog
8816,transsexual
8816,tomboy
8816,1950s
8816,boxing
348350,spacecraft
348350,smuggling (contraband)
348350,prequel
348350,spin off
348350,space opera
7300,single mother
7300,divorced
7300,single father
7300,family conflict
7300,child custody
7300,blended family
13370,mockumentary
13370,folk singer
16996,high school
16996,time travel
16996,fake identity
16996,bullying
16996,basketball
16996,high school sports
16996,adult as a child
16996,do over
16996,age change
9461,island
9461,martial arts
9461,kung fu
9461,temple
9461,monk
9461,spy
9461,shaolin
9461,sister
9461,hong kong
9461,shaolin monk
9461,east asian lead
9461,martial arts tournament
9461,crime lord
11976,witch
11976,princess
11976,monster
11976,magic
11976,winter
11976,sword
11976,hell
11976,mythology
11976,romance
11976,snow
11976,sorcerer
11976,duel
11976,devil
11976,demon
11976,evil
11976,swashbuckler
11976,unicorn
11976,warrior
11976,familiar
10860,strong woman
10860,southern usa
10860,louisiana
10860,beauty
10860,female friendship
10860,based on play or musical
10860,dysfunctional family
10860,kidney transplant 
10860,beauty salon
10860,family drama
10860,wedding
10860,mourning
10860,marriage problems
10860,troubled past
10860,hairstylist
10860,mother daughter relationship
10860,loving
10860,sentimental
10860,hilarious
10860,compassionate
10860,distressing
10860,type 1 diabetes
3594,hotel room
3594,suicide
3594,based on novel or book
3594,obsession
3594,sadomasochism
3594,psychological thriller
3594,killer
3594,family
3594,numbers
12573,dreams
12573,midlife crisis
12573,professor
12573,minnesota
12573,dark comedy
12573,rabbi
12573,bar mitzvah
12573,marijuana
12573,morality
12573,jewish american
12573,bribery
12573,school bus
12573,bribe
12573,jewish family
12573,physics professor
12573,1960s
12573,ethics
12573,transistor radio
12573,nightmares
12573,flirty neighbor
10404,competition
10404,marriage
10404,romantic rivalry
10404,polygamy
10404,concubine
10404,tragedy
10404,wealth
10404,period drama
10404,intrigue
10404,oppression
10404,1920s
10796,martial arts
10796,dual identity
10796,time travel
10796,wormhole
10796,alternate dimension
10796,"los angeles, california"
10796,criminal
10796,law enforcement
10796,alternate universe
10796,multiverse
10427,vietnam veteran
10427,sheriff
10427,"wyoming, usa"
10427,hitman
10427,gun
10427,gas station
10427,cemetery
10427,motel
10427,money
10427,murder
10427,bag of money
10427,criminal
10427,unemployment
10427,war injury
10427,oil rig 
10427,wife murder
10427,neo-noir
16219,"chicago, illinois"
16219,sports
16219,boxer
16219,fistfight
16219,tournament
16219,racial tension
16219,boxing
11411,saving the world
11411,superhero
11411,mountain
11411,nuclear missile
11411,convertible
11411,us army
11411,based on comic
11411,sequel
11411,alter ego
11411,laboratory
11411,super power
11411,catholic school
11411,newspaper editor
11411,nuclear weapons
11411,disarmament
11411,volcanic eruption
11411,great wall of china
11411,superhuman strength
124905,japan
124905,monster
124905,"san francisco, california"
124905,hawaii
124905,giant monster
124905,tsunami
124905,remake
124905,prehistoric creature
124905,golden gate bridge
124905,dinosaur
124905,kaiju
124905,"honolulu, hawaii"
124905,disaster movie
124905,global threat
124905,animal horror
124905,godzilla
124905,monsterverse
1251,dying and death
1251,based on novel or book
1251,world war ii
1251,cave
1251,based on true story
1251,pacific war
1251,iwo jima
1251,pacific theater
1251,anti war
1251,japanese army
1251,imperial japan
1251,1940s
1251,dramatic
1251,intense
1251,awestruck
76492,hotel
76492,witch
76492,vampire
76492,halloween
76492,romance
76492,love
76492,zombie
76492,invisible person
76492,duringcreditsstinger
76492,nosferatu
76492,protective father
76492,magical creature
76492,philosophical
76492,father daughter relationship
76492,3d animation
1439,daughter
1439,death penalty
1439,civil war
1439,parent child relationship
1439,traitor
1439,thailand
1439,palace
1439,burma
1439,based on true story
1439,teacher
1439,royalty
1439,battle
1439,denunciation
1439,19th century
1439,siam
1439,victorian era
8069,angel
8069,sexual fantasy
8069,alien planet
8069,distant future
8069,bird attack
8069,female mercenary
8069,dream realm
8069,universal translator
8069,aliens
8069,spacesuit
4912,regret
4912,double life
4912,assassination
4912,based on novel or book
4912,hitman
4912,show business
4912,kgb
4912,secret agent
4912,microfilm
4912,biography
4912,television producer
4912,"los angeles, california"
4912,mole
4912,silencer
4912,intrigue
4912,american spy
4912,game show host
9714,winter
9714,burglar
9714,bravery
9714,computer chip
9714,family relationships
9714,sequel
9714,slapstick comedy
9714,technical toy
9714,little boy
9714,home invasion
9714,precocious child
9714,home alone
9714,mischievous child
9714,christmas
9714,chicken pox
9714,kids on their own
9714,child rescue
9714,joyous
9714,amused
9714,comforting
2637,small town
2637,dreams
2637,based on novel or book
2637,paranoia
2637,motel
2637,hallucination
2637,bridge
2637,omen
2637,tumor
2637,west virginia
2637,grief
2637,premonition
2637,urban legend
2637,warning
2637,disaster
2637,hospital
2637,reporter
2637,psychic
2637,car wreck
2637,police sergeant
2637,phone call
2637,christmas
2637,death of wife
2637,mothman
2637,mysterious events
18480,homophobia
18480,drag queen
18480,satire
18480,dominatrix
18480,celebrity
18480,mockumentary
18480,social satire
18480,fame
18480,hollywood
18480,tv reporter
18480,lgbt
18480,austrian
18480,duringcreditsstinger
18480,sex tape
18480,celebrity interview
18480,gay theme
9016,mutiny
9016,space marine
9016,based on novel or book
9016,cyborg
9016,map
9016,pirate gang
9016,treasure hunt
9016,treasure map
9016,alien
9016,coming of age
9016,money
9016,space
9016,steampunk
9016,planet
9016,troubled teen
9016,father figure
9016,space pirate
9016,ship's crew
9016,admiring
9600,undercover
9600,fbi
9600,disguise
9600,impersonation
2074,lsd
2074,looking for  birth parents
2074,half-brother
4512,media
4512,killing
4512,missouri
4512,admiration
4512,hold-up robbery
4512,jesse james
4512,cowardliness
4512,family
4512,coward
4512,revisionist western
473033,bet
473033,infidelity
473033,new york city
473033,"philadelphia, pennsylvania"
473033,gambling
473033,auction
473033,ethiopia
473033,dark comedy
473033,basketball
473033,"long island, new york"
473033,money
473033,debt
473033,apartment building
473033,opal
473033,pawnshop
473033,character study
473033,jeweler
473033,city life
473033,neo-noir
473033,anxious
473033,ethiopian jews
473033,2010s
473033,independent film
473033,black opal
473033,suspenseful
473033,distressing
473033,diamond district
49529,princess
49529,medallion
49529,planet mars
49529,based on novel or book
49529,escape
49529,space travel
49529,alien
49529,martian
49529,steampunk
49529,alien race
49529,superhuman strength
49529,martian civilization
49529,sword and planet
49529,19th century
10439,witch
10439,virgin
10439,sibling relationship
10439,magic
10439,halloween
10439,undead
10439,resurrection
10439,potion
10439,"salem, massachusetts"
10439,trick or treating
10439,spellcasting
10439,talking cat
10439,time skip
10439,grimoire
10439,teen fantasy
9335,martial arts
9335,chauffeur
9335,"miami, florida"
9335,workaholic
9335,war on drugs
9335,kidnapping
9335,conference
9335,sequel
9335,u.s. marshal
9335,young boy
9335,audi
9335,police chase
9335,explosion
9335,lethal virus
9335,scientist
9335,getaway driver
9335,antidote
9335,marital separation
9335,government official
9335,ransom demand
9335,narcotics
9335,rules
9335,ex special forces
9335,action hero
9335,jetski
9335,favor
9335,crazy woman
9335,precision
9335,modified vehicle
9335,bulletproof car
593,loss of sense of reality
593,based on novel or book
593,extraterrestrial technology
593,1970s
593,subconsciousness
593,soviet union
593,hallucination
593,space travel
593,astronaut
9102,man vs machine
9102,alien planet
9102,struggle for survival
9102,android horror
15037,high school
15037,regret
15037,alcohol
15037,homophobia
15037,talk show
15037,american football
15037,cheerleader
15037,nerd
15037,college
15037,love letter
15037,groupie
15037,radio
15037,graduation
15037,coming of age
15037,friends
15037,house party
15037,high school graduation
15037,dating
15037,break-up
15037,rock band
15037,pop music
15037,infatuation
15037,unlikely friendship
15037,social outcast
15037,woman director
15037,jocks
15037,revenge plot
20156,eroticism
20156,striptease
20156,nightclub
20156,pet shop
20156,trauma
20156,strip club
20156,unhappiness
20156,dancing girls
20156,drama
10644,infidelity
10644,waitress
10644,based on novel or book
10644,free love
10644,photographer
10644,loyalty
10644,lover
10644,soviet union
10644,soviet military
10644,surgeon
10644,"prague, czech republic"
10644,partnership
10644,warsaw pact
10644,communism
10644,1960s
9404,australia
9404,martial arts
9404,helicopter
9404,secret agent
9404,gunfight
9404,action hero
9404,"queensland, australia"
9464,prison
9464,gambling
9464,bowling
9464,winter
9464,kidnapping
9464,release from prison
9464,tap dancing
9464,strip club
9464,bathtub
9464,new york state
9464,ex-con
9464,character study
9464,bowling alley
9464,day in a life
9464,prison release
9464,"buffalo, new york"
10388,prison
10388,daughter
10388,release from prison
10388,investigation
10388,record producer
10388,loss
10388,revenge
10388,"los angeles, california"
10388,stakeout
10388,ex-con
10388,hired killer
10388,bloodbath
10388,narcotics
10388,motel room
10388,neo-noir
10388,englishman
10388,murdered daughter
10388,father’s revenge
22660,texas
22660,ranch
22660,dog
22660,cattle
22660,boy and dog
22660,cattle ranch
22660,19th century
22660,pets
22660,distressing
11770,martial arts
11770,kung fu
11770,sports
11770,steel helmet
11770,stadium
11770,champion
11770,shaolin
11770,football (soccer)
11770,football (soccer) player
2616,babysitter
2616,uncle
2616,nostalgic
2616,backfire
2616,attitude
2616,tire
2616,streetwise
2616,drag net
2616,crazy uncle
2616,aftercreditsstinger
2616,child care
2616,lighthearted
2616,enthusiastic
2616,melodramatic
65057,daughter
65057,infidelity
65057,hawaii
65057,father-in-law
65057,beach house
65057,boating accident
65057,estate
65057,dying mother
65057,teenage daughter
65057,trustee
65057,trust fund
65057,wild girl
65057,wild child
65057,realtor
65057,thoughtful
62215,depression
62215,suicide
62215,nihilism
62215,wedding reception
62215,wedding planner
62215,horse
62215,surrealism
62215,end of the world
62215,wealth
62215,mansion
62215,power outage
62215,destruction of planet
62215,mental health
62215,astronomy
62215,sister sister relationship
14811,dreams
14811,parent child relationship
14811,tradition
14811,musical
14811,based on play or musical
14811,pogrom
14811,milkman
14811,russian orthodox church
14811,judaism
14811,tavern
14811,constable
14811,suitor
14811,breaking the fourth wall
14811,russian soldier
14811,elopement
14811,fiddler
14811,1900s
1427,daughter
1427,small town
1427,bad smell
1427,prostitute
1427,"paris, france"
1427,based on novel or book
1427,obsession
1427,orgy
1427,genius
1427,supernatural
1427,lone wolf
1427,nose
1427,lavender
1427,child prodigy
1427,fish market
1427,murder
1427,death
1427,perfume
1427,18th century
9559,hostage
9559,texas
9559,prison escape
9559,escaped convict
9559,child kidnapping
9559,child driving car
9559,criminologist
9559,1960s
20927,florist
20927,family relationships
7303,hotel
7303,paparazzi
7303,mistaken identity
7303,maid
7303,tv reporter
7303,class differences
7303,single mother
7303,news reporter
7303,opposites attract
7303,"manhattan, new york city"
7303,public relations
7303,political candidate
7303,luxury hotel
7303,wealth differences
8848,"london, england"
8848,blackmail
8848,1970s
8848,vault
8848,car dealer
8848,bahamas
8848,based on true story
8848,london underground
8848,strip club
8848,extortion
8848,police corruption
8848,double cross
8848,railway station
8848,political corruption
8848,bank heist
8848,cabinet officer
8848,the big score
492188,infidelity
492188,new york city
492188,husband wife relationship
492188,parent child relationship
492188,theatre group
492188,theater director
492188,lawyer
492188,"los angeles, california"
492188,divorce
492188,divorce lawyer
492188,thoughtful
492188,complex
492188,intense
458723,mask
458723,boardwalk
458723,murder
458723,psychological thriller
458723,fear
458723,family vacation
458723,home invasion
458723,amusement park
458723,doppelgänger
458723,"santa cruz, california"
458723,aggressive
458723,1980s
458723,duality
458723,ambiguous
458723,distressing
12151,businessman
12151,ransom
12151,kidnapping
12151,female lover
12151,dark comedy
12151,"santa monica, california"
2539,immigrant
2539,class society
2539,mother
2539,husband wife relationship
2539,single parent
2539,language course
2539,upper class
2539,parent child relationship
2539,class
2539,illegal immigration
2539,language barrier
2539,family's daily life
2539,platonic love
2539,deceived husband
2539,usa–mexico border
2539,biography
2539,relationship problems
2539,milieu
2539,hysteria
2539,single
2539,american
2539,father figure
32513,farm
32513,based on novel or book
32513,orphan
32513,1930s
32513,sussex
32513,faithful adaptation
1923,high school
1923,small town
1923,double life
1923,sexual abuse
1923,detective
1923,fbi
1923,drug addiction
1923,orgy
1923,investigation
1923,supernatural
1923,surrealism
1923,prequel
1923,tragedy
1923,murder
1923,rural area
1923,serial killer
1923,teenage girl
1923,prostitution
1923,brutality
1923,drugs
1923,incest
1923,psychotronic
1923,washington state
1923,underage sex
1923,disturbed teenager
1923,underage prostitution ring
1923,1990s
1923,semi-prequel
1923,mysterious events
1923,demonic
1923,supernatural horror
1923,based on tv series
1923,fbi agent
1923,mysterious disappearance
1923,father and daughter
1923,secret
2671,journalist
2671,island
2671,based on novel or book
2671,supernatural
2671,telephone
2671,paranormal
2671,urban legend
2671,curse
2671,cabin in the woods
2671,occult
2671,well
2671,videotape
2671,urban horror
2671,j-horror
2698,rescue
2698,parent child relationship
2698,faith
2698,married couple
2698,support
2698,marriage
2698,father
2698,sequel
2698,god
2698,spin off
2698,animals
2698,nature
2698,flood
2698,duringcreditsstinger
2698,noah's ark
2698,ark
2698,almighty
2698,hilarious
214,sadism
214,brain tumor
214,suffocation
214,sequel
214,torture
214,survival horror
214,death match
214,mutilation
214,mind game
214,brain surgery
214,death game
214,sadistic horror
214,harsh
11104,drug smuggling
11104,police
11104,ex-girlfriend
11104,girlfriend
11104,snack bar
11104,romance
11104,hong kong
11104,expiration date
11104,flight attendant
11104,cleaning
11104,joyful
2614,experiment
2614,"san francisco, california"
2614,human body
2614,shrinking
2614,miniaturization
2614,test pilot
2614,miniature
11054,bomb
11054,"baltimore, usa"
11054,civil rights
11054,romcom
11054,racial segregation
11054,integration
11054,interracial relationship
11054,hair
11054,racism
11054,detention
11054,girls' reformatory
11054,dual role
11054,woman played by man
11054,intercultural relationship
11054,interracial friendship
11054,drag
11054,modeling
11054,dodgeball
11054,special education
11054,1960s
11054,terrorist threat
11054,dance show
522627,"london, england"
522627,robbery
522627,businessman
522627,gangster
522627,dark comedy
522627,betrayal
522627,marijuana
522627,business
522627,jewish american
522627,gunfight
522627,brutality
522627,american abroad
522627,irishman
522627,scheme
522627,bold
4480,france
4480,based on novel or book
4480,provence
4480,greed
4480,battle for power
4480,source
4480,neighbor
4480,marcel pagnol
4480,spring (water)
168259,car race
168259,speed
168259,sequel
168259,street race
168259,revenge
168259,race
168259,cars
168259,absurd
168259,suspenseful
168259,admiring
168259,excited
168259,sympathetic
11557,friendship
11557,secret admirer
11557,post college
9073,whale
9073,human animal relationship
9073,sequel
9073,killer whale
94329,martial arts
94329,s.w.a.t.
94329,crime boss
94329,tenement
94329,high rise
94329,monitor
94329,tower block
94329,jakarta indonesia
24803,cooking
24803,cookbook
24803,blog
24803,9/11
24803,woman director
24803,gastronomy
24803,french cuisine
24803,culinary arts
24803,publishing
24803,celebrity chef
406,police brutality
406,hip-hop
406,"paris, france"
406,socially deprived family
406,breakdance
406,ghetto
406,male friendship
406,street riots
406,racism
406,black and white
406,rebellious youth
406,xenophobia
406,housing project
406,ethnic diversity
406,riot police
406,day in a life
406,frantic
406,skinheads
406,paris suburb
406,gun death
406,police shooting
406,urban violence
11858,vietnam veteran
11858,commercial
11858,advertising expert
11858,soldier
11858,unemployment
11858,woman director
11858,teachers and students
13811,cataclysm
13811,melancholy
13811,code
13811,alien
13811,time capsule
13811,end of the world
13811,astrophysicist
13811,grieving widower
13811,lexington massachusetts
13811,westford massachusetts
13811,prediction
13811,researcher
13811,numbers
13811,news
13811,reflective
13811,suspenseful
13811,awestruck
13811,ominous
13811,pattern recognition
18444,island
18444,based on novel or book
18444,shipwreck
18444,tree house
18444,pirate gang
18444,zebra
18444,pirate
18444,ostrich
18444,19th century
18444,swiss family robinson
11114,farm
11114,friendship
11114,escape
11114,lighthouse keeper   
11114,maine
11114,part live action
11114,dragon
11114,based on short story
11114,part animation
11114,live action and animation
11114,1900s
6312,martial arts
6312,rape
6312,france
6312,wolf
6312,investigation
6312,animal attack
6312,murder
6312,conspiracy
6312,werewolf
6312,creature
6312,18th century
6312,beast
10493,australia
10493,sense of guilt
10493,toxication
10493,loss of loved one
10493,shipwreck
10493,sailing trip
10493,car crash
10493,home invasion
10493,killing a dog
10493,sinking boat
10493,sail boat
10493,survival at sea
10493,at sea
10493,couple terrorized
10493,man gets between a couple
10493,stranded at sea
10198,princess
10198,voodoo
10198,"new orleans, louisiana"
10198,restaurant
10198,villain
10198,kiss
10198,musical
10198,turns into animal
10198,cajun
10198,firefly
10198,based on fairy tale
10198,duringcreditsstinger
10198,big dreams
10198,frog prince
10198,charlatan
10198,1920s
10198,magic spell
3580,biography
3580,based on true story
3580,clergyman
3580,child in peril
3580,police corruption
3580,"los angeles, california"
3580,single mother
3580,street urchin
3580,missing child
3580,mental asylum
3580,mental hospital
3580,shock treatment
3580,1920s
3580,missing son
3580,mother son relationship
3580,desperate woman
3580,disbelieving cop
3580,child abduction
3580,telephone switchboard operator
3580,female hysteria
3580,police coverup
3580,apathetic
10440,investigation
10440,dark comedy
10440,neighbor
10440,"manhattan, new york city"
9358,ambulance
9358,car crash
9358,sequel
9358,premonition
9358,vision
9358,hospital
9358,death
9358,cheating death
9358,supernatural horror
9358,horror
9358,excited
9358,deaths
9333,prohibition era
9333,texas
9333,gang war
9333,whiskey
9333,on the run
9333,mafia
9333,hired gun
9716,adultery
9716,infidelity
9716,new york city
9716,marriage proposal
9716,new love
9716,robbery
9716,lover
9716,tourist
9716,restaurant
9716,redemption
9716,mistaken identity
9716,musical
9716,grandfather
9716,dysfunctional family
9716,family relationships
9716,senility
9716,unfaithfulness
9716,divorce
9716,christmas
8337,capitalism
8337,dystopia
8337,villainess
8337,alien
8337,social commentary
8337,"los angeles, california"
8337,alien invasion
8337,biting
8337,sunglasses
8337,glasses
8337,brawl
8337,aggressive
8337,thoughtful
8337,philosophical
8337,subliminal message
8337,aliens
8337,conspiracy thriller
8337,absurd
8337,hilarious
8337,fist fight
8337,excited
8337,anti-consumerism
8337,b-horror
8337,interspecies sex
11499,usa president
11499,politics
11499,1970s
11499,camera
11499,lie
11499,watergate scandal
11499,scandal
11499,richard nixon
11499,reporter
11499,writer
398978,"chicago, illinois"
398978,"philadelphia, pennsylvania"
398978,based on novel or book
398978,hitman
398978,war veteran
398978,"pennsylvania, usa"
398978,gangster
398978,1970s
398978,irish-american
398978,male friendship
398978,aging
398978,family relationships
398978,murder
398978,organized crime
398978,mafia
398978,religion
398978,"detroit, michigan"
398978,sicilian mafia
398978,nonlinear timeline
398978,character study
398978,labor union
398978,1950s
398978,1960s
398978,mob family
398978,jimmy hoffa
398978,voiceover
398978,complex
398978,father daughter relationship
4961,experiment
4961,insect
4961,mutation
4961,cockroach
4961,giant insect
4961,nest
4961,creature
4961,disease
4961,scientist
4961,epidemic
4961,evolution
4961,sewer
4961,"manhattan, new york city"
4961,virus
4961,tunnel
4961,animal horror
4958,based on novel or book
4958,sports
4958,heart attack
4958,world war i
4958,competition
4958,golf
4958,great depression
4958,alcoholism
4958,caddy
4958,1930s
4958,savannah georgia
4958,golf tournament
4958,golf course
2752,celibacy
2752,sex addiction
2752,laundromat
2752,rape of a male
2752,break-up
2752,commitment
2752,sex comedy
2752,vow of celibacy
50456,assassin
50456,"berlin, germany"
50456,strong woman
50456,self sacrifice
50456,empowerment
50456,killing
50456,feminism
50456,warrior woman
50456,secret agent
50456,coming of age
50456,teenage girl
50456,female protagonist
50456,blunt
50456,finland
50456,duringcreditsstinger
50456,female empowerment
50456,insecure
50456,cliché
81310,short film
81310,cartoon donkey
2652,pedophilia
2652,suicide
2652,rape
2652,age difference
2652,photographer
2652,sadism
2652,insanity
2652,shower
2652,menace
2652,lie
2652,manipulation
2652,castration
2652,deception
2652,sociopath
2652,vigilante
2652,neighbor
2652,teenage girl
2652,torture
2652,sadist
2652,pedophile
2652,cruelty
2652,older man younger woman relationship
2652,justice
2652,held captive
2652,mental illness
2652,threat
2652,sexual torture
2652,childhood sexual abuse
2652,photo studio
2652,verbal abuse
2652,bold
10327,"washington dc, usa"
10327,politics
10327,"boston, massachusetts"
10327,chambers of a barrister
10327,blonde
10327,sequel
10327,beauty salon
10327,animal rights
10327,lawyer
10327,toy dog
10327,animal testing
10327,chihuahua dog
10327,blonde stereotype
82695,rebellion
82695,army
82695,robbery
82695,france
82695,based on novel or book
82695,love triangle
82695,love at first sight
82695,brothel
82695,mayor
82695,french revolution
82695,musical
82695,arrest
82695,based on play or musical
82695,barricade
82695,wedding
82695,prostitution
82695,falling in love
82695,corpse
82695,parole
82695,convict
82695,forced prostitution
82695,police inspector
82695,girl disguised as boy
82695,historical drama
82695,19th century
82695,out of wedlock child
82695,historical romance
82695,death of a child
82695,abusive family
82695,inspirational
82695,corrupt businessman
82695,indifferent
82695,powerful
10326,airplane
10326,experiment
10326,test person
10326,u.s. air force
10326,cryogenics
10326,suspended animation
10326,rapid ageing
10326,joyful
9873,new york city
9873,assassin
9873,showdown
9873,corruption
9873,police
9873,detective
9873,fbi
9873,mission of murder
9873,witness protection
9873,stuntman
9873,mafia boss
9873,deception
9873,special effects
9873,gunfight
9873,disguise
9873,federal agent
9873,makeup artist
9873,manhunt
334541,funeral
334541,"boston, massachusetts"
334541,brother
334541,boat
334541,sadness
334541,massachusetts
334541,melancholy
334541,loss
334541,dysfunctional family
334541,grief
334541,hospital
334541,house fire
334541,death
334541,nephew
334541,ex-wife
334541,nonlinear timeline
334541,mental health
334541,ex-husband ex-wife relationship
334541,legal guardian
334541,dysfunctional life
334541,tragic
2086,assassination
2086,politics
2086,"los angeles, california"
11327,prison
11327,airport
11327,drug smuggling
11327,escape
11327,court
11327,1970s
11327,attempt to escape
11327,based on true story
11327,prison guard
11327,lawyer
11327,torture
11327,hashish
11327,brutality
11327,prison sentence
11327,masturbation
11327,prison brutality
11327,sadistic warden
11327,anxious
11327,cautionary
11327,suspenseful
11327,ominous
2019,martial arts
2019,showdown
2019,psychopath
2019,"new orleans, louisiana"
2019,mercenary
2019,fistfight
2019,money
2019,organized crime
2019,drifter
2019,one man army
2019,union
2019,one against many
2019,sailor
2019,warrior
2019,human prey
2019,action hero
2019,manhunt
12519,married couple
12519,pastor
12519,painting
12519,seduction
12519,drawing and painting
12519,polyamory
12519,blasphemy
12519,1930s
23629,samurai
23629,escape
23629,asylum
23629,brothel
23629,surreal
23629,surrealism
23629,sword fight
23629,dragon
23629,robot
23629,inmate
23629,alternative reality
23629,lobotomy
23629,war zone
23629,thoughtful
23629,abusive stepfather
23629,rape culture
23629,inspirational
23629,tragic
11775,infidelity
11775,california
11775,assassin
11775,court
11775,hitman
11775,fetish
11775,dark comedy
11775,satire
11775,romcom
11775,tycoon
11775,lawyer
11775,inheritance
11775,divorce
11775,screwball comedy
11775,gold digger
11775,comedy of remarriage
445571,jealousy
445571,husband wife relationship
445571,married couple
445571,sarcasm
445571,dark comedy
445571,insult
445571,revenge
445571,neighbor
445571,dog
445571,game
445571,group of friends
445571,corvette stingray
445571,creepy neighbor
445571,aftercreditsstinger
445571,embarrasment
445571,brother brother relationship
445571,board games
445571,high concept
363676,rescue
363676,new york city
363676,airplane
363676,investigation
363676,pilot
363676,based on true story
363676,emergency landing
363676,flight
363676,aviation
363676,airplane accident
363676,based on memoir or autobiography
363676,bird attack
363676,hudson river
363676,duringcreditsstinger
363676,powerful
23631,loss of loved one
23631,illegal immigration
23631,border patrol
23631,immigration law
23631,machete
23631,politician
23631,patrol
23631,sniper rifle
23631,hard to kill
23631,brutal death
668,daughter
668,suicide
668,"london, england"
668,based on novel or book
668,england
668,espionage
668,secret mission
668,secret identity
668,switzerland
668,new identity
668,honeymoon
668,secret organization
668,villain
668,secret lab
668,family history
668,snowstorm
668,mi6
668,killer
668,british secret service
668,snow skiing
668,alps mountains
668,aftercreditsstinger
668,james bond
668,dramatic
668,appreciative
668,audacious
668,bold
1970,nurse
1970,house
1970,remake
1970,curse
1970,"tokyo, japan"
1970,old woman
1970,catatonia
1970,suspenseful
1970,sinister
1970,frightened
1970,ominous
3586,hotel room
3586,"paris, france"
3586,mannequin
3586,suspicion of murder
3586,fashion photographer
3586,sandwich
3586,poodle
3586,reporter
3586,fashion
3586,fashion show
3586,modeling
11314,human vs nature
11314,technology
11314,civilization
11314,social commentary
11314,rural area
11314,nature run amok
11314,nature
11314,environment
11314,environmental destruction
11314,lost civilization
11314,observational cinema
11314,environmental disaster
11314,nature documentary
11314,man vs nature
11314,environmental catastrophe
11314,observational documentary
11314,poetic documentary
11314,environmental documentary
11314,human in nature
11314,independent film
11314,no dialogue
11314,dying civilization
11314,environmental collapse
11314,environmentally-themed
18215,dreams
18215,kidnapping
18215,obsession
18215,unrequited love
18215,doctor
18215,car accident
18215,obsessive love
18215,woman director
18215,captivity
2310,denmark
2310,lie
2310,pride and vanity
2310,folk hero
2310,vikings (norsemen)
2310,nordic mythology
2310,festival hall
2310,sin
2310,alienation
2310,royalty
2310,curse
2310,battle
2310,ancient world
2310,"based on song, poem or rhyme"
2310,adult animation
2310,motion capture
2310,6th century
2310,3d animation
2310,beowulf
4478,adultery
4478,love of one's life
4478,gambling
4478,roulette
4478,las vegas
4478,millionaire
4478,indecent proposal
11356,new york city
11356,roommates
11356,male friendship
11356,based on play or musical
11356,obsessive compulsive disorder (ocd)
11356,poker game
11356,divorced man
11356,1960s
11356,eccentric man
11356,neat freak
11356,messy apartment
11356,sports journalism
11356,impartial
763,infidelity
763,poison
763,new zealand
763,affectation
763,reanimation
763,zombie
763,back from the dead
763,monkey
763,attempted rape
763,wellington new zealand
763,zombie baby
11228,new york city
11228,taxi
11228,race against time
11228,hero
11228,helicopter
11228,new jersey
11228,taxi driver
11228,river
11228,guard
11228,survival
11228,disaster
11228,explosion
11228,power outage
11228,dog
11228,trapped
11228,urban setting
11228,flood
11228,tunnel
11228,trapped underground
11228,action hero
12207,friendship
12207,martial arts
12207,kung fu
12207,showdown
12207,china
12207,alcohol
12207,parent child relationship
12207,fistfight
12207,duel
12207,drinking
12207,drunken master
12207,early republican china
12207,drunken boxing
12207,amused
9882,new york city
9882,muslim
9882,undercover agent
9882,fbi
9882,islam
9882,martial law
9882,car bomb
9882,terrorism
9882,political thriller
7452,sadism
7452,sexuality
7452,allegory
7452,cooking
7452,restaurant
7452,crime boss
7452,satire
7452,surrealism
7452,sociopath
7452,murder
7452,brutality
7452,avant-garde
7452,public humiliation
7452,stray dog
7452,abusive husband
7452,french cuisine
7452,adulterous wife
7452,cannibalism
7452,violence
15512,monster
15512,villain
15512,alien
15512,giant robot
15512,aftercreditsstinger
15512,duringcreditsstinger
15512,3d animation
15512,3d
15512,witty
10567,cataclysm
10567,asteroid
10567,villain
10567,comet
10567,migration
10567,prehistory
10567,prehistoric creature
10567,dinosaur
10567,birth
10567,death
10567,nesting grounds
10567,cavern
10567,lemur
10567,wonder
10567,3d animation
10567,mesozoic
10567,comforting
9270,drug dealer
9270,high school
9270,california
9270,ex-girlfriend
9270,investigation
9270,manipulation
9270,lone wolf
9270,halloween party
9270,murder
9270,disappearance
9270,whodunit
9270,drugs
9270,criminal underworld
9270,drug lord
9270,ex-boyfriend ex-girlfriend relationship
9270,loner
9270,loose cannon
9270,paranoid
9270,criminal organization
9270,murder mystery
9270,neo-noir
9270,complex
9270,hardboiled detective
9270,anxious
9270,drug kingpin
9270,independent film
9270,teenager
9270,suspenseful
9622,japan
9622,ninja fighter
9622,clumsy fellow
9622,overweight man
9622,teacher
9622,falling in love
9622,beverly hills
9622,school life
9622,lighthearted
4722,distrust
4722,based on novel or book
4722,escape
4722,military base
4722,alien
4722,remake
4722,soldier
4722,alien invasion
4722,alien infection
4722,sleeping
4722,doppelgänger
4722,body snatchers
4722,emotionless
4722,body snatching
10393,strike
10393,sports
10393,american football
10393,coach
10393,misfit
10393,nfl (national football league)
49849,spacecraft
49849,sheriff
49849,robbery
49849,escape
49849,arizona
49849,laser
49849,apache nation
49849,native american
49849,based on comic
49849,alien
49849,outlaw
49849,ufo
49849,gunfight
49849,creature
49849,alien invasion
49849,19th century
49849,satirical
49849,vibrant
315635,high school
315635,new york city
315635,"washington dc, usa"
315635,secret identity
315635,superhero
315635,based on comic
315635,coming of age
315635,reboot
315635,aftercreditsstinger
315635,duringcreditsstinger
315635,marvel cinematic universe (mcu)
315635,masked superhero
315635,teen superhero
315635,lighthearted
335983,spacecraft
335983,"san francisco, california"
335983,superhero
335983,anti hero
335983,alien life-form
335983,based on comic
335983,aftercreditsstinger
335983,duringcreditsstinger
335983,business tycoon
335983,symbiote
335983,genetic experiment
335983,venom
321612,france
321612,magic
321612,fairy tale
321612,transformation
321612,cartoon
321612,castle
321612,musical
321612,remake
321612,curse
321612,creature
321612,18th century
321612,beast
321612,dark fantasy
321612,live action and animation
321612,live action remake
321612,whimsical
321612,fairy-tale adaptation
297802,hero
297802,chase
297802,atlantis
297802,superhero
297802,half-brother
297802,based on comic
297802,royalty
297802,underwater
297802,duringcreditsstinger
297802,quest
297802,dc extended universe (dceu)
297802,advanced civilization
297802,two worlds
76600,dying and death
76600,loss of loved one
76600,alien life-form
76600,resurrection
76600,dysfunctional family
76600,sequel
76600,alien planet
76600,distant future
76600,transhumanism
76600,adopted child
76600,rebirth
76600,motion capture
76600,family dynamics
76600,adopted son
76600,stronger villain
76600,complex
76600,war
76600,bold
76600,complicated
76600,demeaning
76600,exhilarated
141052,superhero
141052,based on comic
141052,super power
141052,superhero team
141052,aftercreditsstinger
141052,duringcreditsstinger
141052,dc extended universe (dceu)
296096,depression
296096,small town
296096,based on novel or book
296096,england
296096,artist
296096,wheelchair
296096,romance
296096,love
296096,caretaker
296096,caregiver
296096,disabled
296096,valentine's day
296096,twenty something
296096,woman director
296096,accident
296096,depressing
166426,treasure map
166426,sequel
166426,royal navy
166426,pirate
166426,swashbuckler
166426,caribbean sea
166426,dark fantasy
166426,trident
166426,based on theme park ride
166426,treasure hunting
166426,caribbean island
166426,ghost pirates
166426,cursed crew
166426,legendary artifact
166426,oceanic curse
166426,supernatural pursuit
166426,naval confrontation
166426,dangerous voyage
166426,rival captains
166426,epic chase
351286,tyrannosaurus rex
351286,volcano
351286,rescue mission
351286,sequel
351286,wild animal
351286,prehistoric creature
351286,dinosaur
351286,genetic engineering
351286,aftercreditsstinger
351286,monster island
398818,based on novel or book
398818,upper class
398818,italy
398818,swimming pool
398818,coming of age
398818,love
398818,breaking the fourth wall
398818,summer
398818,teenage boy
398818,masturbation
398818,first love
398818,lgbt
398818,jewish family
398818,1980s
398818,gay theme
414906,police
414906,psychopath
414906,secret identity
414906,crime fighter
414906,superhero
414906,nightclub
414906,politician
414906,based on comic
414906,vigilante
414906,organized crime
414906,serial killer
414906,millionaire
414906,social injustice
414906,murder investigation
414906,aftercreditsstinger
414906,masked superhero
414906,political corruption
414906,neo-noir
414906,urban gothic
414906,vengeance
414906,mayoral election
414906,wistful
414906,suspenseful
414906,tense
414906,gloomy
872585,husband wife relationship
872585,based on novel or book
872585,atomic bomb
872585,patriotism
872585,new mexico
872585,world war ii
872585,atomic bomb test
872585,physics
872585,biography
872585,based on true story
872585,antisemitism
872585,interrogation
872585,guilt
872585,historical event
872585,nuclear weapons
872585,communism
872585,red scare
872585,mccarthyism
872585,top secret project
872585,moral dilemma
872585,usa politics
872585,1940s
872585,20th century
872585,manhattan project
872585,los alamos
332562,concert
332562,country music
332562,waitress
332562,pop star
332562,self-destruction
332562,show business
332562,talent
332562,addiction
332562,alcoholism
332562,celebrity
332562,remake
332562,aspiring singer
332562,singer
332562,fame
332562,tinnitus
332562,falling in love
332562,insecurity
332562,alcoholic
332562,emotional vulnerability
332562,hearing impaired
332562,fading star
332562,struggling musician
332562,country singer
332562,romantic
332562,admiring
338952,witch
338952,new york city
338952,"paris, france"
338952,magic
338952,school of witchcraft
338952,black magic
338952,sequel
338952,prison escape
338952,old flame
338952,wizard
338952,magical creature
338952,1920s
338952,based on young adult novel
338952,good versus evil
338952,follower
497698,assassin
497698,hero
497698,spy
497698,kgb
497698,based on comic
497698,female assassin
497698,female spy
497698,female hero
497698,aftercreditsstinger
497698,marvel cinematic universe (mcu)
497698,woman director
346698,feminism
346698,satire
346698,patriarchy
346698,social satire
346698,based on toy
346698,female protagonist
346698,fish out of water
346698,womanhood
346698,doll
346698,reality vs fantasy
346698,fantasy world
346698,motherhood
346698,existentialism
346698,woman director
346698,satirical
346698,misandry
346698,mother daughter relationship
346698,adventure comedy
346698,introspective
346698,inspirational
346698,gender discrimination
346698,hilarious
346698,secret world
346698,celebratory
346698,hopeful
346698,powerful
361743,fighter pilot
361743,u.s. navy
361743,sequel
361743,nuclear weapons
361743,military
361743,aircraft carrier
361743,naval aviation
361743,war
580489,hero
580489,psychopath
580489,superhero
580489,anti hero
580489,villain
580489,alien life-form
580489,based on comic
580489,sequel
580489,fear
580489,aftercreditsstinger
580489,symbiote
580489,carnage
293167,vietnam veteran
293167,island
293167,monster
293167,1970s
293167,expedition
293167,giant monster
293167,giant spider
293167,creature
293167,spin off
293167,u.s. soldier
293167,giant animal
293167,kaiju
293167,aftercreditsstinger
293167,giant ape
293167,monster island
293167,uncharted
293167,king kong
293167,monsterverse
181812,space opera
791373,saving the world
791373,superhero
791373,resurrection
791373,based on comic
791373,superhero team
791373,planet invasion
791373,action hero
791373,dc extended universe (dceu)
791373,superhero teamup
791373,teamwork
502356,gorilla
502356,plumber
502356,affectation
502356,villain
502356,anthropomorphism
502356,based on video game
502356,toad
502356,aftercreditsstinger
502356,duringcreditsstinger
502356,damsel in distress
502356,piano
502356,brother brother relationship
502356,3d animation
502356,evil king
502356,adoring
495764,police
495764,pickpocket
495764,chase
495764,psychopath
495764,superhero
495764,nightclub
495764,dark comedy
495764,gang leader
495764,based on comic
495764,breaking the fourth wall
495764,betrayal
495764,vigilante
495764,mobster
495764,organized crime
495764,shootout
495764,female protagonist
495764,orphan
495764,criminal
495764,police officer
495764,police detective
495764,spin off
495764,death of family
495764,crime family
495764,female police officer
495764,woman director
495764,hand to hand combat
495764,vigilantism
495764,dc extended universe (dceu)
495764,supernatural power
495764,betrayal of trust
495764,vigilante justice
495764,bewildered
301528,friendship
301528,cartoon
301528,carnival
301528,rescue mission
301528,sequel
301528,dummy
301528,anti villain
301528,buddy
301528,doll
301528,cowboy
301528,duringcreditsstinger
301528,toy comes to life
301528,dedication
301528,antique shop
301528,3d animation
301528,pixar
337339,new york city
337339,submarine
337339,rescue mission
337339,sequel
337339,street race
337339,betrayal
337339,criminal mastermind
337339,mysterious woman
337339,cars
337339,bold
420818,africa
420818,lion
420818,prince
420818,redemption
420818,musical
420818,uncle
420818,remake
420818,grief
420818,king
420818,family
420818,sidekick
420818,live action and animation
420818,father son relationship
420818,live action remake
453395,magic
453395,superhero
453395,based on comic
453395,alternative reality
453395,aftercreditsstinger
453395,duringcreditsstinger
453395,marvel cinematic universe (mcu)
399566,giant monster
399566,dinosaur
399566,creature feature
399566,kaiju
399566,sign languages
399566,giant ape
399566,godzilla
399566,robot dinosaur
399566,king kong
399566,cliché
399566,monsterverse
405774,based on novel or book
405774,post-apocalyptic future
405774,blindfold
405774,doomsday
405774,survival horror
405774,woman director
405774,white water rafting
405774,depressing
405774,disheartening
420817,princess
420817,hero
420817,hustler
420817,palace
420817,sultan
420817,flying carpet
420817,musical
420817,rags to riches
420817,romance
420817,monkey
420817,family
420817,first love
420817,"based on myths, legends or folklore"
420817,genie
420817,arabian nights
420817,live action and animation
420817,live action remake
420817,hilarious
420817,adoring
420817,familiar
566525,martial arts
566525,superhero
566525,based on comic
566525,mixed martial arts (mma)
566525,east asian lead
566525,aftercreditsstinger
566525,duringcreditsstinger
566525,marvel cinematic universe (mcu)
566525,wuxia
566525,father son relationship
392044,princess
392044,based on novel or book
392044,"venice, italy"
392044,professor
392044,detective
392044,investigation
392044,orient express
392044,knife
392044,europe
392044,remake
392044,murder
392044,snow
392044,whodunit
392044,train
392044,stabbing
392044,alps mountains
392044,murder mystery
392044,1930s
392044,steam train
392044,istanbul
283366,wales
283366,children's home
283366,shapeshifting
283366,falcon
283366,time travel
283366,orphan
283366,super power
283366,nostalgic
283366,1940s
283366,based on young adult novel
283366,peregrine
454626,friendship
454626,video game
454626,"san francisco, california"
454626,road trip
454626,cop
454626,based on video game
454626,duringcreditsstinger
454626,bar fight
454626,hedgehog
454626,live action and animation
454626,live action remake
454626,playful
454626,joyous
454626,adoring
454626,joyful
330457,princess
330457,magic
330457,kingdom
330457,winter
330457,queen
330457,castle
330457,musical
330457,sequel
330457,dam
330457,spirit
330457,aftercreditsstinger
330457,frozen
330457,personification
330457,thoughtful
330457,mother daughter relationship
330457,3d animation
330457,whimsical
330457,appreciative
330457,compassionate
287947,"philadelphia, pennsylvania"
287947,magic
287947,secret identity
287947,superhero
287947,based on comic
287947,wizard
287947,superhuman strength
287947,aftercreditsstinger
287947,duringcreditsstinger
287947,christmas
287947,dc extended universe (dceu)
568124,strong woman
568124,magic
568124,sadness
568124,immigration
568124,supernatural
568124,beauty
568124,musical
568124,big family
568124,forest
568124,family secrets
568124,family relationships
568124,flamenco
568124,joy of life
568124,teenage girl
568124,female protagonist
568124,family conflict
568124,helping children
568124,matriarch
568124,3d animation
568124,colombia
399579,martial arts
399579,bounty hunter
399579,strong woman
399579,dystopia
399579,extreme sports
399579,superhero
399579,cyberpunk
399579,transhumanism
399579,based on manga
399579,female cyborg
399579,live action remake
399579,floating city
399579,ridiculous
399579,26th century
337404,1970s
337404,anti hero
337404,villain
337404,punk rock
337404,fashion designer
337404,fashion
337404,origin story
337404,live action remake
316029,adultery
316029,circus
316029,musical
316029,biography
316029,rags to riches
316029,based on true story
316029,outcast
316029,singing
316029,social outcast
316029,dreamer
316029,freak show
316029,social prejudice
316029,absurd
316029,amused
316029,cliché
316029,complicated
316029,showman
316029,oddity
550988,hero
550988,artificial intelligence (a.i.)
550988,video game
550988,virtual reality
550988,gun
550988,code
550988,gamer
550988,bank robbery
550988,bank teller
550988,programmer
550988,mmorpg
550988,virtual game
550988,heroic
550988,vrmmo
281338,suicide
281338,civil war
281338,escape
281338,winter
281338,mutation
281338,peace
281338,solidarity
281338,gorilla
281338,intelligence
281338,dystopia
281338,chimpanzee
281338,horse
281338,post-apocalyptic future
281338,slavery
281338,pacifism
281338,imprisonment
281338,colony
281338,sequel
281338,anthropomorphism
281338,revenge
281338,betrayal
281338,mute
281338,snow
281338,torture
281338,disease
281338,ape
281338,orangutan
281338,death of family
281338,death
281338,evolution
281338,avalanche
281338,albino
281338,primate
281338,sign languages
281338,virus
281338,underground tunnel
281338,assassination attempt
281338,enslavement
281338,murder by gunshot
281338,human becoming an animal
281338,contagion
281338,father son relationship
281338,2040s
281338,guns
281338,soldiers
281338,avenging father
281338,animal human friendship
281338,war
281338,cgi-live action hybrid
281338,violence against animals
281338,explosions
281338,war horse
281338,survival of the fittest
281338,brisk
436969,monster
436969,secret mission
436969,superhero
436969,anti hero
436969,giant monster
436969,gore
436969,based on comic
436969,alien
436969,betrayal
436969,alien invasion
436969,convict
436969,parasite
436969,super villain
436969,world domination
436969,aftercreditsstinger
436969,aggressive
436969,dc extended universe (dceu)
436969,absurd
436969,hilarious
436969,intense
436969,excited
474350,suicide
474350,based on novel or book
474350,halloween
474350,haunted house
474350,clown
474350,carnival
474350,sequel
474350,maine
474350,creature
474350,fear
474350,lgbt
474350,1980s
474350,grim
474350,ancient evil
474350,creepy house
474350,2010s
474350,loss of a friend
474350,ambiguous
474350,amused
474350,frightened
474350,gloomy
646380,artificial intelligence (a.i.)
646380,the white house
646380,asteroid
646380,climate change
646380,satire
646380,global warming
646380,comet
646380,end of the world
646380,social commentary
646380,social satire
646380,meteorite
646380,astronomer
646380,disaster
646380,teacher student relationship
646380,denial
646380,mass hysteria
646380,aftercreditsstinger
646380,duringcreditsstinger
646380,tragic
126889,android
126889,spacecraft
126889,experiment
126889,space travel
126889,infection
126889,engineer
126889,alien life-form
126889,sequel
126889,alien
126889,space
126889,creature
126889,robot
126889,scientist
126889,genocide
126889,creation
126889,paranoid
126889,acid
126889,alien technology
126889,genetic mutation
126889,suspenseful
126889,sci-fi horror
512200,based on novel or book
512200,video game
512200,magic
512200,animal attack
512200,sequel
512200,body-swap
512200,adventurer
512200,superhuman strength
512200,duringcreditsstinger
512200,kids
512200,action hero
512200,trapped in a game
512200,absurd
512200,live action
512200,hilarious
512200,amused
512200,awestruck
512200,baffled
512200,enthusiastic
664413,kidnapping
664413,gangster
664413,nightclub
664413,mansion
664413,prostitution
664413,relationship
664413,mature
664413,bdsm
664413,rich man poor woman
664413,disturbed
664413,aggressive
664413,abduction
664413,sex
664413,antagonistic
664413,arrogant
664413,disrespectful
533535,hero
533535,superhero
533535,anti hero
533535,mutant
533535,breaking the fourth wall
533535,aftercreditsstinger
533535,duringcreditsstinger
533535,marvel cinematic universe (mcu)
533535,mutants
533535,superhero teamup
524434,saving the world
524434,superhero
524434,supernatural
524434,based on comic
524434,alien
524434,super power
524434,lgbt
524434,aftercreditsstinger
524434,marvel cinematic universe (mcu)
524434,woman director
524434,sign languages
524434,ancient
524434,god-like
259693,"london, england"
259693,england
259693,1970s
259693,halloween
259693,sequel
259693,spirit
259693,single mother
259693,demon
259693,paranormal investigation
259693,demonic possession
259693,ghost
259693,christmas
259693,grim
259693,valak
259693,horrified
47971,airplane
47971,tattoo
47971,spy
47971,extreme sports
47971,parachute
47971,secret agent
47971,swimming pool
47971,sequel
47971,back from the dead
47971,dominican republic
47971,frantic
47971,free fall
47971,intense
450465,"philadelphia, pennsylvania"
450465,superhero
450465,villain
450465,sequel
450465,psychiatric hospital
450465,comic book shop
450465,super power
450465,mental illness
450465,multiple personality
450465,dissociative identity disorder
450465,surveillance specialist
450465,wonder
464052,superhero
464052,based on comic
464052,woman director
464052,1980s
464052,action hero
464052,dc extended universe (dceu)
569094,new york city
569094,hero
569094,double life
569094,sacrifice
569094,secret identity
569094,superhero
569094,villain
569094,portal
569094,based on comic
569094,sequel
569094,romance
569094,alter ego
569094,alternate dimension
569094,parenting
569094,family
569094,alternate version
569094,super power
569094,"brooklyn, new york city"
569094,superhero team
569094,spider bite
569094,super villain
569094,cliffhanger
569094,masked superhero
569094,teenage romance
569094,young heroes
569094,teen superhero
569094,teen social issues
569094,chelsea
569094,alternate universe
569094,superhero teamup
569094,female superhero
569094,slow burn romance
569094,interdimensional travel
569094,ambiguous
569094,cliché
569094,enthusiastic
569094,vibrant
569094,multiverse
315162,fairy tale
315162,sequel
315162,talking dog
315162,spin off
315162,aftercreditsstinger
315162,talking cat
315162,fear of death
315162,3d animation
315162,inspirational
315162,hilarious
315162,romantic
315162,bold
315162,cheerful
315162,excited
315162,exhilarated
508943,friendship
508943,monster
508943,italy
508943,villain
508943,coming of age
508943,friends
508943,bromance
508943,sea monster
508943,vespa
508943,aftercreditsstinger
508943,seaside town
508943,1950s
508943,pasta
508943,water
508943,3d animation
508943,italian riviera
508943,pesto
508943,admiring
508943,pixar
402900,new york city
402900,heist
402900,spin off
402900,estranged sister
402900,the met gala
402900,cliché
616037,hero
616037,ex-girlfriend
616037,superhero
616037,greek mythology
616037,based on comic
616037,sequel
616037,shadow
616037,norse mythology
616037,aftercreditsstinger
616037,duringcreditsstinger
616037,marvel cinematic universe (mcu)
616037,norse god
616037,god of thunder
616037,colorless
616037,child abduction
38700,mexico
38700,"miami, florida"
38700,detective
38700,women's prison
38700,sequel
38700,prison escape
38700,murder
38700,drug cartel
38700,police chase
38700,police detective
38700,buddy cop
38700,buddy film
38700,action hero
38700,past relationship
38700,reflective
38700,dramatic
447365,hero
447365,superhero
447365,mad scientist
447365,based on comic
447365,sequel
447365,superhero team
447365,space opera
447365,raccoon
447365,aftercreditsstinger
447365,duringcreditsstinger
447365,marvel cinematic universe (mcu)
447365,cosmic
447365,outer space
447365,chosen family
447365,empathetic
466282,high school
466282,based on novel or book
466282,love letter
466282,romance
466282,first love
466282,lost mother
466282,woman director
466282,sisterhood
466282,pretend relationship
466282,based on young adult novel
466282,asian american
466282,romantic
466282,derogatory
466282,ridiculous
315837,strong woman
315837,hacker
315837,philosophy
315837,cyborg
315837,dystopia
315837,investigation
315837,based on comic
315837,female protagonist
315837,cyberpunk
315837,transhumanism
315837,terrorism
315837,based on manga
315837,evolution
315837,intelligence officer
315837,network
315837,cybercrime
315837,whitewashing
315837,prosthesis
315837,live action remake
315837,public security
396535,zombie
396535,train
396535,survival horror
396535,pandemic
396535,"busan, south korea"
396535,south korea
615457,assassin
615457,double life
615457,midlife crisis
615457,bratva (russian mafia)
615457,secret organization
615457,thief
615457,one man army
615457,home invasion
615457,family
615457,brawl
615457,duringcreditsstinger
615457,hidden past
615457,gunfights
615457,violent retaliation
615457,family protection
328111,bunny
328111,pet
328111,anthropomorphism
328111,dog
328111,animals
328111,apartment building
328111,sewer
328111,terrier
328111,"manhattan, new york city"
328111,rodent
328111,pets
328111,mongrel
328111,3d animation
328111,animal adventure
278927,based on novel or book
278927,snake
278927,elephant
278927,wolf
278927,tiger
278927,feral child
278927,anthropomorphism
278927,remake
278927,jungle
278927,bear
278927,orphan
278927,ape
278927,monkey
278927,animals
278927,talking to animals
278927,live action and animation
278927,live action remake
278927,clinical
339846,drug dealer
339846,sea
339846,beach
339846,life-saver
339846,lifeguard
339846,rookie
339846,vigilantism
335797,musical
335797,anthropomorphism
335797,singing
335797,animals
335797,flood
335797,singing competition
335797,talking animal
335797,3d animation
335797,jukebox musical
335797,amused
335797,approving
335797,brisk
335797,enthusiastic
336843,based on novel or book
336843,fight
336843,maze
336843,post-apocalyptic future
336843,imprisonment
336843,terminal illness
336843,mad scientist
336843,trial
336843,sequel
336843,survival
336843,murder
336843,zombie
336843,doctor
336843,battle
336843,vaccine
336843,scientist
336843,killer
336843,desert
336843,labyrinth
336843,combat
336843,illness
336843,cure
336843,zombie apocalypse
336843,runner
336843,universal cure
336843,based on young adult novel
537915,based on novel or book
537915,love
537915,teenage crush
537915,teenage girl
537915,teenage romance
537915,bad boy
537915,mysterious
537915,angry
537915,ambiguous
693134,based on novel or book
693134,sandstorm
693134,chosen one
693134,sequel
693134,distant future
693134,creature
693134,planet
693134,desert
693134,destiny
693134,giant worm
693134,space opera
693134,sand dune
693134,allegorical
693134,messiah
693134,fall from grace
693134,vengeance
693134,religious allegory
693134,giant creature
693134,power
693134,ambiguous
693134,antagonistic
693134,melodramatic
338970,island
338970,treasure hunt
338970,remake
338970,female protagonist
338970,heiress
338970,based on video game
338970,bicycle courier
338970,missing person
338970,reboot
338970,peril
338970,slave labor
338970,father daughter relationship
340666,based on novel or book
340666,cheating
340666,parent child relationship
340666,hostage
340666,insomnia
340666,cowardice
340666,flashback
340666,revenge
340666,murder
340666,cancer
340666,writer
340666,rape and murder
340666,overbearing mother
340666,art
340666,novelist
340666,ex-husband ex-wife relationship
340666,carjacking
340666,story within the story
340666,sexual assault
340666,abortion
340666,art exhibition
340666,ambiguity
340666,ambiguous
340666,ambivalent
337167,based on novel or book
337167,eroticism
337167,sequel
337167,bdsm
337167,dramatic
406997,based on novel or book
406997,exclusion
406997,bullying
406997,coney island
406997,prejudice
406997,school
406997,based on children's book
406997,family
406997,physical disability
406997,treacher collins syndrome
406997,relaxed
406997,melodramatic
345940,beach
345940,based on novel or book
345940,deep sea
345940,underwater
345940,shark
345940,oceanic expedition
345940,kaiju
345940,animal horror
345940,underwater facility
345940,mariana trench
345940,megalodon
345940,amused
345940,frightened
603692,new york city
603692,martial arts
603692,"berlin, germany"
603692,"paris, france"
603692,hitman
603692,sequel
603692,organized crime
603692,"osaka, japan"
603692,code of honor
603692,blindness
603692,aftercreditsstinger
603692,hunted
603692,hand to hand combat
603692,consequences
603692,professional assassin
603692,neo-noir
603692,japanese mafia
603692,japan style
603692,continental hotel
404368,video game
404368,cartoon
404368,sequel
404368,internet
404368,lethal virus
404368,aftercreditsstinger
404368,duringcreditsstinger
404368,online gaming
404368,3d animation
404368,joyous
404368,whimsical
404368,admiring
404368,enthusiastic
404368,joyful
121856,assassin
121856,spain
121856,assassination
121856,chase
121856,secret society
121856,brotherhood
121856,parkour
121856,conspiracy
121856,religion
121856,memory
121856,based on video game
121856,15th century
121856,corporate conspiracy
121856,genetic memory
339964,future
339964,shapeshifting
339964,space travel
339964,utopia
339964,based on comic
339964,alien
339964,alien planet
339964,energy
339964,alien abduction
339964,genocide
339964,parallel world
339964,political intrigue 
339964,pacifist
339964,space opera
339964,military
339964,government agent
339964,marketplace
339964,trapped in space
339964,federal government
339964,unity
339964,cosmopolis
300669,kidnapping
300669,thief
300669,blind
300669,held captive
300669,break in
300669,blind man
300669,trapped in a house
395992,planet mars
395992,alien life-form
395992,space
395992,astronaut
395992,space station
395992,intelligent
395992,trapped in space
395992,extraterrestrial life
395992,alien on board
395992,death of astronaut
395992,tense
341174,based on novel or book
341174,boat
341174,eroticism
341174,kiss
341174,sequel
341174,bdsm
341174,dreary
619264,capitalism
619264,survival
619264,anarchism
619264,secret prison
619264,food shortage
619264,social experiment
619264,cautionary
619264,ambiguous
619264,disheartening
619264,social dynamics
766507,hunter
766507,native american
766507,alien life-form
766507,alien
766507,prequel
766507,decapitation
766507,bear
766507,dog
766507,severed foot
766507,bear attack
766507,comanche
766507,human vs alien
766507,indigenous peoples
766507,severed arm
766507,dog hero
766507,grand
766507,great plains
384018,"london, england"
384018,biological weapon
384018,secret organization
384018,family clan
384018,friends
384018,spin off
384018,family reunion
384018,buddy comedy
384018,aftercreditsstinger
384018,duringcreditsstinger
384018,mother son relationship
384018,father daughter relationship
384018,brother sister relationship
718930,mission
718930,japan
718930,assassin
718930,based on novel or book
718930,hitman
718930,briefcase
718930,train
718930,luck
718930,runaway train
718930,deadly snake
718930,duringcreditsstinger
718930,train travel
718930,professional assassin
718930,interwoven stories
718930,high speed
718930,passenger train
718930,bullet train
718930,death by poisoning
718930,shinkansen
718930,traveling by train
385128,speed
385128,family relationships
385128,sequel
385128,nostalgic
385128,duringcreditsstinger
385128,fast car
385128,brother brother relationship
385128,cars
385128,farcical
223702,supermarket
223702,orgy
223702,parody
223702,anthropomorphism
223702,sausage
223702,antisemitism
223702,food
223702,racism
223702,lgbt
223702,adult animation
223702,grocery store
223702,sex party
223702,gum
223702,3d animation
223702,gay interest
687163,friendship
687163,coma
687163,based on novel or book
687163,bravery
687163,sun
687163,language barrier
687163,space travel
687163,space mission
687163,alien
687163,space
687163,memory loss
687163,astronaut
687163,scientist
687163,science teacher
687163,save the planet
687163,spaceship
687163,interspecies friendship
324852,prison
324852,villain
324852,twin brother
324852,sequel
324852,jail
324852,3d animation
324852,apologetic
324852,appreciative
324852,enthusiastic
282035,egypt
282035,monster
282035,supernatural
282035,mummy
282035,halloween
282035,remake
282035,tomb
282035,egyptian mythology
282035,dark universe
505642,hero
505642,loss of loved one
505642,superhero
505642,royal family
505642,based on comic
505642,sequel
505642,royalty
505642,underwater
505642,political intrigue 
505642,death in family
505642,death of brother
505642,duringcreditsstinger
505642,death of king
505642,marvel cinematic universe (mcu)
505642,hidden civilization
505642,yucatan
505642,mayans
427641,monster
427641,wolf
427641,mutation
427641,gorilla
427641,giant monster
427641,lizard
427641,giant lizard
427641,creature
427641,based on video game
427641,giant animal
427641,mutant animal
427641,kaiju
427641,albino
427641,giant
427641,rat
427641,genetic experiment
427641,destroyed city
427641,giant gorilla
427641,animal monster
520763,new york city
520763,island
520763,post-apocalyptic future
520763,radio transmission
520763,alien life-form
520763,death of father
520763,child in peril
520763,sequel
520763,alien
520763,flashback
520763,psychological thriller
520763,creature
520763,alien invasion
520763,parenting
520763,family
520763,survival horror
520763,alien monster
520763,human vs alien
520763,sign languages
520763,alien attack
520763,hostile
520763,hearing impaired
520763,newborn baby
520763,anxious
520763,dreary
520763,quiet
520763,psychological horror
520763,suspenseful
520763,tense
520763,sci-fi horror
520763,frightened
295693,baby
295693,villain
295693,family relationships
295693,puppy
295693,sibling rivalry
295693,unreliable narrator
295693,aftercreditsstinger
295693,baby brother
295693,3d animation
295693,adoring
295693,bold
295693,enthusiastic
454983,based on novel or book
454983,crush
454983,"los angeles, california"
454983,high school student
454983,based on young adult novel
454983,teen romance
447404,amnesia
447404,detective
447404,car crash
447404,whodunit
447404,based on video game
447404,missing person
447404,missing parent
447404,buddy comedy
447404,neo-noir
447404,live action and animation
447404,amused
68735,elves
68735,dwarf
68735,magic
68735,betrayal
68735,king
68735,guardian
68735,based on video game
68735,wizard
68735,chieftain
68735,fictional language
68735,warrior
68735,clans
68735,horde
68735,sword and sorcery
68735,mage
68735,evil sorcerer
68735,draining souls
527774,kung fu
527774,sword
527774,warrior woman
527774,female protagonist
527774,dragon
527774,vietnamese
527774,south asian
527774,warrior
527774,3d animation
527774,audacious
419704,moon
419704,planet mars
419704,loss of loved one
419704,astronaut
419704,moon colony
419704,solar system
419704,solitude
419704,spacewalk
419704,father son relationship
419704,near future
419704,planet neptune
419704,space walk
370172,biological weapon
370172,based on novel or book
370172,parent child relationship
370172,forgiveness
370172,poison
370172,spy
370172,mi6
370172,family
370172,british secret service
370172,parents
370172,global threat
370172,somber
370172,nanobots
370172,james bond
370172,bold
439079,"rome, italy"
439079,nun
439079,supernatural
439079,exorcism
439079,halloween
439079,father
439079,priest
439079,spirit
439079,demon
439079,spin off
439079,evil nun
439079,demonic possession
439079,romania
439079,murder mystery
439079,ancient evil
320288,superhero
320288,mutant
320288,telekinesis
320288,based on comic
320288,sequel
320288,prequel
320288,superhero team
320288,hostile
320288,1990s
320288,cosmic
320288,excited
166428,based on novel or book
166428,flying
166428,villain
166428,melancholy
166428,vikings (norsemen)
166428,sequel
166428,overpopulation
166428,dragon
166428,love interest
166428,based on children's book
166428,mourning
166428,mysterious
166428,thoughtful
166428,somber
166428,philosophical
166428,reflective
166428,complex
166428,wonder
166428,playful
166428,introspective
166428,3d animation
166428,inspirational
166428,grand
166428,intimate
166428,joyous
166428,dramatic
166428,suspenseful
166428,sentimental
166428,witty
166428,intense
166428,romantic
166428,admiring
166428,adoring
166428,amused
166428,appreciative
166428,approving
166428,awestruck
166428,bold
166428,celebratory
166428,comforting
166428,compassionate
166428,complicated
166428,enthusiastic
166428,exuberant
166428,optimistic
166428,powerful
166428,sincere
166428,sympathetic
166428,vibrant
507086,paleontology
507086,giant monster
507086,sequel
507086,survival
507086,dinosaur
507086,scientist
507086,child kidnapping
507086,aggressive
507086,animal sanctuary
507086,cautionary
507086,cliché
507086,complicated
507086,science goes awry
507086,therizinosaurus
381283,husband wife relationship
381283,nightmare
381283,nihilism
381283,chaos
381283,pregnancy
381283,bible
381283,house
381283,vandalism
381283,cult
381283,surrealism
381283,writer
381283,nature
381283,death
381283,madness
381283,stranger
381283,macabre
381283,mysterious
381283,shocking
381283,chaotic
381283,forbidden fruit
381283,philosophical
381283,mother nature
381283,uninvited guest
381283,reflective
381283,introspective
381283,tense
381283,intense
381283,ambiguous
381283,foreboding
436270,lightning
436270,superhero
436270,anti hero
436270,based on comic
436270,demon
436270,superhero team
436270,duringcreditsstinger
436270,dc extended universe (dceu)
661374,detective
661374,greece
661374,investigation
661374,mona lisa (la gioconda)
661374,dark comedy
661374,satire
661374,sequel
661374,murder
661374,billionaire
661374,whodunit
661374,puzzle box
661374,clue
661374,identical twin
661374,murder mystery
661374,arrested development
661374,closeted homosexual
661374,covid-19
661374,offbeat
337401,martial arts
337401,hero
337401,china
337401,fake identity
337401,honor
337401,east asian lead
337401,heroine
337401,wuxia
337401,"based on myths, legends or folklore"
337401,live action and animation
337401,chinese girl
337401,live action remake
337401,approving
337401,bold
337401,compassionate
335787,lighter
335787,treasure hunt
335787,treasure map
335787,based on video game
335787,lost treasure
335787,duringcreditsstinger
335787,missing relative
262504,based on novel or book
262504,revolution
262504,dystopia
262504,sequel
262504,transhumanism
262504,vaccination
262504,based on young adult novel
262504,mass surveillance
262504,absurd
262504,cliché
328387,new york city
328387,technology
328387,internet
328387,hacking
328387,game
328387,dare
328387,cellphone video
328387,taking a risk
328387,based on young adult novel
328387,amused
334543,australia
334543,based on novel or book
334543,adoption
334543,affectation
334543,biography
334543,based on true story
334543,india
334543,missing child
334543,long lost relative
334543,tasmania
334543,street child
334543,dramatic
334543,familiar
460465,martial arts
460465,saving the world
460465,magic
460465,ninja fighter
460465,gore
460465,god
460465,alternate dimension
460465,shaolin monk
460465,fighting
460465,based on video game
460465,martial arts tournament
460465,reboot
460465,hand to hand combat
331482,new york city
331482,sibling relationship
331482,based on novel or book
331482,massachusetts
331482,coming of age
331482,remake
331482,period drama
331482,american civil war
331482,christmas
331482,19th century
331482,sister sister relationship
331482,female writer
331482,1860s
331482,sisters
331482,four sisters
1022789,sadness
1022789,disgust
1022789,sequel
1022789,computer animation
1022789,teenage girl
1022789,fear
1022789,anger
1022789,envy
1022789,aftercreditsstinger
1022789,duringcreditsstinger
1022789,emotions
1022789,embarrasment
1022789,joy
1022789,3d animation
1022789,anxiety
1022789,witty
1022789,assertive
1022789,cheerful
1022789,enthusiastic
1022789,hopeful
1022789,pixar
334533,parent child relationship
334533,new mexico
334533,socialism
334533,wilderness
334533,road trip
334533,family relationships
334533,survivalist
334533,homeschooling
334533,in-laws
334533,mental illness
334533,death of mother
334533,washington state
334533,bohemian
334533,school bus
334533,isolated house
334533,naturalist
334533,curious
334533,off the grid
334533,death of wife
334533,calm
334533,social isolation
334533,noam chomsky
334533,living off the grid
334533,pacific northwest
334533,appreciative
334533,joyful
43074,female friendship
43074,ghost hunting
43074,reboot
43074,ghost
43074,aftercreditsstinger
43074,duringcreditsstinger
373571,mexico
373571,"boston, massachusetts"
373571,giant monster
373571,cryptozoology
373571,eco terrorism
373571,creature feature
373571,rodan
373571,kaiju
373571,aftercreditsstinger
373571,global threat
373571,animal horror
373571,king ghidorah
373571,sunken city
373571,mothra
373571,godzilla
373571,monsterverse
335988,england
335988,chosen one
335988,sequel
335988,based on toy
335988,knight
335988,giant robot
335988,planet
335988,robot
335988,duringcreditsstinger
335988,planet earth
335988,arthurian mythology
335988,secret history
241259,based on novel or book
241259,clock
241259,queen
241259,time travel
241259,time
241259,sequel
241259,based on children's book
241259,dark fantasy
241259,aftercreditsstinger
241259,duringcreditsstinger
241259,mad hatter
241259,lewis carroll
241259,live action remake
241259,adaptation
241259,wonderland
241259,queen of hearts
424783,technology
424783,based on toy
424783,giant robot
424783,robot
424783,spin off
424783,duringcreditsstinger
424783,1980s
424783,adoring
497582,based on novel or book
497582,detective
497582,child prodigy
497582,victorian england
497582,female protagonist
497582,period drama
497582,female detective
497582,speculative
497582,runaway teen
497582,books
497582,mother daughter relationship
497582,brother sister relationship
497582,teen adventure
497582,sherlock holmes
497582,absurd
497582,childish love interest
497582,cliché
497582,farcical
390043,assassin
390043,court
390043,england
390043,hitman
390043,bodyguard
390043,travel
390043,on the run
390043,criminal
390043,killer
390043,courtroom
390043,opposites attract
390043,buddy comedy
390043,aftercreditsstinger
390043,testify
545609,drug dealer
545609,self sacrifice
545609,mercenary
545609,crime boss
545609,"mumbai (bombay), india"
545609,rescue mission
545609,based on comic
545609,one man army
545609,based on graphic novel
545609,behind enemy lines
545609,child kidnapping
545609,"dhaka (dacca), bangladesh"
545609,close‑quarters combat
545609,hidden safehouses
545609,urban warfare
545609,broken hero
545609,crowded streets
207932,amnesia
207932,based on novel or book
207932,italy
207932,europe
207932,sequel
207932,murder
207932,conspiracy
207932,religion
207932,church
207932,virus
207932,symbology
341013,"berlin, germany"
341013,undercover agent
341013,undercover
341013,germany
341013,spy
341013,cold war
341013,stasi
341013,bisexuality
341013,vodka
341013,kgb
341013,europe
341013,double agent
341013,based on comic
341013,murder
341013,mi6
341013,murder investigation
140300,martial arts
140300,kung fu
140300,china
140300,fighter
140300,village
140300,villain
140300,sequel
140300,panda
140300,anthropomorphism
140300,dragon
140300,aftercreditsstinger
140300,duringcreditsstinger
140300,wuxia
140300,woman director
140300,talking animal
140300,3d animation
140300,adoring
140300,awestruck
140300,enthusiastic
140300,joyful
624860,future
624860,man vs machine
624860,underground world
624860,artificial intelligence (a.i.)
624860,computer
624860,virtual reality
624860,prophecy
624860,dystopia
624860,sequel
624860,cyberpunk
624860,aftercreditsstinger
624860,dream world
624860,woman director
624860,gnosticism
624860,grand
423108,supernatural
423108,exorcism
423108,halloween
423108,connecticut
423108,sequel
423108,paranormal investigation
423108,1980s
423108,religious horror
423108,intense
508439,elves
508439,magic
508439,dead father
508439,dead parent
508439,fantasy world
508439,teenage protagonist
508439,brother brother relationship
508439,3d animation
508439,ambiguous
508439,amused
508439,enthusiastic
508439,pixar
440021,college
440021,murder
440021,time loop
440021,slasher
440021,young adult
440021,college student
440021,stabbed to death
440021,appreciative
440021,vibrant
593643,psychopath
593643,obsession
593643,mass murder
593643,restaurant
593643,dark comedy
593643,revenge
593643,food
593643,mass suicide
593643,dinner
593643,chef
593643,food critic
593643,remote island
593643,french cuisine
593643,culinary arts
593643,fine dining
593643,haute cuisine
593643,commanding
593643,pessimistic
593643,foodies
593643,murder-suicide
593643,exclusive
512195,fbi
512195,interpol
512195,cleopatra
512195,heist
512195,art thief
258489,africa
258489,animal attack
258489,feral child
258489,tarzan
258489,jungle
420809,magic
420809,fairy tale
420809,fairy
420809,sequel
420809,based on fairy tale
420809,live action remake
420809,complicated
47933,sequel
47933,alien
47933,alien invasion
1184918,island
1184918,based on novel or book
1184918,parent child relationship
1184918,fox
1184918,robot
1184918,based on children's book
1184918,kindness
1184918,goose
1184918,nostalgic
1184918,aftercreditsstinger
1184918,duringcreditsstinger
1184918,shipwrecked
1184918,kids
1184918,adopted son
1184918,3d animation
1184918,audacious
1184918,woodland animals
260514,sports
260514,trainer
260514,villain
260514,sequel
260514,anthropomorphism
260514,travel
260514,racing
260514,high tech
260514,aftercreditsstinger
260514,serious
260514,3d animation
260514,cars
260514,pixar
406990,chase
406990,dystopia
406990,investigation
406990,fake identity
406990,overpopulation
406990,betrayal
406990,conspiracy
406990,execution
406990,alternative reality
406990,population control
406990,secrecy
406990,septuplets
406990,2070s
406990,suspenseful
406990,authoritarian
333484,friendship
333484,gunslinger
333484,village
333484,horse
333484,mercenary
333484,remake
333484,bandit
333484,farmer
333484,cowboy
333484,hired gun
333484,angry
385687,sequel
385687,revenge
385687,betrayal
385687,racing
385687,family
385687,cliffhanger
385687,cars
385687,bold
385687,brisk
385687,forceful
302699,central intelligence agency (cia)
302699,espionage
302699,spy
302699,secret agent
302699,high school reunion
302699,reconnect
302699,accountant
302699,radical transformation
302699,high school classmates
302699,glory days
401981,central intelligence agency (cia)
401981,sexual abuse
401981,"budapest, hungary"
401981,based on novel or book
401981,self sacrifice
401981,spy
401981,patriotism
401981,seduction
401981,training
401981,double agent
401981,chechnya
401981,hospital
401981,torture
401981,mole
401981,female spy
401981,mortal danger
401981,deceit
401981,uncle niece relationship
401981,u.s. embassy
401981,"moscow, russia"
401981,russian spy
401981,paranoid
401981,grim
401981,spy thriller
401981,bolshoi ballet
401981,ballet performance
401981,secret code
401981,prima ballerina
401981,complex
401981,mother daughter relationship
401981,theatre
401981,asset
401981,home health aide
401981,secret meeting
401981,suspenseful
401981,gorky park
401981,intense
401981,bitter
401981,audacious
933260,new year's eve
933260,capitalism
933260,birthday
933260,black market
933260,identity
933260,dark comedy
933260,beauty
933260,satire
933260,aging
933260,celebrity
933260,female protagonist
933260,"los angeles, california"
933260,has been
933260,aerobics
933260,disfigurement
933260,woman in jeopardy
933260,woman director
933260,substance
933260,beauty standards
933260,insecure woman
933260,self image
933260,drug
933260,body horror
933260,female rage
933260,youth
933260,actress
570670,based on novel or book
570670,pregnancy
570670,architect
570670,fake suicide
570670,stalker
570670,remake
570670,murder
570670,domestic abuse
570670,scientist
570670,police detective
570670,death
570670,invisible person
570670,mental hospital
570670,angry
570670,woman in peril
570670,invisible man
570670,frightened
338967,marriage proposal
338967,the white house
338967,gore
338967,road trip
338967,sequel
338967,survival
338967,spoof
338967,zombie
338967,recreational vehicle
338967,aftercreditsstinger
338967,frantic
338967,minivan
338967,christmas present
338967,joyous
338967,absurd
338967,hilarious
338967,whimsical
338967,amused
338967,frightened
324668,assassin
324668,central intelligence agency (cia)
324668,amnesia
324668,casino
324668,chase
324668,greece
324668,sequel
324668,flashback
324668,hacking
324668,las vegas
324668,black ops
324668,rogue agent
324668,armored vehicle
324668,"reykjavík, iceland"
324668,jason bourne
324668,hdd
449176,coming out
449176,sexual identity
449176,high school
449176,based on novel or book
449176,sexuality
449176,class
449176,coming of age
449176,bully
449176,love
449176,teen movie
449176,male homosexuality
449176,lgbt
449176,lgbt teen
449176,based on young adult novel
449176,gay theme
449176,boys' love (bl)
449176,appreciative
451048,jungle
451048,riverboat
451048,1910s
451048,amazon river
451048,based on theme park ride
637649,crime boss
637649,armored car
637649,remake
637649,revenge
637649,shootout
637649,shooter
637649,"los angeles, california"
637649,security guard
637649,armored car robbery
637649,marksman
637649,ex soldier
637649,armed robbery
637649,marksmanship
637649,father son relationship
637649,precision
637649,cash truck
637649,money heist
637649,special skills
389015,sports
389015,competition
389015,olympic games
389015,"portland, oregon"
389015,biography
389015,based on true story
389015,rivalry
389015,figure skating
389015,domestic violence
389015,poverty
389015,overbearing mother
389015,ice skating
389015,1990s
389015,winter sport
389015,abusive mother
389015,emotional abuse
389015,mother daughter relationship
389015,toxic parents
274857,sword
274857,legend
274857,camelot
274857,knight
274857,king arthur
274857,king
274857,excalibur
274857,sword and sorcery
274857,arthur
346685,infidelity
346685,new york city
346685,amnesia
346685,based on novel or book
346685,obsession
346685,homicide
346685,blackout
346685,alcoholism
346685,flashback
346685,confusion
346685,memory loss
346685,domestic abuse
346685,disappearance
346685,female protagonist
346685,psychological thriller
346685,train
346685,divorcee
346685,missing person
346685,police investigation
346685,ex-husband ex-wife relationship
346685,unreliable narrator
346685,voyeurism
346685,abuse
346685,alcoholics anonymous
345887,drug dealer
345887,central intelligence agency (cia)
345887,rape
345887,kidnapping
345887,hostage
345887,hurricane
345887,sequel
345887,revenge
345887,murder
345887,gang
345887,massacre
345887,elite forces
345887,vigilante justice
299687,based on novel or book
299687,dystopia
299687,alien
299687,alien invasion
299687,human subjugation
299687,environmental disaster
299687,based on young adult novel
396422,halloween
396422,prequel
396422,evil doll
396422,demon
396422,spin off
396422,demonic possession
396422,ghost
396422,aftercreditsstinger
396422,duringcreditsstinger
640146,hero
640146,superhero
640146,ant
640146,based on comic
640146,sequel
640146,alternate dimension
640146,family
640146,aftercreditsstinger
640146,duringcreditsstinger
640146,marvel cinematic universe (mcu)
640146,bewildered
400106,police
400106,elves
400106,magic
400106,fairy
400106,"los angeles, california"
756999,mask
756999,small town
756999,child abuse
756999,dreams
756999,sibling relationship
756999,kidnapping
756999,sadistic
756999,1970s
756999,supernatural
756999,cellar
756999,colorado
756999,bullying
756999,basement
756999,serial killer
756999,slasher
756999,based on short story
756999,alcoholic father
756999,child kidnapping
756999,speculative
756999,angry
756999,supernatural horror
400928,cat
400928,mathematics
400928,intellectually gifted
400928,child prodigy
400928,teacher
400928,school
400928,prize
400928,child custody
400928,legal drama
400928,gifted children
400928,custody hearing
375262,great britain
375262,queen
375262,rivalry
375262,rabbit
375262,lgbt
375262,18th century
375262,cousin relationship
375262,duchess
375262,palace intrigue
375262,aristocracy
375262,british monarchy
375262,war of the spanish succession
375262,drop disease
375262,queen anne
508947,friendship
508947,canada
508947,concert
508947,temple
508947,shapeshifting
508947,"toronto, canada"
508947,coming of age
508947,teenage girl
508947,female protagonist
508947,east asian lead
508947,animals
508947,domineering mother
508947,perfectionist
508947,aftercreditsstinger
508947,woman director
508947,ancestor
508947,boy band
508947,mother daughter relationship
508947,3d animation
508947,hilarious
508947,pixar
508947,red panda
675353,mad scientist
675353,sequel
675353,revenge
675353,based on video game
675353,duringcreditsstinger
675353,hedgehog
675353,live action and animation
675353,relaxed
675353,joyous
675353,bold
675353,cheerful
675353,enthusiastic
675353,sonic cinematic universe
527641,forbidden love
527641,terminal illness
527641,hospital
527641,best friend
527641,falling in love
527641,cystic fibrosis
527641,star crossed lovers
527641,first date
527641,true love
527641,teenager
527641,dramatic
527641,sentimental
395834,"wyoming, usa"
395834,fbi
395834,investigation
395834,native american
395834,murder
395834,native american reservation
395834,questioning
395834,mysterious
395834,disturbed
395834,nervous
395834,cautionary
395834,serious
395834,depressing
395834,apologetic
395834,audacious
395834,awestruck
395834,forceful
395834,tragic
395834,native american awareness
480530,sports
480530,rivalry
480530,sequel
480530,"los angeles, california"
480530,angry
480530,boxing
480530,thoughtful
480530,reflective
480530,dedicated
480530,box ring
480530,ukraine
480530,amused
480530,antagonistic
480530,apologetic
480530,awestruck
480530,comforting
480530,compassionate
480530,excited
480530,foreboding
480530,sympathetic
567609,escape
567609,ritual
567609,marriage
567609,satanism
567609,gore
567609,pact with the devil
567609,wealth
567609,murder
567609,wedding
567609,cat and mouse
567609,game
567609,exploding body
567609,wedding dress
567609,satanic cult
567609,hostile
567609,death game
567609,exhilarated
567609,ridiculous
290859,helicopter
290859,"mexico city, mexico"
290859,artificial intelligence (a.i.)
290859,cyborg
290859,dystopia
290859,time travel
290859,sequel
290859,plane crash
559969,new mexico
559969,drugs
559969,meth lab
559969,"albuquerque, new mexico"
559969,crystal meth
559969,based on tv series
559969,methamphetamine
369972,moon
369972,based on novel or book
369972,sacrifice
369972,nasa
369972,wife
369972,obsession
369972,space travel
369972,space mission
369972,biography
369972,engineer
369972,based on true story
369972,exploration
369972,moon landing
369972,space
369972,cancer
369972,astronaut
369972,historical event
369972,death of daughter
369972,compromise
369972,test pilot
369972,1960s
369972,apollo program
369972,america
369972,explore
369972,neil armstrong
503919,island
503919,nightmare
503919,isolation
503919,mermaid
503919,hallucination
503919,lighthouse
503919,based on true story
503919,lighthouse keeper   
503919,black and white
503919,storm
503919,male masturbation
503919,new england
503919,madness
503919,drunkenness
503919,19th century
503919,isolated island
503919,grimdark
503919,lovecraftian
503919,psychological horror
503919,1890s
503919,awestruck
503919,foreboding
792307,ship
792307,"london, england"
792307,experiment
792307,"paris, france"
792307,based on novel or book
792307,obsession
792307,"lisbon, portugal"
792307,crooked lawyer
792307,love
792307,domestic abuse
792307,female protagonist
792307,doctor
792307,prostitution
792307,cruelty
792307,scientist
792307,masturbation
792307,disfigured face
792307,sexual awakening
792307,exploring sexuality
792307,sex worker
792307,female empowerment
792307,female sexuality
792307,brain transplant
792307,absurdism
792307,spousal abuse
792307,women's liberation
792307,alexandria egypt
792307,victorian era
792307,quest for identity
792307,frankenstein
792307,body horror
792307,amused
792307,melodramatic
792307,wry
308266,corruption
308266,smuggling (contraband)
308266,iraq
308266,rise and fall
308266,drugs
308266,american exceptionalism
311324,monster
311324,china
311324,archer
311324,female soldier
311324,historical fiction
311324,explosion
311324,period drama
311324,british soldier
311324,great wall of china
311324,15th century
311324,war
311324,appreciative
311324,bold
353491,mind control
353491,new york city
353491,gunslinger
353491,based on novel or book
353491,portal
353491,desert
353491,parallel world
353491,another world
399404,world war ii
399404,biography
399404,based on true story
399404,london underground
399404,british politics
399404,british prime minister
399404,british history
399404,autobiographical
399404,dunkirk
399404,1940s
399404,winston churchill
399404,serious
399404,inspirational
399404,bold
399404,based on real person
399404,biographical drama
345920,friendship
345920,despair
345920,group therapy
345920,loss
345920,grief
345920,death
345920,shocking
345920,grieving father
345920,actor
345920,apathetic
316727,dystopia
316727,sequel
316727,survival horror
316727,calvary
316727,legalized murder
316727,purge
316727,attack on politician
316727,military attack
453405,hitman
453405,human clone
1339713,obsession
1339713,supernatural
1339713,possession
1339713,wish
1339713,unrequited love
1339713,couple
1339713,absurdism
1339713,self-harm
1339713,supernatural horror
1339713,psychological
1339713,independent film
1339713,psychological horror
1339713,cursed object
324849,superhero
324849,based on comic
324849,based on toy
324849,spin off
324849,super power
324849,lego
324849,3d animation
324849,teamwork
976573,fire
976573,earth
976573,computer animation
976573,duringcreditsstinger
976573,elements
976573,water
976573,3d animation
976573,city
976573,lighthearted
976573,whimsical
976573,hopeful
976573,pixar
524047,husband wife relationship
524047,panic
524047,kidnapping
524047,looting
524047,natural disaster
524047,state of emergency
524047,comet
524047,end of the world
524047,meteorite
524047,disaster
524047,apocalypse
524047,destruction of planet
524047,diabetic
524047,army base
524047,emergency
524047,greenland
524047,"atlanta, georgia"
524047,suspenseful
524047,جرينلاند
524047,الأرض الخضراء
524047,جرين
524047,لاند
524047,علاقة زوجية
524047,خضراء
524047,أرض
524047,ربو
524047,نهاية العالم
310307,greed
310307,ambition
310307,biography
310307,family business 
310307,based on true story
310307,salesman
310307,corporate greed
310307,fast food
310307,corporate power
310307,1950s
310307,burger
310307,mcdonald's
613504,based on novel or book
613504,sequel
613504,love
613504,teenage crush
613504,angry
613504,complex
613504,grand
479455,"london, england"
479455,"paris, france"
479455,secret organization
479455,sahara desert
479455,based on comic
479455,sequel
479455,co-workers relationship
479455,alien invasion
479455,spin off
479455,"brooklyn, new york city"
479455,"eiffel tower, paris"
479455,buddy cop
479455,alien friendship
479455,weapons trafficking
479455,"marrakesh, morocco"
268896,mind control
268896,race against time
268896,japan
268896,army
268896,monster
268896,artificial intelligence (a.i.)
268896,saving the world
268896,cadet
268896,military officer
268896,evacuation
268896,giant monster
268896,duty
268896,military base
268896,damage
268896,dormitory
268896,mad scientist
268896,portal
268896,rivalry
268896,sequel
268896,alien
268896,coming of age
268896,futuristic
268896,mecha
268896,giant robot
268896,mind reading
268896,"tokyo, japan"
268896,creature
268896,robot
268896,scientist
268896,criminal
268896,one against many
268896,combat
268896,blizzard
268896,female fighter
268896,kaiju
268896,transforming robot
268896,alien monster
268896,teenage hero
268896,mental link
268896,mass destruction
268896,humanoid robot
268896,robot suits
268896,female warrior
268896,aircraft
268896,laser beam
268896,mass evacuation
268896,"mount fuji, japan"
268896,computer hacker
268896,disapproving
343611,based on novel or book
343611,espionage
343611,military officer
343611,homicide
343611,falsely accused
343611,"new orleans, louisiana"
343611,investigation
343611,afghanistan
343611,sequel
343611,on the run
343611,false accusations
343611,military police
343611,court martial
343611,ex military
343611,army officer
343611,ex army
343611,military cover-up
343611,intense
343611,murders
343611,u.s. army
343611,military contractor
343611,jag - judge advocate general
343611,classified information
504172,mexico
504172,drug crime
504172,texas
504172,drug mule
504172,based on true story
504172,old man
504172,drug cartel
504172,dea agent
504172,pickup truck
504172,small town sheriff
504172,korean war veteran
504172,"based on magazine, newspaper or article"
504172,2000s
1061474,dual identity
1061474,superhero
1061474,based on comic
1061474,dog
1061474,super power
1061474,reboot
1061474,kaiju
1061474,modern day adaptation
1061474,aftercreditsstinger
1061474,duringcreditsstinger
1061474,epic battle
1061474,supervillain
1061474,calm
1061474,dc universe (dcu)
1061474,anti-imperialism
1061474,adoring
1061474,amused
1061474,bold
1061474,cheerful
1061474,enthusiastic
447200,fire
447200,china
447200,skyscraper
447200,hong kong
447200,high tech
447200,security system
447200,pearl
447200,penthouse
447200,world's tallest building
447200,trapped in burning building
332567,surfing
332567,surfer
332567,island
332567,mexico
332567,shark attack
332567,animal attack
332567,coral reef
332567,survival
332567,wounded
332567,creature
332567,young woman
332567,shark
332567,great white shark
332567,trapped
332567,predator turns victim
332567,killer shark
332567,buoy
332567,human prey
332567,animal horror
332567,secluded beach
332567,loss of mother
332567,bloody death
332567,tides
332567,survival skills
332567,survival film
332567,gopro
332567,stranded at sea
667538,peru
667538,alien
667538,end of the world
667538,based on toy
667538,giant robot
667538,robot
667538,duringcreditsstinger
667538,1990s
667538,brother brother relationship
575264,mask
575264,race against time
575264,mission
575264,"rome, italy"
575264,chase
575264,secret mission
575264,spy
575264,fake identity
575264,secret agent
575264,sequel
575264,intelligence agency
575264,secret government organization
575264,infiltration
575264,fictional government agency
575264,rogue agent
575264,government agency
575264,based on tv series
575264,action
338762,nanotechnology
338762,superhero
338762,based on comic
338762,memory
338762,psychotronic
338762,aggressive
338762,valiant comics
338762,powerful
428078,based on novel or book
428078,dystopia
428078,post-apocalyptic future
428078,revenge
428078,wasteland
428078,steampunk
428078,futuristic vehicle
428078,based on young adult novel
274855,future
274855,artificial intelligence (a.i.)
274855,weather manipulation
274855,end of the world
274855,murder
274855,space
274855,conspiracy
274855,disaster
274855,apocalypse
274855,storm
274855,space station
274855,space shuttle
274855,catastrophe
274855,disaster movie
274855,global threat
274855,environmental disaster
274855,overpopulated world
425909,small town
425909,afterlife
425909,ghostbuster
425909,nostalgia
425909,sequel
425909,ghost
425909,nostalgic
425909,aftercreditsstinger
425909,duringcreditsstinger
425909,dead grandfather
425909,ancient evil
425909,otherworldly beings
425909,paranormal events
425909,ghostbusters
425909,excited
509967,dictator
509967,"florence, italy"
509967,shootout
509967,fictitious country
509967,evil dictator
509967,anxious
509967,street shootout
509967,ridiculous
639933,sword
639933,prince
639933,gore
639933,vikings (norsemen)
639933,iceland
639933,northern ireland
639933,sword fight
639933,revenge
639933,fate
639933,king
639933,brutality
639933,"based on myths, legends or folklore"
639933,nordic
639933,10th century
639933,wonder
639933,grimdark
639933,fantasy
639933,dramatic
639933,suspenseful
639933,admiring
639933,amused
639933,bold
639933,commanding
639933,ominous
346910,predator
346910,sequel
346910,alien
346910,creature
346910,alien invasion
346910,military
346910,bewildered
298618,secret identity
298618,superhero
298618,time travel
298618,based on comic
298618,superhuman
298618,super power
298618,aftercreditsstinger
298618,time paradox
298618,butterfly effect
298618,dc extended universe (dceu)
298618,superhuman abilities
298618,loss of mother
298618,alternate universe
298618,admiring
298618,multiverse
338953,prison
338953,witch
338953,"berlin, germany"
338953,magic
338953,election campaign
338953,affectation
338953,sequel
338953,curse
338953,bhutan
338953,lgbt
338953,fantasy world
338953,wizard
338953,magical creature
338953,1930s
338953,based on young adult novel
338953,good versus evil
338953,amused
338953,powerful
500664,future
500664,artificial intelligence (a.i.)
500664,hacker
500664,police
500664,technology
500664,cyborg
500664,dystopia
500664,revenge
500664,murder
500664,drone
500664,cyberpunk
500664,transhumanism
500664,brutality
500664,implant
500664,surgery
500664,quadriplegic
500664,cyber thriller
500664,near future
500664,body enhancement
500664,body horror
500664,violence
500664,microship
500664,android horror
476669,"london, england"
476669,world war i
476669,spy
476669,based on comic
476669,prequel
476669,world domination
476669,duringcreditsstinger
476669,speculative
476669,vexed
476669,zealous
476669,1910s
476669,unassuming
476669,sympathetic
267860,"london, england"
267860,usa president
267860,sequel
267860,terrorism
267860,political assassination
267860,terrorist attack
267860,dramatic
267860,arrogant
267860,derogatory
267860,disheartening
267860,disrespectful
786892,chase
786892,post-apocalyptic future
786892,warlord
786892,prequel
786892,wasteland
786892,spin off
786892,struggle for survival
786892,desert
786892,tyrant
786892,tyranny
786892,masculinity
786892,revenge murderer
786892,mother daughter relationship
786892,child abduction
786892,car
507089,night shift
507089,child murder
507089,restaurant
507089,custody battle
507089,child in peril
507089,security guard
507089,based on video game
507089,evil child
507089,duringcreditsstinger
507089,troubled past
507089,child neglect
507089,haunted attractions
507089,animatronic
507089,abandoned building
507089,brother sister relationship
507089,supernatural horror
507089,child abduction
507089,cliché
507089,conceited
507089,horrified
507089,vibrant
507089,android horror
507089,animatronic band
583083,based on novel or book
583083,sequel
583083,teen romance
762504,california
762504,horse
762504,exploitation
762504,death of father
762504,alien
762504,ufo
762504,social commentary
762504,alien invasion
762504,alien contact
762504,aftercreditsstinger
762504,horse farm
762504,african american man
762504,racial issues
762504,brother sister relationship
762504,horror western
762504,psychological horror
762504,sci-fi horror
762504,sci-fi western
1233413,"chicago, illinois"
1233413,capitalism
1233413,ku klux klan
1233413,musician
1233413,immortality
1233413,vampire
1233413,cousin
1233413,surrealism
1233413,sin
1233413,alcoholism
1233413,vampire hunter (slayer)
1233413,church
1233413,twins
1233413,blunt
1233413,estranged wife
1233413,dual role
1233413,cousin relationship
1233413,death of daughter
1233413,blues music
1233413,aftercreditsstinger
1233413,klansmen
1233413,1990s
1233413,1930s
1233413,salvation
1233413,assimilation
1233413,chinese immigrant
1233413,brother brother relationship
1233413,southern gothic
1233413,afro-descendants
1233413,supernatural horror
1233413,playful
1233413,train station
1233413,mississippi
1233413,frightened
522681,"chicago, illinois"
522681,key
522681,riddle
522681,code
522681,puzzle
522681,game
522681,clue
522681,magnet
522681,box
522681,cube
522681,escape room
522681,traumatized person
522681,teamwork
522681,mysterious box
522681,sliding puzzle
522681,pool table
522681,death game
522681,tense
424139,post-traumatic stress disorder (ptsd)
424139,trauma
424139,halloween
424139,knife
424139,illinois
424139,sequel
424139,murder
424139,boogeyman
424139,serial killer
424139,slasher
424139,murderer
424139,reboot
424139,aggressive
424139,escaped killer
424139,holiday horror
696806,escape
696806,time travel
696806,explore
696806,2050s
411088,"barcelona, spain"
411088,businessman
411088,falsely accused
411088,manipulative lover
411088,unreliable narrator
411088,hidden truth
411088,grieving father
411088,accused of murder
411088,mountain resort
411088,locked room mystery
411088,defense lawyer
411088,psychological tension
411088,hidden motives
411088,alibi construction
290595,witch
290595,strong woman
290595,magic
290595,fairy tale
290595,female soldier
290595,female empowerment
290595,huntsman
290595,wicked woman
337170,central intelligence agency (cia)
337170,drug smuggling
337170,drug crime
337170,money laundering
337170,pilot
337170,based on true story
337170,drug cartel
337170,illegal drugs
337170,dea agent
337170,1980s
337170,pablo escobar
504608,"london, england"
504608,drug abuse
504608,pop star
504608,1970s
504608,musical
504608,biography
504608,based on true story
504608,alcoholism
504608,singer
504608,rock music
504608,"los angeles, california"
504608,pianist
504608,lgbt
504608,rise to fame
504608,1960s
504608,gay theme
501170,hotel
501170,based on novel or book
501170,supernatural
501170,haunted house
501170,melancholy
501170,sequel
501170,psychic power
501170,reflective
501170,inspirational
501170,tense
501170,compassionate
296524,rescue
296524,sea
296524,post-traumatic stress disorder (ptsd)
296524,based on true story
296524,disaster
296524,explosion
296524,oil spill
296524,trapped
296524,oil rig 
296524,disaster movie
296524,gulf of mexico
296524,bp
296524,melodramatic
631843,beach
631843,husband wife relationship
631843,schizophrenia
631843,escape
631843,time warp
631843,rapper
631843,coral reef
631843,deception
631843,time
631843,aging
631843,loss of virginity
631843,trap
631843,murder
631843,corpse
631843,family vacation
631843,family
631843,based on graphic novel
631843,family holiday
631843,death
631843,existentialism
631843,sickness
631843,mortality
631843,time-manipulation
631843,radical transformation
631843,secluded beach
631843,human experiment
631843,brother sister relationship
631843,medical experiment
631843,experimental drug
631843,secret experiment
631843,body horror
631843,vacation gone wrong
631843,baffled
631843,frightened
446354,vietnam war
446354,newspaper
446354,journalist
446354,"washington dc, usa"
446354,politics
446354,1970s
446354,journalism
446354,grave
446354,biography
446354,based on true story
446354,richard nixon
446354,pentagon papers
446354,period drama
446354,government cover-up
446354,publisher
446354,political thriller
446354,reminiscent
536554,android
536554,artificial intelligence (a.i.)
536554,killer robot
536554,aunt niece relationship
536554,evil doll
536554,slasher
536554,orphan
536554,car accident
536554,niece
536554,robot
536554,juvenile delinquent
536554,doll
536554,dead dog
536554,dog attack
536554,nosy neighbor
536554,hit by a car
536554,dead parents
536554,creepy doll
536554,cyber thriller
536554,possessed doll
536554,sinister
536554,audacious
536554,android horror
526896,vampire
526896,superhero
526896,based on comic
526896,duringcreditsstinger
526896,supervillain
526896,frustrated
278154,fire
278154,fireworks
278154,mammoth
278154,sequel
278154,prehistory
278154,singing
278154,critically bashed
278154,cavemen
278154,meteor crash
278154,3d animation
547016,immortality
547016,superhero
547016,mercenary
547016,based on comic
547016,lgbt
547016,gay theme
376570,computer
376570,isolation
376570,deaf-mute
376570,deaf
376570,knife
376570,alone
376570,murder
376570,mute
376570,serial killer
376570,slasher
376570,stabbing
376570,home invasion
376570,cat and mouse
376570,trapped
376570,bow and arrow
493529,video game
493529,affectation
493529,platonic love
493529,gang of thieves
493529,friends
493529,dragon
493529,role playing game (rpg)
493529,female villain
493529,heist gone wrong
493529,wizard
493529,duringcreditsstinger
493529,illusionist
493529,father daughter relationship
493529,dungeons and dragons
493529,wizardry
493529,appreciative
493529,based on board game
493529,dungeon crawling
493529,based on game
493529,based on role playing game
49046,based on novel or book
49046,world war i
49046,infantry
49046,tank
49046,battle
49046,brutality
49046,period drama
49046,german soldier
49046,shocking
49046,1910s
49046,german army
49046,aircraft
49046,trench warfare
49046,intense
49046,depressing
49046,war epic
514999,chase
514999,cop
514999,money
514999,murder
514999,monaco
514999,inheritance
514999,whodunit
514999,troubled marriage
514999,crime investigation
514999,wanted
514999,formula one (f1)
514999,cheerful
438695,wolf
438695,stage
438695,villain
438695,musical
438695,sequel
438695,anthropomorphism
438695,singing
438695,thug
438695,animals
438695,villain arrested
438695,talking animal
438695,3d animation
438695,jukebox musical
438695,suspenseful
438695,appreciative
438695,approving
438695,enthusiastic
785084,depression
785084,nurse
785084,missionary
785084,idaho
785084,bible
785084,overweight man
785084,based on play or musical
785084,dying man
785084,obesity
785084,religion
785084,death of lover
785084,rebellious daughter
785084,recluse
785084,lgbt
785084,eating disorder
785084,empathy
785084,teen anger
785084,english teacher
785084,abandonment
785084,alcoholic mother
785084,father daughter relationship
785084,essay
785084,religious symbolism
785084,father daughter estrangement
785084,complicated
785084,powerful
785084,morbidly obese
785084,binge eating
785084,queer loneliness
369885,nazi
369885,resistance
369885,spy
369885,world war ii
369885,past
369885,love
369885,couple
369885,north africa
369885,1940s
369885,french woman
369885,dreary
369885,romantic
397243,parent child relationship
397243,supernatural
397243,crematorium
397243,autopsy
397243,morgue
397243,murder
397243,bell
397243,corpse
397243,thunderstorm
397243,coroner
397243,pathologist
397243,autopsy room
397243,elevator
397243,cause of death
397243,ax
945961,alien life-form
945961,spin off
945961,alien contact
945961,alien monster
945961,space exploration
945961,alien encounter
945961,space capsule
945961,spaceship
945961,sci-fi horror
945961,xenomorph threat
945961,cryonics chamber
945961,abandoned station
945961,biological contamination
945961,hostile organism
945961,interstellar isolation
985939,stranded
985939,struggle for survival
985939,desert
985939,tower
985939,free climbing
985939,sport climbing
985939,adrenaline junkie
985939,dehydration
985939,middle of nowhere
985939,anxious
985939,best friends
985939,grieving widow
985939,tense
985939,ridiculous
985939,survival thriller
823464,giant monster
823464,sequel
823464,dinosaur
823464,monkey
823464,kaiju
823464,fantasy world
823464,giant ape
823464,godzilla
823464,king kong
823464,amused
823464,bold
823464,cliché
823464,monsterverse
508965,friendship
508965,small town
508965,island
508965,holiday
508965,santa claus
508965,cartoon
508965,letter
508965,postman
508965,reindeer
508965,toy maker
508965,christmas
508965,19th century
508965,toymaker
508965,origin story
508965,good versus evil
508965,cheerful
400155,monster
400155,vampire
400155,halloween
400155,vacation
400155,sequel
400155,romance
400155,cruise ship
400155,summer vacation
400155,dracula
400155,3d animation
302401,biography
302401,idealism
302401,idealist
302401,national security agency (nsa)
302401,investigative journalism
302401,whistleblower
302401,political thriller
302401,surveillance state
302401,fighting the system
302401,mass surveillance
399035,conspiracy
399035,train
558449,gladiator
558449,roman empire
558449,ancient rome
558449,sequel
558449,epic battle
558449,family legacy
558449,3rd century
558449,antiquity
558449,fallen hero
558449,political rival
558449,evil tyrant
558449,critical
558449,sword and sandal
558449,sword fighting
558449,second part
558449,compassionate
558449,arena combat
558449,emperor brothers
558449,imperial corruption
558449,roman senate
305470,spacecraft
305470,affectation
305470,bullying
305470,super power
305470,superhero team
305470,lgbt
305470,reboot
305470,female villain
305470,ethnic diversity
305470,based on tv series
305470,celebratory
305470,comforting
484247,small town
484247,based on novel or book
484247,widow
484247,dark comedy
484247,female friendship
484247,life insurance
484247,best friend
484247,single mother
484247,biting
484247,missing person
484247,shocking
484247,satirical
484247,vlogger
484247,pathetic
484247,hilarious
484247,audacious
484247,bold
325133,alcohol
325133,college
325133,sequel
325133,sorority
325133,neighbor
325133,family
325133,fraternity
325133,bathroom humor
378064,high school
378064,friendship
378064,suicide
378064,suicide attempt
378064,deaf
378064,bullying
378064,coming of age
378064,school
378064,based on manga
378064,adult animation
378064,teen suicide
378064,woman director
378064,sign languages
378064,shounen
378064,anime
378064,social anxiety
378064,japanese high school
378064,japanese school
378064,appreciative
381341,friendship
381341,jealousy
381341,husband wife relationship
381341,italian
381341,italy
381341,truth
381341,confidence
381341,honesty
381341,love
381341,love affair
381341,trust
381341,game
381341,childhood friends
381341,love fiction
635302,fight
635302,magic
635302,supernatural
635302,psychology
635302,gore
635302,sequel
635302,coming of age
635302,survival
635302,tragedy
635302,based on manga
635302,demon
635302,historical
635302,family
635302,mutilation
635302,dark fantasy
635302,shounen
635302,anime
635302,taisho period
291870,funeral
291870,golf
291870,grandfather
291870,road trip
291870,crude humor
291870,retired
291870,pervert
291870,army general
291870,spring break
291870,law firm
291870,fiancé fiancée relationship
291870,sex comedy
291870,mini cooper
291870,engaged couple
291870,death of wife
291870,imminent wedding
291870,malicious
291870,moving
291870,grandfather grandson relationship
291870,corporate lawyer
291870,death of grandmother
291870,"boca raton, florida"
291870,ridiculous
911430,sports
911430,comeback
911430,racing
911430,race car driver
911430,sport competition
911430,aftercreditsstinger
911430,beforecreditsstinger
911430,rookie
911430,formula one (f1)
911430,motorsport
911430,car racing
911430,disdainful
911430,exhilarated
911430,joyful
339988,technology
339988,video surveillance
339988,criminal
339988,cyber thriller
339988,technicians
339988,tech company
339988,techno thriller
387426,new york city
387426,monster
387426,slaughterhouse
387426,east asian lead
387426,twins
387426,environmentalist
387426,aftercreditsstinger
387426,animal liberation
387426,live action and animation
387426,zoologist
387426,anxious
387426,korean
387426,meat industry
387426,"seoul, south korea"
637920,parent child relationship
637920,prison cell
637920,remake
637920,wrongful imprisonment
637920,based on movie
637920,mentally challenged
590223,monster
590223,bunker
590223,post-apocalyptic future
590223,coming of age
590223,love
590223,mutant animal
590223,psychotronic
590223,inspirational
590223,teenager
399057,husband wife relationship
399057,hostage
399057,psychopath
399057,insanity
399057,blackmail
399057,surgeon
399057,paralysis
399057,dysfunctional family
399057,paranormal
399057,revenge
399057,hospital
399057,cruelty
399057,brutality
399057,cafe
399057,cardiologist
399057,recovering alcoholic
399057,open heart surgery
399057,baffled
329996,elephant
329996,circus
329996,missouri
329996,remake
329996,live action and animation
329996,1910s
329996,live action remake
329996,dumbo
329996,adoring
537996,prostitute
537996,native american
537996,parody
537996,anthology
537996,bank robbery
537996,stagecoach
537996,cowboy
537996,wagon train
537996,singing cowboy
537996,american west
537996,the old west
929590,sniper
929590,new york city
929590,race against time
929590,usa president
929590,"washington dc, usa"
929590,the white house
929590,civil war
929590,post-traumatic stress disorder (ptsd)
929590,war crimes
929590,photographer
929590,militia
929590,journalism
929590,dystopia
929590,war photographer
929590,road trip
929590,female protagonist
929590,soldier
929590,fictional war
929590,photojournalism
929590,xenophobia
929590,secession
929590,secessionists
929590,usa politics
929590,war trauma
929590,war journalism
929590,charlottesville
929590,near future
929590,violence
787699,factory
787699,chocolate
787699,candy
787699,musical
787699,prequel
787699,duringcreditsstinger
787699,cartel
787699,joyous
787699,amused
503736,casino
503736,tiger
503736,vault
503736,mercenary
503736,safe
503736,heist
503736,zombie animals
503736,apocalypse
503736,zombie
503736,las vegas
503736,widower
503736,safecracker
503736,booby trap
503736,casino owner
503736,walled city
503736,zombie apocalypse
503736,father daughter conflict
503736,father daughter relationship
503736,casino heist
503736,absurd
503736,assertive
866398,massachusetts
866398,secret government organization
866398,government conspiracy
866398,hand to hand combat
866398,vengeance
866398,fbi agent
866398,beekeepers
866398,scam call center
866398,retired assassin
866398,revenge mission
866398,relentless pursuit
866398,scam operation
866398,justice by force
866398,system corruption
866398,powerful elites
912649,hero
912649,superhero
912649,anti hero
912649,villain
912649,alien life-form
912649,based on comic
912649,sequel
912649,aftercreditsstinger
912649,duringcreditsstinger
912649,hunted
912649,woman director
360920,holiday
360920,surrealism
360920,remake
360920,based on children's book
360920,christmas
360920,3d animation
360920,cheerful
290098,jealousy
290098,based on novel or book
290098,library
290098,pickpocket
290098,eroticism
290098,con man
290098,swindler
290098,lesbian relationship
290098,mansion
290098,lust
290098,lgbt
290098,noblewoman
290098,shocking
290098,erotic thriller
290098,con woman
290098,1930s
290098,lady's maid
290098,handmade
290098,seducer
290098,japanese occupation of korea
290098,lesbian
290098,girls' love (gl)
290098,romantic
290098,commanding
290098,melodramatic
356305,daughter
356305,rivalry
356305,parent-in-law child-in-law relationship
588228,time travel
588228,global warming
588228,glacier
588228,alien
588228,alien invasion
588228,military
588228,future war
588228,father son reunion
588228,hope for future
588228,changing the past or future
588228,message from the future
588228,father son relationship
588228,father daughter relationship
588228,world war
725201,central intelligence agency (cia)
725201,based on novel or book
725201,hitman
725201,kidnapping
725201,agent
725201,rogue agent
725201,hunted
725201,ex-cia agent
653346,empire
653346,kingdom
653346,gorilla
653346,dystopia
653346,chimpanzee
653346,post-apocalyptic future
653346,eagle
653346,sequel
653346,anthropomorphism
653346,distant future
653346,ape
653346,orangutan
653346,evolution
653346,primate
653346,sign languages
653346,journey
653346,cgi-live action hybrid
653346,evil tyrant
205584,rescue
205584,egypt
205584,fight
205584,nile
205584,mythology
205584,god
205584,thief
205584,desert
205584,ancient egypt
205584,egyptian mythology
205584,myth
205584,egyptian god
489999,california
489999,stalker
489999,disappearance
489999,internet
489999,east asian lead
489999,police detective
489999,missing person
489999,missing child
489999,computer screen
489999,found footage
489999,social media
489999,missing daughter
489999,mysterious
489999,facebook
489999,live stream
489999,father daughter relationship
489999,screenlife
489999,asian american
489999,distressing
489999,faux documentary
489999,found footage adjacent
515195,musician
515195,pop singer
515195,"liverpool, england"
515195,music festival
515195,united kingdom
515195,rock concert
515195,alternative reality
515195,moral dilemma
515195,dramatic
515195,cheerful
505026,egypt
505026,based on novel or book
505026,detective
505026,honeymoon
505026,nile
505026,sequel
505026,remake
505026,mysterious
505026,murder mystery
505026,1930s
505026,frustrated
936075,child abuse
936075,sibling relationship
936075,1970s
936075,abusive father
936075,ambition
936075,biography
936075,based on true story
936075,singer
936075,period drama
936075,music history
936075,price of fame
936075,singer-songwriter
936075,rise to fame
936075,1980s
936075,1960s
936075,music
936075,admiring
936075,biographical drama
936075,music drama
936075,biopic
335977,melancholy
335977,treasure hunt
335977,ancient rome
335977,sequel
335977,flashback
335977,knife fight
335977,archaeologist
335977,adventurer
335977,1960s
335977,nazi germany
335977,bold
335977,excited
522938,post-traumatic stress disorder (ptsd)
522938,arizona
522938,human trafficking
522938,sequel
522938,revenge
522938,father figure
522938,horse ranch
522938,mexican american border
522938,revenge plot
522938,mexican cartel
522938,rescue operation
522938,inner demons
522938,close‑quarters combat
522938,cartel violence
522938,underground tunnels
522938,surrogate family
522938,ruthless antagonists
522938,protective guardian
466420,husband wife relationship
466420,based on novel or book
466420,war veteran
466420,fbi
466420,greed
466420,oklahoma
466420,manipulation
466420,native american
466420,based on true story
466420,murder
466420,colonisation
466420,racism
466420,series of murders
466420,genocide
466420,period drama
466420,guilt
466420,true crime
466420,oil industry
466420,colonialism
466420,catholicism
466420,uncle nephew relationship
466420,1920s
466420,osage indian
466420,poisoning
466420,settler colonialism
466420,settler genocide
466420,lust for wealth
83533,witch
83533,clone
83533,space war
83533,tribe
83533,sequel
83533,alien
83533,transhumanism
83533,family
83533,space adventure
83533,motion capture
83533,family dynamics
83533,frantic
83533,rival
83533,intense
376660,high school
376660,friendship
376660,sibling relationship
376660,"portland, oregon"
376660,romcom
376660,coming of age
376660,teen angst
376660,loneliness
376660,teenage girl
376660,best friend
376660,dating
376660,woman director
376660,angry
376660,generation z
376660,psychological drama
376660,cheerful
376660,joyful
376659,infidelity
376659,alcohol
376659,mother role
376659,hit-and-run
376659,single mother
376659,divorce
376659,family
376659,bathroom humor
442249,new york city
442249,new jersey
442249,dystopia
442249,prequel
442249,murder
442249,church
442249,survival horror
442249,social media
442249,"staten island, new york city"
442249,purge
442249,abuse of power
442249,apartment buildings
340837,darkness
340837,therapist
340837,switzerland
340837,mountain
340837,wellness
340837,employee
340837,health
340837,patient
340837,spa
340837,drugs
340837,remote
340837,swiss alps
340837,treatment
340837,cure
340837,accident
340837,wellness center
340837,institute
340837,incertitude
340837,lovecraftian
379686,sports
379686,cartoon
379686,basketball
379686,sequel
379686,game
379686,live action and animation
460019,mexico
460019,sacrifice
460019,college
460019,hallucination
460019,rejection
460019,betrayal
460019,demon
460019,game
460019,group of friends
460019,spring break
460019,doppelgänger
460019,truth or dare
460019,vulnerability
460019,magic ritual
569547,video game
569547,technology
569547,choice
569547,time loop
569547,free will
569547,british noir
569547,tech noir
569547,programmer
569547,interactive
569547,choose your own adventure
569547,video game development
882598,suicide
882598,new jersey
882598,post-traumatic stress disorder (ptsd)
882598,therapist
882598,detective
882598,paranoia
882598,trauma
882598,curse
882598,hospital
882598,doctor
882598,mental illness
882598,evil
882598,self-harm
882598,demonic
882598,smile
882598,supernatural horror
882598,based on short film
882598,body horror
882598,psychological horror
882598,horror
1054867,rebellion
1054867,based on novel or book
1054867,resistance
1054867,usa–mexico border
1054867,riot
1054867,interracial relationship
1054867,on the run
1054867,xenophobia
1054867,aftercreditsstinger
1054867,missing daughter
1054867,white supremacy
1054867,anti-fascism
1054867,father daughter relationship
1054867,revolutionaries
1054867,african american
1054867,anti-racism
1054867,immigration detention center
529203,sequel
529203,prehistory
529203,aftercreditsstinger
529203,duringcreditsstinger
529203,candid
529203,playful
529203,3d animation
529203,joyous
529203,admiring
529203,adoring
529203,bold
529203,enthusiastic
345911,suicide
345911,sibling relationship
345911,darkness
345911,supernatural
345911,paranormal phenomena
345911,basement
345911,evil spirit
345911,parenthood
345911,mental illness
345911,mental asylum
345911,fear of the dark
345911,ghost
345911,light sensitivity
345911,jump scare
345911,supernatural horror
345911,based on short film
345911,suspenseful
301337,future
301337,computer
301337,therapist
301337,married couple
301337,shrinking
301337,crowd
301337,speculative
301337,meditative
301337,caucasian
301337,thoughtful
301337,reflective
301337,pc
301337,procedure
301337,loving
301337,inspirational
301337,grand
301337,provocative
301337,direct
301337,dramatic
301337,sentimental
301337,awestruck
301337,bold
301337,dignified
301337,euphoric
301337,exhilarated
301337,hopeful
301337,powerful
522402,post-apocalyptic future
522402,survival
522402,robot
522402,taunting
522402,questioning
522402,journey
522402,speculative
522402,humanity
522402,unassuming
522402,reflective
522402,wistful
522402,provocative
522402,witty
522402,sinister
522402,whimsical
522402,pretentious
522402,sincere
522402,skeptical
522402,straightforward
522402,sympathetic
522402,tragic
522402,vibrant
950396,isolation
950396,paranoia
950396,fog
950396,tower
950396,elite sniper
950396,trust issues
950396,snipers
950396,long-term observation
950396,unknown threat
950396,mysterious canyon
950396,sci‑fi romance
950396,espionage mission
950396,surveillance partners
950396,enigmatic environment
950396,survival pressure
950396,restricted zone
1010581,first time
1010581,forbidden love
1010581,stepbrother
1010581,female protagonist
1010581,underage sex
1010581,stepsister
1010581,based on young adult novel
1010581,enemies to lovers
1010581,passion and romance
1010581,car
1010581,step-sibling romance
400535,rescue
400535,central intelligence agency (cia)
400535,corruption
400535,usa–mexico border
400535,sequel
400535,shootout
400535,explosion
400535,brutality
400535,black ops
400535,sign languages
400535,neo-noir
400535,drug war
400535,mexican cartel
400535,covert operations
400535,cartel warfare
426426,"mexico city, mexico"
426426,1970s
426426,middle class
426426,family relationships
426426,black and white
426426,maid
426426,autobiographical
426426,master servant relationship
426426,domestic worker
351460,supernatural
351460,serial killer
351460,based on manga
351460,death
351460,live action remake
438148,1970s
438148,villain
438148,sequel
438148,prequel
438148,spin off
438148,duringcreditsstinger
438148,supervillain
438148,3d animation
438148,amused
438148,derisive
438148,enthusiastic
438148,joyful
670292,artificial intelligence (a.i.)
670292,asia
670292,dystopia
670292,cyberpunk
670292,transhumanism
670292,robot
670292,space station
670292,kids
670292,ex special forces
670292,humanoid robot
670292,missing wife
670292,near future
670292,war against machines
153518,island
153518,pig
153518,villain
153518,eagle
153518,rivalry
153518,based on video game
153518,creature feature
153518,duringcreditsstinger
153518,anger management
153518,animal kingdom
153518,talking animal
153518,bird
153518,3d animation
153518,creature comedy
153518,hilarious
153518,action
153518,amused
153518,bold
153518,enthusiastic
760104,van
760104,pornography
760104,sheriff
760104,war veteran
760104,gas station
760104,shotgun
760104,1970s
760104,texas
760104,alligator
760104,porn star
760104,serial killer
760104,slasher
760104,violent death
760104,porn actress
760104,elderly couple
760104,farm house
760104,isolated farmhouse
760104,existentialism
760104,adult filmmaking
760104,televangelist
760104,intimate
760104,pastiche
760104,compassionate
752623,kidnapping
752623,romcom
752623,writer
752623,model
752623,novelist
752623,lost treasure
752623,duringcreditsstinger
752623,lost civilization
752623,book tour
752623,book
396371,new york city
396371,court
396371,poker
396371,gambling
396371,bratva (russian mafia)
396371,olympic games
396371,fbi
396371,biography
396371,arrest
396371,based on true story
396371,celebrity
396371,trial
396371,beating
396371,lawyer
396371,female protagonist
396371,"los angeles, california"
396371,courtroom
396371,ice skating
396371,snow skiing
396371,card playing
396371,employer employee relationship
396371,courtroom drama
396371,high stakes
396371,mob
396371,father daughter relationship
396371,introspective
396371,admiring
615656,based on novel or book
615656,deep sea
615656,sequel
615656,underwater
615656,shark
615656,kaiju
615656,civil action
615656,animal horror
615656,mariana trench
615656,environmental crisis
615656,shark cage
615656,megalodon
270487,journalist
270487,ransom
270487,cat
270487,kidnapping
270487,ancient rome
270487,film in film
270487,disappearance
270487,hollywood
270487,whodunit
270487,period drama
270487,filmmaking
270487,movie star
270487,1950s
270487,old hollywood
270487,farcical
270487,frustrated
300671,central intelligence agency (cia)
300671,based on novel or book
300671,libya
300671,assault rifle
300671,mercenary
300671,heroism
300671,biography
300671,based on true story
300671,explosion
300671,american abroad
300671,death
300671,u.s. ambassador
298250,sadism
298250,gore
298250,sequel
298250,flashback
298250,torture
298250,death
298250,survival horror
298250,death match
298250,suicide by hanging
298250,disguised voice
298250,mind game
298250,abduction
298250,death game
298250,sadistic horror
986056,new york city
986056,superhero
986056,anti hero
986056,villain
986056,based on comic
986056,super power
986056,superhero team
986056,mental health
986056,aftercreditsstinger
986056,duringcreditsstinger
986056,marvel cinematic universe (mcu)
986056,congressman
986056,father daughter relationship
986056,impeachment
986056,survivor's guilt
986056,teamwork
986056,ragtag
986056,band of misfits
986056,epic heroes
455207,based on novel or book
455207,professor
455207,singapore
455207,wedding
455207,east asian lead
455207,wealthy family
455207,asian american
746036,"sydney, australia"
746036,movie business
746036,stuntman
746036,missing person
746036,aftercreditsstinger
746036,duringcreditsstinger
746036,action comedy
746036,based on tv series
884605,friendship
884605,older woman seduces younger guy
884605,romcom
884605,summer
884605,new york state
884605,teen comedy
884605,hometown
884605,bankruptcy
884605,craigslist
884605,animal shelter
884605,socially awkward
884605,uber
884605,late coming of age
884605,nude swimming
884605,graduation party
884605,playful
884605,lighthearted
884605,helicopter parenting
884605,amused
343674,child abuse
343674,based on novel or book
343674,childhood trauma
343674,sorrow
343674,car accident
343674,eclipse
343674,dog
343674,ghost
343674,memoirs
321258,mask
321258,suicide
321258,fire
321258,england
321258,loss of loved one
321258,shower
321258,country house
321258,nanny
321258,murder
321258,mansion
321258,doll
321258,burn victim
321258,secret passageway
321258,broken mirror
321258,tense
346672,martial arts
346672,sword
346672,vampire
346672,hybrid
346672,ambition
346672,sequel
346672,betrayal
346672,conspiracy
346672,werewolf
346672,gothic
346672,uzi
346672,dark fantasy
346672,woman director
346672,urban gothic
346672,assertive
346672,ominous
576845,"london, england"
576845,nightmare
576845,go-go dancer
576845,time travel
576845,nostalgia
576845,fashion designer
576845,murder
576845,soho london
576845,burlesque
576845,clairvoyant
576845,fashion design
576845,mysterious
576845,1960s
576845,somber
576845,mirror
576845,pub
576845,psychological horror
576845,suspenseful
576845,amused
576845,audacious
301365,jealousy
301365,photographer
301365,psychopath
301365,obsession
301365,necrophilia
301365,motel
301365,narcissism
301365,manipulation
301365,seduction
301365,surrealism
301365,swimming pool
301365,rivalry
301365,murder
301365,fame
301365,teenage girl
301365,"los angeles, california"
301365,bathtub
301365,lust
301365,model
301365,cannibal
301365,fashion
301365,eyeball
301365,mortuary
301365,body image
301365,neon light
301365,disturbed
301365,shocking
301365,complex
301365,violence
301365,bold
301365,exuberant
646385,mask
646385,california
646385,attempted murder
646385,halloween
646385,hallucination
646385,sequel
646385,murder
646385,serial killer
646385,hospital
646385,slasher
646385,whodunit
646385,killing spree
646385,hometown
646385,self-referential
646385,reboot
646385,crime spree
646385,illegitimate child
646385,murder mystery
646385,legacy
646385,fandom
646385,copycat killer
646385,generation z
646385,murder spree
646385,sister sister relationship
646385,retired cop
646385,return to hometown
481848,based on novel or book
481848,affectation
481848,gold rush
481848,alaska
481848,dog
481848,sled dogs
481848,dog sled
481848,"yukon, canada"
481848,19th century
481848,pets
481848,appreciative
614934,rock 'n' roll
614934,biography
614934,singer
614934,music business
614934,rock singer
614934,1950s
614934,famous song
614934,joyous
614934,apathetic
614934,joyful
614934,biographical
614934,biopic
617653,rape
617653,based on novel or book
617653,castle
617653,male friendship
617653,"normandy, france"
617653,based on true story
617653,trial
617653,battlefield
617653,knight
617653,duel
617653,battle
617653,historical
617653,catholic
617653,sword duel
617653,rape and revenge
617653,historical drama
617653,trial by combat
617653,nobleman
617653,squire
617653,14th century
617653,knighthood
617653,medieval france
617653,medieval times
617653,conceited
419479,babysitter
419479,bully
419479,crush
419479,corpse
419479,satanic ritual
419479,satanic cult
419479,spin the bottle
419479,awestruck
713704,sibling relationship
713704,pregnancy
713704,supernatural
713704,earthquake
713704,gore
713704,sequel
713704,"los angeles, california"
713704,demon
713704,spin off
713704,evil
713704,book of the dead
713704,evil dead
713704,necronomicon
713704,reboot
713704,demonic possession
713704,motherhood
713704,sisterhood
713704,sister sister relationship
713704,supernatural horror
713704,mischievous
713704,body horror
713704,apartment
713704,furious
713704,assertive
713704,audacious
713704,disgusted
713704,frightened
713704,harsh
423204,usa president
423204,sequel
423204,secret service
423204,framed for a crime
423204,terrorist plot
423204,assassination attempt
423204,survivalism
423204,u.s. secret service agent
423204,manhunt
423204,father son relationship
423204,intense
423204,audacious
423204,mean spirited
446021,vietnam war
446021,post-traumatic stress disorder (ptsd)
446021,casino
446021,hippie
446021,audio tape
446021,motel
446021,jukebox
446021,concierge
446021,richard nixon
446021,payphone
446021,storm
446021,vacuum cleaner
446021,slot machine
446021,ruse
446021,motel room
446021,neo-noir
446021,1960s
446021,complex
446021,lake tahoe
446021,intense
446021,scathing
426063,cold
426063,based on novel or book
426063,vampire
426063,necrophilia
426063,eroticism
426063,possession
426063,würzburg
426063,remake
426063,gothic horror
426063,gothic
426063,desire
426063,somnambulism
426063,plague
426063,19th century
426063,dread
426063,gothic romance
426063,drinking blood
426063,supernatural horror
426063,dracula
426063,grimdark
426063,period piece
426063,1830s
426063,nightmares
426063,incredulous
426063,bold
1008042,suicide
1008042,trauma
1008042,possession
1008042,female friendship
1008042,addiction
1008042,grief
1008042,female protagonist
1008042,death of mother
1008042,self mutilation
1008042,mental health
1008042,found footage
1008042,dead parent
1008042,social media
1008042,peer pressure
1008042,disembodied hand
1008042,generation z
1008042,self-harm
1008042,supernatural horror
1008042,cautionary tale
1008042,adelaide australia
1008042,body horror
1008042,teenager
1008042,modern australia
448119,ship
448119,island
448119,based on novel or book
448119,victorian england
448119,doctor
448119,based on children's book
448119,animals
448119,veterinary
448119,talking to animals
448119,voyage
399170,sibling relationship
399170,north carolina
399170,cockroach
399170,heist
399170,race car driver
399170,nascar
399170,prison break
718789,time warp
718789,villain
718789,time travel
718789,space travel
718789,alien life-form
718789,alien planet
718789,stranded
718789,spin off
718789,aftercreditsstinger
718789,duringcreditsstinger
718789,origin story
718789,3d animation
718789,amused
718789,pixar
696506,based on novel or book
696506,dark comedy
696506,space travel
696506,betrayal
696506,alien planet
696506,creature
696506,space adventure
696506,human clone
696506,spaceship
696506,2050s
696506,futuristic world
696506,colonial workforce
696506,clone technology
696506,frozen world
696506,authoritarian leader
696506,expendable worker
1078605,witch
1078605,small town
1078605,"pennsylvania, usa"
1078605,ritual
1078605,junkie
1078605,teacher
1078605,trance
1078605,witchcraft
1078605,clown makeup
1078605,multiple storylines
1078605,bullied
1078605,folk horror
1078605,dark fairy tale
1078605,unstable cop
1078605,supernatural horror
1078605,mysterious disappearance
1078605,spell
1078605,psychological horror
1078605,mystery
1078605,evil aunt
1078605,missing children
521029,supernatural
521029,halloween
521029,babysitter
521029,sequel
521029,priest
521029,spin off
521029,doll
521029,creepy doll
521029,jump scare
521029,possessed doll
521029,supernatural power
313297,japan
313297,samurai
313297,magic
313297,forgiveness
313297,stop motion
313297,storytelling
313297,origami
313297,feudal japan
313297,mother son relationship
313297,3d animation
615777,elephant
615777,gambling
615777,gambling debt
615777,movie business
615777,orgy
615777,cocaine
615777,affectation
615777,melancholy
615777,champagne
615777,alcoholism
615777,hollywood
615777,alcoholic
615777,filmmaking
615777,movie star
615777,silent film star
615777,1920s
615777,old hollywood
615777,fading star
615777,sex
615777,grand
615777,absurd
615777,ambiguous
615777,amused
580175,friendship
580175,experiment
580175,"copenhagen, denmark"
580175,alcohol
580175,melancholy
580175,alcoholism
580175,family relationships
580175,teacher
580175,drunk
580175,teacher student relationship
580175,intoxication
580175,social pressure
580175,pressure to perform
580175,wistful
580175,hilarious
347031,beach
347031,friends
347031,survival
347031,dead body
347031,corpse
347031,deserted island
347031,buddy comedy
347031,fart
926393,italy
926393,investigation
926393,camorra
926393,organized crime
926393,vigilante justice
926393,personal redemption
926393,retired operative
926393,mafia retaliation
926393,quiet town under threat
926393,brutal takedowns
926393,criminal intimidation
926393,community protection
926393,mysterious outsider
926393,crime‑ridden territory
926393,calm before violence
136799,friendship
136799,hunger
136799,villain
136799,musical
136799,based on toy
136799,troll
136799,aftercreditsstinger
136799,duringcreditsstinger
136799,quest
136799,kids
136799,3d animation
136799,jukebox musical
136799,lighthearted
136799,cheerful
587792,alcohol
587792,cave
587792,time travel
587792,earthquake
587792,romcom
587792,swimming pool
587792,drug use
587792,palm springs
587792,time loop
587792,nemesis
587792,wedding
587792,maid of honor
587792,carefree
587792,older sister
587792,groundhog day
587792,stuck
308531,sibling relationship
308531,turtle
308531,based on comic
308531,sequel
308531,ninja
308531,rat
308531,excited
617126,strong woman
617126,saving the world
617126,superhero
617126,based on comic
617126,end of the world
617126,super power
617126,superhero team
617126,alternative reality
617126,aftercreditsstinger
617126,duringcreditsstinger
617126,marvel cinematic universe (mcu)
617126,silver surfer
617126,1960s
617126,retrofuturism
617126,teamwork
617126,casual
617126,romantic
617126,antagonistic
617126,awestruck
617126,enthusiastic
617126,team dynamics
617126,power awakening
617126,planet devourer
617126,cosmic entity
400617,"london, england"
400617,husband wife relationship
400617,obsession
400617,dressmaker
400617,fashion designer
400617,muse
400617,doctor
400617,wedding
400617,fashion
400617,fashion show
400617,haute couture
400617,fictional biography
400617,1950s
400617,calm
400617,fashion industry
400617,brother sister relationship
400617,romantic
371638,immigrant
371638,jealousy
371638,based on novel or book
371638,ambition
371638,biography
371638,based on true story
371638,behind the scenes
371638,disaster
371638,hollywood
371638,desire
371638,aftercreditsstinger
371638,duringcreditsstinger
371638,wealthy man
371638,strange behavior
371638,strange person
371638,socially awkward
371638,film production
1062722,monster
1062722,based on novel or book
1062722,supernatural
1062722,halloween
1062722,identity crisis
1062722,surgeon
1062722,mad scientist
1062722,reanimation
1062722,gothic horror
1062722,father son relationship
1062722,mother son relationship
1062722,frankenstein
1062722,excited
1062722,tragic creature
1062722,moral transgression
1062722,forbidden science
1062722,unnatural life
582014,psychopath
582014,coffee shop
582014,ohio
582014,sociopath
582014,revenge
582014,predator turns victim
582014,childhood friends
582014,rape and revenge
582014,woman director
582014,medical school
582014,pediatrician
582014,barista
582014,sexual predator
582014,nice guy
582014,prosocial psychopath
582014,transgender
582014,audacious
582014,sardonic
340102,superhero
340102,mutant
340102,based on comic
340102,superhero team
340102,captivity
340102,psychological drama
340102,suspenseful
340102,tense
340102,audacious
514847,dark comedy
514847,gore
514847,satire
514847,survival
514847,murder
514847,survival horror
514847,political
514847,death game
456740,"london, england"
456740,countryside
456740,secret society
456740,based on comic
456740,reboot
456740,aftercreditsstinger
456740,duringcreditsstinger
456740,aggressive
456740,"tijuana, mexico"
456740,nazi occultism
456740,father son relationship
456740,lucha libre
456740,baba yaga
456740,ailuranthropy
456740,arthurian mythology
406759,moon
406759,looting
406759,space travel
406759,flooding
406759,lost civilisation
406759,alien life-form
406759,stepfather
406759,end of the world
406759,disaster
406759,alternate history
406759,apocalypse
406759,armageddon
406759,astronaut
406759,space shuttle
406759,disaster movie
406759,trapped in space
406759,conspiracy theorist
406759,excited
406759,moon falling
594767,superhero
594767,sequel
594767,end of the world
594767,super power
594767,aftercreditsstinger
594767,duringcreditsstinger
594767,dc extended universe (dceu)
594767,teenager
594767,joyous
594767,amused
499932,small town
499932,suicide
499932,sheriff
499932,based on novel or book
499932,war veteran
499932,gun
499932,ohio
499932,west virginia
499932,murder
499932,serial killer
499932,photograph
499932,church
499932,gothic
499932,madness
499932,post world war ii
499932,reverend
499932,violence
417678,based on novel or book
417678,nurse
417678,isolation
417678,love
417678,neighbor
417678,teenage girl
417678,air
417678,teenage love
417678,illness
417678,sheltered
417678,taking a risk
417678,based on young adult novel
1368337,ship
1368337,trojan war
1368337,greek mythology
1368337,historical fiction
1368337,ancient world
1368337,period drama
1368337,"based on song, poem or rhyme"
1368337,greek history
1368337,voyage
1368337,peplum
1368337,ancient
1368337,trojan horse
1368337,mediterranean sea
1368337,bronze age
1368337,mythical
1368337,odyssey
1368337,sword and sandal
1368337,epic fantasy
600354,"london, england"
600354,loss of sense of reality
600354,flat
600354,dementia
600354,mistaken identity
600354,alzheimer's disease
600354,based on play or musical
600354,old man
600354,memory loss
600354,elderly man
600354,caregiving
600354,father daughter relationship
600354,anxious
600354,caregiver patient relationship
600354,fading memories
600354,old age
600354,ghoulish
937278,friendship
937278,based on novel or book
937278,suicide attempt
937278,flashback
937278,remake
937278,miscarriage
937278,new neighbor
937278,social media
937278,forced retirement
937278,death of wife
937278,bus accident
937278,real estate developer
937278,grumpy man
937278,loss of wife
937278,transgender
937278,grief and remembrance
937278,angry old man
1234821,island
1234821,secret mission
1234821,tyrannosaurus rex
1234821,spinosaurus
1234821,sequel
1234821,stranded
1234821,dinosaur
1234821,family
1234821,genetic experiment
1234821,mosasaurus
1234821,indifferent
278924,assassin
278924,sequel
278924,murder
278924,mechanic
278924,killer
278924,around the world
512196,psychopath
512196,college
512196,sequel
512196,murder
512196,time loop
512196,slasher
512196,university
512196,aftercreditsstinger
512196,stabbed to death
267935,"london, england"
267935,england
267935,queen
267935,little girl
267935,orphan
267935,cannibal
267935,based on children's book
267935,giant
267935,candid
267935,evil brother
267935,live action remake
267935,comforting
429197,"washington dc, usa"
429197,the white house
429197,politics
429197,war on terror
429197,biography
429197,iraq war
429197,9/11
429197,vice president
429197,usa politics
1226863,galaxy
1226863,friendship
1226863,sibling relationship
1226863,space travel
1226863,sequel
1226863,space
1226863,based on video game
1226863,buddy comedy
1226863,aftercreditsstinger
1226863,duringcreditsstinger
1226863,space adventure
1226863,father son relationship
1226863,parallel universe
1226863,brother brother relationship
1226863,talking animal
1226863,magic land
1226863,3d animation
1226863,adoring
1011985,martial arts
1011985,kung fu
1011985,china
1011985,villain
1011985,sequel
1011985,panda
1011985,anthropomorphism
1011985,chameleon
1011985,female villain
1011985,wuxia
1011985,3d animation
1011985,joyous
1011985,enthusiastic
1011985,joyful
384521,experiment
384521,disorientation
384521,alien
384521,space
384521,scientist
384521,space station
384521,parallel universe
384521,alternate universe
384521,spaceship
695721,daughter
695721,based on novel or book
695721,arena
695721,fight
695721,mentor
695721,dystopia
695721,riot
695721,exploration
695721,president
695721,prequel
695721,survival
695721,murder
695721,snow
695721,creature
695721,battle
695721,fight to the death
695721,young adult
695721,origin story
695721,based on young adult novel
695721,death game
695721,teenager
504949,biography
504949,based on true story
504949,hundred years' war
504949,historical fiction
504949,british history
504949,mentor protégé relationship
504949,king of england
504949,costume drama
504949,15th century
504949,british monarchy
504949,medieval england
504949,father son relationship
504949,medieval france
572802,superhero
572802,secret society
572802,half-brother
572802,sequel
572802,revenge
572802,dysfunctional relationship
572802,dc extended universe (dceu)
572802,ancient evil
572802,underwater world
572802,vengeance
572802,brother brother relationship
458576,giant monster
458576,female soldier
458576,another dimension
458576,bow and arrow
458576,based on video game
458576,swordswoman
458576,dimensional travel
458576,somber
458576,ambiguous
458576,bold
458576,exuberant
458576,objective
458576,vibrant
1242898,sequel
1242898,survival
1242898,outcast
1242898,alien planet
1242898,spin off
1242898,casual
1242898,team up
1242898,vibrant
1242898,hostile alien wilderness
1242898,relentless hunt
1242898,intense creature combat
1242898,deadly pursuit
1242898,invisible predator
1242898,territorial threat
1242898,unexpected alliances
1242898,hostile terrain
1242898,unknown world
1242898,deadly environment
1242898,hunter vs hunted
1242898,stealth pursuit
399361,peru
399361,cocaine
399361,amazon rainforest
399361,survival
399361,drug cartel
399361,drug lord
399361,andes mountains
399361,ex special forces
399361,treasure heist
258230,dreams
258230,monster
258230,based on novel or book
258230,nightmare
258230,grandparent grandchild relationship
258230,truth
258230,tree
258230,artist
258230,bullying
258230,terminal illness
258230,bully
258230,cancer
258230,disease
258230,grandmother
609681,hero
609681,superhero
609681,space travel
609681,based on comic
609681,sequel
609681,teenage girl
609681,female protagonist
609681,aftercreditsstinger
609681,duringcreditsstinger
609681,marvel cinematic universe (mcu)
609681,woman director
609681,space adventure
609681,foreboding
458423,greece
458423,musical
458423,romcom
458423,sequel
458423,greek island
458423,aftercreditsstinger
458423,estranged mother
458423,long lost love
458423,jukebox musical
458423,estranged grandparent
458423,abba
458423,celebratory
458423,joyful
458423,vibrant
449563,new york city
449563,satire
449563,romcom
449563,parody
449563,romance
449563,spoof
449563,low self esteem
449563,alternative present
449563,alternative world
449563,censored profanity
449563,absurd
449563,amused
449563,ridiculous
906126,rescue
906126,friendship
906126,based on novel or book
906126,prayer
906126,1970s
906126,brotherhood
906126,based on true story
906126,rugby
906126,uruguay
906126,struggle for survival
906126,mountain climbing
906126,inspiring
906126,andes mountains
906126,historical drama
906126,plane crash
906126,dark
906126,cannibalism
906126,cine uruguayo
906126,wilderness survival
401104,smoking
401104,arizona
401104,artist
401104,restaurant
401104,anorexia
401104,"los angeles, california"
401104,pregnant woman
401104,therapy
401104,eating disorder
974576,vatican (holy see)
974576,pope
974576,religion
974576,election
974576,roman catholic church
974576,catholicism
974576,cardinal
974576,philosophical
974576,papal conclave
974576,introspective
974576,provocative
974576,conspiracy thriller
974576,critical
974576,catholic monarchs
974576,intense
974576,comforting
443791,monster
443791,self sacrifice
443791,deep sea
443791,animal attack
443791,giant monster
443791,earthquake
443791,survival
443791,nuclear explosion
443791,disaster
443791,cryptozoology
443791,female protagonist
443791,underwater
443791,survival horror
443791,animal killing
443791,creature feature
443791,mechanical engineering
443791,researcher
443791,trapped underwater 
443791,lovecraftian
443791,humanoid alien
443791,2050s
457799,prison
457799,based on novel or book
457799,biography
457799,based on true story
457799,cincinnati
457799,serial killer
173897,helicopter
173897,monster
173897,underground
173897,dystopia
173897,mutant
173897,post-apocalyptic future
173897,sequel
173897,end of the world
173897,female soldier
173897,zombie
173897,armageddon
173897,based on video game
173897,heroine
381289,based on novel or book
381289,human animal relationship
381289,reincarnation
381289,dog
381289,pets
531309,husband wife relationship
531309,countryside
531309,child murder
531309,country life
531309,"kansas, usa"
531309,super power
531309,super villain
531309,father son relationship
531309,mother son relationship
397837,based on novel or book
397837,time loop
397837,female protagonist
397837,mumblecore
397837,teen drama
397837,based on young adult novel
419478,"seattle, washington"
419478,sunlight
419478,terminal illness
419478,singer
419478,best friend
419478,homeschooling
419478,dead mother
419478,swimming
419478,teenage daughter
419478,railway station
419478,boyfriend girlfriend relationship
419478,athletic scholarship
419478,protective father
419478,teenage romance
419478,busker
419478,rare disease
419478,medical problem
899082,reunion
899082,fantasy world
899082,social gathering
899082,college reunion
899082,cinema history
980489,sports
980489,based on true story
980489,racing
980489,based on video game
980489,aftercreditsstinger
980489,duringcreditsstinger
980489,motorsport
980489,awestruck
980489,enthusiastic
980489,hopeful
980489,persuasive
433808,robbery
433808,monster
433808,based on novel or book
433808,nightmare
433808,sweden
433808,hiking
433808,scandinavia
433808,forest
433808,friends
433808,grief
433808,murder
433808,cabin
433808,guilt
433808,survival horror
433808,pagan
433808,norse mythology
433808,guilty conscience
433808,folk horror
433808,lost in the woods
433808,amused
762441,escape
762441,cat
762441,alien
762441,prequel
762441,survival
762441,survivalist
762441,fear
762441,alien invasion
762441,spin off
762441,survival horror
762441,alien monster
762441,noise
762441,silence
762441,quiet
762441,sci-fi horror
455980,based on true story
455980,travel
455980,game
455980,group of friends
455980,classmates
674324,friendship
674324,island
674324,donkey
674324,dark comedy
674324,irish civil war (1922-23)
674324,church
674324,ireland
674324,drinking
674324,former best friend
674324,self mutilation
674324,fiddle
674324,1920s
674324,brother sister relationship
674324,pub
400650,"london, england"
400650,based on novel or book
400650,magic
400650,nanny
400650,musical
400650,family relationships
400650,sequel
400650,animated scene
400650,female protagonist
400650,housekeeper
400650,family
400650,discipline
400650,depression era
400650,live action and animation
400650,1930s
644495,marriage crisis
644495,italy
644495,biography
644495,based on true story
644495,fashion designer
644495,murder
644495,fashion
644495,failing marriage
644495,1980s
644495,1990s
644495,rich family
644495,gucci
644495,apathetic
644495,dubious
449443,police brutality
449443,detective
449443,fbi
449443,assault rifle
449443,deputy sheriff
449443,investigation
449443,strip club
449443,donut
449443,heist
449443,shootout
449443,"los angeles, california"
449443,divorce
449443,bank robbery
449443,hostage situation
449443,death
449443,ex-marine
449443,security
449443,armored truck
449443,ex military
449443,aggressive
449443,domineering
449443,donut shop
449443,bar
449443,intense
353616,sequel
353616,singer
353616,acapella
353616,uso
157433,husband wife relationship
157433,countryside
157433,based on novel or book
157433,cat
157433,remake
157433,tragedy
157433,maine
157433,zombie
157433,pet cemetery
157433,indian burial ground
157433,neighbor neighbor relationship
157433,pets
157433,father daughter relationship
157433,traumatized woman
913290,monster
913290,sexual abuse
913290,paranoia
913290,flashback
913290,basement
913290,serial killer
913290,duringcreditsstinger
913290,paranoid
913290,airbnb
913290,abduction
913290,metoo
913290,secret room
913290,ghoulish
501929,man vs machine
501929,technology
501929,dysfunctional family
501929,family relationships
501929,family drama
501929,father daughter conflict
501929,evil robot
501929,3d animation
501929,cheerful
597208,infidelity
597208,based on novel or book
597208,love triangle
597208,tarot cards
597208,mentor
597208,hustler
597208,lie
597208,supernatural
597208,carnival
597208,con artist
597208,murder
597208,fugitive
597208,alcoholic
597208,grifter
597208,séance
597208,carny
597208,neo-noir
597208,freak show
597208,1940s
597208,spiritism
597208,mentalist
597208,violence
393519,vegetarian
393519,meat
393519,hazing
393519,university
393519,cannibal
393519,lgbt
393519,peer pressure
393519,woman director
393519,vegetarianism
393519,sister sister relationship
393519,cannibalism
393519,body horror
393519,provocative
462919,loser
462919,based on play or musical
462919,texting
462919,stage adaptation
462919,catfishing
462919,ugly girl
462919,popular girl
462919,high school drama
915935,husband wife relationship
915935,winter
915935,bisexuality
915935,moral conflict
915935,autopsy
915935,blind
915935,courtroom
915935,lgbt
915935,death of husband
915935,woman director
915935,moral dilemma
915935,courtroom drama
915935,mother son relationship
915935,introspective
915935,bisexual woman
915935,grenoble
915935,suspenseful
915935,intense
915935,amused
915935,human mystery
581734,factory worker
581734,van
581734,based on novel or book
581734,nevada
581734,recession
581734,homelessness
581734,road trip
581734,unemployment
581734,recreational vehicle
581734,road movie
581734,death of husband
581734,western usa
581734,woman director
581734,nomad
581734,reflective
581734,late stage capitalism
581734,intimate
581734,comforting
511987,florida
511987,hurricane
511987,animal attack
511987,alligator
511987,creature
511987,flood
511987,animal horror
511987,crawlspace
511987,father daughter relationship
573435,"miami, florida"
573435,sequel
573435,police headquarter
573435,on the run
573435,police detective
573435,buddy cop
573435,buddy comedy
573435,aftercreditsstinger
573435,police manhunt
573435,high-speed chase
573435,adrenaline
573435,criminal hideout
573435,public scandal
573435,wrongful accusation
939243,moon
939243,sequel
939243,based on video game
939243,psychotic
939243,dual role
939243,aftercreditsstinger
939243,duringcreditsstinger
939243,hedgehog
939243,live action and animation
939243,complex
939243,grandfather grandson relationship
939243,animal human friendship
939243,anthropomorphic animal
939243,bold
939243,enthusiastic
939243,sonic cinematic universe
555604,based on novel or book
555604,italy
555604,fascism
555604,greed
555604,woodcutter
555604,musical
555604,puppet
555604,benito mussolini
555604,stop motion
555604,dark fantasy
555604,duringcreditsstinger
555604,1940s
555604,wooden dummy
555604,3d animation
516486,submarine
516486,allies
516486,atlantic ocean
516486,world war ii
516486,based on true story
516486,biting
516486,convoy
516486,battleship
516486,naval warfare
516486,naval battleship
516486,tense
180863,prison
180863,friendship
180863,based on novel or book
180863,fight
180863,scotland
180863,blackmail
180863,heroin
180863,drug addiction
180863,junkie
180863,cocaine
180863,nightclub
180863,"edinburgh, scotland"
180863,addiction
180863,sequel
180863,prison escape
180863,revenge
180863,extortion
180863,theft
180863,bar fight
180863,social realism
180863,council estate
180863,bulgarian
556984,"chicago, illinois"
556984,right and justice
556984,political activism
556984,black panther party
556984,based on true story
556984,black activist
556984,counter-culture
556984,historical fiction
556984,activist
556984,1960s
556984,courtroom drama
556984,legal drama
556984,critical
556984,amused
556984,assertive
1064213,new year's eve
1064213,new york city
1064213,marriage
1064213,boardwalk
1064213,baptism
1064213,strip club
1064213,coney island
1064213,female protagonist
1064213,mansion
1064213,class differences
1064213,las vegas
1064213,lap dance
1064213,home invasion
1064213,drunk
1064213,sexual desire
1064213,"brooklyn, new york city"
1064213,screwball comedy
1064213,new york subway
1064213,hedonism
1064213,immaturity
1064213,city hall
1064213,exotic dancer
1064213,sex worker
1064213,naive children
1064213,female stripping
1064213,meddling parents
1064213,annulment
1064213,sex work
1064213,strip show
1064213,russian oligarch
1064213,sex
1064213,independent film
1064213,party
1064213,female rage
1064213,vegas wedding
1064213,romantic dramedy
1064213,cinderella story
1064213,brighton beach
1084242,snake
1084242,bunny
1084242,fox
1084242,cop
1084242,sequel
1084242,anthropomorphism
1084242,animals
1084242,displacement
1084242,buddy cop
1084242,buddy comedy
1084242,complex
1084242,playful
1084242,talking animal
1084242,3d animation
1084242,embarrassed
1084242,excited
940721,monster
940721,loss of loved one
940721,giant monster
940721,kamikaze
940721,duty
940721,atomic bomb test
940721,radioactivity
940721,naval combat
940721,reboot
940721,kaiju
940721,macabre
940721,duringcreditsstinger
940721,post war japan
940721,1940s
940721,naval battle
940721,naval battleship
940721,survivor's guilt
940721,found family
940721,godzilla
940721,war orphan
940721,tokusatsu
726209,based on novel or book
726209,blackout
726209,crisis
726209,vacation
726209,deer
726209,apocalypse
726209,armageddon
726209,family
726209,social issues
726209,desperate
726209,anxious
726209,psychological
726209,slow burn
726209,house rental
726209,disheartening
726209,frightened
726209,chilling
412117,new york city
412117,friendship
412117,villain
412117,sequel
412117,dog
412117,talking animal
412117,3d animation
412117,animal adventure
447277,witch
447277,mermaid
447277,musical
447277,based on fairy tale
447277,live action remake
447277,adoring
822119,hero
822119,usa president
822119,the white house
822119,superhero
822119,based on comic
822119,sequel
822119,revenge
822119,superhuman
822119,summit
822119,aftercreditsstinger
822119,marvel cinematic universe (mcu)
822119,sidekick
822119,assassination attempt
822119,political thriller
822119,treaty
822119,international relations
68730,japan
68730,based on novel or book
68730,christianity
68730,missionary
68730,remake
68730,betrayal
68730,torture
68730,martyrdom
68730,crisis of faith
68730,portuguese
68730,jesuits (society of jesus)
68730,curious
68730,17th century
68730,shogunate
68730,religious persecution
68730,reflective
68730,religious icon
68730,apostasy
68730,compassionate
68730,complicated
259694,new york city
259694,based on novel or book
259694,one-night stand
259694,single
378236,villain
378236,parody
378236,3d animation
378236,emoji
818647,based on novel or book
818647,family business 
818647,stalking
818647,class differences
818647,teenage romance
818647,toxic relationship
818647,brothers
818647,family obligations
818647,teenager
519182,superhero
519182,villain
519182,sequel
519182,super villain
519182,aftercreditsstinger
519182,duringcreditsstinger
519182,kids
519182,calm
519182,3d animation
519182,cockroaches
1275779,new york city
1275779,childhood trauma
1275779,alien
1275779,on the run
1275779,kansas city
1275779,mind reading
1275779,alien invasion
1275779,meteorologist
1275779,mysterious
1275779,paranoid
1275779,whistleblower
1275779,conspiracy thriller
1275779,arrogant
543540,adolescence
543540,fake boyfriend
543540,based on young adult novel
882569,ambush
882569,interpreter
882569,afghanistan
882569,rescue mission
882569,afghanistan war (2001-2021)
882569,taliban
882569,behind enemy lines
882569,wounded soldier
882569,war trauma
882569,covenant
934433,mask
934433,new york city
934433,trauma
934433,halloween
934433,college
934433,dark comedy
934433,fake identity
934433,sequel
934433,conspiracy theory
934433,revenge
934433,public murder
934433,murder
934433,social commentary
934433,serial killer
934433,police corruption
934433,slasher
934433,whodunit
934433,multiple stabbings
934433,brutality
934433,killing spree
934433,self-referential
934433,crime spree
934433,aftercreditsstinger
934433,murder mystery
934433,movie fan
934433,copycat killer
934433,generation z
934433,fbi agent
934433,ridiculous
415842,based on novel or book
415842,"rome, italy"
415842,iran
415842,black ops
415842,hand to hand combat
415842,international espionage
415842,revenge mission
415842,cia agent
415842,istanbul
415842,nuclear detonations
415842,u.s. counterintelligence
415842,iran’s president
415842,terrorist cell
415842,geopolitical threat
415842,military compound
917496,afterlife
917496,halloween
917496,haunted house
917496,sequel
917496,paranormal
917496,teenage girl
917496,gothic
917496,death
917496,new england
917496,ghost
917496,unexpected death
917496,mother daughter relationship
917496,fantasy
917496,suburban gothic
917496,surreal visuals
917496,ghoulish humor
1083381,california
1083381,monster
1083381,therapist
1083381,surrealism
1083381,childhood trauma
1083381,alcoholism
1083381,found footage
1083381,1990s
1083381,other dimension
1083381,based on web series
1083381,psychological
1083381,liminal
1083381,body horror
1083381,psychological horror
1083381,liminal space
1083381,analog horror
1083381,sci-fi horror
1083381,bewildered
1083381,foreboding
1083381,liminal horror
491418,court case
491418,social worker
491418,adoption
491418,based on true story
491418,parenting
491418,foster family
491418,amusement park
491418,lgbt
491418,substance abuse
491418,family dog
491418,comforting
950387,friendship
950387,village
950387,surrealism
950387,exploration
950387,portal
950387,miner
950387,friends
950387,survival
950387,zombie
950387,based on video game
950387,aftercreditsstinger
950387,duringcreditsstinger
950387,farming
950387,journey
950387,live action and animation
950387,crafting
950387,imagination
950387,teamwork
950387,fantasy
950387,exuberant
950387,building
1241982,sea
1241982,ocean
1241982,villain
1241982,musical
1241982,sequel
1241982,coming of age
1241982,explorer
1241982,duringcreditsstinger
1241982,polynesia
1241982,giant crab
1241982,seafarer
1241982,3d animation
1241982,hopeful
1241982,female explorer
406563,key
406563,supernatural
406563,medium
406563,halloween
406563,haunted house
406563,sequel
406563,evil spirit
406563,prequel
406563,spirit
406563,demon
406563,1950s
406563,other dimension
406563,insidious
406563,supernatural horror
406563,suspenseful
406563,horror
758323,spain
758323,"rome, italy"
758323,pig
758323,vatican (holy see)
758323,pope
758323,exorcism
758323,possession
758323,conspiracy
758323,devil
758323,exorcist
758323,skepticism
758323,demonic possession
758323,catholic priest
758323,1980s
758323,supernatural horror
525661,biography
525661,based on true story
525661,sexual harassment
525661,television network
525661,tv news anchor
525661,sexual discrimination
525661,2010s
525661,workplace culture
525661,breaking the silence
503314,martial arts
503314,fight
503314,transformation
503314,space battle
503314,alien
503314,alien race
503314,shounen
503314,anime
503314,based on anime
503314,adventure
753342,empire
753342,france
753342,general
753342,biography
753342,napoleon bonaparte
753342,based on true story
753342,napoleonic wars
753342,18th century
753342,19th century
753342,violence
565770,armor
565770,superhero
565770,family relationships
565770,family
565770,high tech
565770,job hunting
565770,mexican american
565770,aftercreditsstinger
565770,duringcreditsstinger
565770,immigrant family
565770,college graduate
565770,dc extended universe (dceu)
565770,alien technology
565770,brother sister relationship
565770,latino
429351,central intelligence agency (cia)
429351,based on novel or book
429351,afghanistan
429351,based on true story
429351,taliban
429351,post 9/11
429351,intense
429351,melodramatic
567748,remake
567748,psychological thriller
567748,police officer
567748,police station
567748,cellular phone trace
567748,phone call
567748,emergency
567748,abduction
567748,wildfire
567748,desk work
567748,alarm dispatch
429200,prison
429200,mentally disabled
429200,new york city
429200,brother
429200,bank robber
429200,wheelchair
429200,on the run
429200,hospital
429200,drugs
429200,foot chase
429200,security guard
429200,amusement park
429200,one night
429200,botched robbery
429200,acid
429200,intimate
429200,intense
429200,compassionate
402431,witch
402431,dancing
402431,based on novel or book
402431,fairy tale
402431,college
402431,wish
402431,musical
402431,female friendship
402431,bullying
402431,based on play or musical
402431,celebrity
402431,prequel
402431,singer
402431,singing
402431,corrupt politician
402431,death in childbirth
402431,fantasy world
402431,wizard
402431,gravity
402431,discrimination
402431,ostracism
402431,woman in wheelchair
402431,lyrical
402431,musical comedy
402431,sister sister relationship
402431,belonging
402431,fantasy
402431,romantic fantasy
438799,france
438799,nazi
438799,village
438799,world war ii
438799,"normandy, france"
438799,d-day
438799,laboratory
438799,german occupation of france
438799,explosion
438799,behind enemy lines
438799,paratrooper
438799,1940s
438799,scientific experiment
438799,black soldier
438799,suspenseful
359410,florida keys
359410,mixed martial arts (mma)
359410,remake
359410,bouncer
359410,fighting
359410,duringcreditsstinger
359410,ufc
359410,lighthearted
551332,vatican (holy see)
551332,pope
551332,based on true story
551332,catholic
551332,roman catholic church
551332,catholicism
551332,cardinal
551332,conclave
551332,papal conclave
551332,sistine chapel
1072790,australia
1072790,hiking
1072790,romcom
1072790,based on play or musical
1072790,law school
1072790,aftercreditsstinger
1072790,duringcreditsstinger
1072790,fake dating
1072790,destination wedding
1072790,comforting
375588,sheriff
375588,affectation
375588,robin hood
375588,archer
375588,sherwood forest
375588,thief
375588,nottingham
375588,steampunk
375588,middle ages (476-1453)
375588,medieval
375588,nostalgic
375588,philosophical
375588,hoodie
375588,inspirational
375588,absurd
375588,dramatic
375588,admiring
375588,adoring
375588,amused
375588,earnest
458897,training
458897,high technology
458897,betrayal
458897,female protagonist
458897,scientist
458897,agent
458897,female agent
458897,reboot
458897,undercover operation
458897,"hamburg, germany"
458897,duringcreditsstinger
458897,woman director
458897,hand to hand combat
458897,"istanbul, turkey"
458897,new recruit
458897,based on tv series
458897,cheerful
458897,joyful
803796,double life
803796,loyalty
803796,supernatural
803796,musical
803796,female friendship
803796,female protagonist
803796,demon
803796,self-doubt
803796,sing-along
803796,girl power
803796,duringcreditsstinger
803796,demon hunter
803796,girl group
803796,boy band
803796,fandom
803796,k-pop
803796,chibi
803796,action comedy
803796,found family
803796,south korea
803796,korean
803796,3d animation
803796,half demon
803796,save the world
803796,self-redemption
803796,ramen noodles
803796,k-pop group
803796,trio
803796,hidden secret
803796,animesque
303858,new york city
303858,wall street
303858,hostage situation
303858,tv show in film
303858,held at gunpoint
303858,nypd
303858,financial crisis
303858,bomb squad
303858,ceo
303858,held hostage
303858,stock market
303858,woman director
303858,tv host
303858,stocks
303858,television / tv studio
303858,financial market
303858,bomb vest
631842,based on novel or book
631842,sacrifice
631842,faith
631842,end of the world
631842,apocalypse
631842,home invasion
631842,lgbt
631842,aftercreditsstinger
631842,adopted child
631842,adopted daughter
631842,gay theme
631842,same sex relationship
631842,religious symbolism
631842,tense
631842,defiant
394117,florida
394117,friendship
394117,parent child relationship
394117,drug addiction
394117,innocence
394117,motel
394117,drug use
394117,coming of age
394117,summer
394117,single mother
394117,social services
394117,prostitute mother
394117,children's perspectives
394117,kids
394117,orlando florida
394117,generation z
394117,lower class
394117,peer relationship
394117,mother daughter relationship
394117,unfit mother
394117,non-professional acting
394117,psychological drama
829280,detective
829280,victorian england
829280,sequel
829280,female detective
829280,sherlock holmes
829280,absurd
829280,depressing
829280,cliché
829280,farcical
845781,rescue
845781,bounty hunter
845781,holiday
845781,kidnapping
845781,santa claus
845781,rescue mission
845781,polar bear
845781,rescue team
845781,christmas
845781,action comedy
845781,christmas eve
845781,defence team
845781,awestruck
845781,enthusiastic
364689,friendship
364689,spain
364689,"madrid, spain"
364689,europe
364689,anthropomorphism
364689,remake
364689,bull
364689,based on children's book
364689,capture
364689,3d animation
364689,joyous
364689,adoring
364689,assertive
364689,cheerful
364689,empathetic
364689,enthusiastic
364689,excited
718821,dying and death
718821,rodeo
718821,climate
718821,tornado
718821,twister
718821,natural disaster
718821,oklahoma
718821,storm chaser
718821,sequel
718821,meteorologist
718821,duringcreditsstinger
718821,disaster movie
718821,weather chasers
718821,social media influencer
718821,youtuber
718821,extreme weather
718821,hilarious
718821,exhilarated
718821,science experiment
314095,based on novel or book
314095,snake
314095,world war i
314095,river
314095,expedition
314095,lost civilisation
314095,tribe
314095,biography
314095,amazon rainforest
314095,colonel
314095,jungle
314095,south america
314095,explorer
314095,journey
314095,1920s
314095,mysterious lands
314095,mischievous
314095,admiring
398173,van
398173,sadism
398173,psychopath
398173,1970s
398173,child murder
398173,architect
398173,artist
398173,visions of hell
398173,flashback
398173,misanthrophy
398173,taxidermy
398173,serial killer
398173,obsessive compulsive disorder (ocd)
398173,photograph
398173,murderer
398173,cruelty
398173,1980s
398173,animal mutilation
398173,grimdark
605116,drugs
605116,super power
605116,force
605116,pills
575265,mask
575265,artificial intelligence (a.i.)
575265,diving
575265,submarine
575265,espionage
575265,spy
575265,nuclear missile
575265,fake identity
575265,secret agent
575265,stunt
575265,sequel
575265,secret government organization
575265,infiltration
575265,terrorist plot
575265,fictional government agency
575265,misinformation
575265,government agency
575265,based on tv series
540901,new york city
540901,hustler
540901,wall street
540901,stripper
540901,based on true story
540901,strip club
540901,exotic dancer
540901,stock market crash
540901,economic crisis
540901,"based on magazine, newspaper or article"
540901,2000s
95610,"london, england"
95610,baby
95610,based on novel or book
95610,love triangle
95610,competition
95610,pregnancy
95610,ex-boyfriend
95610,one-night stand
95610,music festival
95610,woman between two men
95610,forty something
95610,billionaire
95610,unknown father
95610,pregnant woman
95610,aftercreditsstinger
95610,woman director
95610,barrister
398181,hotel
398181,new york city
398181,post-traumatic stress disorder (ptsd)
398181,based on novel or book
398181,childhood trauma
398181,flashback
398181,money
398181,murder
398181,teenage girl
398181,drugs
398181,stakeout
398181,alarm
398181,u.s. senator
398181,phone call
398181,burning photograph
398181,mother son relationship
398181,army veteran
398181,empathetic
398181,parental substitute
930564,suicide
930564,karaoke
930564,obsession
930564,country house
930564,maze
930564,college
930564,dark comedy
930564,birthday party
930564,university
930564,bathtub
930564,lust
930564,gothic
930564,mental illness
930564,lgbt
930564,mental health
930564,bisexual man
930564,eating disorder
930564,woman director
930564,oxford university
930564,family estate
930564,alcohol problems
930564,self-harm
930564,suicide investigation
930564,2000s
930564,gay theme
930564,boys' love (bl)
574475,restaurant
574475,gore
574475,sequel
574475,premonition
574475,family tragedy
574475,near-death experience
574475,1960s
574475,cheating death
574475,supernatural horror
574475,horror
574475,tense
574475,amused
574475,inevitable fate
574475,death’s design
574475,supernatural force
574475,deadly premonition
574475,domino effect
1087192,flying
1087192,vikings (norsemen)
1087192,remake
1087192,dragon
1087192,battle
1087192,warrior
1087192,live action remake
1087192,reminiscent
353070,retiree
353070,old man
353070,bank robbery
353070,retired
353070,elderly
353070,bank heist
585083,monster
585083,vampire
585083,transformation
585083,halloween
585083,sequel
585083,aftercreditsstinger
585083,duringcreditsstinger
585083,human
585083,3d animation
484641,central intelligence agency (cia)
484641,"paris, france"
484641,cold war
484641,kgb
484641,female assassin
484641,lgbt
484641,modeling
484641,professional assassin
484641,1990s
484641,"milan, italy"
542178,art collector
542178,journalist
542178,small town
542178,france
542178,poison
542178,1970s
542178,journalism
542178,editor-in-chief
542178,artist
542178,imprisonment
542178,painter
542178,riot
542178,anthology
542178,magazine
542178,food poisoning
542178,murderer
542178,chef
542178,lecture
542178,post world war ii
542178,child kidnapping
542178,obituary
542178,bicycle tour
542178,poisoning
542178,father son relationship
542178,lighthearted
542178,whimsical
542178,vibrant
610150,android
610150,martial arts
610150,superhero
610150,sequel
610150,attack
610150,based on manga
610150,fighting
610150,aftercreditsstinger
610150,duringcreditsstinger
610150,shounen
610150,anime
610150,3d animation
382591,"london, england"
382591,single parent
382591,parent child relationship
382591,stuntman
382591,remake
382591,parenting
382591,single father
382591,lying
382591,absent parent
382591,frenchman abroad
619730,suburbian idyll
619730,cult
619730,palm springs
619730,psychological thriller
619730,stepford wife
619730,woman director
619730,curious
619730,1950s
619730,cultists
619730,unhappy wife
619730,amused
601666,psychopath
601666,dark comedy
601666,sociopath
601666,guardian
601666,social injustice
601666,ceo
601666,social services
601666,scam artist
601666,female psychopath
601666,abuse of power
601666,social criticism
601666,late stage capitalism
601666,scammer
601666,socialized psychopath
601666,lesbian couple
601666,criminal retaliation
601666,violent intimidation
601666,elderly victim
342470,depression
342470,suicide
342470,"indiana, usa"
342470,post-traumatic stress disorder (ptsd)
342470,based on novel or book
342470,loss
342470,coming of age
342470,love
342470,based on young adult novel
1368166,based on novel or book
1368166,manipulation
1368166,psychological thriller
1368166,housekeeper
1368166,dominance
1368166,attic
1368166,housemaid
1368166,enigmatic
1368166,adaptation
1368166,secret
1368166,mystery
1368166,suspense thriller
1368166,antagonistic
1368166,authoritarian
1368166,cruel
1368166,power shift
1368166,social disparity
420634,halloween
420634,clown
420634,gore
420634,slasher
420634,maniac
420634,killer clown
420634,evil clown
420634,extreme violence
420634,based on short film
420634,independent film
420634,sadistic horror
420634,enraged
889737,based on comic
889737,sequel
889737,madness
889737,mental health
889737,super villain
889737,1980s
889737,prisoner abuse
889737,dark romance
889737,jukebox musical
889737,corrupt officials
823219,ocean
823219,cat
823219,boat
823219,dystopia
823219,survival
823219,dog
823219,ruins
823219,flood
823219,lemur
823219,kids
823219,somber
823219,bird
823219,3d animation
823219,no dialogue
823219,teamwork
823219,fantasy
823219,absurd
823219,capybara
823219,adventure
823219,admiring
823219,complicated
697843,explosive
697843,mercenary
697843,rescue mission
697843,sequel
697843,revenge
697843,georgia europe
697843,criminal underworld
697843,based on graphic novel
697843,behind enemy lines
697843,gritty
697843,violence
697843,survival instinct
697843,family rescue
697843,intense firefights
697843,broken hero
431693,inventor
431693,spy
431693,villain
431693,agent
431693,pigeon
431693,aftercreditsstinger
431693,aggressive
431693,special agent
431693,human becoming an animal
431693,save the planet
431693,3d animation
431693,admiring
431693,enthusiastic
531219,hotel
531219,witch
531219,based on novel or book
531219,alabama
531219,mouse
531219,transformation
531219,halloween
531219,car crash
531219,orphan
531219,based on children's book
531219,1960s
531219,convention
531219,talking animal
531219,cgi-live action hybrid
600583,husband wife relationship
600583,based on novel or book
600583,sadism
600583,sexuality
600583,widow
600583,montana
600583,eroticism
600583,banjo
600583,cigarette
600583,ranch
600583,marriage
600583,bullying
600583,death of father
600583,sexual tension
600583,period drama
600583,masturbation
600583,alcoholic
600583,humiliation
600583,gender roles
600583,cowboy
600583,homoeroticism
600583,lgbt
600583,misogynist
600583,mentor protégé relationship
600583,woman director
600583,medical student
600583,drunkenness
600583,masculinity
600583,aggressive
600583,animal cruelty
600583,1920s
600583,hula hoop
600583,mother son relationship
600583,brother brother relationship
600583,repressed sexuality
600583,gay theme
600583,brothers
600583,homosexuality
600583,20th century
600583,tense
531428,island
531428,fire
531428,beach
531428,arranged marriage
531428,classical music
531428,painting
531428,melancholy
531428,painter
531428,greek mythology
531428,lesbian relationship
531428,person on fire
531428,period drama
531428,lesbian sex
531428,portrait
531428,lgbt
531428,18th century
531428,woman director
531428,abortion
531428,portrait drawing
531428,posing for a portrait
531428,women gathering
531428,women in film
531428,complex
531428,walk
531428,painting lesson
531428,symphony orchestra
531428,lesbian
531428,woman falls in love
531428,vivaldi
531428,women
531428,bitter
531428,admiring
531428,adoring
531428,awestruck
531428,compassionate
531428,empathetic
531428,melodramatic
531428,steamy romance
313922,neo-nazism
313922,swastika
313922,escape
313922,killing
313922,heroin
313922,self-defense
313922,machete
313922,gore
313922,punk rock
313922,"oregon, usa"
313922,cover-up
313922,sociopath
313922,survival
313922,murder
313922,tension
313922,dead body
313922,rock music
313922,pitbull
313922,hard to kill
313922,thug
313922,brutality
313922,drugs
313922,witness to murder
313922,punk band
313922,fire extinguisher
313922,aggressive
313922,music tour
313922,white supremacists
313922,killer dog
313922,eaten by animal
313922,murder by gunshot
313922,mic stand
313922,guns
313922,stabbed
313922,brutal murder
400160,sequel
400160,part live action
400160,based on tv series
400160,3d animation
379149,martial arts
379149,"london, england"
379149,based on novel or book
379149,restaurant owner
379149,ira (irish republican army)
379149,ireland
379149,united kingdom
379149,bomb explosion
379149,grieving father
379149,revenge thriller
379149,hidden past
379149,political conspiracy
379149,personal vendetta
379149,quest for justice
379149,counterterrorism unit
379149,high‑stakes drama
379149,father’s revenge
1032823,concert
1032823,"philadelphia, pennsylvania"
1032823,double life
1032823,escape
1032823,s.w.a.t.
1032823,pop star
1032823,father
1032823,limousine
1032823,celebrity
1032823,trap
1032823,serial killer
1032823,obsessive compulsive disorder (ocd)
1032823,trapped
1032823,mental illness
1032823,sting operation
1032823,mayhem
1032823,father daughter relationship
1032823,plot twist
497828,dark comedy
497828,satire
497828,survival
497828,stranded
497828,cruise ship
497828,class differences
497828,model
497828,gender roles
497828,questioning
497828,sinking ship
497828,food rationing
497828,power struggle
497828,philosophical
497828,satirical
497828,luxury yacht
497828,social media influencer
497828,social climber
497828,critical
497828,wealth inequality
497828,bold
497828,informative
568091,gas station
568091,hospital
568091,doctor
568091,police officer
568091,alcoholic
568091,accident
800158,sniper
800158,new york city
800158,assassin
800158,airport
800158,"paris, france"
800158,hitman
800158,"new orleans, louisiana"
800158,dark comedy
800158,client
800158,product placement
800158,sociopath
800158,revenge
800158,murder
800158,fate
800158,lawyer
800158,brutality
800158,based on graphic novel
800158,character study
800158,perfectionist
800158,hired killer
800158,empathy
800158,dominican republic
800158,assassination attempt
800158,cold blooded killer
800158,detached
800158,"tampa, florida"
800158,satirical
800158,manhunt
800158,international manhunt
800158,precision
800158,gig economy
800158,dark
800158,clinical
800158,psychological
800158,secret
800158,violence
800158,suspenseful
800158,intense
800158,audacious
800158,wry
420814,forest
420814,family
420814,animals
420814,magic realism
420814,childhood
420814,live action and animation
420814,father daughter relationship
420814,live action remake
420814,adulthood
420814,wistful
610253,halloween
610253,sequel
610253,murder
610253,vigilante
610253,serial killer
610253,hospital
610253,slasher
610253,murderer
610253,killer
610253,house fire
610253,reboot
610253,crime spree
610253,vigilantism
610253,escaped killer
610253,murder spree
610253,vigilante justice
610253,sadistic killer
610253,holiday horror
610253,gay character
546121,small town
546121,wheelchair user   
546121,homeschooling
546121,single mother
546121,washington state
546121,prescription medication
546121,physical disability
546121,college applications
546121,munchausen syndrome by proxy
546121,psychological
546121,psychological horror
546121,tense
445651,based on novel or book
445651,dystopia
445651,super power
445651,children on the run
445651,woman director
445651,based on young adult novel
677179,husband wife relationship
677179,"philadelphia, pennsylvania"
677179,sports
677179,deaf
677179,sequel
677179,orphan
677179,former best friend
677179,ex-con
677179,childhood friends
677179,juvenile detention center
677179,boxing
677179,prodigy
677179,intense
677179,assertive
677179,audacious
840326,world war ii
840326,nordic mythology
840326,gold prospector
840326,1940s
840326,finnish mythology
840326,bloody
840326,violence
840326,survival instinct
840326,nazi pursuit
840326,relentless chase
840326,lapland wilderness
840326,ss soldiers
840326,silent warrior
840326,enemy platoon
541671,assassin
541671,tattoo
541671,grenade
541671,austria
541671,training
541671,female protagonist
541671,female assassin
541671,spin off
541671,flamethrower
541671,burning
541671,hunted
541671,burning building
541671,ballerina
541671,gun fight
541671,vengeance
541671,knocked unconscious
541671,sisters
541671,brutal violence
452507,based on novel or book
452507,parent child relationship
452507,greed
452507,ranch
452507,halloween
452507,haunted house
452507,haunting
452507,hallucination
452507,murder
452507,corpse
452507,cynical
452507,guilt
452507,vengeful ghost
452507,farmer
452507,stealing money
452507,hidden corpse
452507,rat
452507,guilty conscience
452507,hopeless
452507,grim
452507,cornfield
452507,adaptation
452507,callous
700391,monster
700391,asteroid
700391,cave
700391,giant monster
700391,prehistory
700391,dinosaur
700391,quicksand
700391,crash landing
700391,alien race
700391,sick child
700391,shipwrecked
700391,man vs nature
700391,father daughter relationship
700391,alien spaceship
459992,journalist
459992,usa president
459992,strong woman
459992,tattoo
459992,politics
459992,babysitter
459992,ejaculation
459992,class differences
459992,drugs
459992,political campaign
459992,male masturbation
459992,first kiss
459992,corrupt politician
459992,presidential candidate
459992,opposites attract
459992,public relations
459992,environmental conservation
459992,political candidate
459992,secretary of state
459992,speech writer
459992,activist
459992,investigative journalist
459992,girl next door
459992,childhood crush
459992,embarrasment
459992,tattooed by gang
459992,recreational drug use
459992,high school crush
459992,powerful woman
459992,corrupt businessman
459992,caught-on-tape
459992,sexy woman
459992,corrupt government
459992,woman politician
459992,erect penis
459992,joke writing
459992,influential woman
740985,presidential election
740985,patriotism
740985,mockery
740985,kazakhstan
740985,satire
740985,hidden camera
740985,sequel
740985,mockumentary
740985,prank
740985,social satire
740985,disguise
740985,satirical
740985,covid-19
740985,hilarious
740985,comedy
740985,admiring
740985,amused
740985,excited
740985,exhilarated
451915,based on novel or book
451915,"san francisco, california"
451915,drug addiction
451915,biography
451915,based on true story
451915,drug rehabilitation
451915,based on memoir or autobiography
451915,father son relationship
451915,psychological drama
451915,aimless youth
1100988,england
1100988,satanism
1100988,cult
1100988,sequel
1100988,survival
1100988,zombie
1100988,survival horror
1100988,satanic cult
1100988,zombie apocalypse
1100988,northumberland
1100988,violence
1100988,lindisfarne
1100988,post-apocalyptic
945729,based on novel or book
945729,"venice, italy"
945729,loss of loved one
945729,detective
945729,medium
945729,sequel
945729,grief
945729,whodunit
945729,investigator
945729,guilt
945729,novelist
945729,post world war ii
945729,murder investigation
945729,ghost
945729,séance
945729,mysterious
945729,murder mystery
945729,spiritism
945729,halloween night
945729,palazzo
945729,retired detective
306947,suicide
306947,husband wife relationship
306947,paranoia
306947,lantern
306947,suspicion
306947,cult
306947,deception
306947,conspiracy
306947,psychological thriller
306947,stabbing
306947,woman director
306947,reunited friends
306947,dinner party
306947,lunatic
306947,death cult
762975,military life
762975,assertive
602269,detective
602269,deputy sheriff
602269,cop
602269,serial killer
602269,crime scene
602269,"los angeles, california"
602269,series of murders
602269,cat and mouse
602269,surveillance
602269,lapd
602269,homicide detective
602269,prime suspect
602269,1990s
602269,unsolved murders
502033,deaf
502033,missouri
502033,drums
502033,heavy metal
502033,addiction
502033,sign languages
502033,hearing impaired
502033,langue des signes
614917,sports
614917,tennis
614917,tennis player
614917,father
614917,based on true story
614917,wimbledon
614917,family
614917,tennis pro
614917,father daughter relationship
614917,coaching
614917,champions
535581,hermit
535581,small town
535581,"pennsylvania, usa"
535581,cemetery
535581,breaking the fourth wall
535581,b movie
535581,zombie
535581,police officer
505948,artificial intelligence (a.i.)
505948,bunker
505948,post-apocalyptic future
505948,robot
505948,human extinction
505948,baffled
417384,small town
417384,based on novel or book
417384,halloween
417384,haunted house
417384,scarecrow
417384,family secrets
417384,urban legend
417384,racism
417384,high school friends
417384,aspiring writer
417384,draft dodger
417384,1960s
417384,folk horror
763215,princess
763215,fire
763215,escape
763215,chase
763215,kingdom
763215,sword
763215,cave
763215,mountain
763215,revenge
763215,survival
763215,knight
763215,dragon
763215,struggle for survival
763215,hero's journey
763215,survive
763215,fairytale
705861,spain
705861,sports
705861,training
705861,basketball
705861,teenage pregnancy
705861,basketball player
705861,opportunity
705861,dramedy
705861,interracial family
388399,"boston, massachusetts"
388399,massachusetts
388399,police chief
388399,based on true story
388399,terrorism
388399,reflective
388399,manhunt
388399,boston marathon
1005331,underdog
1005331,race against time
1005331,telegram
1005331,flight
1005331,"los angeles, california"
1005331,airport security
1005331,christmas eve
1005331,exciting
1005331,los angeles airport (lax)
1005331,imminent threat
1005331,psychological pressure
1005331,security breach
1005331,life‑or‑death stakes
1005331,blackmail plot
1005331,suspicious luggage
1005331,high‑pressure situation
505600,high school
505600,coming of age
505600,house party
505600,buddy
505600,high school student
505600,lgbt
505600,woman director
505600,sisterhood
505600,generation z
505600,teenager
482373,home
482373,invasion
482373,sin
482373,sequel
482373,gunfight
482373,blind
482373,home invasion
482373,criminal
482373,handgun
482373,aftercreditsstinger
482373,blind man
482373,hammer
403119,sibling relationship
403119,diving
403119,shark attack
403119,cage
403119,creature
403119,shark
403119,trapped underwater 
346648,"london, england"
346648,based on novel or book
346648,sequel
346648,bear
346648,train
346648,based on children's book
346648,animals
346648,aging actor
346648,live action and animation
346648,candid
346648,talking animal
346648,cgi-live action hybrid
346648,witty
346648,vibrant
346648,prison drama
395990,robbery
395990,based on novel or book
395990,police
395990,gun
395990,kidnapping
395990,detective
395990,remake
395990,vigilante
395990,shootout
395990,dark hero
395990,criminal
395990,death of wife
395990,father daughter relationship
395990,vigilante justice
395990,provocative
1138194,faith
1138194,control
1138194,sociopath
1138194,religion
1138194,cat and mouse
1138194,held captive
1138194,religious hypocrisy
1138194,mormon missionary
1138194,trapped in a house
1138194,eccentric man
1138194,women of faith
1138194,ideological clash
1138194,psychological predator
804095,high school
804095,husband wife relationship
804095,arizona
804095,bullying
804095,family relationships
804095,coming of age
804095,teenage boy
804095,filmmaking
804095,childhood
804095,semi autobiographical
804095,marital problem
804095,big dreams
804095,father son relationship
804095,mother son relationship
804095,inspirational
804095,comforting
804095,compassionate
804095,empathetic
804095,sympathetic
804095,young filmmaker
812583,dark comedy
812583,sequel
812583,whodunit
812583,murder investigation
812583,murder mystery
812583,upstate new york
812583,web of lies
812583,mystery thriller
812583,hidden motives
812583,clue‑based deduction
812583,high‑society secrets
812583,eccentric detective
812583,manipulative personalities
812583,hidden relationships
812583,isolated mansion
812583,character‑driven mystery
1226578,homicide
1226578,fbi
1226578,religion and supernatural
1226578,haunting
1226578,satanism
1226578,barn
1226578,satanist
1226578,code
1226578,"oregon, usa"
1226578,flashback
1226578,murder
1226578,serial killer
1226578,religion
1226578,female protagonist
1226578,corpse
1226578,series of murders
1226578,violent death
1226578,killing spree
1226578,catholic
1226578,death
1226578,death in family
1226578,occult
1226578,satanic cult
1226578,clairvoyant
1226578,crime spree
1226578,rookie
1226578,crime investigation
1226578,manic
1226578,sadistic psychopath
1226578,unsettling
1226578,scary doll
1226578,accomplice
1226578,1990s
1226578,dread
1226578,creepy doll
1226578,psychological terror
1226578,complex
1226578,singing in a car
1226578,haunted doll
1226578,homicide investigation
1226578,supernatural horror
1226578,female investigator
1226578,children in danger
1226578,psychological horror
393457,garbageman 
393457,war veteran
393457,baseball
393457,father
393457,based on play or musical
393457,family relationships
393457,racism
393457,"pittsburgh, pennsylvania"
393457,life story
393457,father son relationship
393457,sentimental
393457,intense
393457,empathetic
339397,new year's eve
339397,baby
339397,love triangle
339397,gangster
339397,marriage
339397,letter
339397,love
339397,murder
339397,unrequited love
339397,secretary
339397,hollywood
339397,"los angeles, california"
339397,older man younger woman relationship
339397,socialite
339397,uncle nephew relationship
339397,neighbor neighbor relationship
339397,1930s
937287,infidelity
937287,husband wife relationship
937287,love triangle
937287,sports
937287,tennis
937287,competition
937287,eroticism
937287,atlanta
937287,tennis player
937287,male friendship
937287,rivalry
937287,interracial marriage
937287,threesome
937287,tennis court
937287,ex-boyfriend ex-girlfriend relationship
937287,knee injury
937287,"new rochelle, new york"
937287,prodigy
937287,tennis pro
937287,2000s
937287,codependency
937287,2010s
937287,gay theme
937287,female coach
937287,psychosexual
937287,sports drama
937287,power dynamics
937287,ambiguous
438650,drug dealer
438650,dark comedy
438650,colorado
438650,remake
438650,revenge
438650,gun battle
438650,snow
438650,sympathetic
384677,new york city
384677,sports
384677,date
384677,boss
384677,assistant
384677,romcom
384677,matchmaking
384677,corporate
384677,female protagonist
384677,lgbt
384677,employer employee relationship
384677,workplace comedy
384677,workplace romance
463272,armor
463272,spy
463272,castle
463272,parody
463272,sequel
463272,slapstick comedy
463272,billionaire
678512,kidnapping
678512,human trafficking
678512,based on true story
678512,honduras
678512,child kidnapping
678512,rescue operation
678512,lost children
678512,children in danger
678512,colombia
678512,awestruck
678512,undercover mission
678512,criminal network
678512,determined agent
678512,remote hideouts
678512,international rescue
678512,justice pursuit
361292,"berlin, germany"
361292,dance performance
361292,berlin wall
361292,telepathy
361292,1970s
361292,fascism
361292,paranormal phenomena
361292,telekinesis
361292,remake
361292,ballet
361292,female protagonist
361292,demon
361292,choreographer
361292,witchcraft
361292,occult
361292,living dead
361292,ritual sacrifice
361292,dual role
361292,choreography
361292,ballet school
361292,spiritualism
361292,dance company
361292,mysterious
361292,psychotherapist
361292,grim
361292,mysterious events
361292,good versus evil
361292,tense
399360,wolf
399360,ice age
399360,human animal relationship
399360,wilderness
399360,survival
399360,prehistory
399360,snow
399360,saber-toothed tiger
399360,boy and dog
399360,injury
399360,pets
399360,bison
399360,upper palaeolithic
399360,boar
399360,appreciative
399360,empathetic
399360,pleistocene
508883,loss of loved one
508883,world war ii
508883,supernatural
508883,education
508883,coming of age
508883,spirituality
508883,poverty
508883,teenage boy
508883,parallel world
508883,troubled childhood
508883,semi autobiographical
508883,"based on myths, legends or folklore"
508883,moving to a city
508883,1940s
508883,anime
508883,imaginative
508883,hand drawn animation
508883,magic world
508883,animation
508883,courage
508883,suspenseful
508883,magical realism
522162,world war ii
522162,u.s. navy
522162,based on true story
522162,battle of midway
522162,pacific war
522162,historical fiction
522162,pacific theater
522162,naval warfare
522162,1940s
539885,assassin
539885,secret organization
539885,murder
539885,female assassin
539885,professional assassin
539885,secret
539885,thriller
292011,biography
292011,based on true story
292011,cautionary tale
567189,based on novel or book
567189,u.s. navy seal
567189,jack ryan
567189,duringcreditsstinger
419680,holiday
419680,sequel
419680,christmas
419680,father son relationship
419680,amused
419680,cheerful
419680,holiday get-together
419680,step parents
460458,biological weapon
460458,orphanage
460458,dystopia
460458,mutant
460458,infection
460458,zombie
460458,mansion
460458,police station
460458,based on video game
460458,reboot
460458,ghost town
460458,duringcreditsstinger
460458,lockdown
460458,1990s
460458,secret experiment
460458,bitter
460458,disheartening
744275,based on novel or book
744275,family history
744275,sequel
744275,love
744275,teenage crush
744275,woman director
744275,family tension
744275,zealous
744275,mischievous
744275,enraged
718032,high school
718032,california
718032,jealousy
718032,1970s
718032,bed
718032,mattress shop
718032,politician
718032,coming of age
718032,love
718032,teenage love
718032,former child star
718032,young love
718032,san fernando valley
718032,pinball machine
718032,self confidence
718032,aggressive
718032,young entrepreneur
718032,closeted homosexual
718032,brother brother relationship
718032,jewish
718032,age-gap relationship
718032,period piece
718032,teenager
762509,friendship
762509,paradise
762509,lion
762509,musical
762509,sequel
762509,prequel
762509,jungle
762509,told in flashback
762509,betrayal by friend
762509,chance meeting
762509,live action remake
762509,found family
762509,lost
591273,witch
591273,based on novel or book
591273,shopping mall
591273,murder
591273,curse
591273,teenage girl
591273,slasher
591273,drugs
591273,witchcraft
591273,lgbt
591273,1990s
969681,mind control
969681,new york city
969681,hero
969681,mutation
969681,secret identity
969681,superhero
969681,spider
969681,villain
969681,based on comic
969681,sequel
969681,transhumanism
969681,super power
969681,masked vigilante
969681,spider web
969681,aftercreditsstinger
969681,marvel cinematic universe (mcu)
969681,masked superhero
969681,fight for justice
969681,genetic mutation
646389,airplane
646389,pilot
646389,philippines
646389,held hostage
646389,plane crash
646389,intense
449562,bet
449562,competition
449562,affectation
449562,con artist
449562,swindler
449562,remake
449562,aftercreditsstinger
449562,con woman
449562,candid
449562,satirical
449562,appreciative
449562,awestruck
449562,celebratory
449562,cheerful
449562,cliché
449562,enthusiastic
449562,euphoric
449562,mocking
449562,optimistic
467244,husband wife relationship
467244,based on novel or book
467244,nazi
467244,concentration camp
467244,holocaust (shoah)
467244,world war ii
467244,auschwitz-birkenau concentration camp
467244,garden
467244,biography
467244,based on true story
467244,nazi officer
467244,genocide
467244,1940s
467244,commandant
467244,complicity
476299,insanity
476299,hallucination
476299,torture
476299,reality vs fantasy
458305,baby
458305,suburbia
458305,suburb
458305,trapped
458305,body bag
458305,real estate agent
458305,anxious
458305,frustrated
949423,farm
949423,pornography
949423,dance performance
949423,confession
949423,texas
949423,alligator
949423,barn
949423,prequel
949423,murder
949423,serial killer
949423,slasher
949423,corpse
949423,murderer
949423,violent death
949423,lust
949423,religious fundamentalism
949423,audition
949423,mental illness
949423,projectionist
949423,nostalgic
949423,isolated farmhouse
949423,pandemic
949423,1910s
949423,mother daughter relationship
949423,origin story
949423,playful
949423,aspiring actress
949423,pastiche
949423,whimsical
949423,empathetic
949423,sympathetic
949423,tragic
949423,vibrant
619778,dreams
619778,monster
619778,brain tumor
619778,detective
619778,"seattle, washington"
619778,gore
619778,murder
619778,vision
619778,serial killer
619778,hospital
619778,miscarriage
619778,videotape
619778,murder mystery
619778,sister sister relationship
619778,psychic connection
619778,body horror
619778,american giallo
602223,texas
602223,sequel
602223,murder
602223,desert
602223,survival horror
602223,neo-western
602223,purge
602223,family surviving alone
602223,guns and weapons
565426,based on novel or book
565426,love triangle
565426,love letter
565426,sequel
429300,sailboat
429300,marriage proposal
429300,boat
429300,hurricane
429300,sailing
429300,vegetarian
429300,based on true story
429300,tahiti
429300,survival
429300,couple
480414,mexico
480414,sibling relationship
480414,1970s
480414,religion and supernatural
480414,supernatural
480414,grieving widower
480414,priest
480414,"los angeles, california"
480414,single mother
480414,spin off
480414,dead children
480414,folklore
480414,supernatural horror
480414,mexican folklore
480414,children in danger
480414,horror
480414,brother and sister
480414,child protective services
459151,baby
459151,boss
459151,sequel
459151,computer animation
459151,sibling
459151,family
459151,3d animation
459151,adoring
459151,bold
459151,enthusiastic
568160,japan
568160,magic
568160,climate change
568160,rain
568160,surrealism
568160,weather
568160,weather manipulation
568160,romance
568160,slice of life
568160,"tokyo, japan"
568160,orphan
568160,summer
568160,shrine
568160,flood
568160,japanese mythology
568160,anime
568160,time skip
568160,supernatural power
568160,comforting
776503,parent child relationship
776503,music teacher
776503,fishing
776503,deaf
776503,massachusetts
776503,coming of age
776503,remake
776503,singing
776503,family
776503,teen comedy
776503,first love
776503,disability
776503,based on movie
776503,woman director
776503,sign languages
776503,school choir
776503,music school
776503,calm
776503,american sign language (asl)
776503,loving
776503,teenager
776503,appreciative
776503,coda
634492,new york city
634492,spider
634492,based on comic
634492,teenage girl
634492,super power
634492,paramedic
634492,"manhattan, new york city"
634492,spider web
634492,clairvoyant
634492,woman director
634492,origin story
634492,2000s
634492,vision of the future
416477,"chicago, illinois"
416477,new york city
416477,immigrant
416477,muslim
416477,roommates
416477,sadness
416477,sarcasm
416477,comedian
416477,based on true story
416477,one-man show
416477,pakistan
416477,family relationships
416477,film in film
416477,matchmaking
416477,cultural difference
416477,hospital
416477,falling in love
416477,family
416477,illness
416477,group of friends
416477,intercultural relationship
416477,aftercreditsstinger
416477,college student
416477,uber
416477,traditional family
416477,comedy club
416477,stand-up comedian
416477,grad school
522931,hitman
522931,bodyguard
522931,sequel
522931,aftercreditsstinger
522931,duringcreditsstinger
848326,rebellion
848326,space war
848326,space
848326,female protagonist
848326,militarism
848326,space opera
848326,family values
848326,authoritarianism
848326,space adventure
848326,action hero
848326,female warrior
848326,political crisis
848326,rebel gangs
848326,alien spaceship
848326,space vessel
848326,awestruck
418078,fire
418078,nightmare
418078,nihilism
418078,darkness
418078,homicide
418078,door
418078,paranoia
418078,post-apocalyptic future
418078,forest
418078,fear
418078,dog
418078,madness
418078,pandemic
418078,infected
418078,cremation
418078,hopelessness
418078,malevolence
418078,psychological
418078,psychological horror
412656,based on novel or book
412656,dystopia
412656,post-apocalyptic future
412656,unassuming
412656,based on young adult novel
412656,derisive
549053,"london, england"
549053,holiday
549053,romcom
549053,singing
549053,homeless shelter
549053,holiday season
549053,angry
549053,christmas
549053,santa's elves
549053,introspective
549053,intimate
549053,immigrants
549053,intense
549053,admiring
549053,adoring
549053,amused
549053,awestruck
549053,familiar
549053,vibrant
335796,supernatural
335796,possession
335796,prequel
335796,spirit
335796,aftercreditsstinger
335796,1960s
539537,cave
539537,supernatural
539537,private investigator
539537,remote island
539537,reality vs fantasy
539537,dark fantasy
539537,interracial adoption
539537,fame-seeking
539537,brother brother relationship
539537,supernatural horror
539537,female bully
539537,based on tv series
539537,hidden desires
629542,based on novel or book
629542,snake
629542,wolf
629542,affectation
629542,spider
629542,villain
629542,heist
629542,anthropomorphism
629542,shark
629542,guinea pig
629542,piranha
629542,duringcreditsstinger
629542,zealous
629542,wonder
629542,3d animation
629542,lighthearted
629542,understated
629542,sentimental
629542,cheerful
629542,cliché
629542,complicated
629542,empathetic
629542,enchant
629542,enthusiastic
629542,euphoric
629542,modest
629542,animesque
1304313,journalist
1304313,egypt
1304313,monster
1304313,ritual
1304313,kidnapping
1304313,pyramid
1304313,investigation
1304313,supernatural
1304313,mummy
1304313,possession
1304313,disappearance
1304313,curse
1304313,demon
1304313,tomb
1304313,missing person
1304313,mysterious
1304313,monster movie
1304313,supernatural horror
1304313,body horror
1304313,bewildered
1304313,frightened
840430,vietnam war
840430,winter
840430,boarding school
840430,holiday
840430,"boston, massachusetts"
840430,1970s
840430,melancholy
840430,alcoholism
840430,grief
840430,misfit
840430,mental illness
840430,teacher student relationship
840430,new england
840430,boys' boarding school
840430,christmas
840430,winter break
840430,troubled youth
840430,loss of son
840430,christmastime
840430,cook
840430,adoring
581392,dystopia
581392,sequel
581392,zombie
581392,"busan, south korea"
581392,south korea
316023,hawaii
316023,wedding
316023,craigslist
316023,wedding date
316023,satirical
316023,joyous
316023,xtc
316023,ambiguous
316023,amused
316023,antagonistic
316023,disheartening
316023,dubious
316023,sarcastic
14564,investigation
14564,supernatural
14564,hallucination
14564,sequel
14564,urban legend
14564,curse
14564,female protagonist
14564,vhs
14564,death
14564,maggot
14564,rape and revenge
14564,seven days
14564,video tape
14564,water
14564,suspenseful
14564,depressing
14564,baffled
457335,hero
457335,gladiator fight
457335,website
457335,bad cop
457335,gunfight
457335,body mutilation
457335,death match
457335,homeless man
457335,computer programmer
457335,live stream
457335,guns
457335,rescue from fire
457335,viral
457335,shooting
457335,death game
457335,violence
339877,artist
339877,investigation
339877,grave
339877,letter
339877,melancholy
339877,painter
339877,bullying
339877,adult animation
339877,struggling artist
339877,mysterious
339877,19th century
339877,mysterious death
339877,somber
339877,controversial artist
339877,lyrical
339877,introspective
339877,wistful
339877,dramatic
339877,compassionate
339877,tragic
407436,based on novel or book
407436,hunter
407436,wolf
407436,tiger
407436,coming of age
407436,anthropomorphism
407436,jungle
407436,bear
407436,python
407436,live action remake
1106739,jury duty
1106739,moral dilemma
1106739,murder trial
1106739,philosophical
1106739,courtroom drama
1106739,suspenseful
1106739,depressing
1106739,apathetic
1106739,apologetic
1106739,empathetic
899112,holiday
899112,santa claus
899112,mercenary
899112,saving christmas
899112,booby trap
899112,questioning
899112,duringcreditsstinger
899112,aggressive
899112,christmas
899112,audacious
1084199,android
1084199,artificial intelligence (a.i.)
1084199,cabin
1084199,robot
1084199,boyfriend girlfriend relationship
1084199,duringcreditsstinger
1084199,robot girl
1084199,weekend getaway
1084199,human android relationship
1084199,toxic relationship
1084199,abusive relationship
1084199,malfunctioning android
1084199,robot companion
1084199,sentient machine
1084199,sci-fi horror
1084199,human vs machines
1084199,cybernetics
1084199,android horror
587807,aftercreditsstinger
587807,live action and animation
587807,bold
587807,comforting
747188,quarantine
747188,asteroid
747188,diner
747188,grandfather
747188,war photographer
747188,alien
747188,grief
747188,space
747188,family
747188,widower
747188,astronomy
747188,story within the story
747188,existentialism
747188,parent-in-law child-in-law relationship
747188,vending machine
747188,stage play
747188,death of wife
747188,1950s
747188,convention
747188,stargazing
747188,meta
747188,science fiction
747188,desert town
747188,ambiguous
747188,audacious
747188,skeptical
747188,wry
303991,infidelity
303991,new york city
303991,loss of loved one
303991,pregnancy
303991,dark comedy
303991,carousel 
303991,father-in-law
303991,car crash
303991,pot smoking
303991,grieving widower
303991,grief
303991,marijuana
303991,male homosexuality
303991,hospital
303991,car accident
303991,mourning
303991,lgbt teen
303991,grieving
303991,vending machine
303991,death of wife
303991,investment banker
303991,station wagon
303991,defiant
552178,pollution
552178,grave
552178,biography
552178,based on true story
552178,lawsuit
552178,west virginia
552178,cancer
552178,lawyer
552178,biting
552178,farmer
552178,water pollution
552178,government corruption
552178,mysterious
552178,paranoid
552178,grim
552178,1990s
552178,somber
552178,"based on magazine, newspaper or article"
552178,anxious
552178,legal thriller
552178,chemical contamination
552178,blood test
552178,clinical
552178,suspenseful
552178,critical
552178,foreboding
552178,ominous
364433,"rome, italy"
364433,anti hero
364433,camorra
364433,criminal underworld
364433,superhero spoof
364433,terrorist plot
364433,terrorist bombing
364433,masked superhero
364433,township superhero
364433,small time crook
364433,eaten by animal
364433,burned face
364433,mentally handicapped
364433,radioactive waste
648579,central intelligence agency (cia)
648579,undercover
648579,screenplay
648579,satire
648579,birthday party
648579,drug lord
648579,struggling actor
648579,father daughter relationship
648579,ambiguous
648579,euphoric
267193,sibling relationship
267193,gun
267193,spy
267193,vulgar
267193,hooligan
267193,vulgarity
267193,football (soccer)
267193,aftercreditsstinger
365942,future
365942,planet mars
365942,space colony
365942,fish out of water
365942,scientist
365942,teenage love
365942,search for father
625568,psychopath
625568,aggression
625568,stalker
625568,murder
625568,arson
625568,single mother
625568,confrontation
625568,divorced
625568,fired from the job
625568,threat
625568,pickup truck
625568,road rage
625568,retribution
625568,phone call
625568,consequences
625568,psychotic break
625568,road thriller
625568,murderous intentions
625568,older sister younger brother
625568,intense
625568,unstoppable
625568,terrorized
625568,fight for life
625568,edge-of-your-seat
663712,halloween
663712,clown
663712,gore
663712,resurrection
663712,sequel
663712,slasher
663712,killer
663712,macabre
663712,killer clown
663712,duringcreditsstinger
663712,evil clown
663712,halloween night
663712,crowdfunded film
663712,independent film
663712,megaslasher
663712,dramatic
663712,sadistic horror
384680,widow
384680,montana
384680,new mexico
384680,chief
384680,native american
384680,assignment
384680,grief
384680,murder
384680,gunfight
384680,massacre
384680,brutality
384680,native american reservation
384680,u.s. cavalry
384680,19th century
384680,indigenous peoples
384680,new mexico territory
384680,1890s
384680,violence
290512,based on novel or book
290512,photographer
290512,mountain
290512,pilot
290512,wilderness
290512,survival
290512,wildlife
290512,snow
290512,airplane crash
290512,doctor
290512,dog
290512,struggle for survival
290512,argument
290512,freezing
290512,stranger
290512,injury
290512,holiday season
290512,american wilderness
290512,hopelessness
290512,valley
290512,scenic
290512,desolate wilderness
290512,delayed flight
290512,obstacles
290512,romantic
290512,exhilarated
931285,martial arts
931285,magic
931285,ninja fighter
931285,gore
931285,sequel
931285,god
931285,alternate dimension
931285,ninja
931285,fighting
931285,based on video game
931285,martial arts tournament
931285,struggling actor
931285,hand to hand combat
931285,aggressive
931285,amused
968051,france
968051,nun
968051,halloween
968051,bullying
968051,sequel
968051,priest
968051,religion
968051,church
968051,demon
968051,gothic horror
968051,demonic possession
968051,praying
968051,duringcreditsstinger
968051,1950s
968051,demonic
968051,girls' school
968051,convent
483906,assassin
483906,hitman
483906,montana
483906,chile
483906,torture
483906,based on graphic novel
483906,isolated house
483906,criminal organization
483906,neo-noir
483906,forced retirement
483906,amused
332210,baby
332210,villain
332210,stork
332210,delivery service
332210,3d animation
581600,based on novel or book
581600,police
581600,"boston, massachusetts"
581600,ex-cop
581600,police corruption
581600,ex-con
581600,buddy movie
581600,aspiring boxer
581600,cheerful
581600,sympathetic
428449,sadness
428449,house
428449,loss
428449,grief
428449,morality
428449,construction
428449,death
428449,ghost
428449,piano
522212,death penalty
522212,judge
522212,innocence
522212,based on true story
522212,lawyer
522212,electric chair
522212,racism
522212,execution
522212,justice
522212,true crime
522212,humiliation
522212,injustice
522212,1980s
522212,legal drama
522212,earnest
522212,excited
522212,based on real person
522212,concealing the truth
763285,ambulance
763285,car crash
763285,remake
763285,officer involved shooting
763285,"los angeles, california"
763285,bank robbery
763285,veteran
763285,heist gone wrong
763285,bank heist
763285,police helicopter
763285,brother brother relationship
481084,cartoon
481084,halloween
481084,black humor
481084,family
481084,3d animation
481084,ambiguous
481084,bold
401469,"chicago, illinois"
401469,politics
401469,widow
401469,feminism
401469,politician
401469,heist
401469,flashback
401469,remake
401469,money
401469,betrayal
401469,mob boss
401469,neo-noir
401469,based on tv series
401469,crime thriller
401469,widowhood
401469,crime drama
804150,cocaine
804150,animal attack
804150,georgia
804150,based on true story
804150,rampage
804150,duringcreditsstinger
804150,woman director
804150,animal horror
804150,satirical
804150,black bear
804150,apex predator
804150,casual
347375,martial arts
347375,central intelligence agency (cia)
347375,handheld camera
347375,top secret
347375,black ops
347375,political corruption
347375,intelligence officer
347375,aggressive
347375,elite forces
347375,tactical command unit
347375,triple agent
347375,pretentious
280217,villain
280217,time travel
280217,sequel
280217,based on toy
280217,live action and animation
280217,lego
280217,loving
280217,3d animation
280217,admiring
280217,amused
280217,cheerful
369557,friendship
369557,"london, england"
369557,rock 'n' roll
369557,sibling relationship
369557,"dublin, ireland"
369557,music video
369557,prom
369557,school
369557,singing
369557,ireland
369557,divorce
369557,family
369557,teenage boy
369557,bullied
369557,1980s
369557,loving
369557,irreverent
369557,adoring
369557,amused
502416,casino
502416,kidnapping
502416,psychopath
502416,underage drinking
502416,revenge
502416,murder
502416,slasher
502416,psychological thriller
502416,stabbing
502416,veterinary
502416,mental illness
502416,loner
502416,school loner
502416,hanging out
502416,munchausen syndrome by proxy
502416,psychological horror
502416,horror
539972,hunter
539972,superhero
539972,anti hero
539972,villain
539972,based on comic
539972,supervillain
539972,intense
539972,admiring
539972,ominous
399402,"washington dc, usa"
399402,based on novel or book
399402,coup d'etat
399402,covert operation
399402,u.s. navy seal
399402,russian president
399402,rescue operation
399402,nuclear submarine
399402,submarine commander
399402,submarine crew
399402,soviet/russian navy
399402,submarine warfare
399402,arctic ocean
399402,post‑cold‑war tension
399402,strategic conflict
399402,naval tension
399402,u.s. navy crew
399402,special forces team
399402,pentagon involvement
774752,holiday
774752,superhero
774752,celebrity
774752,saving christmas
774752,talking dog
774752,based on movie
774752,aftercreditsstinger
774752,marvel cinematic universe (mcu)
774752,christmas
774752,christmas special
774752,short film
774752,holiday special
774752,space dog
951491,mexico
951491,"mexico city, mexico"
951491,sadism
951491,riddle
951491,gore
951491,sequel
951491,con artist
951491,cancer
951491,scam
951491,serial killer
951491,torture
951491,drugs
951491,survival horror
951491,duringcreditsstinger
951491,shocking
951491,grim
951491,jigsaw
951491,saw
951491,death game
951491,suspenseful
951491,tense
951491,sadistic horror
951491,gloomy
376866,assassination
376866,usa president
376866,widow
376866,john f. kennedy
376866,biography
376866,"dallas, texas"
376866,president
376866,grief
376866,first lady
376866,kennedy family
376866,john f. kennedy assassination
376866,death of husband
376866,usa history
376866,1960s
446791,based on novel or book
446791,"rome, italy"
446791,kidnapping
446791,1970s
446791,based on true story
446791,wealth
446791,ransom demand
1265609,struggle for survival
1265609,military training
1265609,afghanistan veteran
1265609,grim
1265609,alien hunters
1265609,alien arrival
1265609,military sci-fi
1265609,u.s. army ranger
1265609,special forces training
1265609,firefights
1265609,hostile encounter
1265609,high‑intensity conflict
1265609,gore elements
1265609,veteran soldier
1265609,remote outpost
523139,based on novel or book
523139,maze
523139,pregnant woman
523139,father son relationship
523139,brother sister relationship
523139,grass field
523139,adaptation
523139,ominous
666277,new york city
666277,immigrant
666277,friendship
666277,nostalgia
666277,woman between two men
666277,interracial marriage
666277,fate
666277,playwright
666277,married woman
666277,childhood friends
666277,semi autobiographical
666277,woman director
666277,korean american
666277,childhood sweethearts
666277,memories
666277,dreary
666277,korean
666277,asian american
666277,independent film
666277,"seoul, south korea"
484718,africa
484718,prince
484718,heir to the throne
484718,sequel
484718,mischievous
484718,dramatic
329833,fashion designer
329833,sequel
329833,fashion
329833,male model
329833,fashion show
329833,modeling
329833,fashion model
329833,fashionista
329833,runway model
329833,ridiculous
964980,sports
964980,based on true story
964980,basketball
964980,shoe
964980,national basketball association (nba)
964980,duringcreditsstinger
964980,1980s
527435,holiday
527435,brother
527435,camera
527435,santa claus
527435,massachusetts
527435,sister
527435,saving christmas
527435,north pole
527435,journey
527435,christmas spirit
527435,christmas
527435,chronicles
400710,bullying
400710,remake
400710,accidental death
400710,death
400710,medical student
400710,guilty conscience
400710,near-death experience
400710,competitiveness
400710,scientific experiment
724495,africa
724495,arranged marriage
724495,warrior woman
724495,based on true story
724495,slave trade
724495,duringcreditsstinger
724495,woman director
724495,military unit
724495,19th century
724495,mother daughter reunion
724495,freed slave
724495,female warrior
724495,west africa
724495,weapons training
372343,based on novel or book
372343,winter
372343,gun
372343,detective
372343,cellar
372343,snowman
372343,serial killer
372343,snow
372343,cabin
372343,twins
372343,plastic surgeon
372343,alcoholic
372343,psychosis
372343,"oslo, norway"
372343,unfinished
475303,infidelity
475303,new york city
475303,rain
475303,paparazzi
475303,kiss
475303,interview
475303,romance
475303,cynical
475303,filmmaking
475303,high society
475303,"manhattan, new york city"
475303,young couple
475303,college student
475303,romantic weekend
475303,rich family
475303,film director
475303,dreary
475303,pathetic
475303,negative
475303,absurd
475303,existential crisis
475303,ambiguous
475303,arrogant
475303,farcical
454992,"berlin, germany"
454992,"paris, france"
454992,spy
454992,"prague, czech republic"
454992,female friendship
454992,best friend
454992,"los angeles, california"
454992,save the day
454992,acrobats
454992,edward snowden
701387,saving the world
701387,capitalism
701387,kidnapping
701387,paranoia
701387,delusion
701387,symbolism
701387,dark comedy
701387,satire
701387,alien
701387,remake
701387,extraterrestrial
701387,alien invasion
701387,power politics
701387,mental illness
701387,hierarchy
701387,global threat
701387,absurdism
701387,political conflict
701387,alien conspiracy
701387,ecologism
701387,social critique
701387,excited
701387,comedy horror
615665,new year's eve
615665,date
615665,holiday
615665,single
615665,family dinner
615665,easter
615665,family tension
615665,christmas
615665,friends with benefits
615665,romantic
507076,dancing
507076,child abuse
507076,sexual abuse
507076,drug abuse
507076,pregnancy
507076,paranoia
507076,orgy
507076,imprisonment
507076,lsd
507076,surrealism
507076,hallucinogenic drug
507076,incest
507076,drug overdose
507076,disco
507076,lgbt
507076,spiked drink
507076,psychological disintegration
507076,acid
507076,club music
507076,punch bowl
507076,depressing
507076,antagonistic
507076,cruel
507076,distressing
507076,brother sister incest
371645,countryside
371645,based on novel or book
371645,wild boar
371645,delinquent
371645,new zealand
371645,wilderness
371645,coming of age
371645,dog
371645,foster family
371645,nature
433310,time travel
433310,halloween party
433310,unrequited love
433310,time loop
433310,do over
682507,based on novel or book
682507,artist
682507,bullying
682507,alcoholism
682507,coming of age
682507,survival
682507,domestic abuse
682507,first love
682507,marsh
682507,boyfriend girlfriend relationship
682507,social outcast
682507,jury trial
682507,naturalist
682507,murder mystery
682507,murder trial
682507,1960s
682507,alcohol problems
682507,courtroom drama
682507,abusive boyfriend
682507,abandoned child
682507,southern culture
682507,audacious
294272,feral child
294272,remake
294272,dragon
294272,orphan
294272,1980s
294272,live action and animation
294272,live action remake
379170,bride
379170,police detective
379170,crime investigation
379170,tv episode
379170,homicide investigation
379170,sherlock holmes
505192,japan
505192,family relationships
505192,family drama
505192,"tokyo, japan"
505192,poverty
505192,orphan
505192,crime family
505192,shoplifting
505192,social realism
505192,insecure
505192,shoplifter
505192,thoughtful
505192,philosophical
505192,petty crimes
505192,complex
505192,asian origins
505192,found family
505192,impoverished
505192,heartbreaking and moving family drama
599975,nurse
599975,countdown
599975,supernatural
599975,religion
599975,phone terror
599975,devil
599975,duringcreditsstinger
599975,mysterious
599975,mobile app
599975,sinister
537116,new york city
537116,composer
537116,artist
537116,musical
537116,based on true story
537116,based on play or musical
537116,singing
537116,boyfriend girlfriend relationship
537116,struggling artist
537116,1990s
537116,portrait of an artist
537116,hiv/aids epidemic
537116,theater
537116,amused
537116,apologetic
537116,awestruck
318121,wheelchair
318121,affectation
318121,road trip
318121,caregiver
318121,disability
318121,muscular dystrophy
318121,approving
318121,comforting
602734,sequel
602734,murder
602734,police corruption
602734,survival horror
602734,body count
602734,procedural
602734,father son relationship
602734,mystery killings
602734,murder of a policeman
602734,death game
463821,based on novel or book
463821,clock
463821,halloween
463821,haunted house
463821,uncle
463821,pumpkin
463821,orphan
463821,warlock
463821,secret passageway
463821,1950s
463821,magician
463821,amused
606856,snowstorm
606856,husky
606856,based on true story
606856,puppy
606856,alaska
606856,snow
606856,historical
606856,dog
606856,sled dogs
606856,1920s
606856,pets
585216,sequel
585216,no escape
585216,escape room
585216,death game
58431,based on novel or book
58431,dystopia
58431,shaolin
58431,prejudice
58431,zombie
58431,pride
58431,gold digger
58431,19th century
58431,georgian or regency era
58431,somber
58431,parson
58431,mashup
58431,amused
58431,antagonistic
760161,psychopath
760161,family secrets
760161,prequel
760161,murder
760161,impersonator
760161,mental patient
760161,psycho killer
760161,escaped mental patient
760161,evil child
760161,missing daughter
760161,estonia
760161,female psychopath
760161,evil little girl
760161,absurd
796499,europe
796499,interpol
796499,prequel
796499,zombie
796499,safecracker
796499,bank teller
319888,underdog
319888,sports
319888,olympic games
319888,mountain
319888,ski jump
319888,biography
319888,based on true story
319888,britain
319888,snow skiing
319888,1980s
319888,dedication
319888,against all odds
319888,inspirational
319888,adoring
319888,joyful
1327819,human vs nature
1327819,spy
1327819,beaver
1327819,"oregon, usa"
1327819,transhumanism
1327819,consciousness
1327819,aftercreditsstinger
1327819,duringcreditsstinger
1327819,human becoming an animal
1327819,robotic animal
1327819,mischievous
1327819,3d animation
1327819,amused
1327819,bold
1327819,enthusiastic
1327819,pixar
339967,new york city
339967,small town
339967,monster
339967,mental breakdown
339967,creature
339967,loss of job
339967,alcoholic
339967,childhood friends
339967,kaiju
339967,catastrophe
339967,"seoul, south korea"
146198,bomb
146198,bratva (russian mafia)
146198,detective
146198,assault rifle
146198,ghetto
146198,cocaine
146198,strip club
146198,heist
146198,murder
146198,betrayal
146198,bag of money
146198,dirty cop
146198,bank robbery
146198,death of brother
146198,"atlanta, georgia"
1314481,new york city
1314481,based on novel or book
1314481,sequel
1314481,fashion
1314481,fashion magazine
1314481,dramedy
1314481,magazine editor
1314481,fashion industry
1314481,fashionista
1314481,whimsical
1314481,ambiguous
1081003,galaxy
1081003,hero
1081003,superhero
1081003,villain
1081003,based on comic
1081003,space
1081003,female protagonist
1081003,dog
1081003,super power
1081003,heroine
1081003,reboot
1081003,solitude
1081003,supervillain
1081003,rescue dog
1081003,dc universe (dcu)
1100782,drug dealer
1100782,depression
1100782,new york city
1100782,dancing
1100782,suicide
1100782,concert
1100782,nightmare
1100782,escape
1100782,musician
1100782,winter
1100782,gun
1100782,talk show
1100782,delusion
1100782,possession
1100782,hallucination
1100782,mental breakdown
1100782,gore
1100782,stalker
1100782,self-inflicted injury
1100782,addiction
1100782,sequel
1100782,drug use
1100782,flashback
1100782,singer
1100782,murder
1100782,curse
1100782,hospital
1100782,fear
1100782,corpse
1100782,scar
1100782,drugs
1100782,demon
1100782,cell phone
1100782,apartment building
1100782,guilt
1100782,pop music
1100782,self esteem
1100782,family conflict
1100782,evil
1100782,phone
1100782,injury
1100782,mental health
1100782,watching tv
1100782,text messaging
1100782,knee injury
1100782,sobriety
1100782,substance abuse
1100782,gruesome
1100782,press agent
1100782,creepy person
1100782,breakdown
1100782,unsettling
1100782,woman agent
1100782,gun fight
1100782,creepy
1100782,hospital visit
1100782,abusive mother
1100782,chronic pain
1100782,depressed woman
1100782,jump scare
1100782,self-harm
1100782,delusional
1100782,spinal injury
1100782,popstar
1100782,emotional breakdown
1100782,pain medication
1100782,smile
1100782,drug
1100782,scared
1100782,pills
1100782,supernatural horror
1100782,self destructiveness
1100782,bar
1100782,bloody
1100782,city
1100782,body horror
1100782,blood
1100782,apartment
1100782,united states of america (usa)
1100782,phone message
1100782,psychological horror
1100782,nightmares
1100782,drug usage
1100782,hallucinations
1100782,public image
1100782,tour
1100782,horror
1100782,unknown number
1100782,mom
1100782,public figure
1100782,creepy faces
1100782,2020s
1100782,going insane
1100782,iphone footage
1100782,gorefest
1100782,new york winter
1100782,taking drugs
1100782,disturbing
1114513,husband wife relationship
1114513,paranoia
1114513,remake
1114513,weekend getaway
1114513,europe vacation
1114513,children in danger
1114513,psychological horror
1114513,dangerous escalation
1114513,emotional manipulation
1114513,subtle menace
1114513,hospitality gone wrong
1114513,disturbing behavior
1114513,fear of strangers
1114513,predatory manipulation
1114513,deceptive kindness
1114513,parental fear
940551,duck
940551,villain
940551,migration
940551,flight
940551,anthropomorphism
940551,family
940551,animals
940551,chef
940551,overprotective father
940551,bird
940551,3d animation
483184,italy
483184,robber
483184,cocaine
483184,revenge
483184,dog cage
483184,father daughter relationship
465136,based on novel or book
465136,transformation
465136,body switch
465136,based on young adult novel
591274,based on novel or book
591274,summer camp
591274,1970s
591274,sequel
591274,prequel
591274,curse
591274,teenage girl
591274,slasher
591274,witchcraft
591274,nostalgic
591274,aggressive
591274,sister sister relationship
446893,dancing
446893,friendship
446893,concert
446893,country music
446893,guitar
446893,cloud
446893,saxophone
446893,sequel
446893,jail
446893,based on toy
446893,rock music
446893,alien abduction
446893,singing
446893,king
446893,desert
446893,pop music
446893,flute
446893,aftercreditsstinger
446893,duringcreditsstinger
446893,mirage
446893,electronic music
446893,k-pop
446893,spaceship
446893,3d animation
446893,jukebox musical
559907,winter
559907,fox
559907,camelot
559907,king arthur
559907,middle ages (476-1453)
559907,excalibur
559907,knights of the round table
559907,aftercreditsstinger
559907,decapitated head
559907,"based on myths, legends or folklore"
559907,meditative
559907,christmas
559907,quest
559907,philosophical
559907,myth
559907,gawain
559907,cautionary
559907,medieval knight
559907,intense
559907,earnest
345938,based on novel or book
345938,loss of loved one
345938,christianity
345938,guilt
345938,death of daughter
345938,family trip
345938,christian film
345938,christian
345938,hopeful
345938,straightforward
556803,holiday
556803,royalty
556803,look-alike
556803,identity swap
556803,christmas
500682,fbi
500682,bank robber
500682,texas ranger
500682,based on true story
500682,tracker
500682,cops and robbers 
500682,forensic science
500682,criminal gang
500682,1930s
500682,manhunt
500682,legendary hero
500682,retired lawman
500682,serious
500682,harsh
339692,prison
339692,california
339692,tattoo
339692,murder
339692,gun battle
339692,undercover cop
339692,gang
339692,drugs
339692,criminal
339692,insecurity
339692,prison riot
339692,driving drunk
339692,estranged father
339692,gun runner
339692,probation officer
339692,manslaughter
339692,probation
339692,thriller
339692,cliché
458594,coma
458594,widow
458594,cemetery
458594,handcuffs
458594,fbi
458594,bus
458594,grave
458594,alcoholism
458594,flashback
458594,revenge
458594,murder
458594,vigilante
458594,drug cartel
458594,police corruption
458594,hospital
458594,torture
458594,skid row
458594,corrupt official
458594,aggressive
458594,loss of child
458594,corrupt judge
458594,driveby shooting
1198994,bullying
1198994,role reversal
1198994,survival
1198994,struggle for survival
1198994,survival horror
1198994,deserted island
1198994,power struggle
1198994,colleagues
1198994,bullying in the workplace
1198994,plane crash
1198994,gender inequality
1198994,comedy thriller
1198994,comedy horror
967847,new york city
967847,supernatural
967847,halloween
967847,ghostbuster
967847,sequel
967847,teenage girl
967847,ghost
967847,duringcreditsstinger
967847,research laboratory
967847,evil force
967847,ice
967847,monsters
967847,ancient artifact
967847,frozen apocalypse
967847,paranormal expert
967847,young ghostbuster
967847,spectral invasion
967847,family teamwork
632357,witch
632357,melancholy
632357,demon
632357,mysterious
632357,shocking
632357,zealous
632357,somber
632357,religious horror
632357,wonder
632357,suspicious
632357,inspirational
632357,adoring
632357,ambiguous
632357,antagonistic
632357,approving
632357,audacious
632357,melodramatic
552524,hawaii
552524,bullying
552524,dysfunctional family
552524,alien
552524,loss of job
552524,shape shifting alien
552524,family
552524,nostalgic
552524,evil alien
552524,orphan siblings
552524,extraterrestrial animal
552524,wonder
552524,live action remake
552524,alien spaceship
552524,animal human friendship
552524,advanced technology
552524,hilarious
552524,whimsical
552524,admiring
552524,enthusiastic
500840,farm
500840,suicide
500840,based on novel or book
500840,winter
500840,philosophy
500840,poetry
500840,dementia
500840,melancholy
500840,surrealism
500840,road trip
500840,film in film
500840,janitor
500840,snow
500840,school
500840,psychological thriller
500840,relationship
500840,ice cream
500840,blizzard
500840,existentialism
500840,mysterious
500840,reflective
500840,suspenseful
755566,california
755566,vampire
755566,vampire hunter (slayer)
755566,"los angeles, california"
755566,buddy comedy
390062,based on novel or book
390062,river
390062,hiking
390062,hallucination
390062,bolivia
390062,forest
390062,amazon rainforest
390062,based on true story
390062,alone
390062,survival
390062,jungle
390062,raft
390062,drugs
390062,south america
390062,rainforest
390062,tense
390062,melodramatic
390062,bushmeat
399019,based on novel or book
399019,remake
399019,sexual tension
399019,period drama
399019,union soldier
399019,virginia
399019,american civil war
399019,woman director
399019,confederacy
399019,19th century
399019,girls' school
800815,based on novel or book
800815,winter
800815,detective
800815,investigation
800815,historical figure
800815,murder
800815,gothic horror
800815,occult
800815,west point
800815,book
800815,inspirational
800815,1830s
868759,central intelligence agency (cia)
868759,secret mission
868759,secret agent
868759,female spy
868759,enigmatic
868759,farmer's market
868759,save the world
426543,princess
426543,magic
426543,fairy tale
426543,betrayal
426543,magical object
426543,based on short story
426543,christmas
938614,new york city
938614,talk show
938614,1970s
938614,supernatural
938614,halloween
938614,possession
938614,hallucination
938614,hypnosis
938614,gore
938614,cancer
938614,devil
938614,evil
938614,hypnotism
938614,dream sequence
938614,demonic possession
938614,macabre
938614,found footage
938614,satanic cult
938614,television broadcast
938614,death of wife
938614,parapsychology
938614,halloween night
938614,magician
938614,late-night show
938614,supernatural power
938614,supernatural horror
938614,demon girl
938614,night
938614,livestream
938614,united states of america (usa)
938614,provocative
938614,television
938614,satanic panic
938614,ambiguous
938614,scathing
938614,dream
938614,late night television
938614,found footage adjacent
629176,post-traumatic stress disorder (ptsd)
629176,chaos
629176,superhero
629176,street riots
629176,old man
629176,young boy
629176,neighbor
629176,poverty
629176,single mother
629176,twins
629176,super power
629176,unemployment
629176,sledgehammer
629176,hatred
629176,crime gone awry
629176,super strength
629176,dead father
629176,criminal gang
629176,epic battle
629176,young heroes
629176,curious
629176,good versus evil
384682,"chicago, illinois"
384682,holiday
384682,christmas party
384682,co-workers relationship
384682,corporate downsizing
384682,duringcreditsstinger
384682,wild party
384682,business deal
384682,christmas
384682,frantic
384682,workplace comedy
384682,going out of business
384682,brother sister relationship
384682,grand
384682,office party
384682,hilarious
384682,amused
470044,high school
470044,based on novel or book
470044,trauma
470044,protest
470044,riot
470044,teenage girl
470044,racism
470044,police officer
470044,blunt
470044,preparatory school
470044,teen drama
470044,racial profiling
470044,generation z
470044,based on young adult novel
461130,drug trafficking
461130,dystopia
461130,superhero
461130,remake
461130,co-workers relationship
461130,super power
461130,criminal gang
461130,robot cop
461130,combat drone
461130,mother son relationship
461130,based on short film
649609,vampire
649609,police corruption
649609,criminal underworld
649609,bugs
649609,mob family
649609,reluctant hero
649609,crooked cops
649609,immortal
649609,dracula
649609,abusive relationship
649609,bloody death
649609,joyous
649609,violence
649609,amused
649609,satirical tone
649609,gothic parody
649609,slapstick gore
649609,brutal fights
460885,rescue
460885,nightmare
460885,kidnapping
460885,narcissism
460885,dark comedy
460885,lsd
460885,surrealism
460885,hallucinogen
460885,revenge
460885,grief
460885,murder
460885,russian roulette
460885,animated scene
460885,chainsaw
460885,cabin in the woods
460885,motorcycle
460885,death
460885,lumberjack
460885,cult leader
460885,religious cult
460885,burning corpse
460885,aggressive
460885,death of girlfriend
460885,nervous
460885,1980s
460885,grim
460885,vengeance
460885,psychedelic drug
460885,demonic
460885,independent film
460885,blood
460885,biker gang
460885,intense
460885,sinister
460885,distressing
460885,powerful
431530,holiday
431530,christmas
535292,new york city
535292,hostage
535292,subway
535292,detective
535292,shootout
535292,police officer killed
535292,nypd
535292,one night
535292,neo-noir
535292,manhunt
535292,intense
535292,awestruck
535292,vibrant
1439930,new york city
1439930,post-traumatic stress disorder (ptsd)
1439930,gun
1439930,anti hero
1439930,hallucination
1439930,based on comic
1439930,revenge
1439930,one man army
1439930,death of family
1439930,mental health
1439930,marvel cinematic universe (mcu)
1439930,hunted
1439930,aggressive
1439930,vigilante justice
402897,chaos
402897,dictator
402897,socialism
402897,dark comedy
402897,satire
402897,biography
402897,based on true story
402897,joseph stalin
402897,biting
402897,death
402897,blunt
402897,military
402897,political satire
402897,communism
402897,regime
402897,1950s
402897,complicated
402897,disheartening
431580,villain
431580,yeti
431580,family relationships
431580,reunion
431580,snow
431580,female villain
431580,aftercreditsstinger
431580,duringcreditsstinger
431580,mount everest
431580,quest
431580,zoologist
431580,3d animation
375366,"london, england"
375366,based on novel or book
375366,bunker
375366,post-apocalyptic future
375366,infection
375366,zombie
375366,little girl
375366,scientist
375366,gas mask
375366,eaten alive
375366,fungus
375366,white savior
375366,whitewashing
375366,dreary
581726,based on novel or book
581726,secret organization
581726,reincarnation
581726,memories
581726,matter of fact
581726,straightforward
1111873,ransom
1111873,vampire
1111873,kidnapping
1111873,dark comedy
1111873,child vampire
1111873,gothic horror
1111873,exploding body
1111873,ballerina
1111873,reverse trap
1111873,dracula
1111873,evil kid
433498,prisoner
433498,based on novel or book
433498,biography
433498,based on true story
433498,guillotine
433498,remake
433498,solitary confinement
433498,south america
433498,wrongful conviction
433498,prison break
433498,island prison
433498,devil's island
433498,shocking
433498,reflective
433498,french guiana
433498,complex
433498,critical
433498,sentimental
433498,whimsical
433498,ambivalent
433498,baffled
433498,bewildered
433498,brisk
433498,complicated
433498,doubtful
433498,melodramatic
520663,new york city
520663,based on novel or book
520663,wine
520663,murder
520663,neighbor
520663,agoraphobia
520663,car accident
520663,death
520663,mental illness
520663,medication pills
484468,nuclear missile
484468,chain of command
484468,sonar
484468,nuclear submarine
484468,french army
1317288,new york city
1317288,sports
1317288,capitalism
1317288,hustler
1317288,narcissism
1317288,ping pong
1317288,scheming
1317288,1950s
1317288,dedication
1317288,american businessman
1317288,table tennis
1317288,amused
1317288,bewildered
439015,small town
439015,massachusetts
439015,supernatural
439015,forest
439015,urban legend
439015,internet
439015,fear
439015,missing person
439015,insane
439015,slender man
439015,creepypasta
439015,mysterious disappearance
439015,internet horror
439015,disgusted
331313,spy
331313,suburb
331313,new neighbor
331313,neighborhood
1007757,wolf
1007757,buddy
1007757,body-swap
1007757,forest fire
1007757,woodlands
1007757,forest lore
1007757,bird
1007757,3d animation
1007757,enchant
1007757,animal adventure
449924,immigrant
449924,martial arts
449924,kung fu
449924,california
449924,fight
449924,"san francisco, california"
449924,chinatown
449924,karate
449924,based on true story
449924,sequel
449924,cancer
449924,racism
449924,chinese
449924,wing chun
449924,1960s
449924,factual
1084244,farm
1084244,island
1084244,pig
1084244,horse
1084244,rescue mission
1084244,rivalry
1084244,sequel
1084244,love
1084244,stranded
1084244,wedding
1084244,tire swing
1084244,walkie talkie
1084244,cowgirl
1084244,blunt
1084244,cowboy
1084244,buddy comedy
1084244,duringcreditsstinger
1084244,toy comes to life
1084244,hippo
1084244,abandonment
1084244,toilet paper
1084244,replacement
1084244,toy
1084244,frog
1084244,3d animation
1084244,tablet
1084244,pixar
437557,parent child relationship
437557,loss of virginity
437557,house party
437557,prom
437557,teenage girl
437557,teen comedy
437557,teenage sexuality
437557,woman director
437557,prom night
437557,mid-life crisis
437557,teenager
467938,rape
467938,drowning
467938,nightmare
467938,gore
467938,car crash
467938,hallucinogenic drug
467938,revenge
467938,vigilante
467938,man hunt
467938,bullet wound
467938,exploding head
467938,desert
467938,hunting
467938,eye gouging
467938,isolated house
467938,cauterizing a wound
467938,peyote
467938,rape and revenge
467938,headshot
467938,aggressive
467938,hunters
467938,stabbed in the back
467938,powerful
293670,daughter
293670,small town
293670,police
293670,investigation
293670,exorcism
293670,possession
293670,murder
293670,priest
293670,rural area
293670,curse
293670,shaman
293670,zombie
293670,demon
293670,shrine
293670,occult
293670,ghost
293670,gluttony
293670,shamanism
293670,folk horror
293670,acupuncture
293670,divination
293670,ambiguous
460668,confidence
460668,delusion
460668,head injury
460668,cosmetics
1311031,supernatural
1311031,sequel
1311031,based on manga
1311031,demon
1311031,shounen
1311031,anime
1311031,brother sister relationship
1311031,taisho period
440161,gold
440161,based on novel or book
440161,hitman
440161,"san francisco, california"
440161,male friendship
440161,gold rush
440161,"oregon, usa"
440161,scout
440161,19th century
440161,gold claim
440161,brother brother relationship
1084736,based on novel or book
1084736,count
1084736,revenge
1084736,wrongful conviction
1084736,hidden fortune
1084736,19th century
1084736,moral downfall
1084736,post‑napoleonic france
1084736,parisian aristocracy
1084736,marseille harbor
1084736,betrayal conspiracy
1084736,methodical vengeance
1084736,lost love tragedy
1084736,power corruption
1084736,luxurious estates
454639,skeleton
454639,superhero
454639,nostalgia
454639,alien planet
454639,based on toy
454639,super power
454639,reboot
454639,aftercreditsstinger
454639,duringcreditsstinger
454639,warrior
454639,sword and planet
454639,father son conflict
454639,sword and sorcery
454639,father daughter relationship
454639,based on tv series
397422,friendship
397422,"miami, florida"
397422,dark comedy
397422,female friendship
397422,friends
397422,drugs
397422,drinking
397422,male stripper
397422,fiancé fiancée relationship
397422,aftercreditsstinger
397422,duringcreditsstinger
397422,political candidate
397422,accident
397422,college friends
397422,bachelorette party
397422,comedy of errors
645886,redemption
645886,incredulous
1038392,"pennsylvania, usa"
1038392,supernatural
1038392,exorcism
1038392,halloween
1038392,haunted house
1038392,sequel
1038392,priest
1038392,religion
1038392,wedding
1038392,spirit
1038392,paranormal investigation
1038392,ghost
1038392,1980s
1038392,demonic
1038392,mirror
1038392,supernatural horror
1038392,horror
370755,husband wife relationship
370755,new jersey
370755,poetry
370755,routine
370755,eavesdropping
370755,beer
370755,notebook
370755,bus driver
370755,hobby
370755,twins
370755,dog
370755,drink
370755,veteran
370755,aspiration
370755,ex-boyfriend ex-girlfriend relationship
370755,cupcake
370755,female artist
370755,baking
370755,meditative
370755,calm
370755,repetition
370755,bulldog
370755,aspiring artist
370755,poem writing
370755,fame-seeking
370755,loving
370755,mundanity
614696,escape
614696,alone
614696,survival
614696,drone
614696,zombie
614696,apartment building
614696,zombie apocalypse
614696,virus
614696,live stream
614696,south korea
614696,apartment
585511,superstition
585511,bad luck
585511,leprechaun
585511,computer animation
585511,female protagonist
585511,calm
585511,wonder
585511,3d animation
585511,casual
585511,ambiguous
585511,bold
585511,حظ
614479,supernatural
614479,medium
614479,halloween
614479,college
614479,sequel
614479,evil spirit
614479,art
614479,demon
614479,other dimension
614479,father son relationship
614479,insidious
614479,malicious
614479,supernatural horror
614479,horror
614479,sinister
324670,supernatural
324670,military
245703,helicopter
245703,government
245703,chase
245703,parent child relationship
245703,gas station
245703,hostage
245703,fbi
245703,texas
245703,motel
245703,ranch
245703,meteor
245703,on the run
245703,shootout
245703,military
245703,religious cult
245703,child kidnapping
245703,goggles
533642,"chicago, illinois"
533642,artificial intelligence (a.i.)
533642,evil doll
533642,remake
533642,killer doll
533642,slasher
533642,reboot
533642,animatronic
533642,android horror
736526,mountain
736526,mythical creature
736526,creature
736526,"oslo, norway"
736526,monster movie
736526,norwegian folklore
614409,based on novel or book
614409,sequel
614409,south korea
614409,asian american
614409,"seoul, south korea"
616820,mask
616820,sadism
616820,radio station
616820,psychopath
616820,homicide
616820,insanity
616820,trauma
616820,halloween
616820,forbidden love
616820,babysitter
616820,illinois
616820,bullying
616820,sequel
616820,halloween party
616820,rampage
616820,serial killer
616820,slasher
616820,accidental death
616820,multiple stabbings
616820,motorcycle
616820,stabbing
616820,sewer
616820,evil
616820,death of son
616820,reboot
616820,homeless man
616820,mentor protégé relationship
616820,autumn
616820,halloween costume
616820,grieving father
616820,memoir
616820,murder spree
616820,human monster
616820,death of a child
616820,doomed romance
616820,sadistic killer
616820,grandmother granddaughter relationship
616820,masked killer
616820,junkyard
616820,holiday horror
351211,tree
351211,river
351211,camping
351211,tent
351211,rain
351211,supernatural
351211,halloween
351211,infection
351211,forest
351211,maryland
351211,sequel
351211,woods
351211,flashlight
351211,handheld camera
351211,campfire
351211,reboot
351211,subjective camera
351211,found footage
351211,folk horror
351211,lost in the woods
1197306,based on novel or book
1197306,kidnapping
1197306,vigilante
1197306,missing person
1197306,black ops
1197306,construction worker
1197306,criminal conspiracy
475210,"chicago, illinois"
475210,lightning
475210,pregnancy
475210,"seattle, washington"
475210,volcano
475210,earthquake
475210,tsunami
475210,road trip
475210,murder
475210,apocalypse
475210,power outage
614911,based on novel or book
614911,post-apocalyptic future
614911,nuclear radiation
614911,space travel
614911,arctic polar circle region
614911,end of the world
614911,cancer
614911,astronaut
614911,space exploration
614911,space adventure
614911,spacewalk
614911,2040s
614911,space walk
482321,family
482321,best friend forever
591275,based on novel or book
591275,sequel
591275,prequel
591275,curse
591275,teenage girl
591275,witchcraft
591275,witch hunt
591275,17th century
591275,1990s
591275,intense
521777,drone
521777,best friend
521777,first kiss
521777,sex toy
521777,tween
521777,generation z
521777,child protagonist
521777,spin the bottle
521777,playful
521777,hilarious
521777,cheerful
739405,martial arts
739405,"london, england"
739405,showdown
739405,"madrid, spain"
739405,espionage
739405,spy
739405,secret agent
739405,shootout
739405,"cannes, france"
429415,alien
429415,space
429415,mechanic
429415,alien invasion
429415,spaceship
429415,cautionary
429415,bold
429415,foreboding
799583,casino
799583,based on novel or book
799583,nazi
799583,world war ii
799583,based on true story
799583,historical figure
799583,military prison
799583,harbor
799583,british spy
799583,british prime minister
799583,black ops
799583,dangerous mission
799583,nazism
799583,1940s
799583,british intelligence
799583,german navy
799583,west africa
799583,winston churchill
799583,trawler
799583,ian fleming
799583,declassified documents
799583,german u-boat fleet
799583,german soldiers
799583,ruthless man
799583,classified information
799583,special ops team
529216,husband wife relationship
529216,spain
529216,thunderstorm
529216,1980s
529216,suburban
529216,mother daughter relationship
976893,tree
976893,routine
976893,slice of life
976893,janitor
976893,working class
976893,"tokyo, japan"
976893,character study
976893,uncle niece relationship
976893,audio cassette
976893,solitude
976893,mystical quest
976893,human nature
976893,playful
976893,lighthearted
976893,beauty of life
1079091,based on novel or book
1079091,love triangle
1079091,abusive father
1079091,trauma
1079091,florist
1079091,flashback
1079091,love
1079091,domestic abuse
1079091,domestic violence
1079091,macabre
1079091,candid
1079091,satirical
1079091,repressed trauma
1079091,abusive relationship
1079091,adaptation
1079091,romantic drama
1079091,absurd
1079091,critical
1079091,antagonistic
1079091,baffled
1079091,defiant
1079091,vibrant
727745,based on novel or book
727745,college
727745,sequel
727745,summer
727745,teen romance
840705,rape
840705,forgiveness
840705,exploitation
840705,dark comedy
840705,seclusion
840705,sexual violence
840705,gang rape
840705,psychological thriller
840705,gender roles
840705,therapy
840705,self esteem
840705,remote island
840705,debauchery
840705,wealthy man
840705,woman director
840705,rape revenge
840705,sex slavery
840705,entitlement
840705,abuse of power
840705,repressed trauma
840705,gaslighting
840705,psychological manipulation
840705,drugging someone
840705,me too movement
840705,tech-mogul
840705,private island
463684,art collector
463684,supernatural
463684,dark comedy
463684,satire
463684,social satire
463684,art house
463684,consumerism
463684,art thief
463684,art dealer
463684,art theft
463684,commercialism
463684,media criticism
1034541,monster
1034541,post-traumatic stress disorder (ptsd)
1034541,angel
1034541,shower
1034541,child murder
1034541,santa claus
1034541,college
1034541,clown
1034541,bartender
1034541,gore
1034541,dormitory
1034541,sequel
1034541,serial killer
1034541,teenage girl
1034541,slasher
1034541,chainsaw
1034541,massacre
1034541,mental illness
1034541,disfigured face
1034541,mental asylum
1034541,cousin relationship
1034541,mall santa
1034541,killer clown
1034541,terrorist bombing
1034541,christmas horror
1034541,evil clown
1034541,christmas spirit
1034541,christmas
1034541,murder of parents
1034541,orphan siblings
1034541,supernatural power
1034541,death of a child
1034541,supernatural horror
1034541,bar
1034541,bloody
1034541,independent film
1034541,blood
1034541,low budget
1034541,megaslasher
1034541,sadistic horror
974950,based on novel or book
974950,musical
974950,lawyer
974950,drug lord
974950,crime lord
974950,questioning
974950,based on opera
974950,criminal organization
974950,mexican cartel
974950,transgender
974950,self-redemption
974950,admiring
974950,amused
974950,audacious
974950,enchant
638974,new york city
638974,"paris, france"
638974,bomb
638974,kidnapping
638974,married couple
638974,interpol
638974,ex-cop
638974,sequel
638974,whodunit
638974,wedding
638974,private detective
638974,nypd
638974,tropical island
638974,"eiffel tower, paris"
638974,ransom demand
638974,maharajah
638974,french police
638974,indian wedding
638974,friend's wedding
638974,mystery
638974,arc de triomphe
638974,hilarious
337674,rape
337674,france
337674,video game
337674,assault
337674,death of father
337674,car accident
337674,birth
337674,divorced woman
337674,death of mother
337674,christmas lights
337674,giving birth
337674,rape and revenge
337674,christmas
337674,intruder
337674,pepper spray
635910,ship
635910,monster
635910,based on novel or book
635910,sacrifice
635910,vampire
635910,supernatural
635910,gothic horror
635910,supernatural horror
635910,dracula
635910,1890s
517814,child abuse
517814,slum
517814,refugee
517814,neglect
517814,child bride
517814,lawsuit
517814,undocumented immigrant
517814,poverty
517814,life in the slums
517814,slum dwellers
342473,opera
342473,dance
342473,"paris, france"
342473,flying
342473,inventor
342473,life's dream
342473,ballet
342473,orphan
342473,statue of liberty
342473,"eiffel tower, paris"
342473,19th century
342473,3d animation
342473,disapproving
342473,enthusiastic
342473,hopeful
843527,based on novel or book
843527,age difference
843527,singer
843527,forty something
843527,single mother
843527,older woman younger man relationship
843527,boy band
843527,cougar relationship
376290,strong woman
376290,politics
376290,gun
376290,empowerment
376290,hearing
376290,career woman
376290,senator
376290,female protagonist
376290,female empowerment
376290,determination
376290,ethics
376290,lobbyist
376290,gun control
376290,intense
726759,race against time
726759,video game
726759,nintendo
726759,cold war
726759,based on true story
726759,salesman
726759,copyright
726759,duringcreditsstinger
726759,1980s
726759,russia
726759,urss
726759,communist regime
726759,powerful
726759,international travel
726759,contract disputes
726759,game licensing
726759,intellectual property rights
726759,soviet bureaucracy
726759,kgb surveillance
318781,kidnapping
318781,1970s
318781,cult
318781,chile
318781,pinochet regime
318781,religion
318781,torture chamber
318781,religious fundamentalism
318781,military dictatorship
318781,political unrest
301804,dreams
301804,nightmare
301804,insomnia
301804,orphan
513310,video game
513310,time loop
513310,philosophical
513310,satirical
513310,absurd
513310,audacious
513310,defiant
513310,scathing
556678,countryside
556678,based on novel or book
556678,matchmaking
556678,19th century
556678,georgian or regency era
556678,matchmaker
556678,witty
579047,"miami, florida"
579047,drug addiction
579047,"new orleans, louisiana"
579047,flashback
579047,murder
579047,memory
579047,tech noir
579047,woman director
579047,hopeless
579047,neo-noir
579047,depressing
579047,complicated
579047,pretentious
330483,based on novel or book
330483,cheating
330483,love
330483,opposites attract
330483,girl next door
775996,android
775996,cyborg
775996,killer robot
775996,pilot
775996,nuclear missile
775996,near future
775996,2030s
775996,war
775996,สงคราม
369192,sports
369192,tennis
369192,1970s
369192,tennis player
369192,biography
369192,based on true story
369192,femme fatale
369192,female athlete
369192,determination
369192,women's rights
369192,chauvinisim
369192,tennis match
369192,exhibition match
369192,clinical
369192,approving
369192,assertive
581032,newspaper
581032,based on novel or book
581032,texas
581032,horse
581032,native american
581032,shootout
581032,orphan
581032,american civil war
581032,civil war veteran
581032,horse and wagon
581032,19th century
581032,injured horse
1029575,road trip
1029575,on the run
1029575,gamer
1029575,car salesman
1029575,las vegas
1029575,duringcreditsstinger
1029575,hidden identity
1029575,family trip
1029575,ex army
1029575,family bonding
1029575,"buffalo, new york"
1029575,secret
1029575,teenager
1029575,former assassin
1029575,physical therapist
1029575,covert assassin
381719,human animal relationship
381719,based on children's book
381719,rabbit
381719,duringcreditsstinger
381719,live action and animation
381719,food allergies
381719,3d animation
381719,enthusiastic
625450,high school
625450,romance
625450,teen movie
625450,insecurity
382322,psychopath
382322,superhero
382322,cartoon
382322,carnival
382322,descent into madness
382322,psychological thriller
382322,torture
382322,cruelty
382322,justice
382322,based on graphic novel
382322,super power
382322,madness
382322,adult animation
382322,duringcreditsstinger
382322,aggressive
382322,bewildered
382322,gloomy
1035259,sequel
1035259,slapstick comedy
1035259,spoof
1035259,reboot
1035259,aftercreditsstinger
1035259,duringcreditsstinger
1035259,action comedy
1035259,based on tv series
1035259,bumbling detective
965150,hotel
965150,depression
965150,karaoke
965150,tourist
965150,vacation
965150,turkey
965150,swimming pool
965150,coming of age
965150,memory
965150,tai chi
965150,family vacation
965150,first kiss
965150,teenage daughter
965150,lgbt
965150,semi autobiographical
965150,video recorder
965150,woman director
965150,moody
965150,rug
965150,father daughter relationship
965150,reminiscing
965150,gay theme
965150,bittersweet
965150,queer loneliness
457136,based on novel or book
457136,scotland
457136,cousin
457136,royal family
457136,biography
457136,queen elizabeth i
457136,tudor
457136,female prisoner
457136,burlesque
457136,cousin relationship
457136,woman director
457136,16th century
457136,british monarchy
457136,house of stuart
457136,apathetic
724209,mission
724209,saving the world
724209,undercover agent
724209,undercover
724209,espionage
724209,spy
724209,secret agent
724209,female protagonist
724209,mi6
724209,british spy
724209,female spy
458220,small town
458220,homophobia
458220,young boy
458220,ex-con
458220,house trailer
458220,bullied
458220,irresponsible parent
458220,adult child friendship
458220,guardianship
458220,drug addict
646207,truck
646207,truck driver
646207,mine explosion
646207,manitoba
646207,ice road
660120,bookshop
660120,photographer
660120,pregnancy
660120,man woman relationship
660120,magic mushroom
660120,cancer
660120,break-up
660120,older man younger woman relationship
660120,"oslo, norway"
660120,controversial artist
660120,turning thirty
660120,witty
660120,bitter
660120,sincere
798645,based on novel or book
798645,dystopia
798645,game show
798645,survival
798645,on the run
798645,media manipulation
798645,near future
798645,baffled
798645,authoritarian control
798645,public spectacle
798645,rigged competition
798645,broadcast violence
798645,elite hunters
798645,corrupt producers
798645,state propaganda
798645,mass entertainment
299054,sequel
299054,nuclear bomb
299054,cargo ship
299054,ring
454640,island
454640,rivalry
454640,sequel
454640,family
454640,based on video game
454640,animal kingdom
454640,unassuming
454640,irreverent
454640,3d animation
454640,cliché
454640,embarrassed
454640,frustrated
519010,drug abuse
519010,"madrid, spain"
519010,cinema on cinema
519010,movie business
519010,creative crisis
519010,lgbt
519010,sexual awakening
519010,"valencia, spain"
519010,chronic pain
519010,film director
519010,mother son relationship
519010,gay theme
519010,gay artist
519010,cheerful
519010,earnest
395991,fire
395991,bravery
395991,arizona
395991,natural disaster
395991,melancholy
395991,heroism
395991,addiction
395991,based on true story
395991,tragedy
395991,disaster
395991,firefighting
395991,test by fire
395991,forest fire
395991,firefighter
395991,"based on magazine, newspaper or article"
395991,wildfire
395991,proving oneself
553604,bomb
553604,bank robber
553604,criminal past
553604,divorce
553604,fbi agent
787752,date
787752,kidnapping
787752,female friendship
787752,romcom
787752,meat
787752,love
787752,dating
787752,cannibal
787752,body mutilation
787752,blunt
787752,woman director
787752,speculative
787752,meditative
787752,shocking
787752,grim
787752,somber
787752,philosophical
787752,introspective
787752,cannibalism
787752,provocative
787752,suspenseful
787752,tense
787752,bewildered
787752,defiant
787752,disapproving
787752,distressing
787752,harsh
787752,horrified
787752,informative
787752,instructive
787752,matter of fact
787752,ominous
787752,optimistic
787752,powerful
787752,wry
1151031,sibling relationship
1151031,ritual
1151031,supernatural
1151031,death of father
1151031,grief
1151031,death
1151031,death of daughter
1151031,angry
1151031,aggressive
1151031,folk horror
1151031,foster mom
1151031,blind child
1151031,supernatural horror
1151031,gaslighting
1151031,body horror
1151031,horror
870028,hitman
870028,autism
870028,sequel
870028,conspiracy
870028,whodunit
870028,insecure
870028,accountant
870028,mysterious death
870028,brother brother relationship
870028,grand
870028,incredulous
870028,excited
870028,hum
302156,mission
302156,central intelligence agency (cia)
302156,robbery
302156,prisoner
302156,undercover
302156,london underground
302156,memory
302156,terrorism
302156,brutality
302156,convict
302156,interrogation
302156,implant
302156,manhunt
445629,england
445629,sports
445629,wrestling
445629,biography
445629,based on true story
445629,family drama
445629,family
445629,norfolk
604079,suicide
604079,based on novel or book
604079,male friendship
604079,bullying
604079,coming of age
604079,survival
604079,teenage boy
604079,survival horror
604079,authoritarian regime
604079,psychological horror
604079,psychological breakdown
604079,life‑or‑death stakes
604079,forced march
604079,moral despair
604079,fatal competition
604079,youth dystopia
604079,oppressive system
604079,stephen king
1318447,norway
1318447,cat and mouse
1318447,canoe trip
1318447,rock climbing
1318447,nutcase
1318447,survival instinct
1318447,australian wilderness
1318447,dangerous threat
1318447,extreme challenges
1318447,grieving woman
1306368,drug crime
1306368,"miami, florida"
1306368,police
1306368,investigation
1306368,cover-up
1306368,betrayal
1306368,shootout
1306368,dirty cop
1306368,trust
1306368,double cross
1306368,attic
1306368,sting operation
1306368,cartel
1306368,hidden money
1306368,fbi agent
1306368,drug money
1306368,violence
1306368,loyalty conflict
491480,africa
491480,windmill
491480,based on true story
491480,family power struggle
491480,water for life
491480,challenge for change
491480,dedicated
491480,ingenuity
491480,dedication
491480,struggle for independence
491480,the ingenious one
486131,sequel
486131,shootout
486131,drug lord
486131,reboot
486131,death of friend
615643,american dream
615643,affectation
615643,arkansas
615643,church
615643,east asian lead
615643,farmland
615643,farmer
615643,burlesque
615643,semi autobiographical
615643,heart condition
615643,family tension
615643,hatchery
615643,1980s
615643,thoughtful
615643,vegetable farm
615643,korean american
615643,mobile home
615643,rural setting
615643,grandmother grandson relationship
615643,korean
615643,asian american
615643,korean food
615643,dramatic
615643,korean immigrant
615643,embarrassed
551804,high school
551804,gore
551804,murder
551804,serial killer
551804,slasher
551804,chainsaw
551804,body-swap
551804,high school student
551804,dead father
551804,stabbed
578701,assassin
578701,based on novel or book
578701,older woman younger man relationship
578701,neo-western
578701,wildfire
578701,distressing
578701,tragic
329440,suicide attempt
329440,supernatural
329440,childhood trauma
329440,female protagonist
329440,"tokyo, japan"
329440,identical twin
329440,lost in the woods
329440,sister sister relationship
329440,"mount fuji, japan"
329440,aokigahara
329440,haunted forest
441701,nightmare
441701,"madrid, spain"
441701,widow
441701,supernatural
441701,solar eclipse
441701,possession
441701,based on true story
441701,ouija
441701,family
441701,crucifix
441701,1990s
623491,babysitter
623491,sequel
623491,satanic ritual
623491,satanic cult
623491,virgin sacrifice
425972,australia
425972,post-apocalyptic future
425972,woman director
425972,pandemic
425972,aboriginal
425972,father daughter relationship
1273221,parody
1273221,sequel
1273221,slapstick comedy
1273221,crude humor
1273221,spoof
1273221,animated scene
1273221,slasher
1273221,horror spoof
1273221,dildo
1273221,reboot
1273221,duringcreditsstinger
1273221,mother daughter estrangement
1273221,legacy
1273221,offensive
1273221,complex
1273221,cosmetic surgery
1273221,weed
1273221,horror parody
1273221,social media influencer
1273221,livestream
1273221,stoner comedy
1273221,hilarious
1273221,excited
1273221,mocking
1273221,meta humor
1273221,gross out
1273221,raunchy
538362,biography
213681,southern usa
213681,night watchman
213681,armored car
213681,security
213681,armored car robbery
213681,bank heist
664469,investigation
664469,secret organization
664469,based on true story
664469,death of father
664469,friends
664469,conspiracy
664469,racism
664469,witness to murder
664469,disfigured face
664469,veteran
664469,duringcreditsstinger
664469,framed for murder
664469,political corruption
664469,mysterious death
664469,1930s
664469,political conspiracy
486947,police officer
486947,police station
486947,cellular phone trace
486947,phone call
486947,suspended cop
486947,emergency
486947,desk work
486947,alarm dispatch
491584,fire
491584,jealousy
491584,dreams
491584,countryside
491584,love triangle
491584,cat
491584,sex shop
491584,sadness
491584,sunlight
491584,suspicion
491584,greenhouse
491584,melancholy
491584,love
491584,arson
491584,writer
491584,class differences
491584,based on short story
491584,burning
491584,questioning
491584,metaphor
491584,meditative
491584,philosophical
491584,dance ritual
491584,rural setting
491584,introspective
491584,sunsets
491584,return to hometown
491584,"seoul, south korea"
491584,disappearing
491584,subjective
407451,based on novel or book
407451,child prodigy
407451,remake
407451,family
407451,woman director
407451,mixed race
407451,depressing
399366,beach
399366,sibling relationship
399366,library
399366,rifle
399366,abandoned house
399366,flashback
399366,murder
399366,mental illness
399366,attic
399366,morse code
399366,1960s
399366,thoughtful
399366,orphan siblings
399366,fear of mirrors
829557,gangster
829557,sequel
829557,bdsm
829557,rich man poor woman
829557,sex
829557,erotique
774825,ice age
774825,snow
774825,spin off
774825,polar adventure
774825,3d animation
1290821,home invasion
1290821,mysterious girl
1290821,ghosts of the past
1290821,isolated island
1290821,child protection
1290821,audacious
1290821,solitary life
1290821,hidden secret
1290821,close‑quarters combat
1290821,dangerous escalation
1290821,storm rescue
1290821,unexpected threat
1290821,violent assault
1290821,protective instinct
1290821,lone protector
1290821,intense action thriller
1290821,siege situation
499701,peru
499701,museum
499701,fox
499701,based on cartoon
499701,jungle
499701,lost city
499701,quicksand
499701,monkey
499701,lost civilization
499701,teenage protagonist
499701,playful
499701,based on tv series
499701,live action
499701,admiring
499701,amused
499701,appreciative
499701,enthusiastic
642885,witch
642885,high school
642885,sibling relationship
642885,halloween
642885,resurrection
642885,sister
642885,sequel
642885,zombie
642885,"salem, massachusetts"
642885,aftercreditsstinger
642885,duringcreditsstinger
437586,california
437586,skateboarding
437586,dysfunctional family
437586,coming of age
437586,"los angeles, california"
437586,misogyny
437586,fitting in
437586,1990s
437586,skate punk
437586,gay theme
437586,teenager
437586,teen smoking
437586,wayward teens
716612,princess
716612,marriage crisis
716612,royal family
716612,biography
716612,based on true story
716612,psychological abuse
716612,norfolk
716612,christmas
716612,1990s
716612,british royal family
716612,british monarchy
716612,body horror
716612,princess diana
716612,sentimental
716612,melodramatic
325789,undercover
325789,biography
325789,drugs
325789,drug lord
325789,suspenseful
325789,critical
325789,tense
325789,callous
325789,distressing
325789,foreboding
325789,ominous
325789,powerful
585245,based on novel or book
585245,dog
585245,giant dog
585245,pets
585245,live action and animation
585245,cgi-live action hybrid
656690,artificial intelligence (a.i.)
656690,technology
656690,silicon valley
656690,high tech surveillance
656690,internet
656690,surveillance
656690,big corporation
656690,media manipulation
656690,social network
656690,teen suicide
656690,low self esteem
656690,social media
656690,internet culture
656690,commercialism
656690,internet addiction
656690,social isolation
656690,self-harm
656690,advertising campaign
656690,advertising model
656690,late stage capitalism
656690,machine learning
656690,media addiction
656690,algorithm
656690,societal collapse
656690,smartphone
504253,dying and death
504253,diary
504253,terminal illness
504253,tragedy
504253,hospital
504253,high school student
504253,shocking
504253,anime
504253,bucket list
504253,japanese high school
504253,based on web novel
504253,romantic
395458,dark comedy
416234,drug addiction
416234,haunted house
416234,earthquake
416234,based on true story
416234,rifle
416234,architecture
416234,doctor
416234,ghost
416234,fictional biography
416234,"san jose, california"
916224,magic
916224,door
916224,natural disaster
916224,calamity
916224,travel
916224,teenage girl
916224,female protagonist
916224,shrine
916224,supernatural creature
916224,enviromental
916224,journey
916224,anime
916224,great east japan earthquake
916224,great kantō earthquake
916224,adventure
916224,"miyagi, japan"
916224,bewildered
916224,disaster aftermath
810693,supernatural
810693,exorcism
810693,paranormal
810693,prequel
810693,tragedy
810693,curse
810693,based on manga
810693,spirit
810693,demon
810693,school life
810693,shounen
810693,anime
614560,movie business
614560,screenwriter
614560,biography
614560,hollywood
614560,black and white
614560,alcoholic
614560,1930s
614560,old hollywood
385103,friendship
385103,superhero
385103,villain
385103,heroism
385103,talking dog
385103,friends
385103,based on cartoon
385103,criminal investigation
385103,boy and dog
385103,caveman
385103,fright
385103,3d animation
385103,bitter
511809,new york city
511809,dancing
511809,dance
511809,street gang
511809,love at first sight
511809,forbidden love
511809,musical
511809,based on play or musical
511809,interracial relationship
511809,racism
511809,young love
511809,broadway musical
511809,1950s
511809,romeo & juliet
511809,latino
424781,slavery
424781,satire
424781,surrealism
424781,"oakland, california"
424781,poverty
424781,telemarketer
424781,telemarketing
424781,human animal hybrid
424781,corporate conspiracy
424781,complex
424781,race relations
424781,modern slavery
424781,inspirational
424781,provocative
424781,absurd
424781,hilarious
424781,bold
424781,informative
323675,police
323675,family relationships
323675,sequel
323675,police officer
323675,misadventure
323675,buddy film
1007734,dark comedy
1007734,black humor
1007734,sequel
1007734,one man army
1007734,family vacation
1007734,marital tensions
1007734,celebratory
1007734,russian mafia
1007734,revenge cycle
1007734,explosive action
1007734,assassin contracts
1007734,reluctant killer
1007734,family under pressure
1007734,eccentric allies
1007734,hit list
1007734,deadly missions
1022796,friendship
1022796,villain
1022796,black magic
1022796,wish
1022796,musical
1022796,computer animation
1022796,female protagonist
1022796,betrayal by friend
1022796,aftercreditsstinger
1022796,woman director
1022796,wicked king
1022796,disabled person
1022796,3d animation
1022796,evil king
1022796,star
1022796,corrupt government
1022796,hopeful
848538,"london, england"
848538,france
848538,cat
848538,spy
848538,greece
848538,secret organization
848538,colorado
848538,secret agent
848538,writer's block
848538,author
848538,novelist
848538,aftercreditsstinger
848538,double identity
848538,international espionage
848538,covert operations
848538,mind manipulation
848538,encrypted files
848538,comic misunderstandings
565028,halloween
565028,sequel
565028,murder
565028,urban legend
565028,bee
565028,evil
565028,urban gothic
565028,mirror
417320,magic
417320,fairy tale
417320,villain
417320,musical
417320,sequel
417320,teen movie
271969,based on novel or book
271969,christianity
271969,chariot race
271969,ancient rome
271969,remake
271969,betrayal
271969,catholic
271969,1st century
271969,jesus christ
271969,vengeance
271969,antiquity
617505,holiday
617505,riding a bicycle
617505,halloween
617505,bullying
617505,single mother
617505,foster family
617505,protective mother
425274,diamond
425274,antwerp
425274,sequel
425274,diamond heist
425274,misdirection
425274,hidden agenda
425274,sleight of hand
425274,team up
425274,absurd
425274,condescending
425274,mystery and intrigue
425274,antwerp diamonds
425274,magic heist
425274,illusion mastery
425274,team synergy
425274,showmanship
425274,illusionist team
425274,twist reveal
425274,international theft
635731,expensive restaurant
635731,pig
635731,loss of loved one
635731,"portland, oregon"
635731,misanthrophy
635731,grief
635731,cabin in the woods
635731,chef
635731,loss of pet
635731,loner
635731,grieving
635731,pets
635731,truffles
635731,depressing
722778,italy
722778,"naples, italy"
722778,loss of virginity
722778,family relationships
722778,coming of age
722778,poverty
722778,teenage boy
722778,football (soccer) fan
722778,semi autobiographical
722778,1980s
760741,wild animal
501907,friendship
501907,male friendship
501907,based on true story
501907,kindness
501907,estranged father
501907,investigative journalism
501907,1990s
501907,semi-biographical
501907,hand puppet
501907,"based on magazine, newspaper or article"
501907,television journalist
501907,tv show
501907,television star
501907,television host
549509,new york city
549509,immigrant
549509,husband wife relationship
549509,"philadelphia, pennsylvania"
549509,"venice, italy"
549509,capitalism
549509,"pennsylvania, usa"
549509,drug addiction
549509,architect
549509,american dream
549509,exploitation
549509,holocaust (shoah) survivor
549509,architecture
549509,period drama
549509,post world war ii
549509,heroin addict
549509,sexual assault
549509,ellis island
549509,1940s
549509,1980s
549509,1950s
549509,male domination
549509,visionary
549509,slow burn
549509,hungarian
549509,psychological drama
626735,military working dogs
626735,emotional support animal
626735,belgian malinois
626735,baddi-flies
626735,ranger regiment
615469,dystopia
615469,psychological stress
615469,prison escape
615469,psychological thriller
615469,inmate
615469,based on short story
615469,psychotronic
615469,drug testing
777443,man vs machine
777443,artificial intelligence (a.i.)
777443,based on novel or book
777443,robot
777443,1990s
777443,quest for identity
777443,young
777443,missing brother
777443,comedy
777443,retro‑futuristic world
777443,post‑war dystopia
777443,technological ruins
777443,technology fallout
777443,emotional sci‑fi
777443,search for family
777443,survival journey
300673,coast guard
300673,rescue mission
300673,based on true story
300673,survival
300673,storm at sea
300673,sinking ship
300673,1950s
1325734,infidelity
1325734,"boston, massachusetts"
1325734,dark comedy
1325734,romcom
1325734,engaged couple
1325734,trust issues
1325734,provocative
1325734,amused
1325734,audacious
1325734,complicated
334524,gold
334524,fraud
334524,wall street
334524,mining
334524,based on true story
334524,gold mine
334524,indonesia
334524,money
334524,jungle
334524,lighthearted
334524,intense
334524,excited
454293,baseball bat
454293,exam
454293,car crash
454293,dyslexia
454293,teacher
454293,prom
454293,learning disability
454293,night school
454293,high school drop out
454293,boxing ring
416144,husband wife relationship
416144,"mumbai (bombay), india"
416144,based on true story
416144,india
416144,struggle for survival
416144,religious fundamentalism
416144,terrorist attack
416144,luxury hotel
416144,2000s
416144,islamic terrorism
401246,satire
401246,theft
401246,installation
401246,town square
401246,shame
401246,art museum
401246,satirical
401246,altruism
401246,father daughter relationship
401246,absurd
401246,bold
401246,informative
539681,superhero
539681,villain
539681,based on comic
539681,dog
539681,super power
539681,aftercreditsstinger
539681,duringcreditsstinger
539681,evil mastermind
539681,supervillain
539681,talking animal
539681,3d animation
396806,detective
396806,dystopia
396806,serial killer
396806,privacy
396806,procedural
396806,augmented reality
634528,assassin
634528,mexico
634528,war veteran
634528,usa–mexico border
634528,murder
634528,drug cartel
634528,farmer
634528,dead dog
634528,road movie
532639,based on novel or book
532639,fairy
532639,musical
532639,puppet
532639,live action and animation
532639,live action remake
532639,talking animal
532639,adoring
407448,fire
407448,police brutality
407448,church choir
407448,based on true story
407448,beating
407448,murder
407448,racism
407448,church
407448,"detroit, michigan"
407448,1960s
1087891,central intelligence agency (cia)
1087891,based on novel or book
1087891,escape
1087891,blackmail
1087891,revenge
1087891,agent
1087891,government assassin
1087891,government cover-up
1087891,government conspiracy
1087891,death of wife
1087891,spy thriller
1087891,computer hacker
1087891,suspenseful
1087891,enthusiastic
597891,japan
597891,assassin
597891,radiation
597891,poison
597891,revenge
597891,female assassin
597891,"tokyo, japan"
597891,vengeance
560057,ship
560057,orphan
560057,sea monster
560057,17th century
560057,sea adventure
560057,3d animation
560057,lighthearted
560057,awestruck
560057,cheerful
568620,prequel
568620,ninja
568620,based on cartoon
568620,based on toy
568620,spin off
568620,origin of hero
568620,gi joe
568620,female fighter
568620,action hero
568620,female warrior
568620,based on tv series
548473,farm
548473,hermit
548473,mutation
548473,barn
548473,meteorite
548473,cabin
548473,descent into madness
548473,alien invasion
548473,family
548473,new england
548473,based on short story
548473,necronomicon
548473,well
548473,infected
548473,cosmic horror
548473,alpaca
548473,wonder
548473,secluded house
548473,lovecraftian
548473,awestruck
548473,frightened
548473,lovecraftian horror
399106,fear
399106,anxious
399106,playful
399106,short film
399106,3d animation
399106,assertive
399106,shorebird
399106,fledgling
760883,airplane
760883,germany
760883,vampire
760883,flashback
760883,murder
760883,airplane hijacking
760883,dead dog
760883,terrorist attack
760883,told in flashback
760883,barking dog
760883,blood sucking
760883,flight attendant
760883,shooting dog
760883,mother son relationship
698687,based on toy
698687,giant robot
698687,aftercreditsstinger
698687,duringcreditsstinger
698687,buddy movie
698687,brothers-in-arms relationship
698687,origin story
698687,3d animation
698687,alien robot
475430,ransom
475430,magic
475430,kidnapping
475430,fairy
475430,based on children's book
475430,criminal mastermind
475430,family
475430,kid genius
475430,complicated
475430,disrespectful
1195506,pain
1195506,superhero
1195506,dark comedy
1195506,dream girl
1195506,bank robbery
1195506,hostage situation
1195506,held hostage
1195506,unlikely hero
1195506,genetic disorder
1195506,comedy thriller
974635,hitman
974635,identity
974635,professor
974635,"new orleans, louisiana"
974635,romcom
974635,disguise
974635,screwball comedy
974635,undercover operation
974635,sting operation
974635,"based on magazine, newspaper or article"
974635,persona
974635,moonlighting
583406,"chicago, illinois"
583406,assassination
583406,black panther party
583406,based on true story
583406,betrayal
583406,betrayal by friend
583406,hard
583406,1960s
583406,african american history
583406,rainbow coalition
583406,awestruck
583406,exhilarated
1272837,england
1272837,satanism
1272837,cult
1272837,sequel
1272837,zombie
1272837,crucifix
1272837,survival horror
1272837,satanic cult
1272837,zombie apocalypse
1272837,woman director
1272837,northumberland
1272837,post-apocalyptic
630240,pregnancy
630240,trauma
630240,head wound
630240,car crash
630240,serial killer
630240,car accident
630240,woman director
630240,firefighter
630240,masculinity
630240,abortion
630240,missing son
630240,female serial killer
630240,woman disguised as man
630240,immaculate conception
630240,objectum sexuality
630240,body horror
454227,scotland
454227,castle
454227,exile
454227,biography
454227,based on true story
454227,uprising
454227,period drama
454227,historical drama
454227,scottish highlands
454227,14th century
454227,scottish history
527261,based on novel or book
527261,deaf
527261,post-apocalyptic future
527261,survival
527261,creature
527261,religious cult
527261,sign languages
527261,deadly creature
527261,creature attack
527261,trying to avoid making noise
447273,princess
447273,dwarf
447273,fairy tale
447273,poison
447273,musical
447273,remake
447273,apple
447273,based on movie
447273,evil queen
447273,based on fairy tale
447273,live action remake
447273,fantasy
447273,romantic fantasy
556694,mythology
556694,longing
556694,djinn
556694,desire
556694,storytelling
556694,wish fulfillment
556694,genie
556694,public speaking
556694,"istanbul, turkey"
556694,scholar
556694,lonely woman
556694,complex
556694,wishes
556694,doctorate
556694,whimsical
777270,working class
777270,black and white
777270,"belfast, north ireland"
777270,1960s
777270,"the troubles (north ireland, 1966-98)"
453201,"paris, france"
453201,based on novel or book
453201,classroom
453201,based on true story
453201,train
453201,terrorism
453201,terrorist group
522924,friendship
522924,"washington dc, usa"
522924,based on novel or book
522924,car race
522924,sports
522924,reincarnation
522924,race car driver
522924,dog
522924,animals
522924,pets
522924,father daughter relationship
522924,animal narrator
646097,small town
646097,corruption
646097,police chief
646097,louisiana
646097,rogue cop
646097,police corruption
646097,ex-marine
646097,social issues
646097,abuse of power
646097,police misconduct
646097,exciting
646097,community pressure
646097,power imbalance
646097,money seizure
646097,explosive tension
646097,lone fighter
341006,experiment
341006,office
341006,survival
341006,murder
341006,american
341006,death
341006,security guard
341006,survival horror
341006,locked in
341006,elevator
341006,deadly game
341006,psychological
341006,"bogota, colombia"
341006,death game
341006,psychological horror
406761,hotel
406761,nurse
406761,dystopia
406761,orderly
406761,street riots
406761,riot
406761,agoraphobia
406761,"los angeles, california"
406761,death of son
406761,riot police
406761,near future
406761,clandestine hospital
406761,2020s
1086747,based on novel or book
1086747,shapeshifting
1086747,bunker
1086747,forest
1086747,shelter
1086747,ireland
1086747,changeling
1086747,dark fantasy
1086747,strangers
1086747,mimic
1086747,fairies
1086747,trapped in a room
1086747,irish mythology
1086747,supernatural presence
1086747,mysterious watchers
1086747,rules of survival
1041613,nun
1041613,italy
1041613,pregnancy
1041613,priest
1041613,female protagonist
1041613,church
1041613,convent (nunnery)
1041613,dark secret
1041613,unassuming
1041613,religious horror
1041613,body horror
1041613,excited
489925,adolescence
489925,identity crisis
489925,coming of age
489925,teenage girl
489925,middle school
489925,self identity
489925,social media
489925,generation z
467660,stalker
467660,mental institution
467660,fear
467660,mother daughter relationship
467660,negative
818397,assassin
818397,alzheimer's disease
818397,remake
818397,assertive
524251,small town
524251,husband wife relationship
524251,kidnapping
524251,detective
524251,investigation
524251,twist
524251,forest
524251,dysfunctional family
524251,murder
524251,disappearance
524251,serial killer
524251,home invasion
524251,search party
524251,plot twist
524251,phrogging
619979,infidelity
619979,jealousy
619979,based on novel or book
619979,marriage
619979,dysfunctional marriage
619979,murder
619979,cuckold
619979,jealous husband
619979,erotic thriller
619979,unfaithful wife
619979,cuckolded husband
619979,psychological
619979,snails
632727,mass murder
632727,texas
632727,halloween
632727,gore
632727,sequel
632727,murder
632727,decapitation
632727,serial killer
632727,leatherface
632727,slasher
632727,chainsaw
632727,massacre
632727,cannibal
632727,body mutilation
632727,reboot
632727,gentrification
632727,aggressive
632727,skinning
505058,webcam
505058,sequel
505058,lesbian relationship
505058,hacking
505058,computer screen
505058,found footage
505058,shocking
505058,skype
505058,game night
505058,screenlife
505058,livestream
505058,found footage adjacent
316152,ku klux klan
316152,slavery
316152,based on true story
316152,period drama
316152,revolt
316152,confederate
316152,resistance fighter
316152,american civil war
316152,deep south
316152,mississippi
309886,drug dealer
309886,trailer park
309886,parent child relationship
309886,on the run
309886,teenage girl
309886,desert
309886,family reunion
309886,alcoholic
309886,ex-con
309886,tattoo artist
309886,mexican cartel
309886,biker gang
791177,based on novel or book
791177,sense of guilt
791177,homelessness
791177,addiction
791177,road trip
791177,love
791177,interracial romance
791177,teenage girl
791177,family abandonment
791177,cannibal
791177,guilt
791177,sensuality
791177,first love
791177,pickup truck
791177,flesh eating
791177,road movie
791177,genre bending
791177,dark secret
791177,1980s
791177,american midwest
791177,abandonment
791177,romantic thriller
791177,estranged mother
791177,brother sister relationship
791177,love story
791177,body horror
791177,intimate
791177,suspenseful
791177,sentimental
791177,brutal violence
579974,rescue
579974,revolution
579974,liberation
579974,slavery
579974,male friendship
579974,freedom fighter
579974,british empire
579974,interracial romance
579974,historical fiction
579974,period drama
579974,historical
579974,1920s
579974,history of india
579974,killed in action
579974,war
639720,friendship
639720,imaginary friend
639720,aftercreditsstinger
639720,imaginary
639720,live action and animation
639720,imagination
1236153,race against time
1236153,mission
1236153,artificial intelligence (a.i.)
1236153,bomb
1236153,kidnapping
1236153,dystopia
1236153,cop
1236153,"los angeles, california"
1236153,false accusations
1236153,innocent suspect
1236153,father daughter relationship
1236153,criminal justice system
1236153,evidence room
1236153,near future
1236153,screenlife
1236153,alcoholic cop
1236153,crime
406994,holiday
406994,spider
406994,murder
406994,snowman
406994,snow
406994,home invasion
406994,truth or dare
406994,christmas lights
406994,christmas horror
406994,christmas
283378,based on novel or book
283378,fallen angel
283378,reform school
283378,based on young adult novel
338189,narration
338189,based on play or musical
338189,dysfunctional family
338189,male homosexuality
338189,illness
338189,critically bashed
338189,lgbt
338189,resentment
338189,incommunicability
338189,small talk
338189,gay theme
338189,dreary
442062,witch
442062,skeleton
442062,monster
442062,based on novel or book
442062,spider
442062,halloween
442062,sequel
442062,pumpkins
442062,zombie
442062,werewolf
442062,based on children's book
442062,bats
442062,ghoul
442062,ghost
442062,horror for children
442062,ventriloquist's dummy
442062,ghouls
442062,skeletons
442062,abominable snowman
442062,monsters
442062,witches
442062,ghosts
442062,zombies
442062,gummy bears
614930,new york city
614930,sibling relationship
614930,skateboarding
614930,crime fighter
614930,superhero
614930,turtle
614930,based on comic
614930,ninja
614930,duringcreditsstinger
614930,playful
614930,aspiring journalist
614930,anthropomorphic animal
614930,3d animation
614930,lighthearted
614930,sentimental
614930,whimsical
614930,enthusiastic
614930,vibrant
396461,secret society
396461,seduction
396461,dark comedy
396461,surrealism
396461,dream sequence
396461,voyeur
396461,part animation
396461,mysterious
396461,neo-noir
396461,hollywood hills
396461,subliminal message
1301421,shepherd
1301421,based on novel or book
1301421,investigation
1301421,murder
1301421,aftercreditsstinger
1301421,murder mystery
1301421,investigate
1301421,talking animal
1301421,inspirational
1301421,whodunnit
1301421,animal adventure
1301421,bumbling detective
463257,escape
463257,runaway
463257,wrestling
463257,down syndrome
463257,on the run
463257,wrestling coach
463257,raft
463257,nursing home
463257,disability
463257,dream come true
463257,escape plan
463257,southern gothic
506574,magic
506574,musical
506574,sequel
506574,family
446894,nepal
446894,himalaya mountain range
446894,musical
446894,yeti
446894,anthropomorphism
446894,snow
446894,creature
446894,based on children's book
446894,aftercreditsstinger
446894,duringcreditsstinger
446894,plane crash
446894,3d animation
446894,cheerful
446894,enthusiastic
512895,freedom
512895,family
512895,streetwise
512895,live action and animation
452832,video game
452832,virtual reality
452832,fisherman
452832,domestic violence
452832,co-workers relationship
452832,alcohol abuse
452832,cajun
452832,older woman younger man relationship
452832,fishing boat
452832,curious
452832,neo-noir
452832,isolated island
452832,abusive stepfather
452832,father son relationship
452832,zydeco
452832,hunting obsession
522518,reincarnation
522518,sequel
522518,growing up
522518,dog
522518,animal shelter
522518,pets
1071215,small town
1071215,sadism
1071215,holiday
1071215,massachusetts
1071215,thanksgiving
1071215,dark comedy
1071215,riot
1071215,plymouth
1071215,murder
1071215,serial killer
1071215,consumerism
1071215,slasher
1071215,whodunit
1071215,aftercreditsstinger
1071215,murder spree
1071215,teenage killer
1071215,black friday
1071215,based on short film
1071215,holidays
1071215,revenge slasher
1071215,stalked by a killer
1071215,revenge horror
1071215,masked killer
1071215,teen slasher
1071215,holiday horror
377264,future
377264,artificial intelligence (a.i.)
377264,robot
1228710,galaxy
1228710,bounty hunter
1228710,spin off
1228710,space opera
1228710,space adventure
1228710,based on tv series
1228710,lighthearted
1228710,master apprentice relationship
734265,holiday
734265,ugliness
734265,online dating
734265,christmas
734265,dating app
734265,happy ending
734265,christmas romance
734265,feelgood
530382,"philadelphia, pennsylvania"
530382,detective
530382,time travel
530382,living in car
530382,serial killer
530382,hospital
530382,grave digger
530382,polaroid camera
530382,angry
530382,white supremacy
530382,father daughter relationship
530382,grandfather granddaughter relationship
504562,based on novel or book
504562,jazz club
504562,tourette syndrome
504562,"brooklyn, new york city"
504562,private detective
504562,murder investigation
504562,political corruption
504562,neo-noir
504562,1950s
424121,wales
424121,ransom
424121,gore
424121,cult
424121,murder
424121,religion
424121,prophet
424121,church
424121,praying
424121,folk horror
424121,isolated island
424121,1900s
424121,father daughter relationship
424121,depressing
323677,"berlin, germany"
323677,sports
323677,olympic games
323677,biography
323677,historical figure
323677,racism
323677,track and field
323677,olympic athlete
323677,star athlete
323677,inspirational
323677,jesse owens
323677,olympic champion
323677,olympic medal
323677,biographical
315011,japan
315011,monster
315011,bureaucracy
315011,politics
315011,giant monster
315011,nuclear radiation
315011,political incompetence
315011,"tokyo, japan"
315011,destruction
315011,reboot
315011,kaiju
315011,satirical
315011,political turmoil
315011,human made disaster
315011,godzilla
315011,nuclear disaster
315011,us japan relations
315011,tokusatsu
315011,intense
315011,urban collapse
614933,artificial intelligence (a.i.)
614933,exploration
614933,distant future
614933,attack
614933,soldier
614933,battle
614933,human‑ai distrust
614933,survival partnership
614933,rogue ai threat
614933,machine autonomy
614933,hostile planet
614933,futuristic spacecraft
614933,neural interface
614933,deep‑space mission
614933,military robot
432068,"paris, france"
432068,wedding planner
432068,marriage
432068,wedding party
432068,bride and groom
432068,catering
533533,artificial intelligence (a.i.)
533533,computer program
533533,identity crisis
533533,computer simulation
533533,sequel
533533,business rivalry
533533,virtual world
533533,digital world
533533,real‑world crossover
533533,advanced program
533533,technological conflict
533533,system instability
533533,cyber universe
533533,quantum computing
533533,system breach
533533,existential threat
618344,superhero
618344,based on comic
618344,hopeless
618344,depressing
618344,bitter
618344,disrespectful
618344,dc animated movie universe (dcamu)
