tmdbId,keyword
293660,superhero
293660,anti hero
293660,mercenary
293660,based on comic
293660,aftercreditsstinger
293660,duringcreditsstinger
299536,sacrifice
299536,magic
299536,superhero
299536,based on comic
299536,space
299536,battlefield
299536,genocide
299536,magical object
299536,super power
299536,superhero team
299536,aftercreditsstinger
299536,marvel cinematic universe (mcu)
299536,cosmic
299534,superhero
299534,time travel
299534,space travel
299534,time machine
299534,based on comic
299534,sequel
299534,alien invasion
299534,superhero team
299534,marvel cinematic universe (mcu)
299534,alternate timeline
299534,father daughter relationship
299534,sister sister relationship
299534,teamwork
299534,excited
475557,society
475557,based on comic
475557,social commentary
475557,psychological thriller
475557,criminal mastermind
475557,mental illness
475557,anarchy
475557,character study
475557,clown makeup
475557,outsider
475557,prophetic
475557,social realism
475557,tv host
475557,1980s
475557,mother son relationship
475557,origin story
475557,falling into madness
475557,anti-capitalist
271110,superhero
271110,based on comic
271110,sequel
271110,super soldier
271110,aftercreditsstinger
271110,duringcreditsstinger
271110,marvel cinematic universe (mcu)
271110,superhero teamup
271110,versus fighting
271110,versus
284054,africa
284054,superhero
284054,based on comic
284054,aftercreditsstinger
284054,duringcreditsstinger
284054,marvel cinematic universe (mcu)
284052,magic
284052,superhero
284052,training
284052,based on comic
284052,sorcerer
284052,doctor
284052,neurosurgeon
284052,injury
284052,wizard
284052,aftercreditsstinger
284052,duringcreditsstinger
284052,marvel cinematic universe (mcu)
284052,speculative
284052,origin story
284052,interdimensional travel
284052,ambiguous
284052,ambivalent
315635,high school
315635,new york city
315635,"washington dc, usa"
315635,secret identity
315635,superhero
315635,based on comic
315635,coming of age
315635,reboot
315635,aftercreditsstinger
315635,duringcreditsstinger
315635,marvel cinematic universe (mcu)
315635,masked superhero
315635,teen superhero
315635,lighthearted
283995,hero
283995,superhero
283995,based on comic
283995,sequel
283995,alien
283995,space
283995,aftercreditsstinger
283995,duringcreditsstinger
283995,marvel cinematic universe (mcu)
283995,father son relationship
634649,new york city
634649,hero
634649,showdown
634649,magic
634649,loss of loved one
634649,secret identity
634649,superhero
634649,villain
634649,portal
634649,based on comic
634649,sequel
634649,vigilante
634649,superhero team
634649,masked vigilante
634649,alternative reality
634649,aftercreditsstinger
634649,duringcreditsstinger
634649,marvel cinematic universe (mcu)
634649,masked superhero
634649,fight for justice
634649,teen superhero
634649,superhero teamup
634649,returning hero
634649,teamwork
634649,multiverse
284053,superhero
284053,death of father
284053,based on comic
284053,sequel
284053,alien planet
284053,female villain
284053,norse mythology
284053,aftercreditsstinger
284053,duringcreditsstinger
284053,marvel cinematic universe (mcu)
284053,mysterious
284053,norse god
284053,familiar
284053,ominous
297761,secret mission
297761,superhero
297761,anti hero
297761,villain
297761,supervillain
297761,dc extended universe (dceu)
354912,skeleton
354912,mexico
354912,guitar
354912,afterlife
354912,musician
354912,holiday
354912,villain
354912,singer
354912,murderer
354912,life after death
354912,kids
354912,day of the dead
354912,3d animation
354912,music
354912,boy
354912,hilarious
354912,hopeful
354912,modest
354912,pixar
496243,dark comedy
496243,con artist
496243,social commentary
496243,working class
496243,infiltration
496243,psychological thriller
496243,class differences
496243,family
496243,unemployed
496243,domestic worker
496243,wealthy family
496243,south korea
496243,introspective
496243,caste violence
496243,"seoul, south korea"
496243,anti-capitalist
297762,island
297762,hero
297762,strong woman
297762,world war i
297762,empowerment
297762,superhero
297762,feminism
297762,greek mythology
297762,based on comic
297762,female protagonist
297762,period drama
297762,super power
297762,heroine
297762,woman director
297762,female empowerment
297762,1910s
297762,dc extended universe (dceu)
263115,future
263115,experiment
263115,immortality
263115,self-destruction
263115,cyborg
263115,dystopia
263115,superhero
263115,mutant
263115,road trip
263115,based on comic
263115,sequel
263115,spin off
263115,super power
263115,neo-western
263115,troubled past
263115,quest
263115,aging superhero
263115,life on the margin
263115,grimdark
263115,excited
346364,small town
346364,based on novel or book
346364,halloween
346364,haunted house
346364,clown
346364,bullying
346364,abandoned house
346364,coming of age
346364,flashback
346364,murder
346364,balloon
346364,maine
346364,school
346364,creature
346364,fear
346364,summer
346364,killer
346364,missing person
346364,death of brother
346364,well
346364,1980s
346364,kids
346364,grim
346364,creepy house
346364,demonic
346364,town history
346364,frightened
346364,ghoulish
346364,gloomy
259316,witch
259316,new york city
259316,robbery
259316,escape
259316,teleportation
259316,magic
259316,suitcase
259316,mistake
259316,spin off
259316,subway station
259316,wizard
259316,goblin
259316,magical creature
259316,1920s
259316,based on young adult novel
259316,fantastic beasts and where to find them
329865,spacecraft
329865,extraterrestrial technology
329865,loss
329865,time
329865,alien
329865,language
329865,female protagonist
329865,scientist
329865,heartbreak
329865,based on short story
329865,alien contact
329865,military
329865,alien language
329865,linguist
329865,first contact
329865,communication
329865,linguistics
329865,time-manipulation
329865,complex
329865,determinism
329865,science fiction
329865,wistful
329865,incredulous
329865,hopeful
383498,hero
383498,superhero
383498,mutant
383498,mercenary
383498,based on comic
383498,sequel
383498,breaking the fourth wall
383498,aftercreditsstinger
383498,duringcreditsstinger
383498,joyful
209112,superhero
209112,based on comic
209112,sequel
209112,revenge
209112,vigilante
209112,super power
209112,supervillain
209112,dc extended universe (dceu)
209112,versus fighting
209112,versus
419430,kidnapping
419430,externally controlled action
419430,manipulation
419430,dark comedy
419430,hypnosis
419430,parents-in-law
419430,satire
419430,racist
419430,revenge
419430,interracial relationship
419430,disappearance
419430,racism
419430,psychological thriller
419430,neurosurgeon
419430,missing person
419430,stereotype
419430,brain surgery
419430,race-conscious
419430,horrified
381288,child abuse
381288,"philadelphia, pennsylvania"
381288,kidnapping
381288,gore
381288,sequel
381288,stalking
381288,teenage girl
381288,psychological thriller
381288,super power
381288,mental illness
381288,split personality
381288,multiple personality
381288,traumatic childhood
381288,dissociative identity disorder
381288,psychological horror
381288,bitter
381288,defiant
381288,frightened
269149,sheep
269149,allegory
269149,lion
269149,hippopotamus
269149,cartoon
269149,villain
269149,bullying
269149,polar bear
269149,con artist
269149,anthropomorphism
269149,revenge
269149,conspiracy
269149,urban
269149,female protagonist
269149,animals
269149,rookie cop
269149,missing person
269149,fable
269149,racial prejudice
269149,injustice
269149,reconciliation
269149,female villain
269149,buddy cop
269149,stereotype
269149,aftercreditsstinger
269149,cartoon rabbit
269149,villain arrested
269149,discrimination
269149,cartoon bear
269149,thoughtful
269149,cartoon animal
269149,3d animation
269149,cartoon fox
269149,joyous
269149,cartoon elephant
269149,cheerful
269149,joyful
313369,dancing
313369,dance
313369,jazz
313369,musical
313369,ambition
313369,casting
313369,romcom
313369,coffee shop
313369,jazz club
313369,traffic jam
313369,hollywood
313369,"los angeles, california"
313369,pianist
313369,pier
313369,audition
313369,valentine's day
313369,planetarium
313369,aspiring actor
313369,movie set
313369,sunset
313369,one-woman show
313369,pool party
313369,complex
313369,griffith observatory
313369,bold
313369,exuberant
424694,"london, england"
424694,aids
424694,musician
424694,1970s
424694,biography
424694,based on true story
424694,singer
424694,hiv
424694,male homosexuality
424694,fame
424694,rock band
424694,lgbt
424694,1980s
424694,gay theme
424694,excited
374720,army
374720,beach
374720,france
374720,allies
374720,raf (royal air force)
374720,military officer
374720,world war ii
374720,evacuation
374720,pilot
374720,british army
374720,rescue mission
374720,europe
374720,based on true story
374720,royal navy
374720,survival
374720,historical fiction
374720,soldier
374720,period drama
374720,private
374720,military
374720,dunkirk
374720,1940s
374720,intense
374720,awestruck
374720,foreboding
324857,superhero
324857,based on comic
324857,aftercreditsstinger
324857,alternate universe
429617,"venice, italy"
429617,secret identity
429617,superhero
429617,school trip
429617,europe
429617,based on comic
429617,sequel
429617,travel
429617,aftercreditsstinger
429617,duringcreditsstinger
429617,marvel cinematic universe (mcu)
429617,masked superhero
429617,tower of london
429617,teen superhero
429617,cliché
335983,spacecraft
335983,"san francisco, california"
335983,superhero
335983,anti hero
335983,alien life-form
335983,based on comic
335983,aftercreditsstinger
335983,duringcreditsstinger
335983,business tycoon
335983,symbiote
335983,genetic experiment
335983,venom
333339,future
333339,based on novel or book
333339,video game
333339,virtual reality
333339,dystopia
333339,nostalgia
333339,love
333339,film in film
333339,evil corporation
333339,quest
333339,1980s
333339,2040s
333339,based on young adult novel
333339,virtual game
333339,"columbus, ohio"
333339,dreary
333339,gloomy
333339,vrmmo
339403,robbery
339403,waitress
339403,atlanta
339403,crime boss
339403,romance
339403,heist
339403,getaway car
339403,on the run
339403,shootout
339403,bank robbery
339403,getaway driver
339403,sign languages
339403,armed robbery
339403,hearing impaired
339403,music
339403,bewildered
299537,superhero
299537,based on comic
299537,alien
299537,female protagonist
299537,alien invasion
299537,super power
299537,female hero
299537,aftercreditsstinger
299537,duringcreditsstinger
299537,marvel cinematic universe (mcu)
299537,woman director
299537,1990s
299537,alien technology
299537,intense
299537,cliché
299537,joyful
330459,rebellion
330459,spacecraft
330459,rebel
330459,space battle
330459,space travel
330459,prequel
330459,female protagonist
330459,space western
330459,suicide mission
330459,robot
330459,spin off
330459,space opera
330459,alien language
330459,against the odds
330459,blind man
181808,bunker
181808,space battle
181808,defeat
181808,failure
181808,sequel
181808,space opera
181808,military operation
181808,quest
181808,tuwaderalit
321612,france
321612,magic
321612,fairy tale
321612,transformation
321612,cartoon
321612,castle
321612,musical
321612,remake
321612,curse
321612,creature
321612,18th century
321612,beast
321612,dark fantasy
321612,live action and animation
321612,live action remake
321612,whimsical
321612,fairy-tale adaptation
447332,pregnancy
447332,fireworks
447332,deaf
447332,post-apocalyptic future
447332,alien life-form
447332,child in peril
447332,creature
447332,alien invasion
447332,parenting
447332,survival horror
447332,alien monster
447332,human vs alien
447332,sign languages
447332,hostile
447332,anxious
447332,dreary
447332,quiet
447332,upstate new york
447332,psychological horror
447332,sci-fi horror
447332,frightened
335984,future
335984,android
335984,bounty hunter
335984,artificial intelligence (a.i.)
335984,dystopia
335984,sequel
335984,cyberpunk
335984,transhumanism
335984,"los angeles, california"
335984,las vegas
335984,tech noir
335984,cyber thriller
335984,humanoid robot
335984,blade runner
335984,2040s
335984,slow burn
438631,empire
438631,future
438631,army
438631,based on novel or book
438631,prophecy
438631,dystopia
438631,emperor
438631,sand
438631,spice
438631,chosen one
438631,hallucinogen
438631,treason
438631,baron
438631,revenge
438631,premonition
438631,betrayal
438631,space
438631,water shortage
438631,creature
438631,desert
438631,knife fight
438631,destiny
438631,giant worm
438631,space opera
438631,sand dune
438631,messiah
438631,complex
438631,mother son relationship
438631,giant creature
324786,japan
324786,hero
324786,world war ii
324786,abusive father
324786,pacifism
324786,bible
324786,gore
324786,vegetarian
324786,biography
324786,based on true story
324786,okinawa
324786,conscientious objector
324786,religion
324786,soldier
324786,alcoholic
324786,war hero
324786,pacifist
324786,medic
324786,us military
324786,battle of okinawa
324786,congressional medal of honor
324786,admiring
324786,combat medic
324786,weaponless
324786,seventh-day adventists
466272,movie business
466272,male friendship
466272,cult
466272,based on true story
466272,celebrity
466272,fame
466272,hollywood
466272,"los angeles, california"
466272,historical fiction
466272,period drama
466272,buddy
466272,filmmaking
466272,struggling actor
466272,satanic cult
466272,revisionist history
466272,duringcreditsstinger
466272,western filmmaking
466272,manson family murders
466272,1960s
466272,stunt double
466272,old hollywood
466272,sharon tate
466272,charles manson
466272,subjective
466272,"hollywood, california"
297802,hero
297802,chase
297802,atlantis
297802,superhero
297802,half-brother
297802,based on comic
297802,royalty
297802,underwater
297802,duringcreditsstinger
297802,quest
297802,dc extended universe (dceu)
297802,advanced civilization
297802,two worlds
353486,based on novel or book
353486,video game
353486,fighter
353486,sequel
353486,detention
353486,explorer
353486,based on movie
353486,gaming
353486,quest
353486,cartographer
353486,action hero
353486,unassuming
353486,zoologist
353486,based on young adult novel
353486,trapped in a game
353486,hilarious
353486,amused
353486,awestruck
353486,enthusiastic
76600,dying and death
76600,loss of loved one
76600,alien life-form
76600,resurrection
76600,dysfunctional family
76600,sequel
76600,alien planet
76600,distant future
76600,transhumanism
76600,adopted child
76600,rebirth
76600,motion capture
76600,family dynamics
76600,adopted son
76600,stronger villain
76600,complex
76600,war
76600,bold
76600,complicated
76600,demeaning
76600,exhilarated
324552,martial arts
324552,assassin
324552,"rome, italy"
324552,hitman
324552,roof
324552,secret organization
324552,sequel
324552,revenge
324552,shootout
324552,dog
324552,code of honor
324552,handshake
324552,hand to hand combat
324552,neo-noir
324552,guns
324552,dark
324552,roof-top
324552,precision shooting
324552,continental hotel
363088,van
363088,dreams
363088,insect
363088,flying
363088,chase
363088,fight
363088,superhero
363088,ant
363088,nuclear missile
363088,shrinking
363088,based on comic
363088,giant insect
363088,sequel
363088,flashback
363088,house arrest
363088,alternate dimension
363088,tragic villain
363088,laboratory
363088,fugitive
363088,school
363088,miniaturization
363088,montage
363088,toy car
363088,giant man
363088,female villain
363088,aftercreditsstinger
363088,duringcreditsstinger
363088,marvel cinematic universe (mcu)
363088,giant
363088,action hero
363088,father daughter relationship
363088,mother daughter relationship
274870,android
274870,spacecraft
274870,asteroid
274870,isolation
274870,shower
274870,hibernation
274870,swimming pool
274870,automation
274870,space
274870,robot
274870,space station
274870,lying
274870,gravity
274870,trapped in space
274870,shocking
274870,malfunction
274870,cryonics
274870,proprietary
274870,fusion reactor
546554,immigrant
546554,detective
546554,massachusetts
546554,investigation
546554,big family
546554,mansion
546554,whodunit
546554,family home
546554,murder mystery
546554,neo-noir
546554,privilege
246655,egypt
246655,hero
246655,superhero
246655,mutant
246655,based on comic
246655,sequel
246655,superhuman
246655,super power
246655,superhero team
246655,world domination
246655,aftercreditsstinger
246655,1980s
246655,origin
246655,appreciative
277834,sailboat
277834,sea
277834,island
277834,saving the world
277834,ocean
277834,cartoon
277834,mythology
277834,villain
277834,musical
277834,coming of age
277834,curse
277834,sailor
277834,explorer
277834,aftercreditsstinger
277834,demigod
277834,polynesia
277834,voyage
277834,pacific  ocean
277834,quest
277834,island life
277834,giant crab
277834,animal sidekick
277834,seafarer
277834,3d animation
277834,admiring
277834,female explorer
141052,superhero
141052,based on comic
141052,super power
141052,superhero team
141052,aftercreditsstinger
141052,duringcreditsstinger
141052,dc extended universe (dceu)
260513,married couple
260513,superhero
260513,cartoon
260513,villain
260513,sequel
260513,parenting
260513,family
260513,super power
260513,female villain
260513,supervillain
260513,3d animation
260513,suspenseful
260513,pixar
530915,race against time
530915,world war i
530915,british army
530915,survival
530915,soldier
530915,period drama
530915,real time
530915,trenches
530915,1910s
530915,trench warfare
530915,no man's land
530915,intense
530915,horrified
530915,war epic
296096,depression
296096,small town
296096,based on novel or book
296096,england
296096,artist
296096,wheelchair
296096,romance
296096,love
296096,caretaker
296096,caregiver
296096,disabled
296096,valentine's day
296096,twenty something
296096,woman director
296096,accident
296096,depressing
490132,friendship
490132,southern usa
490132,based on true story
490132,road trip
490132,racism
490132,pianist
490132,driver
490132,lgbt
490132,road movie
490132,music tour
490132,1960s
490132,roadtrip
490132,gay theme
490132,feelgood
399055,government
399055,fairy tale
399055,cold war
399055,supernatural
399055,"baltimore, usa"
399055,laboratory
399055,orphan
399055,scientist
399055,magic realism
399055,capture
399055,sign languages
399055,1960s
399055,calm
399055,interspecies romance
399055,complex
399055,fishman
399055,amphibious creature
399055,informative
399055,interspecies sex
166426,treasure map
166426,sequel
166426,royal navy
166426,pirate
166426,swashbuckler
166426,caribbean sea
166426,dark fantasy
166426,trident
166426,based on theme park ride
166426,treasure hunting
166426,caribbean island
166426,ghost pirates
166426,cursed crew
166426,legendary artifact
166426,oceanic curse
166426,supernatural pursuit
166426,naval confrontation
166426,dangerous voyage
166426,rival captains
166426,epic chase
351286,tyrannosaurus rex
351286,volcano
351286,rescue mission
351286,sequel
351286,wild animal
351286,prehistoric creature
351286,dinosaur
351286,genetic engineering
351286,aftercreditsstinger
351286,monster island
372058,high school
372058,race against time
372058,dreams
372058,afterlife
372058,natural disaster
372058,supernatural
372058,time travel
372058,comet
372058,romance
372058,tragedy
372058,school
372058,body-swap
372058,high school student
372058,nonlinear timeline
372058,star crossed lovers
372058,power of love
372058,anime
372058,japanese high school
372058,urban fantasy
398818,based on novel or book
398818,upper class
398818,italy
398818,swimming pool
398818,coming of age
398818,love
398818,breaking the fourth wall
398818,summer
398818,teenage boy
398818,masturbation
398818,first love
398818,lgbt
398818,jewish family
398818,1980s
398818,gay theme
127380,fish
127380,amnesia
127380,octopus
127380,sequel
127380,anthropomorphism
127380,computer animation
127380,underwater
127380,aftercreditsstinger
127380,clownfish
127380,3d animation
127380,amused
127380,enthusiastic
127380,hopeful
127380,pixar
414906,police
414906,psychopath
414906,secret identity
414906,crime fighter
414906,superhero
414906,nightclub
414906,politician
414906,based on comic
414906,vigilante
414906,organized crime
414906,serial killer
414906,millionaire
414906,social injustice
414906,murder investigation
414906,aftercreditsstinger
414906,masked superhero
414906,political corruption
414906,neo-noir
414906,urban gothic
414906,vengeance
414906,mayoral election
414906,wistful
414906,suspenseful
414906,tense
414906,gloomy
872585,husband wife relationship
872585,based on novel or book
872585,atomic bomb
872585,patriotism
872585,new mexico
872585,world war ii
872585,atomic bomb test
872585,physics
872585,biography
872585,based on true story
872585,antisemitism
872585,interrogation
872585,guilt
872585,historical event
872585,nuclear weapons
872585,communism
872585,red scare
872585,mccarthyism
872585,top secret project
872585,moral dilemma
872585,usa politics
872585,1940s
872585,20th century
872585,manhattan project
872585,los alamos
332562,concert
332562,country music
332562,waitress
332562,pop star
332562,self-destruction
332562,show business
332562,talent
332562,addiction
332562,alcoholism
332562,celebrity
332562,remake
332562,aspiring singer
332562,singer
332562,fame
332562,tinnitus
332562,falling in love
332562,insecurity
332562,alcoholic
332562,emotional vulnerability
332562,hearing impaired
332562,fading star
332562,struggling musician
332562,country singer
332562,romantic
332562,admiring
458156,new york city
458156,martial arts
458156,bratva (russian mafia)
458156,"casablanca, morocco"
458156,secret society
458156,secret organization
458156,black humor
458156,sahara desert
458156,sequel
458156,organized crime
458156,one man army
458156,code of honor
458156,hand to hand combat
458156,consequences
458156,professional assassin
458156,baba yaga
458156,dog man friendship
458156,continental hotel
291805,prison
291805,new york city
291805,magic
291805,kidnapping
291805,fbi
291805,card trick
291805,secret society
291805,hypnosis
291805,illusion
291805,twin brother
291805,sequel
291805,heist
291805,revenge
291805,vigilante
291805,on the run
291805,fake death
291805,macau
291805,perception
291805,illusionist
291805,secrecy
291805,illusionism
291805,debunker
291805,sleight of hand
291805,fbi agent
291805,intense
291805,cheerful
508442,new york city
508442,jazz
508442,musician
508442,cat
508442,self-discovery
508442,jazz singer or musician
508442,teacher
508442,nostalgic
508442,questioning
508442,aftercreditsstinger
508442,duringcreditsstinger
508442,life after death
508442,calm
508442,philosophical
508442,reflective
508442,wonder
508442,introspective
508442,3d animation
508442,inspirational
508442,sentimental
508442,gentle
508442,hopeful
508442,optimistic
508442,sincere
508442,pixar
338952,witch
338952,new york city
338952,"paris, france"
338952,magic
338952,school of witchcraft
338952,black magic
338952,sequel
338952,prison escape
338952,old flame
338952,wizard
338952,magical creature
338952,1920s
338952,based on young adult novel
338952,good versus evil
338952,follower
497698,assassin
497698,hero
497698,spy
497698,kgb
497698,based on comic
497698,female assassin
497698,female spy
497698,female hero
497698,aftercreditsstinger
497698,marvel cinematic universe (mcu)
497698,woman director
346698,feminism
346698,satire
346698,patriarchy
346698,social satire
346698,based on toy
346698,female protagonist
346698,fish out of water
346698,womanhood
346698,doll
346698,reality vs fantasy
346698,fantasy world
346698,motherhood
346698,existentialism
346698,woman director
346698,satirical
346698,misandry
346698,mother daughter relationship
346698,adventure comedy
346698,introspective
346698,inspirational
346698,gender discrimination
346698,hilarious
346698,secret world
346698,celebratory
346698,hopeful
346698,powerful
361743,fighter pilot
361743,u.s. navy
361743,sequel
361743,nuclear weapons
361743,military
361743,aircraft carrier
361743,naval aviation
361743,war
577922,assassin
577922,espionage
577922,spy
577922,time travel
577922,"mumbai (bombay), india"
577922,arms dealer
577922,terrorism
577922,terrorist attack
577922,nuclear weapons
577922,terrorist plot
577922,backwards
577922,alternate timeline
577922,"oslo, norway"
577922,time paradox
577922,"kyiv (kiev), ukraine"
577922,ambivalent
580489,hero
580489,psychopath
580489,superhero
580489,anti hero
580489,villain
580489,alien life-form
580489,based on comic
580489,sequel
580489,fear
580489,aftercreditsstinger
580489,symbiote
580489,carnage
343668,saving the world
343668,spy
343668,secret agent
343668,europe
343668,sequel
343668,secret government organization
343668,agent
343668,statesman
343668,joyous
343668,amused
293167,vietnam veteran
293167,island
293167,monster
293167,1970s
293167,expedition
293167,giant monster
293167,giant spider
293167,creature
293167,spin off
293167,u.s. soldier
293167,giant animal
293167,kaiju
293167,aftercreditsstinger
293167,giant ape
293167,monster island
293167,uncharted
293167,king kong
293167,monsterverse
359940,small town
359940,police brutality
359940,missouri
359940,alcoholism
359940,murder
359940,cancer
359940,teenage girl
359940,police corruption
359940,racism
359940,biting
359940,guilty conscience
359940,angry
359940,serious
359940,grieving mother
359940,tragic
181812,space opera
791373,saving the world
791373,superhero
791373,resurrection
791373,based on comic
791373,superhero team
791373,planet invasion
791373,action hero
791373,dc extended universe (dceu)
791373,superhero teamup
791373,teamwork
502356,gorilla
502356,plumber
502356,affectation
502356,villain
502356,anthropomorphism
502356,based on video game
502356,toad
502356,aftercreditsstinger
502356,duringcreditsstinger
502356,damsel in distress
502356,piano
502356,brother brother relationship
502356,3d animation
502356,evil king
502356,adoring
495764,police
495764,pickpocket
495764,chase
495764,psychopath
495764,superhero
495764,nightclub
495764,dark comedy
495764,gang leader
495764,based on comic
495764,breaking the fourth wall
495764,betrayal
495764,vigilante
495764,mobster
495764,organized crime
495764,shootout
495764,female protagonist
495764,orphan
495764,criminal
495764,police officer
495764,police detective
495764,spin off
495764,death of family
495764,crime family
495764,female police officer
495764,woman director
495764,hand to hand combat
495764,vigilantism
495764,dc extended universe (dceu)
495764,supernatural power
495764,betrayal of trust
495764,vigilante justice
495764,bewildered
301528,friendship
301528,cartoon
301528,carnival
301528,rescue mission
301528,sequel
301528,dummy
301528,anti villain
301528,buddy
301528,doll
301528,cowboy
301528,duringcreditsstinger
301528,toy comes to life
301528,dedication
301528,antique shop
301528,3d animation
301528,pixar
337339,new york city
337339,submarine
337339,rescue mission
337339,sequel
337339,street race
337339,betrayal
337339,criminal mastermind
337339,mysterious woman
337339,cars
337339,bold
420818,africa
420818,lion
420818,prince
420818,redemption
420818,musical
420818,uncle
420818,remake
420818,grief
420818,king
420818,family
420818,sidekick
420818,live action and animation
420818,father son relationship
420818,live action remake
453395,magic
453395,superhero
453395,based on comic
453395,alternative reality
453395,aftercreditsstinger
453395,duringcreditsstinger
453395,marvel cinematic universe (mcu)
399566,giant monster
399566,dinosaur
399566,creature feature
399566,kaiju
399566,sign languages
399566,giant ape
399566,godzilla
399566,robot dinosaur
399566,king kong
399566,cliché
399566,monsterverse
405774,based on novel or book
405774,post-apocalyptic future
405774,blindfold
405774,doomsday
405774,survival horror
405774,woman director
405774,white water rafting
405774,depressing
405774,disheartening
420817,princess
420817,hero
420817,hustler
420817,palace
420817,sultan
420817,flying carpet
420817,musical
420817,rags to riches
420817,romance
420817,monkey
420817,family
420817,first love
420817,"based on myths, legends or folklore"
420817,genie
420817,arabian nights
420817,live action and animation
420817,live action remake
420817,hilarious
420817,adoring
420817,familiar
566525,martial arts
566525,superhero
566525,based on comic
566525,mixed martial arts (mma)
566525,east asian lead
566525,aftercreditsstinger
566525,duringcreditsstinger
566525,marvel cinematic universe (mcu)
566525,wuxia
566525,father son relationship
392044,princess
392044,based on novel or book
392044,"venice, italy"
392044,professor
392044,detective
392044,investigation
392044,orient express
392044,knife
392044,europe
392044,remake
392044,murder
392044,snow
392044,whodunit
392044,train
392044,stabbing
392044,alps mountains
392044,murder mystery
392044,1930s
392044,steam train
392044,istanbul
515001,based on novel or book
515001,world war ii
515001,jew persecution
515001,satire
515001,imaginary friend
515001,hitler youth
515001,single mother
515001,questioning
515001,nazism
515001,1940s
515001,child protagonist
515001,adolf hitler
515001,children in wartime
515001,suspicious
515001,irreverent
515001,nazi germany
515001,doubtful
515001,ridiculous
381284,nasa
381284,mathematics
381284,sexism
381284,biography
381284,racial segregation
381284,racism
381284,historical fiction
381284,scientist
381284,space race
381284,discrimination
381284,1960s
381284,space program
381284,african american history
381284,apologetic
381284,arrogant
381284,authoritarian
381284,callous
381284,condescending
381284,disrespectful
381284,frustrated
283366,wales
283366,children's home
283366,shapeshifting
283366,falcon
283366,time travel
283366,orphan
283366,super power
283366,nostalgic
283366,1940s
283366,based on young adult novel
283366,peregrine
454626,friendship
454626,video game
454626,"san francisco, california"
454626,road trip
454626,cop
454626,based on video game
454626,duringcreditsstinger
454626,bar fight
454626,hedgehog
454626,live action and animation
454626,live action remake
454626,playful
454626,joyous
454626,adoring
454626,joyful
330457,princess
330457,magic
330457,kingdom
330457,winter
330457,queen
330457,castle
330457,musical
330457,sequel
330457,dam
330457,spirit
330457,aftercreditsstinger
330457,frozen
330457,personification
330457,thoughtful
330457,mother daughter relationship
330457,3d animation
330457,whimsical
330457,appreciative
330457,compassionate
287947,"philadelphia, pennsylvania"
287947,magic
287947,secret identity
287947,superhero
287947,based on comic
287947,wizard
287947,superhuman strength
287947,aftercreditsstinger
287947,duringcreditsstinger
287947,christmas
287947,dc extended universe (dceu)
568124,strong woman
568124,magic
568124,sadness
568124,immigration
568124,supernatural
568124,beauty
568124,musical
568124,big family
568124,forest
568124,family secrets
568124,family relationships
568124,flamenco
568124,joy of life
568124,teenage girl
568124,female protagonist
568124,family conflict
568124,helping children
568124,matriarch
568124,3d animation
568124,colombia
399579,martial arts
399579,bounty hunter
399579,strong woman
399579,dystopia
399579,extreme sports
399579,superhero
399579,cyberpunk
399579,transhumanism
399579,based on manga
399579,female cyborg
399579,live action remake
399579,floating city
399579,ridiculous
399579,26th century
337404,1970s
337404,anti hero
337404,villain
337404,punk rock
337404,fashion designer
337404,fashion
337404,origin story
337404,live action remake
316029,adultery
316029,circus
316029,musical
316029,biography
316029,rags to riches
316029,based on true story
316029,outcast
316029,singing
316029,social outcast
316029,dreamer
316029,freak show
316029,social prejudice
316029,absurd
316029,amused
316029,cliché
316029,complicated
316029,showman
316029,oddity
550988,hero
550988,artificial intelligence (a.i.)
550988,video game
550988,virtual reality
550988,gun
550988,code
550988,gamer
550988,bank robbery
550988,bank teller
550988,programmer
550988,mmorpg
550988,virtual game
550988,heroic
550988,vrmmo
281338,suicide
281338,civil war
281338,escape
281338,winter
281338,mutation
281338,peace
281338,solidarity
281338,gorilla
281338,intelligence
281338,dystopia
281338,chimpanzee
281338,horse
281338,post-apocalyptic future
281338,slavery
281338,pacifism
281338,imprisonment
281338,colony
281338,sequel
281338,anthropomorphism
281338,revenge
281338,betrayal
281338,mute
281338,snow
281338,torture
281338,disease
281338,ape
281338,orangutan
281338,death of family
281338,death
281338,evolution
281338,avalanche
281338,albino
281338,primate
281338,sign languages
281338,virus
281338,underground tunnel
281338,assassination attempt
281338,enslavement
281338,murder by gunshot
281338,human becoming an animal
281338,contagion
281338,father son relationship
281338,2040s
281338,guns
281338,soldiers
281338,avenging father
281338,animal human friendship
281338,war
281338,cgi-live action hybrid
281338,violence against animals
281338,explosions
281338,war horse
281338,survival of the fittest
281338,brisk
436969,monster
436969,secret mission
436969,superhero
436969,anti hero
436969,giant monster
436969,gore
436969,based on comic
436969,alien
436969,betrayal
436969,alien invasion
436969,convict
436969,parasite
436969,super villain
436969,world domination
436969,aftercreditsstinger
436969,aggressive
436969,dc extended universe (dceu)
436969,absurd
436969,hilarious
436969,intense
436969,excited
474350,suicide
474350,based on novel or book
474350,halloween
474350,haunted house
474350,clown
474350,carnival
474350,sequel
474350,maine
474350,creature
474350,fear
474350,lgbt
474350,1980s
474350,grim
474350,ancient evil
474350,creepy house
474350,2010s
474350,loss of a friend
474350,ambiguous
474350,amused
474350,frightened
474350,gloomy
646380,artificial intelligence (a.i.)
646380,the white house
646380,asteroid
646380,climate change
646380,satire
646380,global warming
646380,comet
646380,end of the world
646380,social commentary
646380,social satire
646380,meteorite
646380,astronomer
646380,disaster
646380,teacher student relationship
646380,denial
646380,mass hysteria
646380,aftercreditsstinger
646380,duringcreditsstinger
646380,tragic
126889,android
126889,spacecraft
126889,experiment
126889,space travel
126889,infection
126889,engineer
126889,alien life-form
126889,sequel
126889,alien
126889,space
126889,creature
126889,robot
126889,scientist
126889,genocide
126889,creation
126889,paranoid
126889,acid
126889,alien technology
126889,genetic mutation
126889,suspenseful
126889,sci-fi horror
300668,depression
300668,florida
300668,quarantine
300668,coma
300668,based on novel or book
300668,mutation
300668,self-destruction
300668,professor
300668,dna
300668,expedition
300668,transformation
300668,alligator
300668,hybrid
300668,swamp
300668,meteor
300668,grief
300668,physicist
300668,cancer
300668,memory loss
300668,psychologist
300668,scientist
300668,paramedic
300668,missing person
300668,mourning
300668,beast
300668,geologist
300668,biologist
300668,unusual phenomena
300668,psychedelic
300668,speculative
300668,meditative
300668,compound
300668,missing husband
300668,fauna
300668,mysterious life form
300668,flora
300668,dreary
300668,body horror
300668,lovecraftian
300668,psychological horror
300668,absurd
300668,ambiguous
512200,based on novel or book
512200,video game
512200,magic
512200,animal attack
512200,sequel
512200,body-swap
512200,adventurer
512200,superhuman strength
512200,duringcreditsstinger
512200,kids
512200,action hero
512200,trapped in a game
512200,absurd
512200,live action
512200,hilarious
512200,amused
512200,awestruck
512200,baffled
512200,enthusiastic
664413,kidnapping
664413,gangster
664413,nightclub
664413,mansion
664413,prostitution
664413,relationship
664413,mature
664413,bdsm
664413,rich man poor woman
664413,disturbed
664413,aggressive
664413,abduction
664413,sex
664413,antagonistic
664413,arrogant
664413,disrespectful
348350,spacecraft
348350,smuggling (contraband)
348350,prequel
348350,spin off
348350,space opera
533535,hero
533535,superhero
533535,anti hero
533535,mutant
533535,breaking the fourth wall
533535,aftercreditsstinger
533535,duringcreditsstinger
533535,marvel cinematic universe (mcu)
533535,mutants
533535,superhero teamup
524434,saving the world
524434,superhero
524434,supernatural
524434,based on comic
524434,alien
524434,super power
524434,lgbt
524434,aftercreditsstinger
524434,marvel cinematic universe (mcu)
524434,woman director
524434,sign languages
524434,ancient
524434,god-like
259693,"london, england"
259693,england
259693,1970s
259693,halloween
259693,sequel
259693,spirit
259693,single mother
259693,demon
259693,paranormal investigation
259693,demonic possession
259693,ghost
259693,christmas
259693,grim
259693,valak
259693,horrified
353081,mask
353081,race against time
353081,"london, england"
353081,central intelligence agency (cia)
353081,helicopter
353081,"paris, france"
353081,chase
353081,gun
353081,spy
353081,countdown
353081,fake identity
353081,stunt
353081,fistfight
353081,double agent
353081,norway
353081,sequel
353081,secret government organization
353081,infiltration
353081,mi6
353081,motorcycle
353081,killer
353081,bomb remote detonator
353081,nuclear weapons
353081,handgun
353081,fictional government agency
353081,hand to hand combat
353081,motorcycle chase
353081,government agency
353081,french police
353081,helicopter chase
353081,based on tv series
353081,action
47971,airplane
47971,tattoo
47971,spy
47971,extreme sports
47971,parachute
47971,secret agent
47971,swimming pool
47971,sequel
47971,back from the dead
47971,dominican republic
47971,frantic
47971,free fall
47971,intense
359724,based on novel or book
359724,car race
359724,sports
359724,car mechanic
359724,biography
359724,based on true story
359724,le mans
359724,racing
359724,race car driver
359724,frantic
359724,1960s
359724,motorsport
450465,"philadelphia, pennsylvania"
450465,superhero
450465,villain
450465,sequel
450465,psychiatric hospital
450465,comic book shop
450465,super power
450465,mental illness
450465,multiple personality
450465,dissociative identity disorder
450465,surveillance specialist
450465,wonder
464052,superhero
464052,based on comic
464052,woman director
464052,1980s
464052,action hero
464052,dc extended universe (dceu)
569094,new york city
569094,hero
569094,double life
569094,sacrifice
569094,secret identity
569094,superhero
569094,villain
569094,portal
569094,based on comic
569094,sequel
569094,romance
569094,alter ego
569094,alternate dimension
569094,parenting
569094,family
569094,alternate version
569094,super power
569094,"brooklyn, new york city"
569094,superhero team
569094,spider bite
569094,super villain
569094,cliffhanger
569094,masked superhero
569094,teenage romance
569094,young heroes
569094,teen superhero
569094,teen social issues
569094,chelsea
569094,alternate universe
569094,superhero teamup
569094,female superhero
569094,slow burn romance
569094,interdimensional travel
569094,ambiguous
569094,cliché
569094,enthusiastic
569094,vibrant
569094,multiverse
315162,fairy tale
315162,sequel
315162,talking dog
315162,spin off
315162,aftercreditsstinger
315162,talking cat
315162,fear of death
315162,3d animation
315162,inspirational
315162,hilarious
315162,romantic
315162,bold
315162,cheerful
315162,excited
315162,exhilarated
391713,friendship
391713,loss of virginity
391713,coming of age
391713,teen angst
391713,high school graduation
391713,teenage girl
391713,best friend
391713,loss of job
391713,high school student
391713,catholic school
391713,first love
391713,semi autobiographical
391713,sacramento
391713,woman director
391713,father daughter relationship
391713,mother daughter relationship
391713,college applications
391713,2000s
391713,inspirational
508943,friendship
508943,monster
508943,italy
508943,villain
508943,coming of age
508943,friends
508943,bromance
508943,sea monster
508943,vespa
508943,aftercreditsstinger
508943,seaside town
508943,1950s
508943,pasta
508943,water
508943,3d animation
508943,italian riviera
508943,pesto
508943,admiring
508943,pixar
402900,new york city
402900,heist
402900,spin off
402900,estranged sister
402900,the met gala
402900,cliché
616037,hero
616037,ex-girlfriend
616037,superhero
616037,greek mythology
616037,based on comic
616037,sequel
616037,shadow
616037,norse mythology
616037,aftercreditsstinger
616037,duringcreditsstinger
616037,marvel cinematic universe (mcu)
616037,norse god
616037,god of thunder
616037,colorless
616037,child abduction
333371,kidnapping
333371,paranoia
333371,bunker
333371,basement
333371,survivalist
333371,apocalypse
333371,car accident
333371,captive
290250,daughter
290250,detective
290250,1970s
290250,investigation
290250,alcoholism
290250,private investigator
290250,conspiracy
290250,whodunit
290250,alcoholic
290250,buddy cop
290250,private eye
290250,neo-noir
290250,father daughter relationship
290250,amused
290250,vibrant
290250,bumbling detective
493922,daughter
493922,funeral
493922,parent child relationship
493922,loss of loved one
493922,ritual
493922,supernatural
493922,possession
493922,dysfunctional family
493922,sleeplessness
493922,murder
493922,family drama
493922,fear
493922,demon
493922,attic
493922,evil
493922,ritual murder
493922,demonic possession
493922,satanic ritual
493922,dollhouse
493922,coven (akelarre)
493922,séance
493922,grieving
493922,psychological disorders
493922,matriarch
493922,miniatures
493922,traumatized woman
493922,didactic
493922,commanding
38700,mexico
38700,"miami, florida"
38700,detective
38700,women's prison
38700,sequel
38700,prison escape
38700,murder
38700,drug cartel
38700,police chase
38700,police detective
38700,buddy cop
38700,buddy film
38700,action hero
38700,past relationship
38700,reflective
38700,dramatic
447365,hero
447365,superhero
447365,mad scientist
447365,based on comic
447365,sequel
447365,superhero team
447365,space opera
447365,raccoon
447365,aftercreditsstinger
447365,duringcreditsstinger
447365,marvel cinematic universe (mcu)
447365,cosmic
447365,outer space
447365,chosen family
447365,empathetic
466282,high school
466282,based on novel or book
466282,love letter
466282,romance
466282,first love
466282,lost mother
466282,woman director
466282,sisterhood
466282,pretend relationship
466282,based on young adult novel
466282,asian american
466282,romantic
466282,derogatory
466282,ridiculous
315837,strong woman
315837,hacker
315837,philosophy
315837,cyborg
315837,dystopia
315837,investigation
315837,based on comic
315837,female protagonist
315837,cyberpunk
315837,transhumanism
315837,terrorism
315837,based on manga
315837,evolution
315837,intelligence officer
315837,network
315837,cybercrime
315837,whitewashing
315837,prosthesis
315837,live action remake
315837,public security
396535,zombie
396535,train
396535,survival horror
396535,pandemic
396535,"busan, south korea"
396535,south korea
615457,assassin
615457,double life
615457,midlife crisis
615457,bratva (russian mafia)
615457,secret organization
615457,thief
615457,one man army
615457,home invasion
615457,family
615457,brawl
615457,duringcreditsstinger
615457,hidden past
615457,gunfights
615457,violent retaliation
615457,family protection
328111,bunny
328111,pet
328111,anthropomorphism
328111,dog
328111,animals
328111,apartment building
328111,sewer
328111,terrier
328111,"manhattan, new york city"
328111,rodent
328111,pets
328111,mongrel
328111,3d animation
328111,animal adventure
278927,based on novel or book
278927,snake
278927,elephant
278927,wolf
278927,tiger
278927,feral child
278927,anthropomorphism
278927,remake
278927,jungle
278927,bear
278927,orphan
278927,ape
278927,monkey
278927,animals
278927,talking to animals
278927,live action and animation
278927,live action remake
278927,clinical
339846,drug dealer
339846,sea
339846,beach
339846,life-saver
339846,lifeguard
339846,rookie
339846,vigilantism
335797,musical
335797,anthropomorphism
335797,singing
335797,animals
335797,flood
335797,singing competition
335797,talking animal
335797,3d animation
335797,jukebox musical
335797,amused
335797,approving
335797,brisk
335797,enthusiastic
336843,based on novel or book
336843,fight
336843,maze
336843,post-apocalyptic future
336843,imprisonment
336843,terminal illness
336843,mad scientist
336843,trial
336843,sequel
336843,survival
336843,murder
336843,zombie
336843,doctor
336843,battle
336843,vaccine
336843,scientist
336843,killer
336843,desert
336843,labyrinth
336843,combat
336843,illness
336843,cure
336843,zombie apocalypse
336843,runner
336843,universal cure
336843,based on young adult novel
537915,based on novel or book
537915,love
537915,teenage crush
537915,teenage girl
537915,teenage romance
537915,bad boy
537915,mysterious
537915,angry
537915,ambiguous
693134,based on novel or book
693134,sandstorm
693134,chosen one
693134,sequel
693134,distant future
693134,creature
693134,planet
693134,desert
693134,destiny
693134,giant worm
693134,space opera
693134,sand dune
693134,allegorical
693134,messiah
693134,fall from grace
693134,vengeance
693134,religious allegory
693134,giant creature
693134,power
693134,ambiguous
693134,antagonistic
693134,melodramatic
338970,island
338970,treasure hunt
338970,remake
338970,female protagonist
338970,heiress
338970,based on video game
338970,bicycle courier
338970,missing person
338970,reboot
338970,peril
338970,slave labor
338970,father daughter relationship
340666,based on novel or book
340666,cheating
340666,parent child relationship
340666,hostage
340666,insomnia
340666,cowardice
340666,flashback
340666,revenge
340666,murder
340666,cancer
340666,writer
340666,rape and murder
340666,overbearing mother
340666,art
340666,novelist
340666,ex-husband ex-wife relationship
340666,carjacking
340666,story within the story
340666,sexual assault
340666,abortion
340666,art exhibition
340666,ambiguity
340666,ambiguous
340666,ambivalent
337167,based on novel or book
337167,eroticism
337167,sequel
337167,bdsm
337167,dramatic
530385,loss of loved one
530385,ritual
530385,paranoia
530385,sweden
530385,cult
530385,hallucinogenic drug
530385,magic mushroom
530385,anthropology
530385,human sacrifice
530385,paganism
530385,death of family
530385,boyfriend girlfriend relationship
530385,grieving
530385,midsummer
530385,cultural conflict
530385,bad trip
530385,folk horror
530385,psychological disorders
530385,toxic relationship
530385,midnight sun
530385,isolated community
530385,summer festival
530385,traumatized woman
530385,violence
545611,mother
545611,martial arts
545611,kung fu
545611,nihilism
545611,philosophy
545611,generations conflict
545611,chinese woman
545611,surrealism
545611,laundromat
545611,chinese
545611,east asian lead
545611,divorce
545611,family
545611,lgbt
545611,hot dog
545611,asian woman
545611,chinese immigrant
545611,mother daughter relationship
545611,action comedy
545611,asian american
545611,intergenerational trauma
545611,internal revenue service
545611,interdimensional travel
545611,multiverse
406997,based on novel or book
406997,exclusion
406997,bullying
406997,coney island
406997,prejudice
406997,school
406997,based on children's book
406997,family
406997,physical disability
406997,treacher collins syndrome
406997,relaxed
406997,melodramatic
345940,beach
345940,based on novel or book
345940,deep sea
345940,underwater
345940,shark
345940,oceanic expedition
345940,kaiju
345940,animal horror
345940,underwater facility
345940,mariana trench
345940,megalodon
345940,amused
345940,frightened
458723,mask
458723,boardwalk
458723,murder
458723,psychological thriller
458723,fear
458723,family vacation
458723,home invasion
458723,amusement park
458723,doppelgänger
458723,"santa cruz, california"
458723,aggressive
458723,1980s
458723,duality
458723,ambiguous
458723,distressing
603692,new york city
603692,martial arts
603692,"berlin, germany"
603692,"paris, france"
603692,hitman
603692,sequel
603692,organized crime
603692,"osaka, japan"
603692,code of honor
603692,blindness
603692,aftercreditsstinger
603692,hunted
603692,hand to hand combat
603692,consequences
603692,professional assassin
603692,neo-noir
603692,japanese mafia
603692,japan style
603692,continental hotel
404368,video game
404368,cartoon
404368,sequel
404368,internet
404368,lethal virus
404368,aftercreditsstinger
404368,duringcreditsstinger
404368,online gaming
404368,3d animation
404368,joyous
404368,whimsical
404368,admiring
404368,enthusiastic
404368,joyful
487558,based on novel or book
487558,ku klux klan
487558,1970s
487558,black panther party
487558,biography
487558,based on true story
487558,undercover cop
487558,racism
487558,based on memoir or autobiography
487558,revisionist history
487558,white supremacy
487558,thoughtful
487558,defiant
487558,kkk rally
121856,assassin
121856,spain
121856,assassination
121856,chase
121856,secret society
121856,brotherhood
121856,parkour
121856,conspiracy
121856,religion
121856,memory
121856,based on video game
121856,15th century
121856,corporate conspiracy
121856,genetic memory
339964,future
339964,shapeshifting
339964,space travel
339964,utopia
339964,based on comic
339964,alien
339964,alien planet
339964,energy
339964,alien abduction
339964,genocide
339964,parallel world
339964,political intrigue 
339964,pacifist
339964,space opera
339964,military
339964,government agent
339964,marketplace
339964,trapped in space
339964,federal government
339964,unity
339964,cosmopolis
300669,kidnapping
300669,thief
300669,blind
300669,held captive
300669,break in
300669,blind man
300669,trapped in a house
395992,planet mars
395992,alien life-form
395992,space
395992,astronaut
395992,space station
395992,intelligent
395992,trapped in space
395992,extraterrestrial life
395992,alien on board
395992,death of astronaut
395992,tense
341174,based on novel or book
341174,boat
341174,eroticism
341174,kiss
341174,sequel
341174,bdsm
341174,dreary
619264,capitalism
619264,survival
619264,anarchism
619264,secret prison
619264,food shortage
619264,social experiment
619264,cautionary
619264,ambiguous
619264,disheartening
619264,social dynamics
766507,hunter
766507,native american
766507,alien life-form
766507,alien
766507,prequel
766507,decapitation
766507,bear
766507,dog
766507,severed foot
766507,bear attack
766507,comanche
766507,human vs alien
766507,indigenous peoples
766507,severed arm
766507,dog hero
766507,grand
766507,great plains
384018,"london, england"
384018,biological weapon
384018,secret organization
384018,family clan
384018,friends
384018,spin off
384018,family reunion
384018,buddy comedy
384018,aftercreditsstinger
384018,duringcreditsstinger
384018,mother son relationship
384018,father daughter relationship
384018,brother sister relationship
718930,mission
718930,japan
718930,assassin
718930,based on novel or book
718930,hitman
718930,briefcase
718930,train
718930,luck
718930,runaway train
718930,deadly snake
718930,duringcreditsstinger
718930,train travel
718930,professional assassin
718930,interwoven stories
718930,high speed
718930,passenger train
718930,bullet train
718930,death by poisoning
718930,shinkansen
718930,traveling by train
363676,rescue
363676,new york city
363676,airplane
363676,investigation
363676,pilot
363676,based on true story
363676,emergency landing
363676,flight
363676,aviation
363676,airplane accident
363676,based on memoir or autobiography
363676,bird attack
363676,hudson river
363676,duringcreditsstinger
363676,powerful
310131,witch
310131,isolation
310131,magic
310131,possession
310131,black magic
310131,older woman seduces younger guy
310131,new hampshire
310131,woods
310131,goat
310131,puritan
310131,religion
310131,crying
310131,false accusations
310131,witchcraft
310131,new england
310131,praying
310131,17th century
310131,folk horror
310131,evil force
310131,english colony
310131,grimdark
310131,excited
385128,speed
385128,family relationships
385128,sequel
385128,nostalgic
385128,duringcreditsstinger
385128,fast car
385128,brother brother relationship
385128,cars
385128,farcical
223702,supermarket
223702,orgy
223702,parody
223702,anthropomorphism
223702,sausage
223702,antisemitism
223702,food
223702,racism
223702,lgbt
223702,adult animation
223702,grocery store
223702,sex party
223702,gum
223702,3d animation
223702,gay interest
687163,friendship
687163,coma
687163,based on novel or book
687163,bravery
687163,sun
687163,language barrier
687163,space travel
687163,space mission
687163,alien
687163,space
687163,memory loss
687163,astronaut
687163,scientist
687163,science teacher
687163,save the planet
687163,spaceship
687163,interspecies friendship
324852,prison
324852,villain
324852,twin brother
324852,sequel
324852,jail
324852,3d animation
324852,apologetic
324852,appreciative
324852,enthusiastic
282035,egypt
282035,monster
282035,supernatural
282035,mummy
282035,halloween
282035,remake
282035,tomb
282035,egyptian mythology
282035,dark universe
505642,hero
505642,loss of loved one
505642,superhero
505642,royal family
505642,based on comic
505642,sequel
505642,royalty
505642,underwater
505642,political intrigue 
505642,death in family
505642,death of brother
505642,duringcreditsstinger
505642,death of king
505642,marvel cinematic universe (mcu)
505642,hidden civilization
505642,yucatan
505642,mayans
427641,monster
427641,wolf
427641,mutation
427641,gorilla
427641,giant monster
427641,lizard
427641,giant lizard
427641,creature
427641,based on video game
427641,giant animal
427641,mutant animal
427641,kaiju
427641,albino
427641,giant
427641,rat
427641,genetic experiment
427641,destroyed city
427641,giant gorilla
427641,animal monster
398978,"chicago, illinois"
398978,"philadelphia, pennsylvania"
398978,based on novel or book
398978,hitman
398978,war veteran
398978,"pennsylvania, usa"
398978,gangster
398978,1970s
398978,irish-american
398978,male friendship
398978,aging
398978,family relationships
398978,murder
398978,organized crime
398978,mafia
398978,religion
398978,"detroit, michigan"
398978,sicilian mafia
398978,nonlinear timeline
398978,character study
398978,labor union
398978,1950s
398978,1960s
398978,mob family
398978,jimmy hoffa
398978,voiceover
398978,complex
398978,father daughter relationship
376867,drug dealer
376867,high school
376867,florida
376867,drug abuse
376867,"miami, florida"
376867,parent child relationship
376867,fight
376867,homophobia
376867,drug addiction
376867,ghetto
376867,restaurant
376867,bullying
376867,coming of age
376867,male homosexuality
376867,lgbt
376867,addict
376867,masculinity
376867,black lgbt
376867,"atlanta, georgia"
376867,gay theme
376867,boys' love (bl)
520763,new york city
520763,island
520763,post-apocalyptic future
520763,radio transmission
520763,alien life-form
520763,death of father
520763,child in peril
520763,sequel
520763,alien
520763,flashback
520763,psychological thriller
520763,creature
520763,alien invasion
520763,parenting
520763,family
520763,survival horror
520763,alien monster
520763,human vs alien
520763,sign languages
520763,alien attack
520763,hostile
520763,hearing impaired
520763,newborn baby
520763,anxious
520763,dreary
520763,quiet
520763,psychological horror
520763,suspenseful
520763,tense
520763,sci-fi horror
520763,frightened
302946,prison
302946,sniper
302946,assassin
302946,autism
302946,military service
302946,money
302946,treasury department
302946,sniper rifle
302946,gunfight
302946,loner
302946,hand to hand combat
302946,numbers
302946,accountant
302946,math genius
302946,brother brother relationship
295693,baby
295693,villain
295693,family relationships
295693,puppy
295693,sibling rivalry
295693,unreliable narrator
295693,aftercreditsstinger
295693,baby brother
295693,3d animation
295693,adoring
295693,bold
295693,enthusiastic
492188,infidelity
492188,new york city
492188,husband wife relationship
492188,parent child relationship
492188,theatre group
492188,theater director
492188,lawyer
492188,"los angeles, california"
492188,divorce
492188,divorce lawyer
492188,thoughtful
492188,complex
492188,intense
454983,based on novel or book
454983,crush
454983,"los angeles, california"
454983,high school student
454983,based on young adult novel
454983,teen romance
447404,amnesia
447404,detective
447404,car crash
447404,whodunit
447404,based on video game
447404,missing person
447404,missing parent
447404,buddy comedy
447404,neo-noir
447404,live action and animation
447404,amused
68735,elves
68735,dwarf
68735,magic
68735,betrayal
68735,king
68735,guardian
68735,based on video game
68735,wizard
68735,chieftain
68735,fictional language
68735,warrior
68735,clans
68735,horde
68735,sword and sorcery
68735,mage
68735,evil sorcerer
68735,draining souls
527774,kung fu
527774,sword
527774,warrior woman
527774,female protagonist
527774,dragon
527774,vietnamese
527774,south asian
527774,warrior
527774,3d animation
527774,audacious
419704,moon
419704,planet mars
419704,loss of loved one
419704,astronaut
419704,moon colony
419704,solar system
419704,solitude
419704,spacewalk
419704,father son relationship
419704,near future
419704,planet neptune
419704,space walk
370172,biological weapon
370172,based on novel or book
370172,parent child relationship
370172,forgiveness
370172,poison
370172,spy
370172,mi6
370172,family
370172,british secret service
370172,parents
370172,global threat
370172,somber
370172,nanobots
370172,james bond
370172,bold
439079,"rome, italy"
439079,nun
439079,supernatural
439079,exorcism
439079,halloween
439079,father
439079,priest
439079,spirit
439079,demon
439079,spin off
439079,evil nun
439079,demonic possession
439079,romania
439079,murder mystery
439079,ancient evil
320288,superhero
320288,mutant
320288,telekinesis
320288,based on comic
320288,sequel
320288,prequel
320288,superhero team
320288,hostile
320288,1990s
320288,cosmic
320288,excited
166428,based on novel or book
166428,flying
166428,villain
166428,melancholy
166428,vikings (norsemen)
166428,sequel
166428,overpopulation
166428,dragon
166428,love interest
166428,based on children's book
166428,mourning
166428,mysterious
166428,thoughtful
166428,somber
166428,philosophical
166428,reflective
166428,complex
166428,wonder
166428,playful
166428,introspective
166428,3d animation
166428,inspirational
166428,grand
166428,intimate
166428,joyous
166428,dramatic
166428,suspenseful
166428,sentimental
166428,witty
166428,intense
166428,romantic
166428,admiring
166428,adoring
166428,amused
166428,appreciative
166428,approving
166428,awestruck
166428,bold
166428,celebratory
166428,comforting
166428,compassionate
166428,complicated
166428,enthusiastic
166428,exuberant
166428,optimistic
166428,powerful
166428,sincere
166428,sympathetic
166428,vibrant
507086,paleontology
507086,giant monster
507086,sequel
507086,survival
507086,dinosaur
507086,scientist
507086,child kidnapping
507086,aggressive
507086,animal sanctuary
507086,cautionary
507086,cliché
507086,complicated
507086,science goes awry
507086,therizinosaurus
381283,husband wife relationship
381283,nightmare
381283,nihilism
381283,chaos
381283,pregnancy
381283,bible
381283,house
381283,vandalism
381283,cult
381283,surrealism
381283,writer
381283,nature
381283,death
381283,madness
381283,stranger
381283,macabre
381283,mysterious
381283,shocking
381283,chaotic
381283,forbidden fruit
381283,philosophical
381283,mother nature
381283,uninvited guest
381283,reflective
381283,introspective
381283,tense
381283,intense
381283,ambiguous
381283,foreboding
188927,spacecraft
188927,sequel
188927,stranded
188927,hatred
188927,space opera
188927,space adventure
436270,lightning
436270,superhero
436270,anti hero
436270,based on comic
436270,demon
436270,superhero team
436270,duringcreditsstinger
436270,dc extended universe (dceu)
661374,detective
661374,greece
661374,investigation
661374,mona lisa (la gioconda)
661374,dark comedy
661374,satire
661374,sequel
661374,murder
661374,billionaire
661374,whodunit
661374,puzzle box
661374,clue
661374,identical twin
661374,murder mystery
661374,arrested development
661374,closeted homosexual
661374,covid-19
661374,offbeat
337401,martial arts
337401,hero
337401,china
337401,fake identity
337401,honor
337401,east asian lead
337401,heroine
337401,wuxia
337401,"based on myths, legends or folklore"
337401,live action and animation
337401,chinese girl
337401,live action remake
337401,approving
337401,bold
337401,compassionate
335787,lighter
335787,treasure hunt
335787,treasure map
335787,based on video game
335787,lost treasure
335787,duringcreditsstinger
335787,missing relative
262504,based on novel or book
262504,revolution
262504,dystopia
262504,sequel
262504,transhumanism
262504,vaccination
262504,based on young adult novel
262504,mass surveillance
262504,absurd
262504,cliché
328387,new york city
328387,technology
328387,internet
328387,hacking
328387,game
328387,dare
328387,cellphone video
328387,taking a risk
328387,based on young adult novel
328387,amused
334543,australia
334543,based on novel or book
334543,adoption
334543,affectation
334543,biography
334543,based on true story
334543,india
334543,missing child
334543,long lost relative
334543,tasmania
334543,street child
334543,dramatic
334543,familiar
460465,martial arts
460465,saving the world
460465,magic
460465,ninja fighter
460465,gore
460465,god
460465,alternate dimension
460465,shaolin monk
460465,fighting
460465,based on video game
460465,martial arts tournament
460465,reboot
460465,hand to hand combat
331482,new york city
331482,sibling relationship
331482,based on novel or book
331482,massachusetts
331482,coming of age
331482,remake
331482,period drama
331482,american civil war
331482,christmas
331482,19th century
331482,sister sister relationship
331482,female writer
331482,1860s
331482,sisters
331482,four sisters
1022789,sadness
1022789,disgust
1022789,sequel
1022789,computer animation
1022789,teenage girl
1022789,fear
1022789,anger
1022789,envy
1022789,aftercreditsstinger
1022789,duringcreditsstinger
1022789,emotions
1022789,embarrasment
1022789,joy
1022789,3d animation
1022789,anxiety
1022789,witty
1022789,assertive
1022789,cheerful
1022789,enthusiastic
1022789,hopeful
1022789,pixar
334533,parent child relationship
334533,new mexico
334533,socialism
334533,wilderness
334533,road trip
334533,family relationships
334533,survivalist
334533,homeschooling
334533,in-laws
334533,mental illness
334533,death of mother
334533,washington state
334533,bohemian
334533,school bus
334533,isolated house
334533,naturalist
334533,curious
334533,off the grid
334533,death of wife
334533,calm
334533,social isolation
334533,noam chomsky
334533,living off the grid
334533,pacific northwest
334533,appreciative
334533,joyful
43074,female friendship
43074,ghost hunting
43074,reboot
43074,ghost
43074,aftercreditsstinger
43074,duringcreditsstinger
373571,mexico
373571,"boston, massachusetts"
373571,giant monster
373571,cryptozoology
373571,eco terrorism
373571,creature feature
373571,rodan
373571,kaiju
373571,aftercreditsstinger
373571,global threat
373571,animal horror
373571,king ghidorah
373571,sunken city
373571,mothra
373571,godzilla
373571,monsterverse
335988,england
335988,chosen one
335988,sequel
335988,based on toy
335988,knight
335988,giant robot
335988,planet
335988,robot
335988,duringcreditsstinger
335988,planet earth
335988,arthurian mythology
335988,secret history
241259,based on novel or book
241259,clock
241259,queen
241259,time travel
241259,time
241259,sequel
241259,based on children's book
241259,dark fantasy
241259,aftercreditsstinger
241259,duringcreditsstinger
241259,mad hatter
241259,lewis carroll
241259,live action remake
241259,adaptation
241259,wonderland
241259,queen of hearts
522627,"london, england"
522627,robbery
522627,businessman
522627,gangster
522627,dark comedy
522627,betrayal
522627,marijuana
522627,business
522627,jewish american
522627,gunfight
522627,brutality
522627,american abroad
522627,irishman
522627,scheme
522627,bold
424783,technology
424783,based on toy
424783,giant robot
424783,robot
424783,spin off
424783,duringcreditsstinger
424783,1980s
424783,adoring
497582,based on novel or book
497582,detective
497582,child prodigy
497582,victorian england
497582,female protagonist
497582,period drama
497582,female detective
497582,speculative
497582,runaway teen
497582,books
497582,mother daughter relationship
497582,brother sister relationship
497582,teen adventure
497582,sherlock holmes
497582,absurd
497582,childish love interest
497582,cliché
497582,farcical
390043,assassin
390043,court
390043,england
390043,hitman
390043,bodyguard
390043,travel
390043,on the run
390043,criminal
390043,killer
390043,courtroom
390043,opposites attract
390043,buddy comedy
390043,aftercreditsstinger
390043,testify
545609,drug dealer
545609,self sacrifice
545609,mercenary
545609,crime boss
545609,"mumbai (bombay), india"
545609,rescue mission
545609,based on comic
545609,one man army
545609,based on graphic novel
545609,behind enemy lines
545609,child kidnapping
545609,"dhaka (dacca), bangladesh"
545609,close‑quarters combat
545609,hidden safehouses
545609,urban warfare
545609,broken hero
545609,crowded streets
207932,amnesia
207932,based on novel or book
207932,italy
207932,europe
207932,sequel
207932,murder
207932,conspiracy
207932,religion
207932,church
207932,virus
207932,symbology
341013,"berlin, germany"
341013,undercover agent
341013,undercover
341013,germany
341013,spy
341013,cold war
341013,stasi
341013,bisexuality
341013,vodka
341013,kgb
341013,europe
341013,double agent
341013,based on comic
341013,murder
341013,mi6
341013,murder investigation
140300,martial arts
140300,kung fu
140300,china
140300,fighter
140300,village
140300,villain
140300,sequel
140300,panda
140300,anthropomorphism
140300,dragon
140300,aftercreditsstinger
140300,duringcreditsstinger
140300,wuxia
140300,woman director
140300,talking animal
140300,3d animation
140300,adoring
140300,awestruck
140300,enthusiastic
140300,joyful
624860,future
624860,man vs machine
624860,underground world
624860,artificial intelligence (a.i.)
624860,computer
624860,virtual reality
624860,prophecy
624860,dystopia
624860,sequel
624860,cyberpunk
624860,aftercreditsstinger
624860,dream world
624860,woman director
624860,gnosticism
624860,grand
423108,supernatural
423108,exorcism
423108,halloween
423108,connecticut
423108,sequel
423108,paranormal investigation
423108,1980s
423108,religious horror
423108,intense
508439,elves
508439,magic
508439,dead father
508439,dead parent
508439,fantasy world
508439,teenage protagonist
508439,brother brother relationship
508439,3d animation
508439,ambiguous
508439,amused
508439,enthusiastic
508439,pixar
440021,college
440021,murder
440021,time loop
440021,slasher
440021,young adult
440021,college student
440021,stabbed to death
440021,appreciative
440021,vibrant
593643,psychopath
593643,obsession
593643,mass murder
593643,restaurant
593643,dark comedy
593643,revenge
593643,food
593643,mass suicide
593643,dinner
593643,chef
593643,food critic
593643,remote island
593643,french cuisine
593643,culinary arts
593643,fine dining
593643,haute cuisine
593643,commanding
593643,pessimistic
593643,foodies
593643,murder-suicide
593643,exclusive
512195,fbi
512195,interpol
512195,cleopatra
512195,heist
512195,art thief
258489,africa
258489,animal attack
258489,feral child
258489,tarzan
258489,jungle
420809,magic
420809,fairy tale
420809,fairy
420809,sequel
420809,based on fairy tale
420809,live action remake
420809,complicated
47933,sequel
47933,alien
47933,alien invasion
1184918,island
1184918,based on novel or book
1184918,parent child relationship
1184918,fox
1184918,robot
1184918,based on children's book
1184918,kindness
1184918,goose
1184918,nostalgic
1184918,aftercreditsstinger
1184918,duringcreditsstinger
1184918,shipwrecked
1184918,kids
1184918,adopted son
1184918,3d animation
1184918,audacious
1184918,woodland animals
260514,sports
260514,trainer
260514,villain
260514,sequel
260514,anthropomorphism
260514,travel
260514,racing
260514,high tech
260514,aftercreditsstinger
260514,serious
260514,3d animation
260514,cars
260514,pixar
334541,funeral
334541,"boston, massachusetts"
334541,brother
334541,boat
334541,sadness
334541,massachusetts
334541,melancholy
334541,loss
334541,dysfunctional family
334541,grief
334541,hospital
334541,house fire
334541,death
334541,nephew
334541,ex-wife
334541,nonlinear timeline
334541,mental health
334541,ex-husband ex-wife relationship
334541,legal guardian
334541,dysfunctional life
334541,tragic
406990,chase
406990,dystopia
406990,investigation
406990,fake identity
406990,overpopulation
406990,betrayal
406990,conspiracy
406990,execution
406990,alternative reality
406990,population control
406990,secrecy
406990,septuplets
406990,2070s
406990,suspenseful
406990,authoritarian
333484,friendship
333484,gunslinger
333484,village
333484,horse
333484,mercenary
333484,remake
333484,bandit
333484,farmer
333484,cowboy
333484,hired gun
333484,angry
385687,sequel
385687,revenge
385687,betrayal
385687,racing
385687,family
385687,cliffhanger
385687,cars
385687,bold
385687,brisk
385687,forceful
302699,central intelligence agency (cia)
302699,espionage
302699,spy
302699,secret agent
302699,high school reunion
302699,reconnect
302699,accountant
302699,radical transformation
302699,high school classmates
302699,glory days
445571,jealousy
445571,husband wife relationship
445571,married couple
445571,sarcasm
445571,dark comedy
445571,insult
445571,revenge
445571,neighbor
445571,dog
445571,game
445571,group of friends
445571,corvette stingray
445571,creepy neighbor
445571,aftercreditsstinger
445571,embarrasment
445571,brother brother relationship
445571,board games
445571,high concept
401981,central intelligence agency (cia)
401981,sexual abuse
401981,"budapest, hungary"
401981,based on novel or book
401981,self sacrifice
401981,spy
401981,patriotism
401981,seduction
401981,training
401981,double agent
401981,chechnya
401981,hospital
401981,torture
401981,mole
401981,female spy
401981,mortal danger
401981,deceit
401981,uncle niece relationship
401981,u.s. embassy
401981,"moscow, russia"
401981,russian spy
401981,paranoid
401981,grim
401981,spy thriller
401981,bolshoi ballet
401981,ballet performance
401981,secret code
401981,prima ballerina
401981,complex
401981,mother daughter relationship
401981,theatre
401981,asset
401981,home health aide
401981,secret meeting
401981,suspenseful
401981,gorky park
401981,intense
401981,bitter
401981,audacious
933260,new year's eve
933260,capitalism
933260,birthday
933260,black market
933260,identity
933260,dark comedy
933260,beauty
933260,satire
933260,aging
933260,celebrity
933260,female protagonist
933260,"los angeles, california"
933260,has been
933260,aerobics
933260,disfigurement
933260,woman in jeopardy
933260,woman director
933260,substance
933260,beauty standards
933260,insecure woman
933260,self image
933260,drug
933260,body horror
933260,female rage
933260,youth
933260,actress
570670,based on novel or book
570670,pregnancy
570670,architect
570670,fake suicide
570670,stalker
570670,remake
570670,murder
570670,domestic abuse
570670,scientist
570670,police detective
570670,death
570670,invisible person
570670,mental hospital
570670,angry
570670,woman in peril
570670,invisible man
570670,frightened
338967,marriage proposal
338967,the white house
338967,gore
338967,road trip
338967,sequel
338967,survival
338967,spoof
338967,zombie
338967,recreational vehicle
338967,aftercreditsstinger
338967,frantic
338967,minivan
338967,christmas present
338967,joyous
338967,absurd
338967,hilarious
338967,whimsical
338967,amused
338967,frightened
324668,assassin
324668,central intelligence agency (cia)
324668,amnesia
324668,casino
324668,chase
324668,greece
324668,sequel
324668,flashback
324668,hacking
324668,las vegas
324668,black ops
324668,rogue agent
324668,armored vehicle
324668,"reykjavík, iceland"
324668,jason bourne
324668,hdd
449176,coming out
449176,sexual identity
449176,high school
449176,based on novel or book
449176,sexuality
449176,class
449176,coming of age
449176,bully
449176,love
449176,teen movie
449176,male homosexuality
449176,lgbt
449176,lgbt teen
449176,based on young adult novel
449176,gay theme
449176,boys' love (bl)
449176,appreciative
451048,jungle
451048,riverboat
451048,1910s
451048,amazon river
451048,based on theme park ride
637649,crime boss
637649,armored car
637649,remake
637649,revenge
637649,shootout
637649,shooter
637649,"los angeles, california"
637649,security guard
637649,armored car robbery
637649,marksman
637649,ex soldier
637649,armed robbery
637649,marksmanship
637649,father son relationship
637649,precision
637649,cash truck
637649,money heist
637649,special skills
389015,sports
389015,competition
389015,olympic games
389015,"portland, oregon"
389015,biography
389015,based on true story
389015,rivalry
389015,figure skating
389015,domestic violence
389015,poverty
389015,overbearing mother
389015,ice skating
389015,1990s
389015,winter sport
389015,abusive mother
389015,emotional abuse
389015,mother daughter relationship
389015,toxic parents
274857,sword
274857,legend
274857,camelot
274857,knight
274857,king arthur
274857,king
274857,excalibur
274857,sword and sorcery
274857,arthur
346685,infidelity
346685,new york city
346685,amnesia
346685,based on novel or book
346685,obsession
346685,homicide
346685,blackout
346685,alcoholism
346685,flashback
346685,confusion
346685,memory loss
346685,domestic abuse
346685,disappearance
346685,female protagonist
346685,psychological thriller
346685,train
346685,divorcee
346685,missing person
346685,police investigation
346685,ex-husband ex-wife relationship
346685,unreliable narrator
346685,voyeurism
346685,abuse
346685,alcoholics anonymous
345887,drug dealer
345887,central intelligence agency (cia)
345887,rape
345887,kidnapping
345887,hostage
345887,hurricane
345887,sequel
345887,revenge
345887,murder
345887,gang
345887,massacre
345887,elite forces
345887,vigilante justice
299687,based on novel or book
299687,dystopia
299687,alien
299687,alien invasion
299687,human subjugation
299687,environmental disaster
299687,based on young adult novel
396422,halloween
396422,prequel
396422,evil doll
396422,demon
396422,spin off
396422,demonic possession
396422,ghost
396422,aftercreditsstinger
396422,duringcreditsstinger
640146,hero
640146,superhero
640146,ant
640146,based on comic
640146,sequel
640146,alternate dimension
640146,family
640146,aftercreditsstinger
640146,duringcreditsstinger
640146,marvel cinematic universe (mcu)
640146,bewildered
400106,police
400106,elves
400106,magic
400106,fairy
400106,"los angeles, california"
756999,mask
756999,small town
756999,child abuse
756999,dreams
756999,sibling relationship
756999,kidnapping
756999,sadistic
756999,1970s
756999,supernatural
756999,cellar
756999,colorado
756999,bullying
756999,basement
756999,serial killer
756999,slasher
756999,based on short story
756999,alcoholic father
756999,child kidnapping
756999,speculative
756999,angry
756999,supernatural horror
400928,cat
400928,mathematics
400928,intellectually gifted
400928,child prodigy
400928,teacher
400928,school
400928,prize
400928,child custody
400928,legal drama
400928,gifted children
400928,custody hearing
375262,great britain
375262,queen
375262,rivalry
375262,rabbit
375262,lgbt
375262,18th century
375262,cousin relationship
375262,duchess
375262,palace intrigue
375262,aristocracy
375262,british monarchy
375262,war of the spanish succession
375262,drop disease
375262,queen anne
508947,friendship
508947,canada
508947,concert
508947,temple
508947,shapeshifting
508947,"toronto, canada"
508947,coming of age
508947,teenage girl
508947,female protagonist
508947,east asian lead
508947,animals
508947,domineering mother
508947,perfectionist
508947,aftercreditsstinger
508947,woman director
508947,ancestor
508947,boy band
508947,mother daughter relationship
508947,3d animation
508947,hilarious
508947,pixar
508947,red panda
675353,mad scientist
675353,sequel
675353,revenge
675353,based on video game
675353,duringcreditsstinger
675353,hedgehog
675353,live action and animation
675353,relaxed
675353,joyous
675353,bold
675353,cheerful
675353,enthusiastic
675353,sonic cinematic universe
527641,forbidden love
527641,terminal illness
527641,hospital
527641,best friend
527641,falling in love
527641,cystic fibrosis
527641,star crossed lovers
527641,first date
527641,true love
527641,teenager
527641,dramatic
527641,sentimental
395834,"wyoming, usa"
395834,fbi
395834,investigation
395834,native american
395834,murder
395834,native american reservation
395834,questioning
395834,mysterious
395834,disturbed
395834,nervous
395834,cautionary
395834,serious
395834,depressing
395834,apologetic
395834,audacious
395834,awestruck
395834,forceful
395834,tragic
395834,native american awareness
480530,sports
480530,rivalry
480530,sequel
480530,"los angeles, california"
480530,angry
480530,boxing
480530,thoughtful
480530,reflective
480530,dedicated
480530,box ring
480530,ukraine
480530,amused
480530,antagonistic
480530,apologetic
480530,awestruck
480530,comforting
480530,compassionate
480530,excited
480530,foreboding
480530,sympathetic
567609,escape
567609,ritual
567609,marriage
567609,satanism
567609,gore
567609,pact with the devil
567609,wealth
567609,murder
567609,wedding
567609,cat and mouse
567609,game
567609,exploding body
567609,wedding dress
567609,satanic cult
567609,hostile
567609,death game
567609,exhilarated
567609,ridiculous
290859,helicopter
290859,"mexico city, mexico"
290859,artificial intelligence (a.i.)
290859,cyborg
290859,dystopia
290859,time travel
290859,sequel
290859,plane crash
559969,new mexico
559969,drugs
559969,meth lab
559969,"albuquerque, new mexico"
559969,crystal meth
559969,based on tv series
559969,methamphetamine
369972,moon
369972,based on novel or book
369972,sacrifice
369972,nasa
369972,wife
369972,obsession
369972,space travel
369972,space mission
369972,biography
369972,engineer
369972,based on true story
369972,exploration
369972,moon landing
369972,space
369972,cancer
369972,astronaut
369972,historical event
369972,death of daughter
369972,compromise
369972,test pilot
369972,1960s
369972,apollo program
369972,america
369972,explore
369972,neil armstrong
503919,island
503919,nightmare
503919,isolation
503919,mermaid
503919,hallucination
503919,lighthouse
503919,based on true story
503919,lighthouse keeper   
503919,black and white
503919,storm
503919,male masturbation
503919,new england
503919,madness
503919,drunkenness
503919,19th century
503919,isolated island
503919,grimdark
503919,lovecraftian
503919,psychological horror
503919,1890s
503919,awestruck
503919,foreboding
792307,ship
792307,"london, england"
792307,experiment
792307,"paris, france"
792307,based on novel or book
792307,obsession
792307,"lisbon, portugal"
792307,crooked lawyer
792307,love
792307,domestic abuse
792307,female protagonist
792307,doctor
792307,prostitution
792307,cruelty
792307,scientist
792307,masturbation
792307,disfigured face
792307,sexual awakening
792307,exploring sexuality
792307,sex worker
792307,female empowerment
792307,female sexuality
792307,brain transplant
792307,absurdism
792307,spousal abuse
792307,women's liberation
792307,alexandria egypt
792307,victorian era
792307,quest for identity
792307,frankenstein
792307,body horror
792307,amused
792307,melodramatic
792307,wry
308266,corruption
308266,smuggling (contraband)
308266,iraq
308266,rise and fall
308266,drugs
308266,american exceptionalism
311324,monster
311324,china
311324,archer
311324,female soldier
311324,historical fiction
311324,explosion
311324,period drama
311324,british soldier
311324,great wall of china
311324,15th century
311324,war
311324,appreciative
311324,bold
353491,mind control
353491,new york city
353491,gunslinger
353491,based on novel or book
353491,portal
353491,desert
353491,parallel world
353491,another world
399404,world war ii
399404,biography
399404,based on true story
399404,london underground
399404,british politics
399404,british prime minister
399404,british history
399404,autobiographical
399404,dunkirk
399404,1940s
399404,winston churchill
399404,serious
399404,inspirational
399404,bold
399404,based on real person
399404,biographical drama
345920,friendship
345920,despair
345920,group therapy
345920,loss
345920,grief
345920,death
345920,shocking
345920,grieving father
345920,actor
345920,apathetic
316727,dystopia
316727,sequel
316727,survival horror
316727,calvary
316727,legalized murder
316727,purge
316727,attack on politician
316727,military attack
453405,hitman
453405,human clone
1339713,obsession
1339713,supernatural
1339713,possession
1339713,wish
1339713,unrequited love
1339713,couple
1339713,absurdism
1339713,self-harm
1339713,supernatural horror
1339713,psychological
1339713,independent film
1339713,psychological horror
1339713,cursed object
324849,superhero
324849,based on comic
324849,based on toy
324849,spin off
324849,super power
324849,lego
324849,3d animation
324849,teamwork
473033,bet
473033,infidelity
473033,new york city
473033,"philadelphia, pennsylvania"
473033,gambling
473033,auction
473033,ethiopia
473033,dark comedy
473033,basketball
473033,"long island, new york"
473033,money
473033,debt
473033,apartment building
473033,opal
473033,pawnshop
473033,character study
473033,jeweler
473033,city life
473033,neo-noir
473033,anxious
473033,ethiopian jews
473033,2010s
473033,independent film
473033,black opal
473033,suspenseful
473033,distressing
473033,diamond district
399174,island
399174,japan
399174,stop motion
399174,dog
399174,garbage dump
399174,pets
399174,witty
976573,fire
976573,earth
976573,computer animation
976573,duringcreditsstinger
976573,elements
976573,water
976573,3d animation
976573,city
976573,lighthearted
976573,whimsical
976573,hopeful
976573,pixar
524047,husband wife relationship
524047,panic
524047,kidnapping
524047,looting
524047,natural disaster
524047,state of emergency
524047,comet
524047,end of the world
524047,meteorite
524047,disaster
524047,apocalypse
524047,destruction of planet
524047,diabetic
524047,army base
524047,emergency
524047,greenland
524047,"atlanta, georgia"
524047,suspenseful
524047,جرينلاند
524047,الأرض الخضراء
524047,جرين
524047,لاند
524047,علاقة زوجية
524047,خضراء
524047,أرض
524047,ربو
524047,نهاية العالم
310307,greed
310307,ambition
310307,biography
310307,family business 
310307,based on true story
310307,salesman
310307,corporate greed
310307,fast food
310307,corporate power
310307,1950s
310307,burger
310307,mcdonald's
613504,based on novel or book
613504,sequel
613504,love
613504,teenage crush
613504,angry
613504,complex
613504,grand
479455,"london, england"
479455,"paris, france"
479455,secret organization
479455,sahara desert
479455,based on comic
479455,sequel
479455,co-workers relationship
479455,alien invasion
479455,spin off
479455,"brooklyn, new york city"
479455,"eiffel tower, paris"
479455,buddy cop
479455,alien friendship
479455,weapons trafficking
479455,"marrakesh, morocco"
268896,mind control
268896,race against time
268896,japan
268896,army
268896,monster
268896,artificial intelligence (a.i.)
268896,saving the world
268896,cadet
268896,military officer
268896,evacuation
268896,giant monster
268896,duty
268896,military base
268896,damage
268896,dormitory
268896,mad scientist
268896,portal
268896,rivalry
268896,sequel
268896,alien
268896,coming of age
268896,futuristic
268896,mecha
268896,giant robot
268896,mind reading
268896,"tokyo, japan"
268896,creature
268896,robot
268896,scientist
268896,criminal
268896,one against many
268896,combat
268896,blizzard
268896,female fighter
268896,kaiju
268896,transforming robot
268896,alien monster
268896,teenage hero
268896,mental link
268896,mass destruction
268896,humanoid robot
268896,robot suits
268896,female warrior
268896,aircraft
268896,laser beam
268896,mass evacuation
268896,"mount fuji, japan"
268896,computer hacker
268896,disapproving
343611,based on novel or book
343611,espionage
343611,military officer
343611,homicide
343611,falsely accused
343611,"new orleans, louisiana"
343611,investigation
343611,afghanistan
343611,sequel
343611,on the run
343611,false accusations
343611,military police
343611,court martial
343611,ex military
343611,army officer
343611,ex army
343611,military cover-up
343611,intense
343611,murders
343611,u.s. army
343611,military contractor
343611,jag - judge advocate general
343611,classified information
504172,mexico
504172,drug crime
504172,texas
504172,drug mule
504172,based on true story
504172,old man
504172,drug cartel
504172,dea agent
504172,pickup truck
504172,small town sheriff
504172,korean war veteran
504172,"based on magazine, newspaper or article"
504172,2000s
1061474,dual identity
1061474,superhero
1061474,based on comic
1061474,dog
1061474,super power
1061474,reboot
1061474,kaiju
1061474,modern day adaptation
1061474,aftercreditsstinger
1061474,duringcreditsstinger
1061474,epic battle
1061474,supervillain
1061474,calm
1061474,dc universe (dcu)
1061474,anti-imperialism
1061474,adoring
1061474,amused
1061474,bold
1061474,cheerful
1061474,enthusiastic
447200,fire
447200,china
447200,skyscraper
447200,hong kong
447200,high tech
447200,security system
447200,pearl
447200,penthouse
447200,world's tallest building
447200,trapped in burning building
332567,surfing
332567,surfer
332567,island
332567,mexico
332567,shark attack
332567,animal attack
332567,coral reef
332567,survival
332567,wounded
332567,creature
332567,young woman
332567,shark
332567,great white shark
332567,trapped
332567,predator turns victim
332567,killer shark
332567,buoy
332567,human prey
332567,animal horror
332567,secluded beach
332567,loss of mother
332567,bloody death
332567,tides
332567,survival skills
332567,survival film
332567,gopro
332567,stranded at sea
667538,peru
667538,alien
667538,end of the world
667538,based on toy
667538,giant robot
667538,robot
667538,duringcreditsstinger
667538,1990s
667538,brother brother relationship
575264,mask
575264,race against time
575264,mission
575264,"rome, italy"
575264,chase
575264,secret mission
575264,spy
575264,fake identity
575264,secret agent
575264,sequel
575264,intelligence agency
575264,secret government organization
575264,infiltration
575264,fictional government agency
575264,rogue agent
575264,government agency
575264,based on tv series
575264,action
338762,nanotechnology
338762,superhero
338762,based on comic
338762,memory
338762,psychotronic
338762,aggressive
338762,valiant comics
338762,powerful
428078,based on novel or book
428078,dystopia
428078,post-apocalyptic future
428078,revenge
428078,wasteland
428078,steampunk
428078,futuristic vehicle
428078,based on young adult novel
274855,future
274855,artificial intelligence (a.i.)
274855,weather manipulation
274855,end of the world
274855,murder
274855,space
274855,conspiracy
274855,disaster
274855,apocalypse
274855,storm
274855,space station
274855,space shuttle
274855,catastrophe
274855,disaster movie
274855,global threat
274855,environmental disaster
274855,overpopulated world
425909,small town
425909,afterlife
425909,ghostbuster
425909,nostalgia
425909,sequel
425909,ghost
425909,nostalgic
425909,aftercreditsstinger
425909,duringcreditsstinger
425909,dead grandfather
425909,ancient evil
425909,otherworldly beings
425909,paranormal events
425909,ghostbusters
425909,excited
509967,dictator
509967,"florence, italy"
509967,shootout
509967,fictitious country
509967,evil dictator
509967,anxious
509967,street shootout
509967,ridiculous
639933,sword
639933,prince
639933,gore
639933,vikings (norsemen)
639933,iceland
639933,northern ireland
639933,sword fight
639933,revenge
639933,fate
639933,king
639933,brutality
639933,"based on myths, legends or folklore"
639933,nordic
639933,10th century
639933,wonder
639933,grimdark
639933,fantasy
639933,dramatic
639933,suspenseful
639933,admiring
639933,amused
639933,bold
639933,commanding
639933,ominous
346910,predator
346910,sequel
346910,alien
346910,creature
346910,alien invasion
346910,military
346910,bewildered
298618,secret identity
298618,superhero
298618,time travel
298618,based on comic
298618,superhuman
298618,super power
298618,aftercreditsstinger
298618,time paradox
298618,butterfly effect
298618,dc extended universe (dceu)
298618,superhuman abilities
298618,loss of mother
298618,alternate universe
298618,admiring
298618,multiverse
338953,prison
338953,witch
338953,"berlin, germany"
338953,magic
338953,election campaign
338953,affectation
338953,sequel
338953,curse
338953,bhutan
338953,lgbt
338953,fantasy world
338953,wizard
338953,magical creature
338953,1930s
338953,based on young adult novel
338953,good versus evil
338953,amused
338953,powerful
500664,future
500664,artificial intelligence (a.i.)
500664,hacker
500664,police
500664,technology
500664,cyborg
500664,dystopia
500664,revenge
500664,murder
500664,drone
500664,cyberpunk
500664,transhumanism
500664,brutality
500664,implant
500664,surgery
500664,quadriplegic
500664,cyber thriller
500664,near future
500664,body enhancement
500664,body horror
500664,violence
500664,microship
500664,android horror
476669,"london, england"
476669,world war i
476669,spy
476669,based on comic
476669,prequel
476669,world domination
476669,duringcreditsstinger
476669,speculative
476669,vexed
476669,zealous
476669,1910s
476669,unassuming
476669,sympathetic
267860,"london, england"
267860,usa president
267860,sequel
267860,terrorism
267860,political assassination
267860,terrorist attack
267860,dramatic
267860,arrogant
267860,derogatory
267860,disheartening
267860,disrespectful
786892,chase
786892,post-apocalyptic future
786892,warlord
786892,prequel
786892,wasteland
786892,spin off
786892,struggle for survival
786892,desert
786892,tyrant
786892,tyranny
786892,masculinity
786892,revenge murderer
786892,mother daughter relationship
786892,child abduction
786892,car
507089,night shift
507089,child murder
507089,restaurant
507089,custody battle
507089,child in peril
507089,security guard
507089,based on video game
507089,evil child
507089,duringcreditsstinger
507089,troubled past
507089,child neglect
507089,haunted attractions
507089,animatronic
507089,abandoned building
507089,brother sister relationship
507089,supernatural horror
507089,child abduction
507089,cliché
507089,conceited
507089,horrified
507089,vibrant
507089,android horror
507089,animatronic band
583083,based on novel or book
583083,sequel
583083,teen romance
762504,california
762504,horse
762504,exploitation
762504,death of father
762504,alien
762504,ufo
762504,social commentary
762504,alien invasion
762504,alien contact
762504,aftercreditsstinger
762504,horse farm
762504,african american man
762504,racial issues
762504,brother sister relationship
762504,horror western
762504,psychological horror
762504,sci-fi horror
762504,sci-fi western
1233413,"chicago, illinois"
1233413,capitalism
1233413,ku klux klan
1233413,musician
1233413,immortality
1233413,vampire
1233413,cousin
1233413,surrealism
1233413,sin
1233413,alcoholism
1233413,vampire hunter (slayer)
1233413,church
1233413,twins
1233413,blunt
1233413,estranged wife
1233413,dual role
1233413,cousin relationship
1233413,death of daughter
1233413,blues music
1233413,aftercreditsstinger
1233413,klansmen
1233413,1990s
1233413,1930s
1233413,salvation
1233413,assimilation
1233413,chinese immigrant
1233413,brother brother relationship
1233413,southern gothic
1233413,afro-descendants
1233413,supernatural horror
1233413,playful
1233413,train station
1233413,mississippi
1233413,frightened
522681,"chicago, illinois"
522681,key
522681,riddle
522681,code
522681,puzzle
522681,game
522681,clue
522681,magnet
522681,box
522681,cube
522681,escape room
522681,traumatized person
522681,teamwork
522681,mysterious box
522681,sliding puzzle
522681,pool table
522681,death game
522681,tense
424139,post-traumatic stress disorder (ptsd)
424139,trauma
424139,halloween
424139,knife
424139,illinois
424139,sequel
424139,murder
424139,boogeyman
424139,serial killer
424139,slasher
424139,murderer
424139,reboot
424139,aggressive
424139,escaped killer
424139,holiday horror
696806,escape
696806,time travel
696806,explore
696806,2050s
411088,"barcelona, spain"
411088,businessman
411088,falsely accused
411088,manipulative lover
411088,unreliable narrator
411088,hidden truth
411088,grieving father
411088,accused of murder
411088,mountain resort
411088,locked room mystery
411088,defense lawyer
411088,psychological tension
411088,hidden motives
411088,alibi construction
290595,witch
290595,strong woman
290595,magic
290595,fairy tale
290595,female soldier
290595,female empowerment
290595,huntsman
290595,wicked woman
337170,central intelligence agency (cia)
337170,drug smuggling
337170,drug crime
337170,money laundering
337170,pilot
337170,based on true story
337170,drug cartel
337170,illegal drugs
337170,dea agent
337170,1980s
337170,pablo escobar
504608,"london, england"
504608,drug abuse
504608,pop star
504608,1970s
504608,musical
504608,biography
504608,based on true story
504608,alcoholism
504608,singer
504608,rock music
504608,"los angeles, california"
504608,pianist
504608,lgbt
504608,rise to fame
504608,1960s
504608,gay theme
501170,hotel
501170,based on novel or book
501170,supernatural
501170,haunted house
501170,melancholy
501170,sequel
501170,psychic power
501170,reflective
501170,inspirational
501170,tense
501170,compassionate
296524,rescue
296524,sea
296524,post-traumatic stress disorder (ptsd)
296524,based on true story
296524,disaster
296524,explosion
296524,oil spill
296524,trapped
296524,oil rig 
296524,disaster movie
296524,gulf of mexico
296524,bp
296524,melodramatic
631843,beach
631843,husband wife relationship
631843,schizophrenia
631843,escape
631843,time warp
631843,rapper
631843,coral reef
631843,deception
631843,time
631843,aging
631843,loss of virginity
631843,trap
631843,murder
631843,corpse
631843,family vacation
631843,family
631843,based on graphic novel
631843,family holiday
631843,death
631843,existentialism
631843,sickness
631843,mortality
631843,time-manipulation
631843,radical transformation
631843,secluded beach
631843,human experiment
631843,brother sister relationship
631843,medical experiment
631843,experimental drug
631843,secret experiment
631843,body horror
631843,vacation gone wrong
631843,baffled
631843,frightened
446354,vietnam war
446354,newspaper
446354,journalist
446354,"washington dc, usa"
446354,politics
446354,1970s
446354,journalism
446354,grave
446354,biography
446354,based on true story
446354,richard nixon
446354,pentagon papers
446354,period drama
446354,government cover-up
446354,publisher
446354,political thriller
446354,reminiscent
536554,android
536554,artificial intelligence (a.i.)
536554,killer robot
536554,aunt niece relationship
536554,evil doll
536554,slasher
536554,orphan
536554,car accident
536554,niece
536554,robot
536554,juvenile delinquent
536554,doll
536554,dead dog
536554,dog attack
536554,nosy neighbor
536554,hit by a car
536554,dead parents
536554,creepy doll
536554,cyber thriller
536554,possessed doll
536554,sinister
536554,audacious
536554,android horror
338766,brother
338766,texas
338766,bank robber
338766,road trip
338766,gun battle
338766,police officer killed
338766,criminal
338766,held at gunpoint
338766,car fire
338766,cowboy
338766,small western town
338766,neo-western
338766,divorced father
338766,bullet hole
338766,audacious
526896,vampire
526896,superhero
526896,based on comic
526896,duringcreditsstinger
526896,supervillain
526896,frustrated
278154,fire
278154,fireworks
278154,mammoth
278154,sequel
278154,prehistory
278154,singing
278154,critically bashed
278154,cavemen
278154,meteor crash
278154,3d animation
547016,immortality
547016,superhero
547016,mercenary
547016,based on comic
547016,lgbt
547016,gay theme
376570,computer
376570,isolation
376570,deaf-mute
376570,deaf
376570,knife
376570,alone
376570,murder
376570,mute
376570,serial killer
376570,slasher
376570,stabbing
376570,home invasion
376570,cat and mouse
376570,trapped
376570,bow and arrow
493529,video game
493529,affectation
493529,platonic love
493529,gang of thieves
493529,friends
493529,dragon
493529,role playing game (rpg)
493529,female villain
493529,heist gone wrong
493529,wizard
493529,duringcreditsstinger
493529,illusionist
493529,father daughter relationship
493529,dungeons and dragons
493529,wizardry
493529,appreciative
493529,based on board game
493529,dungeon crawling
493529,based on game
493529,based on role playing game
49046,based on novel or book
49046,world war i
49046,infantry
49046,tank
49046,battle
49046,brutality
49046,period drama
49046,german soldier
49046,shocking
49046,1910s
49046,german army
49046,aircraft
49046,trench warfare
49046,intense
49046,depressing
49046,war epic
514999,chase
514999,cop
514999,money
514999,murder
514999,monaco
514999,inheritance
514999,whodunit
514999,troubled marriage
514999,crime investigation
514999,wanted
514999,formula one (f1)
514999,cheerful
438695,wolf
438695,stage
438695,villain
438695,musical
438695,sequel
438695,anthropomorphism
438695,singing
438695,thug
438695,animals
438695,villain arrested
438695,talking animal
438695,3d animation
438695,jukebox musical
438695,suspenseful
438695,appreciative
438695,approving
438695,enthusiastic
785084,depression
785084,nurse
785084,missionary
785084,idaho
785084,bible
785084,overweight man
785084,based on play or musical
785084,dying man
785084,obesity
785084,religion
785084,death of lover
785084,rebellious daughter
785084,recluse
785084,lgbt
785084,eating disorder
785084,empathy
785084,teen anger
785084,english teacher
785084,abandonment
785084,alcoholic mother
785084,father daughter relationship
785084,essay
785084,religious symbolism
785084,father daughter estrangement
785084,complicated
785084,powerful
785084,morbidly obese
785084,binge eating
785084,queer loneliness
369885,nazi
369885,resistance
369885,spy
369885,world war ii
369885,past
369885,love
369885,couple
369885,north africa
369885,1940s
369885,french woman
369885,dreary
369885,romantic
397243,parent child relationship
397243,supernatural
397243,crematorium
397243,autopsy
397243,morgue
397243,murder
397243,bell
397243,corpse
397243,thunderstorm
397243,coroner
397243,pathologist
397243,autopsy room
397243,elevator
397243,cause of death
397243,ax
945961,alien life-form
945961,spin off
945961,alien contact
945961,alien monster
945961,space exploration
945961,alien encounter
945961,space capsule
945961,spaceship
945961,sci-fi horror
945961,xenomorph threat
945961,cryonics chamber
945961,abandoned station
945961,biological contamination
945961,hostile organism
945961,interstellar isolation
985939,stranded
985939,struggle for survival
985939,desert
985939,tower
985939,free climbing
985939,sport climbing
985939,adrenaline junkie
985939,dehydration
985939,middle of nowhere
985939,anxious
985939,best friends
985939,grieving widow
985939,tense
985939,ridiculous
985939,survival thriller
823464,giant monster
823464,sequel
823464,dinosaur
823464,monkey
823464,kaiju
823464,fantasy world
823464,giant ape
823464,godzilla
823464,king kong
823464,amused
823464,bold
823464,cliché
823464,monsterverse
508965,friendship
508965,small town
508965,island
508965,holiday
508965,santa claus
508965,cartoon
508965,letter
508965,postman
508965,reindeer
508965,toy maker
508965,christmas
508965,19th century
508965,toymaker
508965,origin story
508965,good versus evil
508965,cheerful
400155,monster
400155,vampire
400155,halloween
400155,vacation
400155,sequel
400155,romance
400155,cruise ship
400155,summer vacation
400155,dracula
400155,3d animation
302401,biography
302401,idealism
302401,idealist
302401,national security agency (nsa)
302401,investigative journalism
302401,whistleblower
302401,political thriller
302401,surveillance state
302401,fighting the system
302401,mass surveillance
399035,conspiracy
399035,train
558449,gladiator
558449,roman empire
558449,ancient rome
558449,sequel
558449,epic battle
558449,family legacy
558449,3rd century
558449,antiquity
558449,fallen hero
558449,political rival
558449,evil tyrant
558449,critical
558449,sword and sandal
558449,sword fighting
558449,second part
558449,compassionate
558449,arena combat
558449,emperor brothers
558449,imperial corruption
558449,roman senate
305470,spacecraft
305470,affectation
305470,bullying
305470,super power
305470,superhero team
305470,lgbt
305470,reboot
305470,female villain
305470,ethnic diversity
305470,based on tv series
305470,celebratory
305470,comforting
484247,small town
484247,based on novel or book
484247,widow
484247,dark comedy
484247,female friendship
484247,life insurance
484247,best friend
484247,single mother
484247,biting
484247,missing person
484247,shocking
484247,satirical
484247,vlogger
484247,pathetic
484247,hilarious
484247,audacious
484247,bold
325133,alcohol
325133,college
325133,sequel
325133,sorority
325133,neighbor
325133,family
325133,fraternity
325133,bathroom humor
378064,high school
378064,friendship
378064,suicide
378064,suicide attempt
378064,deaf
378064,bullying
378064,coming of age
378064,school
378064,based on manga
378064,adult animation
378064,teen suicide
378064,woman director
378064,sign languages
378064,shounen
378064,anime
378064,social anxiety
378064,japanese high school
378064,japanese school
378064,appreciative
381341,friendship
381341,jealousy
381341,husband wife relationship
381341,italian
381341,italy
381341,truth
381341,confidence
381341,honesty
381341,love
381341,love affair
381341,trust
381341,game
381341,childhood friends
381341,love fiction
635302,fight
635302,magic
635302,supernatural
635302,psychology
635302,gore
635302,sequel
635302,coming of age
635302,survival
635302,tragedy
635302,based on manga
635302,demon
635302,historical
635302,family
635302,mutilation
635302,dark fantasy
635302,shounen
635302,anime
635302,taisho period
291870,funeral
291870,golf
291870,grandfather
291870,road trip
291870,crude humor
291870,retired
291870,pervert
291870,army general
291870,spring break
291870,law firm
291870,fiancé fiancée relationship
291870,sex comedy
291870,mini cooper
291870,engaged couple
291870,death of wife
291870,imminent wedding
291870,malicious
291870,moving
291870,grandfather grandson relationship
291870,corporate lawyer
291870,death of grandmother
291870,"boca raton, florida"
291870,ridiculous
911430,sports
911430,comeback
911430,racing
911430,race car driver
911430,sport competition
911430,aftercreditsstinger
911430,beforecreditsstinger
911430,rookie
911430,formula one (f1)
911430,motorsport
911430,car racing
911430,disdainful
911430,exhilarated
911430,joyful
339988,technology
339988,video surveillance
339988,criminal
339988,cyber thriller
339988,technicians
339988,tech company
339988,techno thriller
387426,new york city
387426,monster
387426,slaughterhouse
387426,east asian lead
387426,twins
387426,environmentalist
387426,aftercreditsstinger
387426,animal liberation
387426,live action and animation
387426,zoologist
387426,anxious
387426,korean
387426,meat industry
387426,"seoul, south korea"
637920,parent child relationship
637920,prison cell
637920,remake
637920,wrongful imprisonment
637920,based on movie
637920,mentally challenged
590223,monster
590223,bunker
590223,post-apocalyptic future
590223,coming of age
590223,love
590223,mutant animal
590223,psychotronic
590223,inspirational
590223,teenager
399057,husband wife relationship
399057,hostage
399057,psychopath
399057,insanity
399057,blackmail
399057,surgeon
399057,paralysis
399057,dysfunctional family
399057,paranormal
399057,revenge
399057,hospital
399057,cruelty
399057,brutality
399057,cafe
399057,cardiologist
399057,recovering alcoholic
399057,open heart surgery
399057,baffled
329996,elephant
329996,circus
329996,missouri
329996,remake
329996,live action and animation
329996,1910s
329996,live action remake
329996,dumbo
329996,adoring
537996,prostitute
537996,native american
537996,parody
537996,anthology
537996,bank robbery
537996,stagecoach
537996,cowboy
537996,wagon train
537996,singing cowboy
537996,american west
537996,the old west
929590,sniper
929590,new york city
929590,race against time
929590,usa president
929590,"washington dc, usa"
929590,the white house
929590,civil war
929590,post-traumatic stress disorder (ptsd)
929590,war crimes
929590,photographer
929590,militia
929590,journalism
929590,dystopia
929590,war photographer
929590,road trip
929590,female protagonist
929590,soldier
929590,fictional war
929590,photojournalism
929590,xenophobia
929590,secession
929590,secessionists
929590,usa politics
929590,war trauma
929590,war journalism
929590,charlottesville
929590,near future
929590,violence
787699,factory
787699,chocolate
787699,candy
787699,musical
787699,prequel
787699,duringcreditsstinger
787699,cartel
787699,joyous
787699,amused
503736,casino
503736,tiger
503736,vault
503736,mercenary
503736,safe
503736,heist
503736,zombie animals
503736,apocalypse
503736,zombie
503736,las vegas
503736,widower
503736,safecracker
503736,booby trap
503736,casino owner
503736,walled city
503736,zombie apocalypse
503736,father daughter conflict
503736,father daughter relationship
503736,casino heist
503736,absurd
503736,assertive
866398,massachusetts
866398,secret government organization
866398,government conspiracy
866398,hand to hand combat
866398,vengeance
866398,fbi agent
866398,beekeepers
866398,scam call center
866398,retired assassin
866398,revenge mission
866398,relentless pursuit
866398,scam operation
866398,justice by force
866398,system corruption
866398,powerful elites
912649,hero
912649,superhero
912649,anti hero
912649,villain
912649,alien life-form
912649,based on comic
912649,sequel
912649,aftercreditsstinger
912649,duringcreditsstinger
912649,hunted
912649,woman director
360920,holiday
360920,surrealism
360920,remake
360920,based on children's book
360920,christmas
360920,3d animation
360920,cheerful
290098,jealousy
290098,based on novel or book
290098,library
290098,pickpocket
290098,eroticism
290098,con man
290098,swindler
290098,lesbian relationship
290098,mansion
290098,lust
290098,lgbt
290098,noblewoman
290098,shocking
290098,erotic thriller
290098,con woman
290098,1930s
290098,lady's maid
290098,handmade
290098,seducer
290098,japanese occupation of korea
290098,lesbian
290098,girls' love (gl)
290098,romantic
290098,commanding
290098,melodramatic
356305,daughter
356305,rivalry
356305,parent-in-law child-in-law relationship
588228,time travel
588228,global warming
588228,glacier
588228,alien
588228,alien invasion
588228,military
588228,future war
588228,father son reunion
588228,hope for future
588228,changing the past or future
588228,message from the future
588228,father son relationship
588228,father daughter relationship
588228,world war
725201,central intelligence agency (cia)
725201,based on novel or book
725201,hitman
725201,kidnapping
725201,agent
725201,rogue agent
725201,hunted
725201,ex-cia agent
653346,empire
653346,kingdom
653346,gorilla
653346,dystopia
653346,chimpanzee
653346,post-apocalyptic future
653346,eagle
653346,sequel
653346,anthropomorphism
653346,distant future
653346,ape
653346,orangutan
653346,evolution
653346,primate
653346,sign languages
653346,journey
653346,cgi-live action hybrid
653346,evil tyrant
205584,rescue
205584,egypt
205584,fight
205584,nile
205584,mythology
205584,god
205584,thief
205584,desert
205584,ancient egypt
205584,egyptian mythology
205584,myth
205584,egyptian god
489999,california
489999,stalker
489999,disappearance
489999,internet
489999,east asian lead
489999,police detective
489999,missing person
489999,missing child
489999,computer screen
489999,found footage
489999,social media
489999,missing daughter
489999,mysterious
489999,facebook
489999,live stream
489999,father daughter relationship
489999,screenlife
489999,asian american
489999,distressing
489999,faux documentary
489999,found footage adjacent
515195,musician
515195,pop singer
515195,"liverpool, england"
515195,music festival
515195,united kingdom
515195,rock concert
515195,alternative reality
515195,moral dilemma
515195,dramatic
515195,cheerful
505026,egypt
505026,based on novel or book
505026,detective
505026,honeymoon
505026,nile
505026,sequel
505026,remake
505026,mysterious
505026,murder mystery
505026,1930s
505026,frustrated
936075,child abuse
936075,sibling relationship
936075,1970s
936075,abusive father
936075,ambition
936075,biography
936075,based on true story
936075,singer
936075,period drama
936075,music history
936075,price of fame
936075,singer-songwriter
936075,rise to fame
936075,1980s
936075,1960s
936075,music
936075,admiring
936075,biographical drama
936075,music drama
936075,biopic
335977,melancholy
335977,treasure hunt
335977,ancient rome
335977,sequel
335977,flashback
335977,knife fight
335977,archaeologist
335977,adventurer
335977,1960s
335977,nazi germany
335977,bold
335977,excited
522938,post-traumatic stress disorder (ptsd)
522938,arizona
522938,human trafficking
522938,sequel
522938,revenge
522938,father figure
522938,horse ranch
522938,mexican american border
522938,revenge plot
522938,mexican cartel
522938,rescue operation
522938,inner demons
522938,close‑quarters combat
522938,cartel violence
522938,underground tunnels
522938,surrogate family
522938,ruthless antagonists
522938,protective guardian
466420,husband wife relationship
466420,based on novel or book
466420,war veteran
466420,fbi
466420,greed
466420,oklahoma
466420,manipulation
466420,native american
466420,based on true story
466420,murder
466420,colonisation
466420,racism
466420,series of murders
466420,genocide
466420,period drama
466420,guilt
466420,true crime
466420,oil industry
466420,colonialism
466420,catholicism
466420,uncle nephew relationship
466420,1920s
466420,osage indian
466420,poisoning
466420,settler colonialism
466420,settler genocide
466420,lust for wealth
83533,witch
83533,clone
83533,space war
83533,tribe
83533,sequel
83533,alien
83533,transhumanism
83533,family
83533,space adventure
83533,motion capture
83533,family dynamics
83533,frantic
83533,rival
83533,intense
376660,high school
376660,friendship
376660,sibling relationship
376660,"portland, oregon"
376660,romcom
376660,coming of age
376660,teen angst
376660,loneliness
376660,teenage girl
376660,best friend
376660,dating
376660,woman director
376660,angry
376660,generation z
376660,psychological drama
376660,cheerful
376660,joyful
376659,infidelity
376659,alcohol
376659,mother role
376659,hit-and-run
376659,single mother
376659,divorce
376659,family
376659,bathroom humor
442249,new york city
442249,new jersey
442249,dystopia
442249,prequel
442249,murder
442249,church
442249,survival horror
442249,social media
442249,"staten island, new york city"
442249,purge
442249,abuse of power
442249,apartment buildings
340837,darkness
340837,therapist
340837,switzerland
340837,mountain
340837,wellness
340837,employee
340837,health
340837,patient
340837,spa
340837,drugs
340837,remote
340837,swiss alps
340837,treatment
340837,cure
340837,accident
340837,wellness center
340837,institute
340837,incertitude
340837,lovecraftian
379686,sports
379686,cartoon
379686,basketball
379686,sequel
379686,game
379686,live action and animation
460019,mexico
460019,sacrifice
460019,college
460019,hallucination
460019,rejection
460019,betrayal
460019,demon
460019,game
460019,group of friends
460019,spring break
460019,doppelgänger
460019,truth or dare
460019,vulnerability
460019,magic ritual
569547,video game
569547,technology
569547,choice
569547,time loop
569547,free will
569547,british noir
569547,tech noir
569547,programmer
569547,interactive
569547,choose your own adventure
569547,video game development
882598,suicide
882598,new jersey
882598,post-traumatic stress disorder (ptsd)
882598,therapist
882598,detective
882598,paranoia
882598,trauma
882598,curse
882598,hospital
882598,doctor
882598,mental illness
882598,evil
882598,self-harm
882598,demonic
882598,smile
882598,supernatural horror
882598,based on short film
882598,body horror
882598,psychological horror
882598,horror
1054867,rebellion
1054867,based on novel or book
1054867,resistance
1054867,usa–mexico border
1054867,riot
1054867,interracial relationship
1054867,on the run
1054867,xenophobia
1054867,aftercreditsstinger
1054867,missing daughter
1054867,white supremacy
1054867,anti-fascism
1054867,father daughter relationship
1054867,revolutionaries
1054867,african american
1054867,anti-racism
1054867,immigration detention center
529203,sequel
529203,prehistory
529203,aftercreditsstinger
529203,duringcreditsstinger
529203,candid
529203,playful
529203,3d animation
529203,joyous
529203,admiring
529203,adoring
529203,bold
529203,enthusiastic
345911,suicide
345911,sibling relationship
345911,darkness
345911,supernatural
345911,paranormal phenomena
345911,basement
345911,evil spirit
345911,parenthood
345911,mental illness
345911,mental asylum
345911,fear of the dark
345911,ghost
345911,light sensitivity
345911,jump scare
345911,supernatural horror
345911,based on short film
345911,suspenseful
301337,future
301337,computer
301337,therapist
301337,married couple
301337,shrinking
301337,crowd
301337,speculative
301337,meditative
301337,caucasian
301337,thoughtful
301337,reflective
301337,pc
301337,procedure
301337,loving
301337,inspirational
301337,grand
301337,provocative
301337,direct
301337,dramatic
301337,sentimental
301337,awestruck
301337,bold
301337,dignified
301337,euphoric
301337,exhilarated
301337,hopeful
301337,powerful
522402,post-apocalyptic future
522402,survival
522402,robot
522402,taunting
522402,questioning
522402,journey
522402,speculative
522402,humanity
522402,unassuming
522402,reflective
522402,wistful
522402,provocative
522402,witty
522402,sinister
522402,whimsical
522402,pretentious
522402,sincere
522402,skeptical
522402,straightforward
522402,sympathetic
522402,tragic
522402,vibrant
950396,isolation
950396,paranoia
950396,fog
950396,tower
950396,elite sniper
950396,trust issues
950396,snipers
950396,long-term observation
950396,unknown threat
950396,mysterious canyon
950396,sci‑fi romance
950396,espionage mission
950396,surveillance partners
950396,enigmatic environment
950396,survival pressure
950396,restricted zone
1010581,first time
1010581,forbidden love
1010581,stepbrother
1010581,female protagonist
1010581,underage sex
1010581,stepsister
1010581,based on young adult novel
1010581,enemies to lovers
1010581,passion and romance
1010581,car
1010581,step-sibling romance
400535,rescue
400535,central intelligence agency (cia)
400535,corruption
400535,usa–mexico border
400535,sequel
400535,shootout
400535,explosion
400535,brutality
400535,black ops
400535,sign languages
400535,neo-noir
400535,drug war
400535,mexican cartel
400535,covert operations
400535,cartel warfare
426426,"mexico city, mexico"
426426,1970s
426426,middle class
426426,family relationships
426426,black and white
426426,maid
426426,autobiographical
426426,master servant relationship
426426,domestic worker
351460,supernatural
351460,serial killer
351460,based on manga
351460,death
351460,live action remake
438148,1970s
438148,villain
438148,sequel
438148,prequel
438148,spin off
438148,duringcreditsstinger
438148,supervillain
438148,3d animation
438148,amused
438148,derisive
438148,enthusiastic
438148,joyful
670292,artificial intelligence (a.i.)
670292,asia
670292,dystopia
670292,cyberpunk
670292,transhumanism
670292,robot
670292,space station
670292,kids
670292,ex special forces
670292,humanoid robot
670292,missing wife
670292,near future
670292,war against machines
153518,island
153518,pig
153518,villain
153518,eagle
153518,rivalry
153518,based on video game
153518,creature feature
153518,duringcreditsstinger
153518,anger management
153518,animal kingdom
153518,talking animal
153518,bird
153518,3d animation
153518,creature comedy
153518,hilarious
153518,action
153518,amused
153518,bold
153518,enthusiastic
760104,van
760104,pornography
760104,sheriff
760104,war veteran
760104,gas station
760104,shotgun
760104,1970s
760104,texas
760104,alligator
760104,porn star
760104,serial killer
760104,slasher
760104,violent death
760104,porn actress
760104,elderly couple
760104,farm house
760104,isolated farmhouse
760104,existentialism
760104,adult filmmaking
760104,televangelist
760104,intimate
760104,pastiche
760104,compassionate
752623,kidnapping
752623,romcom
752623,writer
752623,model
752623,novelist
752623,lost treasure
752623,duringcreditsstinger
752623,lost civilization
752623,book tour
752623,book
396371,new york city
396371,court
396371,poker
396371,gambling
396371,bratva (russian mafia)
396371,olympic games
396371,fbi
396371,biography
396371,arrest
396371,based on true story
396371,celebrity
396371,trial
396371,beating
396371,lawyer
396371,female protagonist
396371,"los angeles, california"
396371,courtroom
396371,ice skating
396371,snow skiing
396371,card playing
396371,employer employee relationship
396371,courtroom drama
396371,high stakes
396371,mob
396371,father daughter relationship
396371,introspective
396371,admiring
615656,based on novel or book
615656,deep sea
615656,sequel
615656,underwater
615656,shark
615656,kaiju
615656,civil action
615656,animal horror
615656,mariana trench
615656,environmental crisis
615656,shark cage
615656,megalodon
270487,journalist
270487,ransom
270487,cat
270487,kidnapping
270487,ancient rome
270487,film in film
270487,disappearance
270487,hollywood
270487,whodunit
270487,period drama
270487,filmmaking
270487,movie star
270487,1950s
270487,old hollywood
270487,farcical
270487,frustrated
300671,central intelligence agency (cia)
300671,based on novel or book
300671,libya
300671,assault rifle
300671,mercenary
300671,heroism
300671,biography
300671,based on true story
300671,explosion
300671,american abroad
300671,death
300671,u.s. ambassador
298250,sadism
298250,gore
298250,sequel
298250,flashback
298250,torture
298250,death
298250,survival horror
298250,death match
298250,suicide by hanging
298250,disguised voice
298250,mind game
298250,abduction
298250,death game
298250,sadistic horror
986056,new york city
986056,superhero
986056,anti hero
986056,villain
986056,based on comic
986056,super power
986056,superhero team
986056,mental health
986056,aftercreditsstinger
986056,duringcreditsstinger
986056,marvel cinematic universe (mcu)
986056,congressman
986056,father daughter relationship
986056,impeachment
986056,survivor's guilt
986056,teamwork
986056,ragtag
986056,band of misfits
986056,epic heroes
455207,based on novel or book
455207,professor
455207,singapore
455207,wedding
455207,east asian lead
455207,wealthy family
455207,asian american
746036,"sydney, australia"
746036,movie business
746036,stuntman
746036,missing person
746036,aftercreditsstinger
746036,duringcreditsstinger
746036,action comedy
746036,based on tv series
884605,friendship
884605,older woman seduces younger guy
884605,romcom
884605,summer
884605,new york state
884605,teen comedy
884605,hometown
884605,bankruptcy
884605,craigslist
884605,animal shelter
884605,socially awkward
884605,uber
884605,late coming of age
884605,nude swimming
884605,graduation party
884605,playful
884605,lighthearted
884605,helicopter parenting
884605,amused
343674,child abuse
343674,based on novel or book
343674,childhood trauma
343674,sorrow
343674,car accident
343674,eclipse
343674,dog
343674,ghost
343674,memoirs
321258,mask
321258,suicide
321258,fire
321258,england
321258,loss of loved one
321258,shower
321258,country house
321258,nanny
321258,murder
321258,mansion
321258,doll
321258,burn victim
321258,secret passageway
321258,broken mirror
321258,tense
346672,martial arts
346672,sword
346672,vampire
346672,hybrid
346672,ambition
346672,sequel
346672,betrayal
346672,conspiracy
346672,werewolf
346672,gothic
346672,uzi
346672,dark fantasy
346672,woman director
346672,urban gothic
346672,assertive
346672,ominous
576845,"london, england"
576845,nightmare
576845,go-go dancer
576845,time travel
576845,nostalgia
576845,fashion designer
576845,murder
576845,soho london
576845,burlesque
576845,clairvoyant
576845,fashion design
576845,mysterious
576845,1960s
576845,somber
576845,mirror
576845,pub
576845,psychological horror
576845,suspenseful
576845,amused
576845,audacious
301365,jealousy
301365,photographer
301365,psychopath
301365,obsession
301365,necrophilia
301365,motel
301365,narcissism
301365,manipulation
301365,seduction
301365,surrealism
301365,swimming pool
301365,rivalry
301365,murder
301365,fame
301365,teenage girl
301365,"los angeles, california"
301365,bathtub
301365,lust
301365,model
301365,cannibal
301365,fashion
301365,eyeball
301365,mortuary
301365,body image
301365,neon light
301365,disturbed
301365,shocking
301365,complex
301365,violence
301365,bold
301365,exuberant
646385,mask
646385,california
646385,attempted murder
646385,halloween
646385,hallucination
646385,sequel
646385,murder
646385,serial killer
646385,hospital
646385,slasher
646385,whodunit
646385,killing spree
646385,hometown
646385,self-referential
646385,reboot
646385,crime spree
646385,illegitimate child
646385,murder mystery
646385,legacy
646385,fandom
646385,copycat killer
646385,generation z
646385,murder spree
646385,sister sister relationship
646385,retired cop
646385,return to hometown
481848,based on novel or book
481848,affectation
481848,gold rush
481848,alaska
481848,dog
481848,sled dogs
481848,dog sled
481848,"yukon, canada"
481848,19th century
481848,pets
481848,appreciative
614934,rock 'n' roll
614934,biography
614934,singer
614934,music business
614934,rock singer
614934,1950s
614934,famous song
614934,joyous
614934,apathetic
614934,joyful
614934,biographical
614934,biopic
617653,rape
617653,based on novel or book
617653,castle
617653,male friendship
617653,"normandy, france"
617653,based on true story
617653,trial
617653,battlefield
617653,knight
617653,duel
617653,battle
617653,historical
617653,catholic
617653,sword duel
617653,rape and revenge
617653,historical drama
617653,trial by combat
617653,nobleman
617653,squire
617653,14th century
617653,knighthood
617653,medieval france
617653,medieval times
617653,conceited
419479,babysitter
419479,bully
419479,crush
419479,corpse
419479,satanic ritual
419479,satanic cult
419479,spin the bottle
419479,awestruck
713704,sibling relationship
713704,pregnancy
713704,supernatural
713704,earthquake
713704,gore
713704,sequel
713704,"los angeles, california"
713704,demon
713704,spin off
713704,evil
713704,book of the dead
713704,evil dead
713704,necronomicon
713704,reboot
713704,demonic possession
713704,motherhood
713704,sisterhood
713704,sister sister relationship
713704,supernatural horror
713704,mischievous
713704,body horror
713704,apartment
713704,furious
713704,assertive
713704,audacious
713704,disgusted
713704,frightened
713704,harsh
423204,usa president
423204,sequel
423204,secret service
423204,framed for a crime
423204,terrorist plot
423204,assassination attempt
423204,survivalism
423204,u.s. secret service agent
423204,manhunt
423204,father son relationship
423204,intense
423204,audacious
423204,mean spirited
446021,vietnam war
446021,post-traumatic stress disorder (ptsd)
446021,casino
446021,hippie
446021,audio tape
446021,motel
446021,jukebox
446021,concierge
446021,richard nixon
446021,payphone
446021,storm
446021,vacuum cleaner
446021,slot machine
446021,ruse
446021,motel room
446021,neo-noir
446021,1960s
446021,complex
446021,lake tahoe
446021,intense
446021,scathing
426063,cold
426063,based on novel or book
426063,vampire
426063,necrophilia
426063,eroticism
426063,possession
426063,würzburg
426063,remake
426063,gothic horror
426063,gothic
426063,desire
426063,somnambulism
426063,plague
426063,19th century
426063,dread
426063,gothic romance
426063,drinking blood
426063,supernatural horror
426063,dracula
426063,grimdark
426063,period piece
426063,1830s
426063,nightmares
426063,incredulous
426063,bold
1008042,suicide
1008042,trauma
1008042,possession
1008042,female friendship
1008042,addiction
1008042,grief
1008042,female protagonist
1008042,death of mother
1008042,self mutilation
1008042,mental health
1008042,found footage
1008042,dead parent
1008042,social media
1008042,peer pressure
1008042,disembodied hand
1008042,generation z
1008042,self-harm
1008042,supernatural horror
1008042,cautionary tale
1008042,adelaide australia
1008042,body horror
1008042,teenager
1008042,modern australia
448119,ship
448119,island
448119,based on novel or book
448119,victorian england
448119,doctor
448119,based on children's book
448119,animals
448119,veterinary
448119,talking to animals
448119,voyage
399170,sibling relationship
399170,north carolina
399170,cockroach
399170,heist
399170,race car driver
399170,nascar
399170,prison break
718789,time warp
718789,villain
718789,time travel
718789,space travel
718789,alien life-form
718789,alien planet
718789,stranded
718789,spin off
718789,aftercreditsstinger
718789,duringcreditsstinger
718789,origin story
718789,3d animation
718789,amused
718789,pixar
696506,based on novel or book
696506,dark comedy
696506,space travel
696506,betrayal
696506,alien planet
696506,creature
696506,space adventure
696506,human clone
696506,spaceship
696506,2050s
696506,futuristic world
696506,colonial workforce
696506,clone technology
696506,frozen world
696506,authoritarian leader
696506,expendable worker
1078605,witch
1078605,small town
1078605,"pennsylvania, usa"
1078605,ritual
1078605,junkie
1078605,teacher
1078605,trance
1078605,witchcraft
1078605,clown makeup
1078605,multiple storylines
1078605,bullied
1078605,folk horror
1078605,dark fairy tale
1078605,unstable cop
1078605,supernatural horror
1078605,mysterious disappearance
1078605,spell
1078605,psychological horror
1078605,mystery
1078605,evil aunt
1078605,missing children
521029,supernatural
521029,halloween
521029,babysitter
521029,sequel
521029,priest
521029,spin off
521029,doll
521029,creepy doll
521029,jump scare
521029,possessed doll
521029,supernatural power
313297,japan
313297,samurai
313297,magic
313297,forgiveness
313297,stop motion
313297,storytelling
313297,origami
313297,feudal japan
313297,mother son relationship
313297,3d animation
615777,elephant
615777,gambling
615777,gambling debt
615777,movie business
615777,orgy
615777,cocaine
615777,affectation
615777,melancholy
615777,champagne
615777,alcoholism
615777,hollywood
615777,alcoholic
615777,filmmaking
615777,movie star
615777,silent film star
615777,1920s
615777,old hollywood
615777,fading star
615777,sex
615777,grand
615777,absurd
615777,ambiguous
615777,amused
580175,friendship
580175,experiment
580175,"copenhagen, denmark"
580175,alcohol
580175,melancholy
580175,alcoholism
580175,family relationships
580175,teacher
580175,drunk
580175,teacher student relationship
580175,intoxication
580175,social pressure
580175,pressure to perform
580175,wistful
580175,hilarious
347031,beach
347031,friends
347031,survival
347031,dead body
347031,corpse
347031,deserted island
347031,buddy comedy
347031,fart
926393,italy
926393,investigation
926393,camorra
926393,organized crime
926393,vigilante justice
926393,personal redemption
926393,retired operative
926393,mafia retaliation
926393,quiet town under threat
926393,brutal takedowns
926393,criminal intimidation
926393,community protection
926393,mysterious outsider
926393,crime‑ridden territory
926393,calm before violence
136799,friendship
136799,hunger
136799,villain
136799,musical
136799,based on toy
136799,troll
136799,aftercreditsstinger
136799,duringcreditsstinger
136799,quest
136799,kids
136799,3d animation
136799,jukebox musical
136799,lighthearted
136799,cheerful
587792,alcohol
587792,cave
587792,time travel
587792,earthquake
587792,romcom
587792,swimming pool
587792,drug use
587792,palm springs
587792,time loop
587792,nemesis
587792,wedding
587792,maid of honor
587792,carefree
587792,older sister
587792,groundhog day
587792,stuck
308531,sibling relationship
308531,turtle
308531,based on comic
308531,sequel
308531,ninja
308531,rat
308531,excited
617126,strong woman
617126,saving the world
617126,superhero
617126,based on comic
617126,end of the world
617126,super power
617126,superhero team
617126,alternative reality
617126,aftercreditsstinger
617126,duringcreditsstinger
617126,marvel cinematic universe (mcu)
617126,silver surfer
617126,1960s
617126,retrofuturism
617126,teamwork
617126,casual
617126,romantic
617126,antagonistic
617126,awestruck
617126,enthusiastic
617126,team dynamics
617126,power awakening
617126,planet devourer
617126,cosmic entity
400617,"london, england"
400617,husband wife relationship
400617,obsession
400617,dressmaker
400617,fashion designer
400617,muse
400617,doctor
400617,wedding
400617,fashion
400617,fashion show
400617,haute couture
400617,fictional biography
400617,1950s
400617,calm
400617,fashion industry
400617,brother sister relationship
400617,romantic
371638,immigrant
371638,jealousy
371638,based on novel or book
371638,ambition
371638,biography
371638,based on true story
371638,behind the scenes
371638,disaster
371638,hollywood
371638,desire
371638,aftercreditsstinger
371638,duringcreditsstinger
371638,wealthy man
371638,strange behavior
371638,strange person
371638,socially awkward
371638,film production
1062722,monster
1062722,based on novel or book
1062722,supernatural
1062722,halloween
1062722,identity crisis
1062722,surgeon
1062722,mad scientist
1062722,reanimation
1062722,gothic horror
1062722,father son relationship
1062722,mother son relationship
1062722,frankenstein
1062722,excited
1062722,tragic creature
1062722,moral transgression
1062722,forbidden science
1062722,unnatural life
582014,psychopath
582014,coffee shop
582014,ohio
582014,sociopath
582014,revenge
582014,predator turns victim
582014,childhood friends
582014,rape and revenge
582014,woman director
582014,medical school
582014,pediatrician
582014,barista
582014,sexual predator
582014,nice guy
582014,prosocial psychopath
582014,transgender
582014,audacious
582014,sardonic
340102,superhero
340102,mutant
340102,based on comic
340102,superhero team
340102,captivity
340102,psychological drama
340102,suspenseful
340102,tense
340102,audacious
514847,dark comedy
514847,gore
514847,satire
514847,survival
514847,murder
514847,survival horror
514847,political
514847,death game
456740,"london, england"
456740,countryside
456740,secret society
456740,based on comic
456740,reboot
456740,aftercreditsstinger
456740,duringcreditsstinger
456740,aggressive
456740,"tijuana, mexico"
456740,nazi occultism
456740,father son relationship
456740,lucha libre
456740,baba yaga
456740,ailuranthropy
456740,arthurian mythology
406759,moon
406759,looting
406759,space travel
406759,flooding
406759,lost civilisation
406759,alien life-form
406759,stepfather
406759,end of the world
406759,disaster
406759,alternate history
406759,apocalypse
406759,armageddon
406759,astronaut
406759,space shuttle
406759,disaster movie
406759,trapped in space
406759,conspiracy theorist
406759,excited
406759,moon falling
594767,superhero
594767,sequel
594767,end of the world
594767,super power
594767,aftercreditsstinger
594767,duringcreditsstinger
594767,dc extended universe (dceu)
594767,teenager
594767,joyous
594767,amused
499932,small town
499932,suicide
499932,sheriff
499932,based on novel or book
499932,war veteran
499932,gun
499932,ohio
499932,west virginia
499932,murder
499932,serial killer
499932,photograph
499932,church
499932,gothic
499932,madness
499932,post world war ii
499932,reverend
499932,violence
417678,based on novel or book
417678,nurse
417678,isolation
417678,love
417678,neighbor
417678,teenage girl
417678,air
417678,teenage love
417678,illness
417678,sheltered
417678,taking a risk
417678,based on young adult novel
1368337,ship
1368337,trojan war
1368337,greek mythology
1368337,historical fiction
1368337,ancient world
1368337,period drama
1368337,"based on song, poem or rhyme"
1368337,greek history
1368337,voyage
1368337,peplum
1368337,ancient
1368337,trojan horse
1368337,mediterranean sea
1368337,bronze age
1368337,mythical
1368337,odyssey
1368337,sword and sandal
1368337,epic fantasy
600354,"london, england"
600354,loss of sense of reality
600354,flat
600354,dementia
600354,mistaken identity
600354,alzheimer's disease
600354,based on play or musical
600354,old man
600354,memory loss
600354,elderly man
600354,caregiving
600354,father daughter relationship
600354,anxious
600354,caregiver patient relationship
600354,fading memories
600354,old age
600354,ghoulish
937278,friendship
937278,based on novel or book
937278,suicide attempt
937278,flashback
937278,remake
937278,miscarriage
937278,new neighbor
937278,social media
937278,forced retirement
937278,death of wife
937278,bus accident
937278,real estate developer
937278,grumpy man
937278,loss of wife
937278,transgender
937278,grief and remembrance
937278,angry old man
1234821,island
1234821,secret mission
1234821,tyrannosaurus rex
1234821,spinosaurus
1234821,sequel
1234821,stranded
1234821,dinosaur
1234821,family
1234821,genetic experiment
1234821,mosasaurus
1234821,indifferent
278924,assassin
278924,sequel
278924,murder
278924,mechanic
278924,killer
278924,around the world
512196,psychopath
512196,college
512196,sequel
512196,murder
512196,time loop
512196,slasher
512196,university
512196,aftercreditsstinger
512196,stabbed to death
267935,"london, england"
267935,england
267935,queen
267935,little girl
267935,orphan
267935,cannibal
267935,based on children's book
267935,giant
267935,candid
267935,evil brother
267935,live action remake
267935,comforting
429197,"washington dc, usa"
429197,the white house
429197,politics
429197,war on terror
429197,biography
429197,iraq war
429197,9/11
429197,vice president
429197,usa politics
1226863,galaxy
1226863,friendship
1226863,sibling relationship
1226863,space travel
1226863,sequel
1226863,space
1226863,based on video game
1226863,buddy comedy
1226863,aftercreditsstinger
1226863,duringcreditsstinger
1226863,space adventure
1226863,father son relationship
1226863,parallel universe
1226863,brother brother relationship
1226863,talking animal
1226863,magic land
1226863,3d animation
1226863,adoring
1011985,martial arts
1011985,kung fu
1011985,china
1011985,villain
1011985,sequel
1011985,panda
1011985,anthropomorphism
1011985,chameleon
1011985,female villain
1011985,wuxia
1011985,3d animation
1011985,joyous
1011985,enthusiastic
1011985,joyful
384521,experiment
384521,disorientation
384521,alien
384521,space
384521,scientist
384521,space station
384521,parallel universe
384521,alternate universe
384521,spaceship
695721,daughter
695721,based on novel or book
695721,arena
695721,fight
695721,mentor
695721,dystopia
695721,riot
695721,exploration
695721,president
695721,prequel
695721,survival
695721,murder
695721,snow
695721,creature
695721,battle
695721,fight to the death
695721,young adult
695721,origin story
695721,based on young adult novel
695721,death game
695721,teenager
504949,biography
504949,based on true story
504949,hundred years' war
504949,historical fiction
504949,british history
504949,mentor protégé relationship
504949,king of england
504949,costume drama
504949,15th century
504949,british monarchy
504949,medieval england
504949,father son relationship
504949,medieval france
572802,superhero
572802,secret society
572802,half-brother
572802,sequel
572802,revenge
572802,dysfunctional relationship
572802,dc extended universe (dceu)
572802,ancient evil
572802,underwater world
572802,vengeance
572802,brother brother relationship
458576,giant monster
458576,female soldier
458576,another dimension
458576,bow and arrow
458576,based on video game
458576,swordswoman
458576,dimensional travel
458576,somber
458576,ambiguous
458576,bold
458576,exuberant
458576,objective
458576,vibrant
1242898,sequel
1242898,survival
1242898,outcast
1242898,alien planet
1242898,spin off
1242898,casual
1242898,team up
1242898,vibrant
1242898,hostile alien wilderness
1242898,relentless hunt
1242898,intense creature combat
1242898,deadly pursuit
1242898,invisible predator
1242898,territorial threat
1242898,unexpected alliances
1242898,hostile terrain
1242898,unknown world
1242898,deadly environment
1242898,hunter vs hunted
1242898,stealth pursuit
399361,peru
399361,cocaine
399361,amazon rainforest
399361,survival
399361,drug cartel
399361,drug lord
399361,andes mountains
399361,ex special forces
399361,treasure heist
258230,dreams
258230,monster
258230,based on novel or book
258230,nightmare
258230,grandparent grandchild relationship
258230,truth
258230,tree
258230,artist
258230,bullying
258230,terminal illness
258230,bully
258230,cancer
258230,disease
258230,grandmother
609681,hero
609681,superhero
609681,space travel
609681,based on comic
609681,sequel
609681,teenage girl
609681,female protagonist
609681,aftercreditsstinger
609681,duringcreditsstinger
609681,marvel cinematic universe (mcu)
609681,woman director
609681,space adventure
609681,foreboding
458423,greece
458423,musical
458423,romcom
458423,sequel
458423,greek island
458423,aftercreditsstinger
458423,estranged mother
458423,long lost love
458423,jukebox musical
458423,estranged grandparent
458423,abba
458423,celebratory
458423,joyful
458423,vibrant
449563,new york city
449563,satire
449563,romcom
449563,parody
449563,romance
449563,spoof
449563,low self esteem
449563,alternative present
449563,alternative world
449563,censored profanity
449563,absurd
449563,amused
449563,ridiculous
906126,rescue
906126,friendship
906126,based on novel or book
906126,prayer
906126,1970s
906126,brotherhood
906126,based on true story
906126,rugby
906126,uruguay
906126,struggle for survival
906126,mountain climbing
906126,inspiring
906126,andes mountains
906126,historical drama
906126,plane crash
906126,dark
906126,cannibalism
906126,cine uruguayo
906126,wilderness survival
401104,smoking
401104,arizona
401104,artist
401104,restaurant
401104,anorexia
401104,"los angeles, california"
401104,pregnant woman
401104,therapy
401104,eating disorder
974576,vatican (holy see)
974576,pope
974576,religion
974576,election
974576,roman catholic church
974576,catholicism
974576,cardinal
974576,philosophical
974576,papal conclave
974576,introspective
974576,provocative
974576,conspiracy thriller
974576,critical
974576,catholic monarchs
974576,intense
974576,comforting
443791,monster
443791,self sacrifice
443791,deep sea
443791,animal attack
443791,giant monster
443791,earthquake
443791,survival
443791,nuclear explosion
443791,disaster
443791,cryptozoology
443791,female protagonist
443791,underwater
443791,survival horror
443791,animal killing
443791,creature feature
443791,mechanical engineering
443791,researcher
443791,trapped underwater 
443791,lovecraftian
443791,humanoid alien
443791,2050s
457799,prison
457799,based on novel or book
457799,biography
457799,based on true story
457799,cincinnati
457799,serial killer
173897,helicopter
173897,monster
173897,underground
173897,dystopia
173897,mutant
173897,post-apocalyptic future
173897,sequel
173897,end of the world
173897,female soldier
173897,zombie
173897,armageddon
173897,based on video game
173897,heroine
381289,based on novel or book
381289,human animal relationship
381289,reincarnation
381289,dog
381289,pets
531309,husband wife relationship
531309,countryside
531309,child murder
531309,country life
531309,"kansas, usa"
531309,super power
531309,super villain
531309,father son relationship
531309,mother son relationship
397837,based on novel or book
397837,time loop
397837,female protagonist
397837,mumblecore
397837,teen drama
397837,based on young adult novel
419478,"seattle, washington"
419478,sunlight
419478,terminal illness
419478,singer
419478,best friend
419478,homeschooling
419478,dead mother
419478,swimming
419478,teenage daughter
419478,railway station
419478,boyfriend girlfriend relationship
419478,athletic scholarship
419478,protective father
419478,teenage romance
419478,busker
419478,rare disease
419478,medical problem
899082,reunion
899082,fantasy world
899082,social gathering
899082,college reunion
899082,cinema history
980489,sports
980489,based on true story
980489,racing
980489,based on video game
980489,aftercreditsstinger
980489,duringcreditsstinger
980489,motorsport
980489,awestruck
980489,enthusiastic
980489,hopeful
980489,persuasive
433808,robbery
433808,monster
433808,based on novel or book
433808,nightmare
433808,sweden
433808,hiking
433808,scandinavia
433808,forest
433808,friends
433808,grief
433808,murder
433808,cabin
433808,guilt
433808,survival horror
433808,pagan
433808,norse mythology
433808,guilty conscience
433808,folk horror
433808,lost in the woods
433808,amused
762441,escape
762441,cat
762441,alien
762441,prequel
762441,survival
762441,survivalist
762441,fear
762441,alien invasion
762441,spin off
762441,survival horror
762441,alien monster
762441,noise
762441,silence
762441,quiet
762441,sci-fi horror
455980,based on true story
455980,travel
455980,game
455980,group of friends
455980,classmates
674324,friendship
674324,island
674324,donkey
674324,dark comedy
674324,irish civil war (1922-23)
674324,church
674324,ireland
674324,drinking
674324,former best friend
674324,self mutilation
674324,fiddle
674324,1920s
674324,brother sister relationship
674324,pub
400650,"london, england"
400650,based on novel or book
400650,magic
400650,nanny
400650,musical
400650,family relationships
400650,sequel
400650,animated scene
400650,female protagonist
400650,housekeeper
400650,family
400650,discipline
400650,depression era
400650,live action and animation
400650,1930s
644495,marriage crisis
644495,italy
644495,biography
644495,based on true story
644495,fashion designer
644495,murder
644495,fashion
644495,failing marriage
644495,1980s
644495,1990s
644495,rich family
644495,gucci
644495,apathetic
644495,dubious
449443,police brutality
449443,detective
449443,fbi
449443,assault rifle
449443,deputy sheriff
449443,investigation
449443,strip club
449443,donut
449443,heist
449443,shootout
449443,"los angeles, california"
449443,divorce
449443,bank robbery
449443,hostage situation
449443,death
449443,ex-marine
449443,security
449443,armored truck
449443,ex military
449443,aggressive
449443,domineering
449443,donut shop
449443,bar
449443,intense
353616,sequel
353616,singer
353616,acapella
353616,uso
157433,husband wife relationship
157433,countryside
157433,based on novel or book
157433,cat
157433,remake
157433,tragedy
157433,maine
157433,zombie
157433,pet cemetery
157433,indian burial ground
157433,neighbor neighbor relationship
157433,pets
157433,father daughter relationship
157433,traumatized woman
913290,monster
913290,sexual abuse
913290,paranoia
913290,flashback
913290,basement
913290,serial killer
913290,duringcreditsstinger
913290,paranoid
913290,airbnb
913290,abduction
913290,metoo
913290,secret room
913290,ghoulish
501929,man vs machine
501929,technology
501929,dysfunctional family
501929,family relationships
501929,family drama
501929,father daughter conflict
501929,evil robot
501929,3d animation
501929,cheerful
597208,infidelity
597208,based on novel or book
597208,love triangle
597208,tarot cards
597208,mentor
597208,hustler
597208,lie
597208,supernatural
597208,carnival
597208,con artist
597208,murder
597208,fugitive
597208,alcoholic
597208,grifter
597208,séance
597208,carny
597208,neo-noir
597208,freak show
597208,1940s
597208,spiritism
597208,mentalist
597208,violence
393519,vegetarian
393519,meat
393519,hazing
393519,university
393519,cannibal
393519,lgbt
393519,peer pressure
393519,woman director
393519,vegetarianism
393519,sister sister relationship
393519,cannibalism
393519,body horror
393519,provocative
462919,loser
462919,based on play or musical
462919,texting
462919,stage adaptation
462919,catfishing
462919,ugly girl
462919,popular girl
462919,high school drama
915935,husband wife relationship
915935,winter
915935,bisexuality
915935,moral conflict
915935,autopsy
915935,blind
915935,courtroom
915935,lgbt
915935,death of husband
915935,woman director
915935,moral dilemma
915935,courtroom drama
915935,mother son relationship
915935,introspective
915935,bisexual woman
915935,grenoble
915935,suspenseful
915935,intense
915935,amused
915935,human mystery
581734,factory worker
581734,van
581734,based on novel or book
581734,nevada
581734,recession
581734,homelessness
581734,road trip
581734,unemployment
581734,recreational vehicle
581734,road movie
581734,death of husband
581734,western usa
581734,woman director
581734,nomad
581734,reflective
581734,late stage capitalism
581734,intimate
581734,comforting
511987,florida
511987,hurricane
511987,animal attack
511987,alligator
511987,creature
511987,flood
511987,animal horror
511987,crawlspace
511987,father daughter relationship
573435,"miami, florida"
573435,sequel
573435,police headquarter
573435,on the run
573435,police detective
573435,buddy cop
573435,buddy comedy
573435,aftercreditsstinger
573435,police manhunt
573435,high-speed chase
573435,adrenaline
573435,criminal hideout
573435,public scandal
573435,wrongful accusation
939243,moon
939243,sequel
939243,based on video game
939243,psychotic
939243,dual role
939243,aftercreditsstinger
939243,duringcreditsstinger
939243,hedgehog
939243,live action and animation
939243,complex
939243,grandfather grandson relationship
939243,animal human friendship
939243,anthropomorphic animal
939243,bold
939243,enthusiastic
939243,sonic cinematic universe
555604,based on novel or book
555604,italy
555604,fascism
555604,greed
555604,woodcutter
555604,musical
555604,puppet
555604,benito mussolini
555604,stop motion
555604,dark fantasy
555604,duringcreditsstinger
555604,1940s
555604,wooden dummy
555604,3d animation
516486,submarine
516486,allies
516486,atlantic ocean
516486,world war ii
516486,based on true story
516486,biting
516486,convoy
516486,battleship
516486,naval warfare
516486,naval battleship
516486,tense
180863,prison
180863,friendship
180863,based on novel or book
180863,fight
180863,scotland
180863,blackmail
180863,heroin
180863,drug addiction
180863,junkie
180863,cocaine
180863,nightclub
180863,"edinburgh, scotland"
180863,addiction
180863,sequel
180863,prison escape
180863,revenge
180863,extortion
180863,theft
180863,bar fight
180863,social realism
180863,council estate
180863,bulgarian
556984,"chicago, illinois"
556984,right and justice
556984,political activism
556984,black panther party
556984,based on true story
556984,black activist
556984,counter-culture
556984,historical fiction
556984,activist
556984,1960s
556984,courtroom drama
556984,legal drama
556984,critical
556984,amused
556984,assertive
1064213,new year's eve
1064213,new york city
1064213,marriage
1064213,boardwalk
1064213,baptism
1064213,strip club
1064213,coney island
1064213,female protagonist
1064213,mansion
1064213,class differences
1064213,las vegas
1064213,lap dance
1064213,home invasion
1064213,drunk
1064213,sexual desire
1064213,"brooklyn, new york city"
1064213,screwball comedy
1064213,new york subway
1064213,hedonism
1064213,immaturity
1064213,city hall
1064213,exotic dancer
1064213,sex worker
1064213,naive children
1064213,female stripping
1064213,meddling parents
1064213,annulment
1064213,sex work
1064213,strip show
1064213,russian oligarch
1064213,sex
1064213,independent film
1064213,party
1064213,female rage
1064213,vegas wedding
1064213,romantic dramedy
1064213,cinderella story
1064213,brighton beach
1084242,snake
1084242,bunny
1084242,fox
1084242,cop
1084242,sequel
1084242,anthropomorphism
1084242,animals
1084242,displacement
1084242,buddy cop
1084242,buddy comedy
1084242,complex
1084242,playful
1084242,talking animal
1084242,3d animation
1084242,embarrassed
1084242,excited
940721,monster
940721,loss of loved one
940721,giant monster
940721,kamikaze
940721,duty
940721,atomic bomb test
940721,radioactivity
940721,naval combat
940721,reboot
940721,kaiju
940721,macabre
940721,duringcreditsstinger
940721,post war japan
940721,1940s
940721,naval battle
940721,naval battleship
940721,survivor's guilt
940721,found family
940721,godzilla
940721,war orphan
940721,tokusatsu
726209,based on novel or book
726209,blackout
726209,crisis
726209,vacation
726209,deer
726209,apocalypse
726209,armageddon
726209,family
726209,social issues
726209,desperate
726209,anxious
726209,psychological
726209,slow burn
726209,house rental
726209,disheartening
726209,frightened
726209,chilling
412117,new york city
412117,friendship
412117,villain
412117,sequel
412117,dog
412117,talking animal
412117,3d animation
412117,animal adventure
447277,witch
447277,mermaid
447277,musical
447277,based on fairy tale
447277,live action remake
447277,adoring
822119,hero
822119,usa president
822119,the white house
822119,superhero
822119,based on comic
822119,sequel
822119,revenge
822119,superhuman
822119,summit
822119,aftercreditsstinger
822119,marvel cinematic universe (mcu)
822119,sidekick
822119,assassination attempt
822119,political thriller
822119,treaty
822119,international relations
68730,japan
68730,based on novel or book
68730,christianity
68730,missionary
68730,remake
68730,betrayal
68730,torture
68730,martyrdom
68730,crisis of faith
68730,portuguese
68730,jesuits (society of jesus)
68730,curious
68730,17th century
68730,shogunate
68730,religious persecution
68730,reflective
68730,religious icon
68730,apostasy
68730,compassionate
68730,complicated
259694,new york city
259694,based on novel or book
259694,one-night stand
259694,single
378236,villain
378236,parody
378236,3d animation
378236,emoji
818647,based on novel or book
818647,family business 
818647,stalking
818647,class differences
818647,teenage romance
818647,toxic relationship
818647,brothers
818647,family obligations
818647,teenager
519182,superhero
519182,villain
519182,sequel
519182,super villain
519182,aftercreditsstinger
519182,duringcreditsstinger
519182,kids
519182,calm
519182,3d animation
519182,cockroaches
1275779,new york city
1275779,childhood trauma
1275779,alien
1275779,on the run
1275779,kansas city
1275779,mind reading
1275779,alien invasion
1275779,meteorologist
1275779,mysterious
1275779,paranoid
1275779,whistleblower
1275779,conspiracy thriller
1275779,arrogant
543540,adolescence
543540,fake boyfriend
543540,based on young adult novel
882569,ambush
882569,interpreter
882569,afghanistan
882569,rescue mission
882569,afghanistan war (2001-2021)
882569,taliban
882569,behind enemy lines
882569,wounded soldier
882569,war trauma
882569,covenant
934433,mask
934433,new york city
934433,trauma
934433,halloween
934433,college
934433,dark comedy
934433,fake identity
934433,sequel
934433,conspiracy theory
934433,revenge
934433,public murder
934433,murder
934433,social commentary
934433,serial killer
934433,police corruption
934433,slasher
934433,whodunit
934433,multiple stabbings
934433,brutality
934433,killing spree
934433,self-referential
934433,crime spree
934433,aftercreditsstinger
934433,murder mystery
934433,movie fan
934433,copycat killer
934433,generation z
934433,fbi agent
934433,ridiculous
415842,based on novel or book
415842,"rome, italy"
415842,iran
415842,black ops
415842,hand to hand combat
415842,international espionage
415842,revenge mission
415842,cia agent
415842,istanbul
415842,nuclear detonations
415842,u.s. counterintelligence
415842,iran’s president
415842,terrorist cell
415842,geopolitical threat
415842,military compound
917496,afterlife
917496,halloween
917496,haunted house
917496,sequel
917496,paranormal
917496,teenage girl
917496,gothic
917496,death
917496,new england
917496,ghost
917496,unexpected death
917496,mother daughter relationship
917496,fantasy
917496,suburban gothic
917496,surreal visuals
917496,ghoulish humor
1083381,california
1083381,monster
1083381,therapist
1083381,surrealism
1083381,childhood trauma
1083381,alcoholism
1083381,found footage
1083381,1990s
1083381,other dimension
1083381,based on web series
1083381,psychological
1083381,liminal
1083381,body horror
1083381,psychological horror
1083381,liminal space
1083381,analog horror
1083381,sci-fi horror
1083381,bewildered
1083381,foreboding
1083381,liminal horror
491418,court case
491418,social worker
491418,adoption
491418,based on true story
491418,parenting
491418,foster family
491418,amusement park
491418,lgbt
491418,substance abuse
491418,family dog
491418,comforting
950387,friendship
950387,village
950387,surrealism
950387,exploration
950387,portal
950387,miner
950387,friends
950387,survival
950387,zombie
950387,based on video game
950387,aftercreditsstinger
950387,duringcreditsstinger
950387,farming
950387,journey
950387,live action and animation
950387,crafting
950387,imagination
950387,teamwork
950387,fantasy
950387,exuberant
950387,building
1241982,sea
1241982,ocean
1241982,villain
1241982,musical
1241982,sequel
1241982,coming of age
1241982,explorer
1241982,duringcreditsstinger
1241982,polynesia
1241982,giant crab
1241982,seafarer
1241982,3d animation
1241982,hopeful
1241982,female explorer
406563,key
406563,supernatural
406563,medium
406563,halloween
406563,haunted house
406563,sequel
406563,evil spirit
406563,prequel
406563,spirit
406563,demon
406563,1950s
406563,other dimension
406563,insidious
406563,supernatural horror
406563,suspenseful
406563,horror
758323,spain
758323,"rome, italy"
758323,pig
758323,vatican (holy see)
758323,pope
758323,exorcism
758323,possession
758323,conspiracy
758323,devil
758323,exorcist
758323,skepticism
758323,demonic possession
758323,catholic priest
758323,1980s
758323,supernatural horror
525661,biography
525661,based on true story
525661,sexual harassment
525661,television network
525661,tv news anchor
525661,sexual discrimination
525661,2010s
525661,workplace culture
525661,breaking the silence
503314,martial arts
503314,fight
503314,transformation
503314,space battle
503314,alien
503314,alien race
503314,shounen
503314,anime
503314,based on anime
503314,adventure
753342,empire
753342,france
753342,general
753342,biography
753342,napoleon bonaparte
753342,based on true story
753342,napoleonic wars
753342,18th century
753342,19th century
753342,violence
565770,armor
565770,superhero
565770,family relationships
565770,family
565770,high tech
565770,job hunting
565770,mexican american
565770,aftercreditsstinger
565770,duringcreditsstinger
565770,immigrant family
565770,college graduate
565770,dc extended universe (dceu)
565770,alien technology
565770,brother sister relationship
565770,latino
429351,central intelligence agency (cia)
429351,based on novel or book
429351,afghanistan
429351,based on true story
429351,taliban
429351,post 9/11
429351,intense
429351,melodramatic
567748,remake
567748,psychological thriller
567748,police officer
567748,police station
567748,cellular phone trace
567748,phone call
567748,emergency
567748,abduction
567748,wildfire
567748,desk work
567748,alarm dispatch
429200,prison
429200,mentally disabled
429200,new york city
429200,brother
429200,bank robber
429200,wheelchair
429200,on the run
429200,hospital
429200,drugs
429200,foot chase
429200,security guard
429200,amusement park
429200,one night
429200,botched robbery
429200,acid
429200,intimate
429200,intense
429200,compassionate
402431,witch
402431,dancing
402431,based on novel or book
402431,fairy tale
402431,college
402431,wish
402431,musical
402431,female friendship
402431,bullying
402431,based on play or musical
402431,celebrity
402431,prequel
402431,singer
402431,singing
402431,corrupt politician
402431,death in childbirth
402431,fantasy world
402431,wizard
402431,gravity
402431,discrimination
402431,ostracism
402431,woman in wheelchair
402431,lyrical
402431,musical comedy
402431,sister sister relationship
402431,belonging
402431,fantasy
402431,romantic fantasy
438799,france
438799,nazi
438799,village
438799,world war ii
438799,"normandy, france"
438799,d-day
438799,laboratory
438799,german occupation of france
438799,explosion
438799,behind enemy lines
438799,paratrooper
438799,1940s
438799,scientific experiment
438799,black soldier
438799,suspenseful
359410,florida keys
359410,mixed martial arts (mma)
359410,remake
359410,bouncer
359410,fighting
359410,duringcreditsstinger
359410,ufc
359410,lighthearted
551332,vatican (holy see)
551332,pope
551332,based on true story
551332,catholic
551332,roman catholic church
551332,catholicism
551332,cardinal
551332,conclave
551332,papal conclave
551332,sistine chapel
1072790,australia
1072790,hiking
1072790,romcom
1072790,based on play or musical
1072790,law school
1072790,aftercreditsstinger
1072790,duringcreditsstinger
1072790,fake dating
1072790,destination wedding
1072790,comforting
375588,sheriff
375588,affectation
375588,robin hood
375588,archer
375588,sherwood forest
375588,thief
375588,nottingham
375588,steampunk
375588,middle ages (476-1453)
375588,medieval
375588,nostalgic
375588,philosophical
375588,hoodie
375588,inspirational
375588,absurd
375588,dramatic
375588,admiring
375588,adoring
375588,amused
375588,earnest
458897,training
458897,high technology
458897,betrayal
458897,female protagonist
458897,scientist
458897,agent
458897,female agent
458897,reboot
458897,undercover operation
458897,"hamburg, germany"
458897,duringcreditsstinger
458897,woman director
458897,hand to hand combat
458897,"istanbul, turkey"
458897,new recruit
458897,based on tv series
458897,cheerful
458897,joyful
803796,double life
803796,loyalty
803796,supernatural
803796,musical
803796,female friendship
803796,female protagonist
803796,demon
803796,self-doubt
803796,sing-along
803796,girl power
803796,duringcreditsstinger
803796,demon hunter
803796,girl group
803796,boy band
803796,fandom
803796,k-pop
803796,chibi
803796,action comedy
803796,found family
803796,south korea
803796,korean
803796,3d animation
803796,half demon
803796,save the world
803796,self-redemption
803796,ramen noodles
803796,k-pop group
803796,trio
803796,hidden secret
803796,animesque
303858,new york city
303858,wall street
303858,hostage situation
303858,tv show in film
303858,held at gunpoint
303858,nypd
303858,financial crisis
303858,bomb squad
303858,ceo
303858,held hostage
303858,stock market
303858,woman director
303858,tv host
303858,stocks
303858,television / tv studio
303858,financial market
303858,bomb vest
631842,based on novel or book
631842,sacrifice
631842,faith
631842,end of the world
631842,apocalypse
631842,home invasion
631842,lgbt
631842,aftercreditsstinger
631842,adopted child
631842,adopted daughter
631842,gay theme
631842,same sex relationship
631842,religious symbolism
631842,tense
631842,defiant
394117,florida
394117,friendship
394117,parent child relationship
394117,drug addiction
394117,innocence
394117,motel
394117,drug use
394117,coming of age
394117,summer
394117,single mother
394117,social services
394117,prostitute mother
394117,children's perspectives
394117,kids
394117,orlando florida
394117,generation z
394117,lower class
394117,peer relationship
394117,mother daughter relationship
394117,unfit mother
394117,non-professional acting
394117,psychological drama
829280,detective
829280,victorian england
829280,sequel
829280,female detective
829280,sherlock holmes
829280,absurd
829280,depressing
829280,cliché
829280,farcical
845781,rescue
845781,bounty hunter
845781,holiday
845781,kidnapping
845781,santa claus
845781,rescue mission
845781,polar bear
845781,rescue team
845781,christmas
845781,action comedy
845781,christmas eve
845781,defence team
845781,awestruck
845781,enthusiastic
364689,friendship
364689,spain
364689,"madrid, spain"
364689,europe
364689,anthropomorphism
364689,remake
364689,bull
364689,based on children's book
364689,capture
364689,3d animation
364689,joyous
364689,adoring
364689,assertive
364689,cheerful
364689,empathetic
364689,enthusiastic
364689,excited
718821,dying and death
718821,rodeo
718821,climate
718821,tornado
718821,twister
718821,natural disaster
718821,oklahoma
718821,storm chaser
718821,sequel
718821,meteorologist
718821,duringcreditsstinger
718821,disaster movie
718821,weather chasers
718821,social media influencer
718821,youtuber
718821,extreme weather
718821,hilarious
718821,exhilarated
718821,science experiment
314095,based on novel or book
314095,snake
314095,world war i
314095,river
314095,expedition
314095,lost civilisation
314095,tribe
314095,biography
314095,amazon rainforest
314095,colonel
314095,jungle
314095,south america
314095,explorer
314095,journey
314095,1920s
314095,mysterious lands
314095,mischievous
314095,admiring
398173,van
398173,sadism
398173,psychopath
398173,1970s
398173,child murder
398173,architect
398173,artist
398173,visions of hell
398173,flashback
398173,misanthrophy
398173,taxidermy
398173,serial killer
398173,obsessive compulsive disorder (ocd)
398173,photograph
398173,murderer
398173,cruelty
398173,1980s
398173,animal mutilation
398173,grimdark
605116,drugs
605116,super power
605116,force
605116,pills
575265,mask
575265,artificial intelligence (a.i.)
575265,diving
575265,submarine
575265,espionage
575265,spy
575265,nuclear missile
575265,fake identity
575265,secret agent
575265,stunt
575265,sequel
575265,secret government organization
575265,infiltration
575265,terrorist plot
575265,fictional government agency
575265,misinformation
575265,government agency
575265,based on tv series
540901,new york city
540901,hustler
540901,wall street
540901,stripper
540901,based on true story
540901,strip club
540901,exotic dancer
540901,stock market crash
540901,economic crisis
540901,"based on magazine, newspaper or article"
540901,2000s
95610,"london, england"
95610,baby
95610,based on novel or book
95610,love triangle
95610,competition
95610,pregnancy
95610,ex-boyfriend
95610,one-night stand
95610,music festival
95610,woman between two men
95610,forty something
95610,billionaire
95610,unknown father
95610,pregnant woman
95610,aftercreditsstinger
95610,woman director
95610,barrister
398181,hotel
398181,new york city
398181,post-traumatic stress disorder (ptsd)
398181,based on novel or book
398181,childhood trauma
398181,flashback
398181,money
398181,murder
398181,teenage girl
398181,drugs
398181,stakeout
398181,alarm
398181,u.s. senator
398181,phone call
398181,burning photograph
398181,mother son relationship
398181,army veteran
398181,empathetic
398181,parental substitute
930564,suicide
930564,karaoke
930564,obsession
930564,country house
930564,maze
930564,college
930564,dark comedy
930564,birthday party
930564,university
930564,bathtub
930564,lust
930564,gothic
930564,mental illness
930564,lgbt
930564,mental health
930564,bisexual man
930564,eating disorder
930564,woman director
930564,oxford university
930564,family estate
930564,alcohol problems
930564,self-harm
930564,suicide investigation
930564,2000s
930564,gay theme
930564,boys' love (bl)
574475,restaurant
574475,gore
574475,sequel
574475,premonition
574475,family tragedy
574475,near-death experience
574475,1960s
574475,cheating death
574475,supernatural horror
574475,horror
574475,tense
574475,amused
574475,inevitable fate
574475,death’s design
574475,supernatural force
574475,deadly premonition
574475,domino effect
1087192,flying
1087192,vikings (norsemen)
1087192,remake
1087192,dragon
1087192,battle
1087192,warrior
1087192,live action remake
1087192,reminiscent
353070,retiree
353070,old man
353070,bank robbery
353070,retired
353070,elderly
353070,bank heist
585083,monster
585083,vampire
585083,transformation
585083,halloween
585083,sequel
585083,aftercreditsstinger
585083,duringcreditsstinger
585083,human
585083,3d animation
484641,central intelligence agency (cia)
484641,"paris, france"
484641,cold war
484641,kgb
484641,female assassin
484641,lgbt
484641,modeling
484641,professional assassin
484641,1990s
484641,"milan, italy"
542178,art collector
542178,journalist
542178,small town
542178,france
542178,poison
542178,1970s
542178,journalism
542178,editor-in-chief
542178,artist
542178,imprisonment
542178,painter
542178,riot
542178,anthology
542178,magazine
542178,food poisoning
542178,murderer
542178,chef
542178,lecture
542178,post world war ii
542178,child kidnapping
542178,obituary
542178,bicycle tour
542178,poisoning
542178,father son relationship
542178,lighthearted
542178,whimsical
542178,vibrant
610150,android
610150,martial arts
610150,superhero
610150,sequel
610150,attack
610150,based on manga
610150,fighting
610150,aftercreditsstinger
610150,duringcreditsstinger
610150,shounen
610150,anime
610150,3d animation
382591,"london, england"
382591,single parent
382591,parent child relationship
382591,stuntman
382591,remake
382591,parenting
382591,single father
382591,lying
382591,absent parent
382591,frenchman abroad
619730,suburbian idyll
619730,cult
619730,palm springs
619730,psychological thriller
619730,stepford wife
619730,woman director
619730,curious
619730,1950s
619730,cultists
619730,unhappy wife
619730,amused
601666,psychopath
601666,dark comedy
601666,sociopath
601666,guardian
601666,social injustice
601666,ceo
601666,social services
601666,scam artist
601666,female psychopath
601666,abuse of power
601666,social criticism
601666,late stage capitalism
601666,scammer
601666,socialized psychopath
601666,lesbian couple
601666,criminal retaliation
601666,violent intimidation
601666,elderly victim
342470,depression
342470,suicide
342470,"indiana, usa"
342470,post-traumatic stress disorder (ptsd)
342470,based on novel or book
342470,loss
342470,coming of age
342470,love
342470,based on young adult novel
1368166,based on novel or book
1368166,manipulation
1368166,psychological thriller
1368166,housekeeper
1368166,dominance
1368166,attic
1368166,housemaid
1368166,enigmatic
1368166,adaptation
1368166,secret
1368166,mystery
1368166,suspense thriller
1368166,antagonistic
1368166,authoritarian
1368166,cruel
1368166,power shift
1368166,social disparity
420634,halloween
420634,clown
420634,gore
420634,slasher
420634,maniac
420634,killer clown
420634,evil clown
420634,extreme violence
420634,based on short film
420634,independent film
420634,sadistic horror
420634,enraged
889737,based on comic
889737,sequel
889737,madness
889737,mental health
889737,super villain
889737,1980s
889737,prisoner abuse
889737,dark romance
889737,jukebox musical
889737,corrupt officials
823219,ocean
823219,cat
823219,boat
823219,dystopia
823219,survival
823219,dog
823219,ruins
823219,flood
823219,lemur
823219,kids
823219,somber
823219,bird
823219,3d animation
823219,no dialogue
823219,teamwork
823219,fantasy
823219,absurd
823219,capybara
823219,adventure
823219,admiring
823219,complicated
697843,explosive
697843,mercenary
697843,rescue mission
697843,sequel
697843,revenge
697843,georgia europe
697843,criminal underworld
697843,based on graphic novel
697843,behind enemy lines
697843,gritty
697843,violence
697843,survival instinct
697843,family rescue
697843,intense firefights
697843,broken hero
431693,inventor
431693,spy
431693,villain
431693,agent
431693,pigeon
431693,aftercreditsstinger
431693,aggressive
431693,special agent
431693,human becoming an animal
431693,save the planet
431693,3d animation
431693,admiring
431693,enthusiastic
531219,hotel
531219,witch
531219,based on novel or book
531219,alabama
531219,mouse
531219,transformation
531219,halloween
531219,car crash
531219,orphan
531219,based on children's book
531219,1960s
531219,convention
531219,talking animal
531219,cgi-live action hybrid
600583,husband wife relationship
600583,based on novel or book
600583,sadism
600583,sexuality
600583,widow
600583,montana
600583,eroticism
600583,banjo
600583,cigarette
600583,ranch
600583,marriage
600583,bullying
600583,death of father
600583,sexual tension
600583,period drama
600583,masturbation
600583,alcoholic
600583,humiliation
600583,gender roles
600583,cowboy
600583,homoeroticism
600583,lgbt
600583,misogynist
600583,mentor protégé relationship
600583,woman director
600583,medical student
600583,drunkenness
600583,masculinity
600583,aggressive
600583,animal cruelty
600583,1920s
600583,hula hoop
600583,mother son relationship
600583,brother brother relationship
600583,repressed sexuality
600583,gay theme
600583,brothers
600583,homosexuality
600583,20th century
600583,tense
531428,island
531428,fire
531428,beach
531428,arranged marriage
531428,classical music
531428,painting
531428,melancholy
531428,painter
531428,greek mythology
531428,lesbian relationship
531428,person on fire
531428,period drama
531428,lesbian sex
531428,portrait
531428,lgbt
531428,18th century
531428,woman director
531428,abortion
531428,portrait drawing
531428,posing for a portrait
531428,women gathering
531428,women in film
531428,complex
531428,walk
531428,painting lesson
531428,symphony orchestra
531428,lesbian
531428,woman falls in love
531428,vivaldi
531428,women
531428,bitter
531428,admiring
531428,adoring
531428,awestruck
531428,compassionate
531428,empathetic
531428,melodramatic
531428,steamy romance
313922,neo-nazism
313922,swastika
313922,escape
313922,killing
313922,heroin
313922,self-defense
313922,machete
313922,gore
313922,punk rock
313922,"oregon, usa"
313922,cover-up
313922,sociopath
313922,survival
313922,murder
313922,tension
313922,dead body
313922,rock music
313922,pitbull
313922,hard to kill
313922,thug
313922,brutality
313922,drugs
313922,witness to murder
313922,punk band
313922,fire extinguisher
313922,aggressive
313922,music tour
313922,white supremacists
313922,killer dog
313922,eaten by animal
313922,murder by gunshot
313922,mic stand
313922,guns
313922,stabbed
313922,brutal murder
400160,sequel
400160,part live action
400160,based on tv series
400160,3d animation
379149,martial arts
379149,"london, england"
379149,based on novel or book
379149,restaurant owner
379149,ira (irish republican army)
379149,ireland
379149,united kingdom
379149,bomb explosion
379149,grieving father
379149,revenge thriller
379149,hidden past
379149,political conspiracy
379149,personal vendetta
379149,quest for justice
379149,counterterrorism unit
379149,high‑stakes drama
379149,father’s revenge
1032823,concert
1032823,"philadelphia, pennsylvania"
1032823,double life
1032823,escape
1032823,s.w.a.t.
1032823,pop star
1032823,father
1032823,limousine
1032823,celebrity
1032823,trap
1032823,serial killer
1032823,obsessive compulsive disorder (ocd)
1032823,trapped
1032823,mental illness
1032823,sting operation
1032823,mayhem
1032823,father daughter relationship
1032823,plot twist
497828,dark comedy
497828,satire
497828,survival
497828,stranded
497828,cruise ship
497828,class differences
497828,model
497828,gender roles
497828,questioning
497828,sinking ship
497828,food rationing
497828,power struggle
497828,philosophical
497828,satirical
497828,luxury yacht
497828,social media influencer
497828,social climber
497828,critical
497828,wealth inequality
497828,bold
497828,informative
568091,gas station
568091,hospital
568091,doctor
568091,police officer
568091,alcoholic
568091,accident
800158,sniper
800158,new york city
800158,assassin
800158,airport
800158,"paris, france"
800158,hitman
800158,"new orleans, louisiana"
800158,dark comedy
800158,client
800158,product placement
800158,sociopath
800158,revenge
800158,murder
800158,fate
800158,lawyer
800158,brutality
800158,based on graphic novel
800158,character study
800158,perfectionist
800158,hired killer
800158,empathy
800158,dominican republic
800158,assassination attempt
800158,cold blooded killer
800158,detached
800158,"tampa, florida"
800158,satirical
800158,manhunt
800158,international manhunt
800158,precision
800158,gig economy
800158,dark
800158,clinical
800158,psychological
800158,secret
800158,violence
800158,suspenseful
800158,intense
800158,audacious
800158,wry
420814,forest
420814,family
420814,animals
420814,magic realism
420814,childhood
420814,live action and animation
420814,father daughter relationship
420814,live action remake
420814,adulthood
420814,wistful
610253,halloween
610253,sequel
610253,murder
610253,vigilante
610253,serial killer
610253,hospital
610253,slasher
610253,murderer
610253,killer
610253,house fire
610253,reboot
610253,crime spree
610253,vigilantism
610253,escaped killer
610253,murder spree
610253,vigilante justice
610253,sadistic killer
610253,holiday horror
610253,gay character
546121,small town
546121,wheelchair user   
546121,homeschooling
546121,single mother
546121,washington state
546121,prescription medication
546121,physical disability
546121,college applications
546121,munchausen syndrome by proxy
546121,psychological
546121,psychological horror
546121,tense
445651,based on novel or book
445651,dystopia
445651,super power
445651,children on the run
445651,woman director
445651,based on young adult novel
677179,husband wife relationship
677179,"philadelphia, pennsylvania"
677179,sports
677179,deaf
677179,sequel
677179,orphan
677179,former best friend
677179,ex-con
677179,childhood friends
677179,juvenile detention center
677179,boxing
677179,prodigy
677179,intense
677179,assertive
677179,audacious
840326,world war ii
840326,nordic mythology
840326,gold prospector
840326,1940s
840326,finnish mythology
840326,bloody
840326,violence
840326,survival instinct
840326,nazi pursuit
840326,relentless chase
840326,lapland wilderness
840326,ss soldiers
840326,silent warrior
840326,enemy platoon
541671,assassin
541671,tattoo
541671,grenade
541671,austria
541671,training
541671,female protagonist
541671,female assassin
541671,spin off
541671,flamethrower
541671,burning
541671,hunted
541671,burning building
541671,ballerina
541671,gun fight
541671,vengeance
541671,knocked unconscious
541671,sisters
541671,brutal violence
452507,based on novel or book
452507,parent child relationship
452507,greed
452507,ranch
452507,halloween
452507,haunted house
452507,haunting
452507,hallucination
452507,murder
452507,corpse
452507,cynical
452507,guilt
452507,vengeful ghost
452507,farmer
452507,stealing money
452507,hidden corpse
452507,rat
452507,guilty conscience
452507,hopeless
452507,grim
452507,cornfield
452507,adaptation
452507,callous
700391,monster
700391,asteroid
700391,cave
700391,giant monster
700391,prehistory
700391,dinosaur
700391,quicksand
700391,crash landing
700391,alien race
700391,sick child
700391,shipwrecked
700391,man vs nature
700391,father daughter relationship
700391,alien spaceship
459992,journalist
459992,usa president
459992,strong woman
459992,tattoo
459992,politics
459992,babysitter
459992,ejaculation
459992,class differences
459992,drugs
459992,political campaign
459992,male masturbation
459992,first kiss
459992,corrupt politician
459992,presidential candidate
459992,opposites attract
459992,public relations
459992,environmental conservation
459992,political candidate
459992,secretary of state
459992,speech writer
459992,activist
459992,investigative journalist
459992,girl next door
459992,childhood crush
459992,embarrasment
459992,tattooed by gang
459992,recreational drug use
459992,high school crush
459992,powerful woman
459992,corrupt businessman
459992,caught-on-tape
459992,sexy woman
459992,corrupt government
459992,woman politician
459992,erect penis
459992,joke writing
459992,influential woman
740985,presidential election
740985,patriotism
740985,mockery
740985,kazakhstan
740985,satire
740985,hidden camera
740985,sequel
740985,mockumentary
740985,prank
740985,social satire
740985,disguise
740985,satirical
740985,covid-19
740985,hilarious
740985,comedy
740985,admiring
740985,amused
740985,excited
740985,exhilarated
451915,based on novel or book
451915,"san francisco, california"
451915,drug addiction
451915,biography
451915,based on true story
451915,drug rehabilitation
451915,based on memoir or autobiography
451915,father son relationship
451915,psychological drama
451915,aimless youth
1100988,england
1100988,satanism
1100988,cult
1100988,sequel
1100988,survival
1100988,zombie
1100988,survival horror
1100988,satanic cult
1100988,zombie apocalypse
1100988,northumberland
1100988,violence
1100988,lindisfarne
1100988,post-apocalyptic
945729,based on novel or book
945729,"venice, italy"
945729,loss of loved one
945729,detective
945729,medium
945729,sequel
945729,grief
945729,whodunit
945729,investigator
945729,guilt
945729,novelist
945729,post world war ii
945729,murder investigation
945729,ghost
945729,séance
945729,mysterious
945729,murder mystery
945729,spiritism
945729,halloween night
945729,palazzo
945729,retired detective
306947,suicide
306947,husband wife relationship
306947,paranoia
306947,lantern
306947,suspicion
306947,cult
306947,deception
306947,conspiracy
306947,psychological thriller
306947,stabbing
306947,woman director
306947,reunited friends
306947,dinner party
306947,lunatic
306947,death cult
762975,military life
762975,assertive
602269,detective
602269,deputy sheriff
602269,cop
602269,serial killer
602269,crime scene
602269,"los angeles, california"
602269,series of murders
602269,cat and mouse
602269,surveillance
602269,lapd
602269,homicide detective
602269,prime suspect
602269,1990s
602269,unsolved murders
502033,deaf
502033,missouri
502033,drums
502033,heavy metal
502033,addiction
502033,sign languages
502033,hearing impaired
502033,langue des signes
614917,sports
614917,tennis
614917,tennis player
614917,father
614917,based on true story
614917,wimbledon
614917,family
614917,tennis pro
614917,father daughter relationship
614917,coaching
614917,champions
535581,hermit
535581,small town
535581,"pennsylvania, usa"
535581,cemetery
535581,breaking the fourth wall
535581,b movie
535581,zombie
535581,police officer
505948,artificial intelligence (a.i.)
505948,bunker
505948,post-apocalyptic future
505948,robot
505948,human extinction
505948,baffled
417384,small town
417384,based on novel or book
417384,halloween
417384,haunted house
417384,scarecrow
417384,family secrets
417384,urban legend
417384,racism
417384,high school friends
417384,aspiring writer
417384,draft dodger
417384,1960s
417384,folk horror
763215,princess
763215,fire
763215,escape
763215,chase
763215,kingdom
763215,sword
763215,cave
763215,mountain
763215,revenge
763215,survival
763215,knight
763215,dragon
763215,struggle for survival
763215,hero's journey
763215,survive
763215,fairytale
705861,spain
705861,sports
705861,training
705861,basketball
705861,teenage pregnancy
705861,basketball player
705861,opportunity
705861,dramedy
705861,interracial family
388399,"boston, massachusetts"
388399,massachusetts
388399,police chief
388399,based on true story
388399,terrorism
388399,reflective
388399,manhunt
388399,boston marathon
1005331,underdog
1005331,race against time
1005331,telegram
1005331,flight
1005331,"los angeles, california"
1005331,airport security
1005331,christmas eve
1005331,exciting
1005331,los angeles airport (lax)
1005331,imminent threat
1005331,psychological pressure
1005331,security breach
1005331,life‑or‑death stakes
1005331,blackmail plot
1005331,suspicious luggage
1005331,high‑pressure situation
505600,high school
505600,coming of age
505600,house party
505600,buddy
505600,high school student
505600,lgbt
505600,woman director
505600,sisterhood
505600,generation z
505600,teenager
482373,home
482373,invasion
482373,sin
482373,sequel
482373,gunfight
482373,blind
482373,home invasion
482373,criminal
482373,handgun
482373,aftercreditsstinger
482373,blind man
482373,hammer
403119,sibling relationship
403119,diving
403119,shark attack
403119,cage
403119,creature
403119,shark
403119,trapped underwater 
346648,"london, england"
346648,based on novel or book
346648,sequel
346648,bear
346648,train
346648,based on children's book
346648,animals
346648,aging actor
346648,live action and animation
346648,candid
346648,talking animal
346648,cgi-live action hybrid
346648,witty
346648,vibrant
346648,prison drama
395990,robbery
395990,based on novel or book
395990,police
395990,gun
395990,kidnapping
395990,detective
395990,remake
395990,vigilante
395990,shootout
395990,dark hero
395990,criminal
395990,death of wife
395990,father daughter relationship
395990,vigilante justice
395990,provocative
1138194,faith
1138194,control
1138194,sociopath
1138194,religion
1138194,cat and mouse
1138194,held captive
1138194,religious hypocrisy
1138194,mormon missionary
1138194,trapped in a house
1138194,eccentric man
1138194,women of faith
1138194,ideological clash
1138194,psychological predator
804095,high school
804095,husband wife relationship
804095,arizona
804095,bullying
804095,family relationships
804095,coming of age
804095,teenage boy
804095,filmmaking
804095,childhood
804095,semi autobiographical
804095,marital problem
804095,big dreams
804095,father son relationship
804095,mother son relationship
804095,inspirational
804095,comforting
804095,compassionate
804095,empathetic
804095,sympathetic
804095,young filmmaker
812583,dark comedy
812583,sequel
812583,whodunit
812583,murder investigation
812583,murder mystery
812583,upstate new york
812583,web of lies
812583,mystery thriller
812583,hidden motives
812583,clue‑based deduction
812583,high‑society secrets
812583,eccentric detective
812583,manipulative personalities
812583,hidden relationships
812583,isolated mansion
812583,character‑driven mystery
1226578,homicide
1226578,fbi
1226578,religion and supernatural
1226578,haunting
1226578,satanism
1226578,barn
1226578,satanist
1226578,code
1226578,"oregon, usa"
1226578,flashback
1226578,murder
1226578,serial killer
1226578,religion
1226578,female protagonist
1226578,corpse
1226578,series of murders
1226578,violent death
1226578,killing spree
1226578,catholic
1226578,death
1226578,death in family
1226578,occult
1226578,satanic cult
1226578,clairvoyant
1226578,crime spree
1226578,rookie
1226578,crime investigation
1226578,manic
1226578,sadistic psychopath
1226578,unsettling
1226578,scary doll
1226578,accomplice
1226578,1990s
1226578,dread
1226578,creepy doll
1226578,psychological terror
1226578,complex
1226578,singing in a car
1226578,haunted doll
1226578,homicide investigation
1226578,supernatural horror
1226578,female investigator
1226578,children in danger
1226578,psychological horror
393457,garbageman 
393457,war veteran
393457,baseball
393457,father
393457,based on play or musical
393457,family relationships
393457,racism
393457,"pittsburgh, pennsylvania"
393457,life story
393457,father son relationship
393457,sentimental
393457,intense
393457,empathetic
339397,new year's eve
339397,baby
339397,love triangle
339397,gangster
339397,marriage
339397,letter
339397,love
339397,murder
339397,unrequited love
339397,secretary
339397,hollywood
339397,"los angeles, california"
339397,older man younger woman relationship
339397,socialite
339397,uncle nephew relationship
339397,neighbor neighbor relationship
339397,1930s
937287,infidelity
937287,husband wife relationship
937287,love triangle
937287,sports
937287,tennis
937287,competition
937287,eroticism
937287,atlanta
937287,tennis player
937287,male friendship
937287,rivalry
937287,interracial marriage
937287,threesome
937287,tennis court
937287,ex-boyfriend ex-girlfriend relationship
937287,knee injury
937287,"new rochelle, new york"
937287,prodigy
937287,tennis pro
937287,2000s
937287,codependency
937287,2010s
937287,gay theme
937287,female coach
937287,psychosexual
937287,sports drama
937287,power dynamics
937287,ambiguous
438650,drug dealer
438650,dark comedy
438650,colorado
438650,remake
438650,revenge
438650,gun battle
438650,snow
438650,sympathetic
384677,new york city
384677,sports
384677,date
384677,boss
384677,assistant
384677,romcom
384677,matchmaking
384677,corporate
384677,female protagonist
384677,lgbt
384677,employer employee relationship
384677,workplace comedy
384677,workplace romance
463272,armor
463272,spy
463272,castle
463272,parody
463272,sequel
463272,slapstick comedy
463272,billionaire
678512,kidnapping
678512,human trafficking
678512,based on true story
678512,honduras
678512,child kidnapping
678512,rescue operation
678512,lost children
678512,children in danger
678512,colombia
678512,awestruck
678512,undercover mission
678512,criminal network
678512,determined agent
678512,remote hideouts
678512,international rescue
678512,justice pursuit
361292,"berlin, germany"
361292,dance performance
361292,berlin wall
361292,telepathy
361292,1970s
361292,fascism
361292,paranormal phenomena
361292,telekinesis
361292,remake
361292,ballet
361292,female protagonist
361292,demon
361292,choreographer
361292,witchcraft
361292,occult
361292,living dead
361292,ritual sacrifice
361292,dual role
361292,choreography
361292,ballet school
361292,spiritualism
361292,dance company
361292,mysterious
361292,psychotherapist
361292,grim
361292,mysterious events
361292,good versus evil
361292,tense
399360,wolf
399360,ice age
399360,human animal relationship
399360,wilderness
399360,survival
399360,prehistory
399360,snow
399360,saber-toothed tiger
399360,boy and dog
399360,injury
399360,pets
399360,bison
399360,upper palaeolithic
399360,boar
399360,appreciative
399360,empathetic
399360,pleistocene
508883,loss of loved one
508883,world war ii
508883,supernatural
508883,education
508883,coming of age
508883,spirituality
508883,poverty
508883,teenage boy
508883,parallel world
508883,troubled childhood
508883,semi autobiographical
508883,"based on myths, legends or folklore"
508883,moving to a city
508883,1940s
508883,anime
508883,imaginative
508883,hand drawn animation
508883,magic world
508883,animation
508883,courage
508883,suspenseful
508883,magical realism
522162,world war ii
522162,u.s. navy
522162,based on true story
522162,battle of midway
522162,pacific war
522162,historical fiction
522162,pacific theater
522162,naval warfare
522162,1940s
539885,assassin
539885,secret organization
539885,murder
539885,female assassin
539885,professional assassin
539885,secret
539885,thriller
292011,biography
292011,based on true story
292011,cautionary tale
567189,based on novel or book
567189,u.s. navy seal
567189,jack ryan
567189,duringcreditsstinger
419680,holiday
419680,sequel
419680,christmas
419680,father son relationship
419680,amused
419680,cheerful
419680,holiday get-together
419680,step parents
460458,biological weapon
460458,orphanage
460458,dystopia
460458,mutant
460458,infection
460458,zombie
460458,mansion
460458,police station
460458,based on video game
460458,reboot
460458,ghost town
460458,duringcreditsstinger
460458,lockdown
460458,1990s
460458,secret experiment
460458,bitter
460458,disheartening
744275,based on novel or book
744275,family history
744275,sequel
744275,love
744275,teenage crush
744275,woman director
744275,family tension
744275,zealous
744275,mischievous
744275,enraged
718032,high school
718032,california
718032,jealousy
718032,1970s
718032,bed
718032,mattress shop
718032,politician
718032,coming of age
718032,love
718032,teenage love
718032,former child star
718032,young love
718032,san fernando valley
718032,pinball machine
718032,self confidence
718032,aggressive
718032,young entrepreneur
718032,closeted homosexual
718032,brother brother relationship
718032,jewish
718032,age-gap relationship
718032,period piece
718032,teenager
762509,friendship
762509,paradise
762509,lion
762509,musical
762509,sequel
762509,prequel
762509,jungle
762509,told in flashback
762509,betrayal by friend
762509,chance meeting
762509,live action remake
762509,found family
762509,lost
591273,witch
591273,based on novel or book
591273,shopping mall
591273,murder
591273,curse
591273,teenage girl
591273,slasher
591273,drugs
591273,witchcraft
591273,lgbt
591273,1990s
969681,mind control
969681,new york city
969681,hero
969681,mutation
969681,secret identity
969681,superhero
969681,spider
969681,villain
969681,based on comic
969681,sequel
969681,transhumanism
969681,super power
969681,masked vigilante
969681,spider web
969681,aftercreditsstinger
969681,marvel cinematic universe (mcu)
969681,masked superhero
969681,fight for justice
969681,genetic mutation
646389,airplane
646389,pilot
646389,philippines
646389,held hostage
646389,plane crash
646389,intense
449562,bet
449562,competition
449562,affectation
449562,con artist
449562,swindler
449562,remake
449562,aftercreditsstinger
449562,con woman
449562,candid
449562,satirical
449562,appreciative
449562,awestruck
449562,celebratory
449562,cheerful
449562,cliché
449562,enthusiastic
449562,euphoric
449562,mocking
449562,optimistic
467244,husband wife relationship
467244,based on novel or book
467244,nazi
467244,concentration camp
467244,holocaust (shoah)
467244,world war ii
467244,auschwitz-birkenau concentration camp
467244,garden
467244,biography
467244,based on true story
467244,nazi officer
467244,genocide
467244,1940s
467244,commandant
467244,complicity
476299,insanity
476299,hallucination
476299,torture
476299,reality vs fantasy
458305,baby
458305,suburbia
458305,suburb
458305,trapped
458305,body bag
458305,real estate agent
458305,anxious
458305,frustrated
949423,farm
949423,pornography
949423,dance performance
949423,confession
949423,texas
949423,alligator
949423,barn
949423,prequel
949423,murder
949423,serial killer
949423,slasher
949423,corpse
949423,murderer
949423,violent death
949423,lust
949423,religious fundamentalism
949423,audition
949423,mental illness
949423,projectionist
949423,nostalgic
949423,isolated farmhouse
949423,pandemic
949423,1910s
949423,mother daughter relationship
949423,origin story
949423,playful
949423,aspiring actress
949423,pastiche
949423,whimsical
949423,empathetic
949423,sympathetic
949423,tragic
949423,vibrant
619778,dreams
619778,monster
619778,brain tumor
619778,detective
619778,"seattle, washington"
619778,gore
619778,murder
619778,vision
619778,serial killer
619778,hospital
619778,miscarriage
619778,videotape
619778,murder mystery
619778,sister sister relationship
619778,psychic connection
619778,body horror
619778,american giallo
602223,texas
602223,sequel
602223,murder
602223,desert
602223,survival horror
602223,neo-western
602223,purge
602223,family surviving alone
602223,guns and weapons
565426,based on novel or book
565426,love triangle
565426,love letter
565426,sequel
429300,sailboat
429300,marriage proposal
429300,boat
429300,hurricane
429300,sailing
429300,vegetarian
429300,based on true story
429300,tahiti
429300,survival
429300,couple
480414,mexico
480414,sibling relationship
480414,1970s
480414,religion and supernatural
480414,supernatural
480414,grieving widower
480414,priest
480414,"los angeles, california"
480414,single mother
480414,spin off
480414,dead children
480414,folklore
480414,supernatural horror
480414,mexican folklore
480414,children in danger
480414,horror
480414,brother and sister
480414,child protective services
459151,baby
459151,boss
459151,sequel
459151,computer animation
459151,sibling
459151,family
459151,3d animation
459151,adoring
459151,bold
459151,enthusiastic
568160,japan
568160,magic
568160,climate change
568160,rain
568160,surrealism
568160,weather
568160,weather manipulation
568160,romance
568160,slice of life
568160,"tokyo, japan"
568160,orphan
568160,summer
568160,shrine
568160,flood
568160,japanese mythology
568160,anime
568160,time skip
568160,supernatural power
568160,comforting
776503,parent child relationship
776503,music teacher
776503,fishing
776503,deaf
776503,massachusetts
776503,coming of age
776503,remake
776503,singing
776503,family
776503,teen comedy
776503,first love
776503,disability
776503,based on movie
776503,woman director
776503,sign languages
776503,school choir
776503,music school
776503,calm
776503,american sign language (asl)
776503,loving
776503,teenager
776503,appreciative
776503,coda
634492,new york city
634492,spider
634492,based on comic
634492,teenage girl
634492,super power
634492,paramedic
634492,"manhattan, new york city"
634492,spider web
634492,clairvoyant
634492,woman director
634492,origin story
634492,2000s
634492,vision of the future
416477,"chicago, illinois"
416477,new york city
416477,immigrant
416477,muslim
416477,roommates
416477,sadness
416477,sarcasm
416477,comedian
416477,based on true story
416477,one-man show
416477,pakistan
416477,family relationships
416477,film in film
416477,matchmaking
416477,cultural difference
416477,hospital
416477,falling in love
416477,family
416477,illness
416477,group of friends
416477,intercultural relationship
416477,aftercreditsstinger
416477,college student
416477,uber
416477,traditional family
416477,comedy club
416477,stand-up comedian
416477,grad school
522931,hitman
522931,bodyguard
522931,sequel
522931,aftercreditsstinger
522931,duringcreditsstinger
848326,rebellion
848326,space war
848326,space
848326,female protagonist
848326,militarism
848326,space opera
848326,family values
848326,authoritarianism
848326,space adventure
848326,action hero
848326,female warrior
848326,political crisis
848326,rebel gangs
848326,alien spaceship
848326,space vessel
848326,awestruck
418078,fire
418078,nightmare
418078,nihilism
418078,darkness
418078,homicide
418078,door
418078,paranoia
418078,post-apocalyptic future
418078,forest
418078,fear
418078,dog
418078,madness
418078,pandemic
418078,infected
418078,cremation
418078,hopelessness
418078,malevolence
418078,psychological
418078,psychological horror
412656,based on novel or book
412656,dystopia
412656,post-apocalyptic future
412656,unassuming
412656,based on young adult novel
412656,derisive
549053,"london, england"
549053,holiday
549053,romcom
549053,singing
549053,homeless shelter
549053,holiday season
549053,angry
549053,christmas
549053,santa's elves
549053,introspective
549053,intimate
549053,immigrants
549053,intense
549053,admiring
549053,adoring
549053,amused
549053,awestruck
549053,familiar
549053,vibrant
335796,supernatural
335796,possession
335796,prequel
335796,spirit
335796,aftercreditsstinger
335796,1960s
539537,cave
539537,supernatural
539537,private investigator
539537,remote island
539537,reality vs fantasy
539537,dark fantasy
539537,interracial adoption
539537,fame-seeking
539537,brother brother relationship
539537,supernatural horror
539537,female bully
539537,based on tv series
539537,hidden desires
629542,based on novel or book
629542,snake
629542,wolf
629542,affectation
629542,spider
629542,villain
629542,heist
629542,anthropomorphism
629542,shark
629542,guinea pig
629542,piranha
629542,duringcreditsstinger
629542,zealous
629542,wonder
629542,3d animation
629542,lighthearted
629542,understated
629542,sentimental
629542,cheerful
629542,cliché
629542,complicated
629542,empathetic
629542,enchant
629542,enthusiastic
629542,euphoric
629542,modest
629542,animesque
1304313,journalist
1304313,egypt
1304313,monster
1304313,ritual
1304313,kidnapping
1304313,pyramid
1304313,investigation
1304313,supernatural
1304313,mummy
1304313,possession
1304313,disappearance
1304313,curse
1304313,demon
1304313,tomb
1304313,missing person
1304313,mysterious
1304313,monster movie
1304313,supernatural horror
1304313,body horror
1304313,bewildered
1304313,frightened
840430,vietnam war
840430,winter
840430,boarding school
840430,holiday
840430,"boston, massachusetts"
840430,1970s
840430,melancholy
840430,alcoholism
840430,grief
840430,misfit
840430,mental illness
840430,teacher student relationship
840430,new england
840430,boys' boarding school
840430,christmas
840430,winter break
840430,troubled youth
840430,loss of son
840430,christmastime
840430,cook
840430,adoring
581392,dystopia
581392,sequel
581392,zombie
581392,"busan, south korea"
581392,south korea
316023,hawaii
316023,wedding
316023,craigslist
316023,wedding date
316023,satirical
316023,joyous
316023,xtc
316023,ambiguous
316023,amused
316023,antagonistic
316023,disheartening
316023,dubious
316023,sarcastic
14564,investigation
14564,supernatural
14564,hallucination
14564,sequel
14564,urban legend
14564,curse
14564,female protagonist
14564,vhs
14564,death
14564,maggot
14564,rape and revenge
14564,seven days
14564,video tape
14564,water
14564,suspenseful
14564,depressing
14564,baffled
457335,hero
457335,gladiator fight
457335,website
457335,bad cop
457335,gunfight
457335,body mutilation
457335,death match
457335,homeless man
457335,computer programmer
457335,live stream
457335,guns
457335,rescue from fire
457335,viral
457335,shooting
457335,death game
457335,violence
339877,artist
339877,investigation
339877,grave
339877,letter
339877,melancholy
339877,painter
339877,bullying
339877,adult animation
339877,struggling artist
339877,mysterious
339877,19th century
339877,mysterious death
339877,somber
339877,controversial artist
339877,lyrical
339877,introspective
339877,wistful
339877,dramatic
339877,compassionate
339877,tragic
407436,based on novel or book
407436,hunter
407436,wolf
407436,tiger
407436,coming of age
407436,anthropomorphism
407436,jungle
407436,bear
407436,python
407436,live action remake
1106739,jury duty
1106739,moral dilemma
1106739,murder trial
1106739,philosophical
1106739,courtroom drama
1106739,suspenseful
1106739,depressing
1106739,apathetic
1106739,apologetic
1106739,empathetic
899112,holiday
899112,santa claus
899112,mercenary
899112,saving christmas
899112,booby trap
899112,questioning
899112,duringcreditsstinger
899112,aggressive
899112,christmas
899112,audacious
1084199,android
1084199,artificial intelligence (a.i.)
1084199,cabin
1084199,robot
1084199,boyfriend girlfriend relationship
1084199,duringcreditsstinger
1084199,robot girl
1084199,weekend getaway
1084199,human android relationship
1084199,toxic relationship
1084199,abusive relationship
1084199,malfunctioning android
1084199,robot companion
1084199,sentient machine
1084199,sci-fi horror
1084199,human vs machines
1084199,cybernetics
1084199,android horror
587807,aftercreditsstinger
587807,live action and animation
587807,bold
587807,comforting
747188,quarantine
747188,asteroid
747188,diner
747188,grandfather
747188,war photographer
747188,alien
747188,grief
747188,space
747188,family
747188,widower
747188,astronomy
747188,story within the story
747188,existentialism
747188,parent-in-law child-in-law relationship
747188,vending machine
747188,stage play
747188,death of wife
747188,1950s
747188,convention
747188,stargazing
747188,meta
747188,science fiction
747188,desert town
747188,ambiguous
747188,audacious
747188,skeptical
747188,wry
303991,infidelity
303991,new york city
303991,loss of loved one
303991,pregnancy
303991,dark comedy
303991,carousel 
303991,father-in-law
303991,car crash
303991,pot smoking
303991,grieving widower
303991,grief
303991,marijuana
303991,male homosexuality
303991,hospital
303991,car accident
303991,mourning
303991,lgbt teen
303991,grieving
303991,vending machine
303991,death of wife
303991,investment banker
303991,station wagon
303991,defiant
552178,pollution
552178,grave
552178,biography
552178,based on true story
552178,lawsuit
552178,west virginia
552178,cancer
552178,lawyer
552178,biting
552178,farmer
552178,water pollution
552178,government corruption
552178,mysterious
552178,paranoid
552178,grim
552178,1990s
552178,somber
552178,"based on magazine, newspaper or article"
552178,anxious
552178,legal thriller
552178,chemical contamination
552178,blood test
552178,clinical
552178,suspenseful
552178,critical
552178,foreboding
552178,ominous
364433,"rome, italy"
364433,anti hero
364433,camorra
364433,criminal underworld
364433,superhero spoof
364433,terrorist plot
364433,terrorist bombing
364433,masked superhero
364433,township superhero
364433,small time crook
364433,eaten by animal
364433,burned face
364433,mentally handicapped
364433,radioactive waste
648579,central intelligence agency (cia)
648579,undercover
648579,screenplay
648579,satire
648579,birthday party
648579,drug lord
648579,struggling actor
648579,father daughter relationship
648579,ambiguous
648579,euphoric
267193,sibling relationship
267193,gun
267193,spy
267193,vulgar
267193,hooligan
267193,vulgarity
267193,football (soccer)
267193,aftercreditsstinger
365942,future
365942,planet mars
365942,space colony
365942,fish out of water
365942,scientist
365942,teenage love
365942,search for father
625568,psychopath
625568,aggression
625568,stalker
625568,murder
625568,arson
625568,single mother
625568,confrontation
625568,divorced
625568,fired from the job
625568,threat
625568,pickup truck
625568,road rage
625568,retribution
625568,phone call
625568,consequences
625568,psychotic break
625568,road thriller
625568,murderous intentions
625568,older sister younger brother
625568,intense
625568,unstoppable
625568,terrorized
625568,fight for life
625568,edge-of-your-seat
663712,halloween
663712,clown
663712,gore
663712,resurrection
663712,sequel
663712,slasher
663712,killer
663712,macabre
663712,killer clown
663712,duringcreditsstinger
663712,evil clown
663712,halloween night
663712,crowdfunded film
663712,independent film
663712,megaslasher
663712,dramatic
663712,sadistic horror
384680,widow
384680,montana
384680,new mexico
384680,chief
384680,native american
384680,assignment
384680,grief
384680,murder
384680,gunfight
384680,massacre
384680,brutality
384680,native american reservation
384680,u.s. cavalry
384680,19th century
384680,indigenous peoples
384680,new mexico territory
384680,1890s
384680,violence
290512,based on novel or book
290512,photographer
290512,mountain
290512,pilot
290512,wilderness
290512,survival
290512,wildlife
290512,snow
290512,airplane crash
290512,doctor
290512,dog
290512,struggle for survival
290512,argument
290512,freezing
290512,stranger
290512,injury
290512,holiday season
290512,american wilderness
290512,hopelessness
290512,valley
290512,scenic
290512,desolate wilderness
290512,delayed flight
290512,obstacles
290512,romantic
290512,exhilarated
931285,martial arts
931285,magic
931285,ninja fighter
931285,gore
931285,sequel
931285,god
931285,alternate dimension
931285,ninja
931285,fighting
931285,based on video game
931285,martial arts tournament
931285,struggling actor
931285,hand to hand combat
931285,aggressive
931285,amused
968051,france
968051,nun
968051,halloween
968051,bullying
968051,sequel
968051,priest
968051,religion
968051,church
968051,demon
968051,gothic horror
968051,demonic possession
968051,praying
968051,duringcreditsstinger
968051,1950s
968051,demonic
968051,girls' school
968051,convent
483906,assassin
483906,hitman
483906,montana
483906,chile
483906,torture
483906,based on graphic novel
483906,isolated house
483906,criminal organization
483906,neo-noir
483906,forced retirement
483906,amused
332210,baby
332210,villain
332210,stork
332210,delivery service
332210,3d animation
581600,based on novel or book
581600,police
581600,"boston, massachusetts"
581600,ex-cop
581600,police corruption
581600,ex-con
581600,buddy movie
581600,aspiring boxer
581600,cheerful
581600,sympathetic
428449,sadness
428449,house
428449,loss
428449,grief
428449,morality
428449,construction
428449,death
428449,ghost
428449,piano
522212,death penalty
522212,judge
522212,innocence
522212,based on true story
522212,lawyer
522212,electric chair
522212,racism
522212,execution
522212,justice
522212,true crime
522212,humiliation
522212,injustice
522212,1980s
522212,legal drama
522212,earnest
522212,excited
522212,based on real person
522212,concealing the truth
763285,ambulance
763285,car crash
763285,remake
763285,officer involved shooting
763285,"los angeles, california"
763285,bank robbery
763285,veteran
763285,heist gone wrong
763285,bank heist
763285,police helicopter
763285,brother brother relationship
481084,cartoon
481084,halloween
481084,black humor
481084,family
481084,3d animation
481084,ambiguous
481084,bold
401469,"chicago, illinois"
401469,politics
401469,widow
401469,feminism
401469,politician
401469,heist
401469,flashback
401469,remake
401469,money
401469,betrayal
401469,mob boss
401469,neo-noir
401469,based on tv series
401469,crime thriller
401469,widowhood
401469,crime drama
804150,cocaine
804150,animal attack
804150,georgia
804150,based on true story
804150,rampage
804150,duringcreditsstinger
804150,woman director
804150,animal horror
804150,satirical
804150,black bear
804150,apex predator
804150,casual
347375,martial arts
347375,central intelligence agency (cia)
347375,handheld camera
347375,top secret
347375,black ops
347375,political corruption
347375,intelligence officer
347375,aggressive
347375,elite forces
347375,tactical command unit
347375,triple agent
347375,pretentious
280217,villain
280217,time travel
280217,sequel
280217,based on toy
280217,live action and animation
280217,lego
280217,loving
280217,3d animation
280217,admiring
280217,amused
280217,cheerful
369557,friendship
369557,"london, england"
369557,rock 'n' roll
369557,sibling relationship
369557,"dublin, ireland"
369557,music video
369557,prom
369557,school
369557,singing
369557,ireland
369557,divorce
369557,family
369557,teenage boy
369557,bullied
369557,1980s
369557,loving
369557,irreverent
369557,adoring
369557,amused
502416,casino
502416,kidnapping
502416,psychopath
502416,underage drinking
502416,revenge
502416,murder
502416,slasher
502416,psychological thriller
502416,stabbing
502416,veterinary
502416,mental illness
502416,loner
502416,school loner
502416,hanging out
502416,munchausen syndrome by proxy
502416,psychological horror
502416,horror
539972,hunter
539972,superhero
539972,anti hero
539972,villain
539972,based on comic
539972,supervillain
539972,intense
539972,admiring
539972,ominous
399402,"washington dc, usa"
399402,based on novel or book
399402,coup d'etat
399402,covert operation
399402,u.s. navy seal
399402,russian president
399402,rescue operation
399402,nuclear submarine
399402,submarine commander
399402,submarine crew
399402,soviet/russian navy
399402,submarine warfare
399402,arctic ocean
399402,post‑cold‑war tension
399402,strategic conflict
399402,naval tension
399402,u.s. navy crew
399402,special forces team
399402,pentagon involvement
774752,holiday
774752,superhero
774752,celebrity
774752,saving christmas
774752,talking dog
774752,based on movie
774752,aftercreditsstinger
774752,marvel cinematic universe (mcu)
774752,christmas
774752,christmas special
774752,short film
774752,holiday special
774752,space dog
951491,mexico
951491,"mexico city, mexico"
951491,sadism
951491,riddle
951491,gore
951491,sequel
951491,con artist
951491,cancer
951491,scam
951491,serial killer
951491,torture
951491,drugs
951491,survival horror
951491,duringcreditsstinger
951491,shocking
951491,grim
951491,jigsaw
951491,saw
951491,death game
951491,suspenseful
951491,tense
951491,sadistic horror
951491,gloomy
376866,assassination
376866,usa president
376866,widow
376866,john f. kennedy
376866,biography
376866,"dallas, texas"
376866,president
376866,grief
376866,first lady
376866,kennedy family
376866,john f. kennedy assassination
376866,death of husband
376866,usa history
376866,1960s
446791,based on novel or book
446791,"rome, italy"
446791,kidnapping
446791,1970s
446791,based on true story
446791,wealth
446791,ransom demand
1265609,struggle for survival
1265609,military training
1265609,afghanistan veteran
1265609,grim
1265609,alien hunters
1265609,alien arrival
1265609,military sci-fi
1265609,u.s. army ranger
1265609,special forces training
1265609,firefights
1265609,hostile encounter
1265609,high‑intensity conflict
1265609,gore elements
1265609,veteran soldier
1265609,remote outpost
523139,based on novel or book
523139,maze
523139,pregnant woman
523139,father son relationship
523139,brother sister relationship
523139,grass field
523139,adaptation
523139,ominous
666277,new york city
666277,immigrant
666277,friendship
666277,nostalgia
666277,woman between two men
666277,interracial marriage
666277,fate
666277,playwright
666277,married woman
666277,childhood friends
666277,semi autobiographical
666277,woman director
666277,korean american
666277,childhood sweethearts
666277,memories
666277,dreary
666277,korean
666277,asian american
666277,independent film
666277,"seoul, south korea"
484718,africa
484718,prince
484718,heir to the throne
484718,sequel
484718,mischievous
484718,dramatic
329833,fashion designer
329833,sequel
329833,fashion
329833,male model
329833,fashion show
329833,modeling
329833,fashion model
329833,fashionista
329833,runway model
329833,ridiculous
964980,sports
964980,based on true story
964980,basketball
964980,shoe
964980,national basketball association (nba)
964980,duringcreditsstinger
964980,1980s
527435,holiday
527435,brother
527435,camera
527435,santa claus
527435,massachusetts
527435,sister
527435,saving christmas
527435,north pole
527435,journey
527435,christmas spirit
527435,christmas
527435,chronicles
400710,bullying
400710,remake
400710,accidental death
400710,death
400710,medical student
400710,guilty conscience
400710,near-death experience
400710,competitiveness
400710,scientific experiment
724495,africa
724495,arranged marriage
724495,warrior woman
724495,based on true story
724495,slave trade
724495,duringcreditsstinger
724495,woman director
724495,military unit
724495,19th century
724495,mother daughter reunion
724495,freed slave
724495,female warrior
724495,west africa
724495,weapons training
372343,based on novel or book
372343,winter
372343,gun
372343,detective
372343,cellar
372343,snowman
372343,serial killer
372343,snow
372343,cabin
372343,twins
372343,plastic surgeon
372343,alcoholic
372343,psychosis
372343,"oslo, norway"
372343,unfinished
475303,infidelity
475303,new york city
475303,rain
475303,paparazzi
475303,kiss
475303,interview
475303,romance
475303,cynical
475303,filmmaking
475303,high society
475303,"manhattan, new york city"
475303,young couple
475303,college student
475303,romantic weekend
475303,rich family
475303,film director
475303,dreary
475303,pathetic
475303,negative
475303,absurd
475303,existential crisis
475303,ambiguous
475303,arrogant
475303,farcical
454992,"berlin, germany"
454992,"paris, france"
454992,spy
454992,"prague, czech republic"
454992,female friendship
454992,best friend
454992,"los angeles, california"
454992,save the day
454992,acrobats
454992,edward snowden
701387,saving the world
701387,capitalism
701387,kidnapping
701387,paranoia
701387,delusion
701387,symbolism
701387,dark comedy
701387,satire
701387,alien
701387,remake
701387,extraterrestrial
701387,alien invasion
701387,power politics
701387,mental illness
701387,hierarchy
701387,global threat
701387,absurdism
701387,political conflict
701387,alien conspiracy
701387,ecologism
701387,social critique
701387,excited
701387,comedy horror
615665,new year's eve
615665,date
615665,holiday
615665,single
615665,family dinner
615665,easter
615665,family tension
615665,christmas
615665,friends with benefits
615665,romantic
507076,dancing
507076,child abuse
507076,sexual abuse
507076,drug abuse
507076,pregnancy
507076,paranoia
507076,orgy
507076,imprisonment
507076,lsd
507076,surrealism
507076,hallucinogenic drug
507076,incest
507076,drug overdose
507076,disco
507076,lgbt
507076,spiked drink
507076,psychological disintegration
507076,acid
507076,club music
507076,punch bowl
507076,depressing
507076,antagonistic
507076,cruel
507076,distressing
507076,brother sister incest
371645,countryside
371645,based on novel or book
371645,wild boar
371645,delinquent
371645,new zealand
371645,wilderness
371645,coming of age
371645,dog
371645,foster family
371645,nature
433310,time travel
433310,halloween party
433310,unrequited love
433310,time loop
433310,do over
682507,based on novel or book
682507,artist
682507,bullying
682507,alcoholism
682507,coming of age
682507,survival
682507,domestic abuse
682507,first love
682507,marsh
682507,boyfriend girlfriend relationship
682507,social outcast
682507,jury trial
682507,naturalist
682507,murder mystery
682507,murder trial
682507,1960s
682507,alcohol problems
682507,courtroom drama
682507,abusive boyfriend
682507,abandoned child
682507,southern culture
682507,audacious
294272,feral child
294272,remake
294272,dragon
294272,orphan
294272,1980s
294272,live action and animation
294272,live action remake
379170,bride
379170,police detective
379170,crime investigation
379170,tv episode
379170,homicide investigation
379170,sherlock holmes
505192,japan
505192,family relationships
505192,family drama
505192,"tokyo, japan"
505192,poverty
505192,orphan
505192,crime family
505192,shoplifting
505192,social realism
505192,insecure
505192,shoplifter
505192,thoughtful
505192,philosophical
505192,petty crimes
505192,complex
505192,asian origins
505192,found family
505192,impoverished
505192,heartbreaking and moving family drama
599975,nurse
599975,countdown
599975,supernatural
599975,religion
599975,phone terror
599975,devil
599975,duringcreditsstinger
599975,mysterious
599975,mobile app
599975,sinister
537116,new york city
537116,composer
537116,artist
537116,musical
537116,based on true story
537116,based on play or musical
537116,singing
537116,boyfriend girlfriend relationship
537116,struggling artist
537116,1990s
537116,portrait of an artist
537116,hiv/aids epidemic
537116,theater
537116,amused
537116,apologetic
537116,awestruck
318121,wheelchair
318121,affectation
318121,road trip
318121,caregiver
318121,disability
318121,muscular dystrophy
318121,approving
318121,comforting
602734,sequel
602734,murder
602734,police corruption
602734,survival horror
602734,body count
602734,procedural
602734,father son relationship
602734,mystery killings
602734,murder of a policeman
602734,death game
463821,based on novel or book
463821,clock
463821,halloween
463821,haunted house
463821,uncle
463821,pumpkin
463821,orphan
463821,warlock
463821,secret passageway
463821,1950s
463821,magician
463821,amused
606856,snowstorm
606856,husky
606856,based on true story
606856,puppy
606856,alaska
606856,snow
606856,historical
606856,dog
606856,sled dogs
606856,1920s
606856,pets
585216,sequel
585216,no escape
585216,escape room
585216,death game
58431,based on novel or book
58431,dystopia
58431,shaolin
58431,prejudice
58431,zombie
58431,pride
58431,gold digger
58431,19th century
58431,georgian or regency era
58431,somber
58431,parson
58431,mashup
58431,amused
58431,antagonistic
760161,psychopath
760161,family secrets
760161,prequel
760161,murder
760161,impersonator
760161,mental patient
760161,psycho killer
760161,escaped mental patient
760161,evil child
760161,missing daughter
760161,estonia
760161,female psychopath
760161,evil little girl
760161,absurd
796499,europe
796499,interpol
796499,prequel
796499,zombie
796499,safecracker
796499,bank teller
319888,underdog
319888,sports
319888,olympic games
319888,mountain
319888,ski jump
319888,biography
319888,based on true story
319888,britain
319888,snow skiing
319888,1980s
319888,dedication
319888,against all odds
319888,inspirational
319888,adoring
319888,joyful
1327819,human vs nature
1327819,spy
1327819,beaver
1327819,"oregon, usa"
1327819,transhumanism
1327819,consciousness
1327819,aftercreditsstinger
1327819,duringcreditsstinger
1327819,human becoming an animal
1327819,robotic animal
1327819,mischievous
1327819,3d animation
1327819,amused
1327819,bold
1327819,enthusiastic
1327819,pixar
339967,new york city
339967,small town
339967,monster
339967,mental breakdown
339967,creature
339967,loss of job
339967,alcoholic
339967,childhood friends
339967,kaiju
339967,catastrophe
339967,"seoul, south korea"
146198,bomb
146198,bratva (russian mafia)
146198,detective
146198,assault rifle
146198,ghetto
146198,cocaine
146198,strip club
146198,heist
146198,murder
146198,betrayal
146198,bag of money
146198,dirty cop
146198,bank robbery
146198,death of brother
146198,"atlanta, georgia"
1314481,new york city
1314481,based on novel or book
1314481,sequel
1314481,fashion
1314481,fashion magazine
1314481,dramedy
1314481,magazine editor
1314481,fashion industry
1314481,fashionista
1314481,whimsical
1314481,ambiguous
1081003,galaxy
1081003,hero
1081003,superhero
1081003,villain
1081003,based on comic
1081003,space
1081003,female protagonist
1081003,dog
1081003,super power
1081003,heroine
1081003,reboot
1081003,solitude
1081003,supervillain
1081003,rescue dog
1081003,dc universe (dcu)
1100782,drug dealer
1100782,depression
1100782,new york city
1100782,dancing
1100782,suicide
1100782,concert
1100782,nightmare
1100782,escape
1100782,musician
1100782,winter
1100782,gun
1100782,talk show
1100782,delusion
1100782,possession
1100782,hallucination
1100782,mental breakdown
1100782,gore
1100782,stalker
1100782,self-inflicted injury
1100782,addiction
1100782,sequel
1100782,drug use
1100782,flashback
1100782,singer
1100782,murder
1100782,curse
1100782,hospital
1100782,fear
1100782,corpse
1100782,scar
1100782,drugs
1100782,demon
1100782,cell phone
1100782,apartment building
1100782,guilt
1100782,pop music
1100782,self esteem
1100782,family conflict
1100782,evil
1100782,phone
1100782,injury
1100782,mental health
1100782,watching tv
1100782,text messaging
1100782,knee injury
1100782,sobriety
1100782,substance abuse
1100782,gruesome
1100782,press agent
1100782,creepy person
1100782,breakdown
1100782,unsettling
1100782,woman agent
1100782,gun fight
1100782,creepy
1100782,hospital visit
1100782,abusive mother
1100782,chronic pain
1100782,depressed woman
1100782,jump scare
1100782,self-harm
1100782,delusional
1100782,spinal injury
1100782,popstar
1100782,emotional breakdown
1100782,pain medication
1100782,smile
1100782,drug
1100782,scared
1100782,pills
1100782,supernatural horror
1100782,self destructiveness
1100782,bar
1100782,bloody
1100782,city
1100782,body horror
1100782,blood
1100782,apartment
1100782,united states of america (usa)
1100782,phone message
1100782,psychological horror
1100782,nightmares
1100782,drug usage
1100782,hallucinations
1100782,public image
1100782,tour
1100782,horror
1100782,unknown number
1100782,mom
1100782,public figure
1100782,creepy faces
1100782,2020s
1100782,going insane
1100782,iphone footage
1100782,gorefest
1100782,new york winter
1100782,taking drugs
1100782,disturbing
1114513,husband wife relationship
1114513,paranoia
1114513,remake
1114513,weekend getaway
1114513,europe vacation
1114513,children in danger
1114513,psychological horror
1114513,dangerous escalation
1114513,emotional manipulation
1114513,subtle menace
1114513,hospitality gone wrong
1114513,disturbing behavior
1114513,fear of strangers
1114513,predatory manipulation
1114513,deceptive kindness
1114513,parental fear
940551,duck
940551,villain
940551,migration
940551,flight
940551,anthropomorphism
940551,family
940551,animals
940551,chef
940551,overprotective father
940551,bird
940551,3d animation
483184,italy
483184,robber
483184,cocaine
483184,revenge
483184,dog cage
483184,father daughter relationship
465136,based on novel or book
465136,transformation
465136,body switch
465136,based on young adult novel
591274,based on novel or book
591274,summer camp
591274,1970s
591274,sequel
591274,prequel
591274,curse
591274,teenage girl
591274,slasher
591274,witchcraft
591274,nostalgic
591274,aggressive
591274,sister sister relationship
446893,dancing
446893,friendship
446893,concert
446893,country music
446893,guitar
446893,cloud
446893,saxophone
446893,sequel
446893,jail
446893,based on toy
446893,rock music
446893,alien abduction
446893,singing
446893,king
446893,desert
446893,pop music
446893,flute
446893,aftercreditsstinger
446893,duringcreditsstinger
446893,mirage
446893,electronic music
446893,k-pop
446893,spaceship
446893,3d animation
446893,jukebox musical
559907,winter
559907,fox
559907,camelot
559907,king arthur
559907,middle ages (476-1453)
559907,excalibur
559907,knights of the round table
559907,aftercreditsstinger
559907,decapitated head
559907,"based on myths, legends or folklore"
559907,meditative
559907,christmas
559907,quest
559907,philosophical
559907,myth
559907,gawain
559907,cautionary
559907,medieval knight
559907,intense
559907,earnest
345938,based on novel or book
345938,loss of loved one
345938,christianity
345938,guilt
345938,death of daughter
345938,family trip
345938,christian film
345938,christian
345938,hopeful
345938,straightforward
556803,holiday
556803,royalty
556803,look-alike
556803,identity swap
556803,christmas
500682,fbi
500682,bank robber
500682,texas ranger
500682,based on true story
500682,tracker
500682,cops and robbers 
500682,forensic science
500682,criminal gang
500682,1930s
500682,manhunt
500682,legendary hero
500682,retired lawman
500682,serious
500682,harsh
339692,prison
339692,california
339692,tattoo
339692,murder
339692,gun battle
339692,undercover cop
339692,gang
339692,drugs
339692,criminal
339692,insecurity
339692,prison riot
339692,driving drunk
339692,estranged father
339692,gun runner
339692,probation officer
339692,manslaughter
339692,probation
339692,thriller
339692,cliché
458594,coma
458594,widow
458594,cemetery
458594,handcuffs
458594,fbi
458594,bus
458594,grave
458594,alcoholism
458594,flashback
458594,revenge
458594,murder
458594,vigilante
458594,drug cartel
458594,police corruption
458594,hospital
458594,torture
458594,skid row
458594,corrupt official
458594,aggressive
458594,loss of child
458594,corrupt judge
458594,driveby shooting
1198994,bullying
1198994,role reversal
1198994,survival
1198994,struggle for survival
1198994,survival horror
1198994,deserted island
1198994,power struggle
1198994,colleagues
1198994,bullying in the workplace
1198994,plane crash
1198994,gender inequality
1198994,comedy thriller
1198994,comedy horror
967847,new york city
967847,supernatural
967847,halloween
967847,ghostbuster
967847,sequel
967847,teenage girl
967847,ghost
967847,duringcreditsstinger
967847,research laboratory
967847,evil force
967847,ice
967847,monsters
967847,ancient artifact
967847,frozen apocalypse
967847,paranormal expert
967847,young ghostbuster
967847,spectral invasion
967847,family teamwork
632357,witch
632357,melancholy
632357,demon
632357,mysterious
632357,shocking
632357,zealous
632357,somber
632357,religious horror
632357,wonder
632357,suspicious
632357,inspirational
632357,adoring
632357,ambiguous
632357,antagonistic
632357,approving
632357,audacious
632357,melodramatic
552524,hawaii
552524,bullying
552524,dysfunctional family
552524,alien
552524,loss of job
552524,shape shifting alien
552524,family
552524,nostalgic
552524,evil alien
552524,orphan siblings
552524,extraterrestrial animal
552524,wonder
552524,live action remake
552524,alien spaceship
552524,animal human friendship
552524,advanced technology
552524,hilarious
552524,whimsical
552524,admiring
552524,enthusiastic
500840,farm
500840,suicide
500840,based on novel or book
500840,winter
500840,philosophy
500840,poetry
500840,dementia
500840,melancholy
500840,surrealism
500840,road trip
500840,film in film
500840,janitor
500840,snow
500840,school
500840,psychological thriller
500840,relationship
500840,ice cream
500840,blizzard
500840,existentialism
500840,mysterious
500840,reflective
500840,suspenseful
755566,california
755566,vampire
755566,vampire hunter (slayer)
755566,"los angeles, california"
755566,buddy comedy
390062,based on novel or book
390062,river
390062,hiking
390062,hallucination
390062,bolivia
390062,forest
390062,amazon rainforest
390062,based on true story
390062,alone
390062,survival
390062,jungle
390062,raft
390062,drugs
390062,south america
390062,rainforest
390062,tense
390062,melodramatic
390062,bushmeat
399019,based on novel or book
399019,remake
399019,sexual tension
399019,period drama
399019,union soldier
399019,virginia
399019,american civil war
399019,woman director
399019,confederacy
399019,19th century
399019,girls' school
800815,based on novel or book
800815,winter
800815,detective
800815,investigation
800815,historical figure
800815,murder
800815,gothic horror
800815,occult
800815,west point
800815,book
800815,inspirational
800815,1830s
868759,central intelligence agency (cia)
868759,secret mission
868759,secret agent
868759,female spy
868759,enigmatic
868759,farmer's market
868759,save the world
426543,princess
426543,magic
426543,fairy tale
426543,betrayal
426543,magical object
426543,based on short story
426543,christmas
938614,new york city
938614,talk show
938614,1970s
938614,supernatural
938614,halloween
938614,possession
938614,hallucination
938614,hypnosis
938614,gore
938614,cancer
938614,devil
938614,evil
938614,hypnotism
938614,dream sequence
938614,demonic possession
938614,macabre
938614,found footage
938614,satanic cult
938614,television broadcast
938614,death of wife
938614,parapsychology
938614,halloween night
938614,magician
938614,late-night show
938614,supernatural power
938614,supernatural horror
938614,demon girl
938614,night
938614,livestream
938614,united states of america (usa)
938614,provocative
938614,television
938614,satanic panic
938614,ambiguous
938614,scathing
938614,dream
938614,late night television
938614,found footage adjacent
629176,post-traumatic stress disorder (ptsd)
629176,chaos
629176,superhero
629176,street riots
629176,old man
629176,young boy
629176,neighbor
629176,poverty
629176,single mother
629176,twins
629176,super power
629176,unemployment
629176,sledgehammer
629176,hatred
629176,crime gone awry
629176,super strength
629176,dead father
629176,criminal gang
629176,epic battle
629176,young heroes
629176,curious
629176,good versus evil
384682,"chicago, illinois"
384682,holiday
384682,christmas party
384682,co-workers relationship
384682,corporate downsizing
384682,duringcreditsstinger
384682,wild party
384682,business deal
384682,christmas
384682,frantic
384682,workplace comedy
384682,going out of business
384682,brother sister relationship
384682,grand
384682,office party
384682,hilarious
384682,amused
470044,high school
470044,based on novel or book
470044,trauma
470044,protest
470044,riot
470044,teenage girl
470044,racism
470044,police officer
470044,blunt
470044,preparatory school
470044,teen drama
470044,racial profiling
470044,generation z
470044,based on young adult novel
461130,drug trafficking
461130,dystopia
461130,superhero
461130,remake
461130,co-workers relationship
461130,super power
461130,criminal gang
461130,robot cop
461130,combat drone
461130,mother son relationship
461130,based on short film
649609,vampire
649609,police corruption
649609,criminal underworld
649609,bugs
649609,mob family
649609,reluctant hero
649609,crooked cops
649609,immortal
649609,dracula
649609,abusive relationship
649609,bloody death
649609,joyous
649609,violence
649609,amused
649609,satirical tone
649609,gothic parody
649609,slapstick gore
649609,brutal fights
460885,rescue
460885,nightmare
460885,kidnapping
460885,narcissism
460885,dark comedy
460885,lsd
460885,surrealism
460885,hallucinogen
460885,revenge
460885,grief
460885,murder
460885,russian roulette
460885,animated scene
460885,chainsaw
460885,cabin in the woods
460885,motorcycle
460885,death
460885,lumberjack
460885,cult leader
460885,religious cult
460885,burning corpse
460885,aggressive
460885,death of girlfriend
460885,nervous
460885,1980s
460885,grim
460885,vengeance
460885,psychedelic drug
460885,demonic
460885,independent film
460885,blood
460885,biker gang
460885,intense
460885,sinister
460885,distressing
460885,powerful
431530,holiday
431530,christmas
535292,new york city
535292,hostage
535292,subway
535292,detective
535292,shootout
535292,police officer killed
535292,nypd
535292,one night
535292,neo-noir
535292,manhunt
535292,intense
535292,awestruck
535292,vibrant
1439930,new york city
1439930,post-traumatic stress disorder (ptsd)
1439930,gun
1439930,anti hero
1439930,hallucination
1439930,based on comic
1439930,revenge
1439930,one man army
1439930,death of family
1439930,mental health
1439930,marvel cinematic universe (mcu)
1439930,hunted
1439930,aggressive
1439930,vigilante justice
402897,chaos
402897,dictator
402897,socialism
402897,dark comedy
402897,satire
402897,biography
402897,based on true story
402897,joseph stalin
402897,biting
402897,death
402897,blunt
402897,military
402897,political satire
402897,communism
402897,regime
402897,1950s
402897,complicated
402897,disheartening
431580,villain
431580,yeti
431580,family relationships
431580,reunion
431580,snow
431580,female villain
431580,aftercreditsstinger
431580,duringcreditsstinger
431580,mount everest
431580,quest
431580,zoologist
431580,3d animation
375366,"london, england"
375366,based on novel or book
375366,bunker
375366,post-apocalyptic future
375366,infection
375366,zombie
375366,little girl
375366,scientist
375366,gas mask
375366,eaten alive
375366,fungus
375366,white savior
375366,whitewashing
375366,dreary
581726,based on novel or book
581726,secret organization
581726,reincarnation
581726,memories
581726,matter of fact
581726,straightforward
1111873,ransom
1111873,vampire
1111873,kidnapping
1111873,dark comedy
1111873,child vampire
1111873,gothic horror
1111873,exploding body
1111873,ballerina
1111873,reverse trap
1111873,dracula
1111873,evil kid
433498,prisoner
433498,based on novel or book
433498,biography
433498,based on true story
433498,guillotine
433498,remake
433498,solitary confinement
433498,south america
433498,wrongful conviction
433498,prison break
433498,island prison
433498,devil's island
433498,shocking
433498,reflective
433498,french guiana
433498,complex
433498,critical
433498,sentimental
433498,whimsical
433498,ambivalent
433498,baffled
433498,bewildered
433498,brisk
433498,complicated
433498,doubtful
433498,melodramatic
520663,new york city
520663,based on novel or book
520663,wine
520663,murder
520663,neighbor
520663,agoraphobia
520663,car accident
520663,death
520663,mental illness
520663,medication pills
484468,nuclear missile
484468,chain of command
484468,sonar
484468,nuclear submarine
484468,french army
1317288,new york city
1317288,sports
1317288,capitalism
1317288,hustler
1317288,narcissism
1317288,ping pong
1317288,scheming
1317288,1950s
1317288,dedication
1317288,american businessman
1317288,table tennis
1317288,amused
1317288,bewildered
439015,small town
439015,massachusetts
439015,supernatural
439015,forest
439015,urban legend
439015,internet
439015,fear
439015,missing person
439015,insane
439015,slender man
439015,creepypasta
439015,mysterious disappearance
439015,internet horror
439015,disgusted
331313,spy
331313,suburb
331313,new neighbor
331313,neighborhood
1007757,wolf
1007757,buddy
1007757,body-swap
1007757,forest fire
1007757,woodlands
1007757,forest lore
1007757,bird
1007757,3d animation
1007757,enchant
1007757,animal adventure
449924,immigrant
449924,martial arts
449924,kung fu
449924,california
449924,fight
449924,"san francisco, california"
449924,chinatown
449924,karate
449924,based on true story
449924,sequel
449924,cancer
449924,racism
449924,chinese
449924,wing chun
449924,1960s
449924,factual
1084244,farm
1084244,island
1084244,pig
1084244,horse
1084244,rescue mission
1084244,rivalry
1084244,sequel
1084244,love
1084244,stranded
1084244,wedding
1084244,tire swing
1084244,walkie talkie
1084244,cowgirl
1084244,blunt
1084244,cowboy
1084244,buddy comedy
1084244,duringcreditsstinger
1084244,toy comes to life
1084244,hippo
1084244,abandonment
1084244,toilet paper
1084244,replacement
1084244,toy
1084244,frog
1084244,3d animation
1084244,tablet
1084244,pixar
437557,parent child relationship
437557,loss of virginity
437557,house party
437557,prom
437557,teenage girl
437557,teen comedy
437557,teenage sexuality
437557,woman director
437557,prom night
437557,mid-life crisis
437557,teenager
467938,rape
467938,drowning
467938,nightmare
467938,gore
467938,car crash
467938,hallucinogenic drug
467938,revenge
467938,vigilante
467938,man hunt
467938,bullet wound
467938,exploding head
467938,desert
467938,hunting
467938,eye gouging
467938,isolated house
467938,cauterizing a wound
467938,peyote
467938,rape and revenge
467938,headshot
467938,aggressive
467938,hunters
467938,stabbed in the back
467938,powerful
293670,daughter
293670,small town
293670,police
293670,investigation
293670,exorcism
293670,possession
293670,murder
293670,priest
293670,rural area
293670,curse
293670,shaman
293670,zombie
293670,demon
293670,shrine
293670,occult
293670,ghost
293670,gluttony
293670,shamanism
293670,folk horror
293670,acupuncture
293670,divination
293670,ambiguous
460668,confidence
460668,delusion
460668,head injury
460668,cosmetics
1311031,supernatural
1311031,sequel
1311031,based on manga
1311031,demon
1311031,shounen
1311031,anime
1311031,brother sister relationship
1311031,taisho period
440161,gold
440161,based on novel or book
440161,hitman
440161,"san francisco, california"
440161,male friendship
440161,gold rush
440161,"oregon, usa"
440161,scout
440161,19th century
440161,gold claim
440161,brother brother relationship
1084736,based on novel or book
1084736,count
1084736,revenge
1084736,wrongful conviction
1084736,hidden fortune
1084736,19th century
1084736,moral downfall
1084736,post‑napoleonic france
1084736,parisian aristocracy
1084736,marseille harbor
1084736,betrayal conspiracy
1084736,methodical vengeance
1084736,lost love tragedy
1084736,power corruption
1084736,luxurious estates
454639,skeleton
454639,superhero
454639,nostalgia
454639,alien planet
454639,based on toy
454639,super power
454639,reboot
454639,aftercreditsstinger
454639,duringcreditsstinger
454639,warrior
454639,sword and planet
454639,father son conflict
454639,sword and sorcery
454639,father daughter relationship
454639,based on tv series
397422,friendship
397422,"miami, florida"
397422,dark comedy
397422,female friendship
397422,friends
397422,drugs
397422,drinking
397422,male stripper
397422,fiancé fiancée relationship
397422,aftercreditsstinger
397422,duringcreditsstinger
397422,political candidate
397422,accident
397422,college friends
397422,bachelorette party
397422,comedy of errors
645886,redemption
645886,incredulous
1038392,"pennsylvania, usa"
1038392,supernatural
1038392,exorcism
1038392,halloween
1038392,haunted house
1038392,sequel
1038392,priest
1038392,religion
1038392,wedding
1038392,spirit
1038392,paranormal investigation
1038392,ghost
1038392,1980s
1038392,demonic
1038392,mirror
1038392,supernatural horror
1038392,horror
370755,husband wife relationship
370755,new jersey
370755,poetry
370755,routine
370755,eavesdropping
370755,beer
370755,notebook
370755,bus driver
370755,hobby
370755,twins
370755,dog
370755,drink
370755,veteran
370755,aspiration
370755,ex-boyfriend ex-girlfriend relationship
370755,cupcake
370755,female artist
370755,baking
370755,meditative
370755,calm
370755,repetition
370755,bulldog
370755,aspiring artist
370755,poem writing
370755,fame-seeking
370755,loving
370755,mundanity
614696,escape
614696,alone
614696,survival
614696,drone
614696,zombie
614696,apartment building
614696,zombie apocalypse
614696,virus
614696,live stream
614696,south korea
614696,apartment
585511,superstition
585511,bad luck
585511,leprechaun
585511,computer animation
585511,female protagonist
585511,calm
585511,wonder
585511,3d animation
585511,casual
585511,ambiguous
585511,bold
585511,حظ
614479,supernatural
614479,medium
614479,halloween
614479,college
614479,sequel
614479,evil spirit
614479,art
614479,demon
614479,other dimension
614479,father son relationship
614479,insidious
614479,malicious
614479,supernatural horror
614479,horror
614479,sinister
324670,supernatural
324670,military
245703,helicopter
245703,government
245703,chase
245703,parent child relationship
245703,gas station
245703,hostage
245703,fbi
245703,texas
245703,motel
245703,ranch
245703,meteor
245703,on the run
245703,shootout
245703,military
245703,religious cult
245703,child kidnapping
245703,goggles
533642,"chicago, illinois"
533642,artificial intelligence (a.i.)
533642,evil doll
533642,remake
533642,killer doll
533642,slasher
533642,reboot
533642,animatronic
533642,android horror
736526,mountain
736526,mythical creature
736526,creature
736526,"oslo, norway"
736526,monster movie
736526,norwegian folklore
614409,based on novel or book
614409,sequel
614409,south korea
614409,asian american
614409,"seoul, south korea"
616820,mask
616820,sadism
616820,radio station
616820,psychopath
616820,homicide
616820,insanity
616820,trauma
616820,halloween
616820,forbidden love
616820,babysitter
616820,illinois
616820,bullying
616820,sequel
616820,halloween party
616820,rampage
616820,serial killer
616820,slasher
616820,accidental death
616820,multiple stabbings
616820,motorcycle
616820,stabbing
616820,sewer
616820,evil
616820,death of son
616820,reboot
616820,homeless man
616820,mentor protégé relationship
616820,autumn
616820,halloween costume
616820,grieving father
616820,memoir
616820,murder spree
616820,human monster
616820,death of a child
616820,doomed romance
616820,sadistic killer
616820,grandmother granddaughter relationship
616820,masked killer
616820,junkyard
616820,holiday horror
351211,tree
351211,river
351211,camping
351211,tent
351211,rain
351211,supernatural
351211,halloween
351211,infection
351211,forest
351211,maryland
351211,sequel
351211,woods
351211,flashlight
351211,handheld camera
351211,campfire
351211,reboot
351211,subjective camera
351211,found footage
351211,folk horror
351211,lost in the woods
1197306,based on novel or book
1197306,kidnapping
1197306,vigilante
1197306,missing person
1197306,black ops
1197306,construction worker
1197306,criminal conspiracy
475210,"chicago, illinois"
475210,lightning
475210,pregnancy
475210,"seattle, washington"
475210,volcano
475210,earthquake
475210,tsunami
475210,road trip
475210,murder
475210,apocalypse
475210,power outage
614911,based on novel or book
614911,post-apocalyptic future
614911,nuclear radiation
614911,space travel
614911,arctic polar circle region
614911,end of the world
614911,cancer
614911,astronaut
614911,space exploration
614911,space adventure
614911,spacewalk
614911,2040s
614911,space walk
482321,family
482321,best friend forever
591275,based on novel or book
591275,sequel
591275,prequel
591275,curse
591275,teenage girl
591275,witchcraft
591275,witch hunt
591275,17th century
591275,1990s
591275,intense
521777,drone
521777,best friend
521777,first kiss
521777,sex toy
521777,tween
521777,generation z
521777,child protagonist
521777,spin the bottle
521777,playful
521777,hilarious
521777,cheerful
739405,martial arts
739405,"london, england"
739405,showdown
739405,"madrid, spain"
739405,espionage
739405,spy
739405,secret agent
739405,shootout
739405,"cannes, france"
429415,alien
429415,space
429415,mechanic
429415,alien invasion
429415,spaceship
429415,cautionary
429415,bold
429415,foreboding
799583,casino
799583,based on novel or book
799583,nazi
799583,world war ii
799583,based on true story
799583,historical figure
799583,military prison
799583,harbor
799583,british spy
799583,british prime minister
799583,black ops
799583,dangerous mission
799583,nazism
799583,1940s
799583,british intelligence
799583,german navy
799583,west africa
799583,winston churchill
799583,trawler
799583,ian fleming
799583,declassified documents
799583,german u-boat fleet
799583,german soldiers
799583,ruthless man
799583,classified information
799583,special ops team
529216,husband wife relationship
529216,spain
529216,thunderstorm
529216,1980s
529216,suburban
529216,mother daughter relationship
976893,tree
976893,routine
976893,slice of life
976893,janitor
976893,working class
976893,"tokyo, japan"
976893,character study
976893,uncle niece relationship
976893,audio cassette
976893,solitude
976893,mystical quest
976893,human nature
976893,playful
976893,lighthearted
976893,beauty of life
1079091,based on novel or book
1079091,love triangle
1079091,abusive father
1079091,trauma
1079091,florist
1079091,flashback
1079091,love
1079091,domestic abuse
1079091,domestic violence
1079091,macabre
1079091,candid
1079091,satirical
1079091,repressed trauma
1079091,abusive relationship
1079091,adaptation
1079091,romantic drama
1079091,absurd
1079091,critical
1079091,antagonistic
1079091,baffled
1079091,defiant
1079091,vibrant
727745,based on novel or book
727745,college
727745,sequel
727745,summer
727745,teen romance
840705,rape
840705,forgiveness
840705,exploitation
840705,dark comedy
840705,seclusion
840705,sexual violence
840705,gang rape
840705,psychological thriller
840705,gender roles
840705,therapy
840705,self esteem
840705,remote island
840705,debauchery
840705,wealthy man
840705,woman director
840705,rape revenge
840705,sex slavery
840705,entitlement
840705,abuse of power
840705,repressed trauma
840705,gaslighting
840705,psychological manipulation
840705,drugging someone
840705,me too movement
840705,tech-mogul
840705,private island
463684,art collector
463684,supernatural
463684,dark comedy
463684,satire
463684,social satire
463684,art house
463684,consumerism
463684,art thief
463684,art dealer
463684,art theft
463684,commercialism
463684,media criticism
1034541,monster
1034541,post-traumatic stress disorder (ptsd)
1034541,angel
1034541,shower
1034541,child murder
1034541,santa claus
1034541,college
1034541,clown
1034541,bartender
1034541,gore
1034541,dormitory
1034541,sequel
1034541,serial killer
1034541,teenage girl
1034541,slasher
1034541,chainsaw
1034541,massacre
1034541,mental illness
1034541,disfigured face
1034541,mental asylum
1034541,cousin relationship
1034541,mall santa
1034541,killer clown
1034541,terrorist bombing
1034541,christmas horror
1034541,evil clown
1034541,christmas spirit
1034541,christmas
1034541,murder of parents
1034541,orphan siblings
1034541,supernatural power
1034541,death of a child
1034541,supernatural horror
1034541,bar
1034541,bloody
1034541,independent film
1034541,blood
1034541,low budget
1034541,megaslasher
1034541,sadistic horror
974950,based on novel or book
974950,musical
974950,lawyer
974950,drug lord
974950,crime lord
974950,questioning
974950,based on opera
974950,criminal organization
974950,mexican cartel
974950,transgender
974950,self-redemption
974950,admiring
974950,amused
974950,audacious
974950,enchant
638974,new york city
638974,"paris, france"
638974,bomb
638974,kidnapping
638974,married couple
638974,interpol
638974,ex-cop
638974,sequel
638974,whodunit
638974,wedding
638974,private detective
638974,nypd
638974,tropical island
638974,"eiffel tower, paris"
638974,ransom demand
638974,maharajah
638974,french police
638974,indian wedding
638974,friend's wedding
638974,mystery
638974,arc de triomphe
638974,hilarious
337674,rape
337674,france
337674,video game
337674,assault
337674,death of father
337674,car accident
337674,birth
337674,divorced woman
337674,death of mother
337674,christmas lights
337674,giving birth
337674,rape and revenge
337674,christmas
337674,intruder
337674,pepper spray
635910,ship
635910,monster
635910,based on novel or book
635910,sacrifice
635910,vampire
635910,supernatural
635910,gothic horror
635910,supernatural horror
635910,dracula
635910,1890s
517814,child abuse
517814,slum
517814,refugee
517814,neglect
517814,child bride
517814,lawsuit
517814,undocumented immigrant
517814,poverty
517814,life in the slums
517814,slum dwellers
342473,opera
342473,dance
342473,"paris, france"
342473,flying
342473,inventor
342473,life's dream
342473,ballet
342473,orphan
342473,statue of liberty
342473,"eiffel tower, paris"
342473,19th century
342473,3d animation
342473,disapproving
342473,enthusiastic
342473,hopeful
843527,based on novel or book
843527,age difference
843527,singer
843527,forty something
843527,single mother
843527,older woman younger man relationship
843527,boy band
843527,cougar relationship
376290,strong woman
376290,politics
376290,gun
376290,empowerment
376290,hearing
376290,career woman
376290,senator
376290,female protagonist
376290,female empowerment
376290,determination
376290,ethics
376290,lobbyist
376290,gun control
376290,intense
726759,race against time
726759,video game
726759,nintendo
726759,cold war
726759,based on true story
726759,salesman
726759,copyright
726759,duringcreditsstinger
726759,1980s
726759,russia
726759,urss
726759,communist regime
726759,powerful
726759,international travel
726759,contract disputes
726759,game licensing
726759,intellectual property rights
726759,soviet bureaucracy
726759,kgb surveillance
318781,kidnapping
318781,1970s
318781,cult
318781,chile
318781,pinochet regime
318781,religion
318781,torture chamber
318781,religious fundamentalism
318781,military dictatorship
318781,political unrest
301804,dreams
301804,nightmare
301804,insomnia
301804,orphan
513310,video game
513310,time loop
513310,philosophical
513310,satirical
513310,absurd
513310,audacious
513310,defiant
513310,scathing
556678,countryside
556678,based on novel or book
556678,matchmaking
556678,19th century
556678,georgian or regency era
556678,matchmaker
556678,witty
579047,"miami, florida"
579047,drug addiction
579047,"new orleans, louisiana"
579047,flashback
579047,murder
579047,memory
579047,tech noir
579047,woman director
579047,hopeless
579047,neo-noir
579047,depressing
579047,complicated
579047,pretentious
330483,based on novel or book
330483,cheating
330483,love
330483,opposites attract
330483,girl next door
775996,android
775996,cyborg
775996,killer robot
775996,pilot
775996,nuclear missile
775996,near future
775996,2030s
775996,war
775996,สงคราม
369192,sports
369192,tennis
369192,1970s
369192,tennis player
369192,biography
369192,based on true story
369192,femme fatale
369192,female athlete
369192,determination
369192,women's rights
369192,chauvinisim
369192,tennis match
369192,exhibition match
369192,clinical
369192,approving
369192,assertive
581032,newspaper
581032,based on novel or book
581032,texas
581032,horse
581032,native american
581032,shootout
581032,orphan
581032,american civil war
581032,civil war veteran
581032,horse and wagon
581032,19th century
581032,injured horse
1029575,road trip
1029575,on the run
1029575,gamer
1029575,car salesman
1029575,las vegas
1029575,duringcreditsstinger
1029575,hidden identity
1029575,family trip
1029575,ex army
1029575,family bonding
1029575,"buffalo, new york"
1029575,secret
1029575,teenager
1029575,former assassin
1029575,physical therapist
1029575,covert assassin
381719,human animal relationship
381719,based on children's book
381719,rabbit
381719,duringcreditsstinger
381719,live action and animation
381719,food allergies
381719,3d animation
381719,enthusiastic
625450,high school
625450,romance
625450,teen movie
625450,insecurity
382322,psychopath
382322,superhero
382322,cartoon
382322,carnival
382322,descent into madness
382322,psychological thriller
382322,torture
382322,cruelty
382322,justice
382322,based on graphic novel
382322,super power
382322,madness
382322,adult animation
382322,duringcreditsstinger
382322,aggressive
382322,bewildered
382322,gloomy
1035259,sequel
1035259,slapstick comedy
1035259,spoof
1035259,reboot
1035259,aftercreditsstinger
1035259,duringcreditsstinger
1035259,action comedy
1035259,based on tv series
1035259,bumbling detective
965150,hotel
965150,depression
965150,karaoke
965150,tourist
965150,vacation
965150,turkey
965150,swimming pool
965150,coming of age
965150,memory
965150,tai chi
965150,family vacation
965150,first kiss
965150,teenage daughter
965150,lgbt
965150,semi autobiographical
965150,video recorder
965150,woman director
965150,moody
965150,rug
965150,father daughter relationship
965150,reminiscing
965150,gay theme
965150,bittersweet
965150,queer loneliness
457136,based on novel or book
457136,scotland
457136,cousin
457136,royal family
457136,biography
457136,queen elizabeth i
457136,tudor
457136,female prisoner
457136,burlesque
457136,cousin relationship
457136,woman director
457136,16th century
457136,british monarchy
457136,house of stuart
457136,apathetic
724209,mission
724209,saving the world
724209,undercover agent
724209,undercover
724209,espionage
724209,spy
724209,secret agent
724209,female protagonist
724209,mi6
724209,british spy
724209,female spy
458220,small town
458220,homophobia
458220,young boy
458220,ex-con
458220,house trailer
458220,bullied
458220,irresponsible parent
458220,adult child friendship
458220,guardianship
458220,drug addict
646207,truck
646207,truck driver
646207,mine explosion
646207,manitoba
646207,ice road
660120,bookshop
660120,photographer
660120,pregnancy
660120,man woman relationship
660120,magic mushroom
660120,cancer
660120,break-up
660120,older man younger woman relationship
660120,"oslo, norway"
660120,controversial artist
660120,turning thirty
660120,witty
660120,bitter
660120,sincere
798645,based on novel or book
798645,dystopia
798645,game show
798645,survival
798645,on the run
798645,media manipulation
798645,near future
798645,baffled
798645,authoritarian control
798645,public spectacle
798645,rigged competition
798645,broadcast violence
798645,elite hunters
798645,corrupt producers
798645,state propaganda
798645,mass entertainment
299054,sequel
299054,nuclear bomb
299054,cargo ship
299054,ring
454640,island
454640,rivalry
454640,sequel
454640,family
454640,based on video game
454640,animal kingdom
454640,unassuming
454640,irreverent
454640,3d animation
454640,cliché
454640,embarrassed
454640,frustrated
519010,drug abuse
519010,"madrid, spain"
519010,cinema on cinema
519010,movie business
519010,creative crisis
519010,lgbt
519010,sexual awakening
519010,"valencia, spain"
519010,chronic pain
519010,film director
519010,mother son relationship
519010,gay theme
519010,gay artist
519010,cheerful
519010,earnest
395991,fire
395991,bravery
395991,arizona
395991,natural disaster
395991,melancholy
395991,heroism
395991,addiction
395991,based on true story
395991,tragedy
395991,disaster
395991,firefighting
395991,test by fire
395991,forest fire
395991,firefighter
395991,"based on magazine, newspaper or article"
395991,wildfire
395991,proving oneself
553604,bomb
553604,bank robber
553604,criminal past
553604,divorce
553604,fbi agent
787752,date
787752,kidnapping
787752,female friendship
787752,romcom
787752,meat
787752,love
787752,dating
787752,cannibal
787752,body mutilation
787752,blunt
787752,woman director
787752,speculative
787752,meditative
787752,shocking
787752,grim
787752,somber
787752,philosophical
787752,introspective
787752,cannibalism
787752,provocative
787752,suspenseful
787752,tense
787752,bewildered
787752,defiant
787752,disapproving
787752,distressing
787752,harsh
787752,horrified
787752,informative
787752,instructive
787752,matter of fact
787752,ominous
787752,optimistic
787752,powerful
787752,wry
1151031,sibling relationship
1151031,ritual
1151031,supernatural
1151031,death of father
1151031,grief
1151031,death
1151031,death of daughter
1151031,angry
1151031,aggressive
1151031,folk horror
1151031,foster mom
1151031,blind child
1151031,supernatural horror
1151031,gaslighting
1151031,body horror
1151031,horror
870028,hitman
870028,autism
870028,sequel
870028,conspiracy
870028,whodunit
870028,insecure
870028,accountant
870028,mysterious death
870028,brother brother relationship
870028,grand
870028,incredulous
870028,excited
870028,hum
302156,mission
302156,central intelligence agency (cia)
302156,robbery
302156,prisoner
302156,undercover
302156,london underground
302156,memory
302156,terrorism
302156,brutality
302156,convict
302156,interrogation
302156,implant
302156,manhunt
445629,england
445629,sports
445629,wrestling
445629,biography
445629,based on true story
445629,family drama
445629,family
445629,norfolk
604079,suicide
604079,based on novel or book
604079,male friendship
604079,bullying
604079,coming of age
604079,survival
604079,teenage boy
604079,survival horror
604079,authoritarian regime
604079,psychological horror
604079,psychological breakdown
604079,life‑or‑death stakes
604079,forced march
604079,moral despair
604079,fatal competition
604079,youth dystopia
604079,oppressive system
604079,stephen king
1318447,norway
1318447,cat and mouse
1318447,canoe trip
1318447,rock climbing
1318447,nutcase
1318447,survival instinct
1318447,australian wilderness
1318447,dangerous threat
1318447,extreme challenges
1318447,grieving woman
1306368,drug crime
1306368,"miami, florida"
1306368,police
1306368,investigation
1306368,cover-up
1306368,betrayal
1306368,shootout
1306368,dirty cop
1306368,trust
1306368,double cross
1306368,attic
1306368,sting operation
1306368,cartel
1306368,hidden money
1306368,fbi agent
1306368,drug money
1306368,violence
1306368,loyalty conflict
491480,africa
491480,windmill
491480,based on true story
491480,family power struggle
491480,water for life
491480,challenge for change
491480,dedicated
491480,ingenuity
491480,dedication
491480,struggle for independence
491480,the ingenious one
486131,sequel
486131,shootout
486131,drug lord
486131,reboot
486131,death of friend
615643,american dream
615643,affectation
615643,arkansas
615643,church
615643,east asian lead
615643,farmland
615643,farmer
615643,burlesque
615643,semi autobiographical
615643,heart condition
615643,family tension
615643,hatchery
615643,1980s
615643,thoughtful
615643,vegetable farm
615643,korean american
615643,mobile home
615643,rural setting
615643,grandmother grandson relationship
615643,korean
615643,asian american
615643,korean food
615643,dramatic
615643,korean immigrant
615643,embarrassed
551804,high school
551804,gore
551804,murder
551804,serial killer
551804,slasher
551804,chainsaw
551804,body-swap
551804,high school student
551804,dead father
551804,stabbed
578701,assassin
578701,based on novel or book
578701,older woman younger man relationship
578701,neo-western
578701,wildfire
578701,distressing
578701,tragic
329440,suicide attempt
329440,supernatural
329440,childhood trauma
329440,female protagonist
329440,"tokyo, japan"
329440,identical twin
329440,lost in the woods
329440,sister sister relationship
329440,"mount fuji, japan"
329440,aokigahara
329440,haunted forest
441701,nightmare
441701,"madrid, spain"
441701,widow
441701,supernatural
441701,solar eclipse
441701,possession
441701,based on true story
441701,ouija
441701,family
441701,crucifix
441701,1990s
623491,babysitter
623491,sequel
623491,satanic ritual
623491,satanic cult
623491,virgin sacrifice
425972,australia
425972,post-apocalyptic future
425972,woman director
425972,pandemic
425972,aboriginal
425972,father daughter relationship
1273221,parody
1273221,sequel
1273221,slapstick comedy
1273221,crude humor
1273221,spoof
1273221,animated scene
1273221,slasher
1273221,horror spoof
1273221,dildo
1273221,reboot
1273221,duringcreditsstinger
1273221,mother daughter estrangement
1273221,legacy
1273221,offensive
1273221,complex
1273221,cosmetic surgery
1273221,weed
1273221,horror parody
1273221,social media influencer
1273221,livestream
1273221,stoner comedy
1273221,hilarious
1273221,excited
1273221,mocking
1273221,meta humor
1273221,gross out
1273221,raunchy
538362,biography
213681,southern usa
213681,night watchman
213681,armored car
213681,security
213681,armored car robbery
213681,bank heist
664469,investigation
664469,secret organization
664469,based on true story
664469,death of father
664469,friends
664469,conspiracy
664469,racism
664469,witness to murder
664469,disfigured face
664469,veteran
664469,duringcreditsstinger
664469,framed for murder
664469,political corruption
664469,mysterious death
664469,1930s
664469,political conspiracy
486947,police officer
486947,police station
486947,cellular phone trace
486947,phone call
486947,suspended cop
486947,emergency
486947,desk work
486947,alarm dispatch
491584,fire
491584,jealousy
491584,dreams
491584,countryside
491584,love triangle
491584,cat
491584,sex shop
491584,sadness
491584,sunlight
491584,suspicion
491584,greenhouse
491584,melancholy
491584,love
491584,arson
491584,writer
491584,class differences
491584,based on short story
491584,burning
491584,questioning
491584,metaphor
491584,meditative
491584,philosophical
491584,dance ritual
491584,rural setting
491584,introspective
491584,sunsets
491584,return to hometown
491584,"seoul, south korea"
491584,disappearing
491584,subjective
407451,based on novel or book
407451,child prodigy
407451,remake
407451,family
407451,woman director
407451,mixed race
407451,depressing
399366,beach
399366,sibling relationship
399366,library
399366,rifle
399366,abandoned house
399366,flashback
399366,murder
399366,mental illness
399366,attic
399366,morse code
399366,1960s
399366,thoughtful
399366,orphan siblings
399366,fear of mirrors
829557,gangster
829557,sequel
829557,bdsm
829557,rich man poor woman
829557,sex
829557,erotique
774825,ice age
774825,snow
774825,spin off
774825,polar adventure
774825,3d animation
1290821,home invasion
1290821,mysterious girl
1290821,ghosts of the past
1290821,isolated island
1290821,child protection
1290821,audacious
1290821,solitary life
1290821,hidden secret
1290821,close‑quarters combat
1290821,dangerous escalation
1290821,storm rescue
1290821,unexpected threat
1290821,violent assault
1290821,protective instinct
1290821,lone protector
1290821,intense action thriller
1290821,siege situation
499701,peru
499701,museum
499701,fox
499701,based on cartoon
499701,jungle
499701,lost city
499701,quicksand
499701,monkey
499701,lost civilization
499701,teenage protagonist
499701,playful
499701,based on tv series
499701,live action
499701,admiring
499701,amused
499701,appreciative
499701,enthusiastic
642885,witch
642885,high school
642885,sibling relationship
642885,halloween
642885,resurrection
642885,sister
642885,sequel
642885,zombie
642885,"salem, massachusetts"
642885,aftercreditsstinger
642885,duringcreditsstinger
437586,california
437586,skateboarding
437586,dysfunctional family
437586,coming of age
437586,"los angeles, california"
437586,misogyny
437586,fitting in
437586,1990s
437586,skate punk
437586,gay theme
437586,teenager
437586,teen smoking
437586,wayward teens
716612,princess
716612,marriage crisis
716612,royal family
716612,biography
716612,based on true story
716612,psychological abuse
716612,norfolk
716612,christmas
716612,1990s
716612,british royal family
716612,british monarchy
716612,body horror
716612,princess diana
716612,sentimental
716612,melodramatic
325789,undercover
325789,biography
325789,drugs
325789,drug lord
325789,suspenseful
325789,critical
325789,tense
325789,callous
325789,distressing
325789,foreboding
325789,ominous
325789,powerful
585245,based on novel or book
585245,dog
585245,giant dog
585245,pets
585245,live action and animation
585245,cgi-live action hybrid
656690,artificial intelligence (a.i.)
656690,technology
656690,silicon valley
656690,high tech surveillance
656690,internet
656690,surveillance
656690,big corporation
656690,media manipulation
656690,social network
656690,teen suicide
656690,low self esteem
656690,social media
656690,internet culture
656690,commercialism
656690,internet addiction
656690,social isolation
656690,self-harm
656690,advertising campaign
656690,advertising model
656690,late stage capitalism
656690,machine learning
656690,media addiction
656690,algorithm
656690,societal collapse
656690,smartphone
504253,dying and death
504253,diary
504253,terminal illness
504253,tragedy
504253,hospital
504253,high school student
504253,shocking
504253,anime
504253,bucket list
504253,japanese high school
504253,based on web novel
504253,romantic
395458,dark comedy
416234,drug addiction
416234,haunted house
416234,earthquake
416234,based on true story
416234,rifle
416234,architecture
416234,doctor
416234,ghost
416234,fictional biography
416234,"san jose, california"
916224,magic
916224,door
916224,natural disaster
916224,calamity
916224,travel
916224,teenage girl
916224,female protagonist
916224,shrine
916224,supernatural creature
916224,enviromental
916224,journey
916224,anime
916224,great east japan earthquake
916224,great kantō earthquake
916224,adventure
916224,"miyagi, japan"
916224,bewildered
916224,disaster aftermath
810693,supernatural
810693,exorcism
810693,paranormal
810693,prequel
810693,tragedy
810693,curse
810693,based on manga
810693,spirit
810693,demon
810693,school life
810693,shounen
810693,anime
614560,movie business
614560,screenwriter
614560,biography
614560,hollywood
614560,black and white
614560,alcoholic
614560,1930s
614560,old hollywood
385103,friendship
385103,superhero
385103,villain
385103,heroism
385103,talking dog
385103,friends
385103,based on cartoon
385103,criminal investigation
385103,boy and dog
385103,caveman
385103,fright
385103,3d animation
385103,bitter
511809,new york city
511809,dancing
511809,dance
511809,street gang
511809,love at first sight
511809,forbidden love
511809,musical
511809,based on play or musical
511809,interracial relationship
511809,racism
511809,young love
511809,broadway musical
511809,1950s
511809,romeo & juliet
511809,latino
424781,slavery
424781,satire
424781,surrealism
424781,"oakland, california"
424781,poverty
424781,telemarketer
424781,telemarketing
424781,human animal hybrid
424781,corporate conspiracy
424781,complex
424781,race relations
424781,modern slavery
424781,inspirational
424781,provocative
424781,absurd
424781,hilarious
424781,bold
424781,informative
323675,police
323675,family relationships
323675,sequel
323675,police officer
323675,misadventure
323675,buddy film
1007734,dark comedy
1007734,black humor
1007734,sequel
1007734,one man army
1007734,family vacation
1007734,marital tensions
1007734,celebratory
1007734,russian mafia
1007734,revenge cycle
1007734,explosive action
1007734,assassin contracts
1007734,reluctant killer
1007734,family under pressure
1007734,eccentric allies
1007734,hit list
1007734,deadly missions
1022796,friendship
1022796,villain
1022796,black magic
1022796,wish
1022796,musical
1022796,computer animation
1022796,female protagonist
1022796,betrayal by friend
1022796,aftercreditsstinger
1022796,woman director
1022796,wicked king
1022796,disabled person
1022796,3d animation
1022796,evil king
1022796,star
1022796,corrupt government
1022796,hopeful
848538,"london, england"
848538,france
848538,cat
848538,spy
848538,greece
848538,secret organization
848538,colorado
848538,secret agent
848538,writer's block
848538,author
848538,novelist
848538,aftercreditsstinger
848538,double identity
848538,international espionage
848538,covert operations
848538,mind manipulation
848538,encrypted files
848538,comic misunderstandings
565028,halloween
565028,sequel
565028,murder
565028,urban legend
565028,bee
565028,evil
565028,urban gothic
565028,mirror
417320,magic
417320,fairy tale
417320,villain
417320,musical
417320,sequel
417320,teen movie
271969,based on novel or book
271969,christianity
271969,chariot race
271969,ancient rome
271969,remake
271969,betrayal
271969,catholic
271969,1st century
271969,jesus christ
271969,vengeance
271969,antiquity
617505,holiday
617505,riding a bicycle
617505,halloween
617505,bullying
617505,single mother
617505,foster family
617505,protective mother
425274,diamond
425274,antwerp
425274,sequel
425274,diamond heist
425274,misdirection
425274,hidden agenda
425274,sleight of hand
425274,team up
425274,absurd
425274,condescending
425274,mystery and intrigue
425274,antwerp diamonds
425274,magic heist
425274,illusion mastery
425274,team synergy
425274,showmanship
425274,illusionist team
425274,twist reveal
425274,international theft
635731,expensive restaurant
635731,pig
635731,loss of loved one
635731,"portland, oregon"
635731,misanthrophy
635731,grief
635731,cabin in the woods
635731,chef
635731,loss of pet
635731,loner
635731,grieving
635731,pets
635731,truffles
635731,depressing
722778,italy
722778,"naples, italy"
722778,loss of virginity
722778,family relationships
722778,coming of age
722778,poverty
722778,teenage boy
722778,football (soccer) fan
722778,semi autobiographical
722778,1980s
760741,wild animal
501907,friendship
501907,male friendship
501907,based on true story
501907,kindness
501907,estranged father
501907,investigative journalism
501907,1990s
501907,semi-biographical
501907,hand puppet
501907,"based on magazine, newspaper or article"
501907,television journalist
501907,tv show
501907,television star
501907,television host
549509,new york city
549509,immigrant
549509,husband wife relationship
549509,"philadelphia, pennsylvania"
549509,"venice, italy"
549509,capitalism
549509,"pennsylvania, usa"
549509,drug addiction
549509,architect
549509,american dream
549509,exploitation
549509,holocaust (shoah) survivor
549509,architecture
549509,period drama
549509,post world war ii
549509,heroin addict
549509,sexual assault
549509,ellis island
549509,1940s
549509,1980s
549509,1950s
549509,male domination
549509,visionary
549509,slow burn
549509,hungarian
549509,psychological drama
626735,military working dogs
626735,emotional support animal
626735,belgian malinois
626735,baddi-flies
626735,ranger regiment
615469,dystopia
615469,psychological stress
615469,prison escape
615469,psychological thriller
615469,inmate
615469,based on short story
615469,psychotronic
615469,drug testing
777443,man vs machine
777443,artificial intelligence (a.i.)
777443,based on novel or book
777443,robot
777443,1990s
777443,quest for identity
777443,young
777443,missing brother
777443,comedy
777443,retro‑futuristic world
777443,post‑war dystopia
777443,technological ruins
777443,technology fallout
777443,emotional sci‑fi
777443,search for family
777443,survival journey
300673,coast guard
300673,rescue mission
300673,based on true story
300673,survival
300673,storm at sea
300673,sinking ship
300673,1950s
1325734,infidelity
1325734,"boston, massachusetts"
1325734,dark comedy
1325734,romcom
1325734,engaged couple
1325734,trust issues
1325734,provocative
1325734,amused
1325734,audacious
1325734,complicated
334524,gold
334524,fraud
334524,wall street
334524,mining
334524,based on true story
334524,gold mine
334524,indonesia
334524,money
334524,jungle
334524,lighthearted
334524,intense
334524,excited
454293,baseball bat
454293,exam
454293,car crash
454293,dyslexia
454293,teacher
454293,prom
454293,learning disability
454293,night school
454293,high school drop out
454293,boxing ring
416144,husband wife relationship
416144,"mumbai (bombay), india"
416144,based on true story
416144,india
416144,struggle for survival
416144,religious fundamentalism
416144,terrorist attack
416144,luxury hotel
416144,2000s
416144,islamic terrorism
401246,satire
401246,theft
401246,installation
401246,town square
401246,shame
401246,art museum
401246,satirical
401246,altruism
401246,father daughter relationship
401246,absurd
401246,bold
401246,informative
539681,superhero
539681,villain
539681,based on comic
539681,dog
539681,super power
539681,aftercreditsstinger
539681,duringcreditsstinger
539681,evil mastermind
539681,supervillain
539681,talking animal
539681,3d animation
396806,detective
396806,dystopia
396806,serial killer
396806,privacy
396806,procedural
396806,augmented reality
634528,assassin
634528,mexico
634528,war veteran
634528,usa–mexico border
634528,murder
634528,drug cartel
634528,farmer
634528,dead dog
634528,road movie
532639,based on novel or book
532639,fairy
532639,musical
532639,puppet
532639,live action and animation
532639,live action remake
532639,talking animal
532639,adoring
407448,fire
407448,police brutality
407448,church choir
407448,based on true story
407448,beating
407448,murder
407448,racism
407448,church
407448,"detroit, michigan"
407448,1960s
1087891,central intelligence agency (cia)
1087891,based on novel or book
1087891,escape
1087891,blackmail
1087891,revenge
1087891,agent
1087891,government assassin
1087891,government cover-up
1087891,government conspiracy
1087891,death of wife
1087891,spy thriller
1087891,computer hacker
1087891,suspenseful
1087891,enthusiastic
597891,japan
597891,assassin
597891,radiation
597891,poison
597891,revenge
597891,female assassin
597891,"tokyo, japan"
597891,vengeance
560057,ship
560057,orphan
560057,sea monster
560057,17th century
560057,sea adventure
560057,3d animation
560057,lighthearted
560057,awestruck
560057,cheerful
568620,prequel
568620,ninja
568620,based on cartoon
568620,based on toy
568620,spin off
568620,origin of hero
568620,gi joe
568620,female fighter
568620,action hero
568620,female warrior
568620,based on tv series
548473,farm
548473,hermit
548473,mutation
548473,barn
548473,meteorite
548473,cabin
548473,descent into madness
548473,alien invasion
548473,family
548473,new england
548473,based on short story
548473,necronomicon
548473,well
548473,infected
548473,cosmic horror
548473,alpaca
548473,wonder
548473,secluded house
548473,lovecraftian
548473,awestruck
548473,frightened
548473,lovecraftian horror
399106,fear
399106,anxious
399106,playful
399106,short film
399106,3d animation
399106,assertive
399106,shorebird
399106,fledgling
760883,airplane
760883,germany
760883,vampire
760883,flashback
760883,murder
760883,airplane hijacking
760883,dead dog
760883,terrorist attack
760883,told in flashback
760883,barking dog
760883,blood sucking
760883,flight attendant
760883,shooting dog
760883,mother son relationship
698687,based on toy
698687,giant robot
698687,aftercreditsstinger
698687,duringcreditsstinger
698687,buddy movie
698687,brothers-in-arms relationship
698687,origin story
698687,3d animation
698687,alien robot
475430,ransom
475430,magic
475430,kidnapping
475430,fairy
475430,based on children's book
475430,criminal mastermind
475430,family
475430,kid genius
475430,complicated
475430,disrespectful
1195506,pain
1195506,superhero
1195506,dark comedy
1195506,dream girl
1195506,bank robbery
1195506,hostage situation
1195506,held hostage
1195506,unlikely hero
1195506,genetic disorder
1195506,comedy thriller
974635,hitman
974635,identity
974635,professor
974635,"new orleans, louisiana"
974635,romcom
974635,disguise
974635,screwball comedy
974635,undercover operation
974635,sting operation
974635,"based on magazine, newspaper or article"
974635,persona
974635,moonlighting
583406,"chicago, illinois"
583406,assassination
583406,black panther party
583406,based on true story
583406,betrayal
583406,betrayal by friend
583406,hard
583406,1960s
583406,african american history
583406,rainbow coalition
583406,awestruck
583406,exhilarated
1272837,england
1272837,satanism
1272837,cult
1272837,sequel
1272837,zombie
1272837,crucifix
1272837,survival horror
1272837,satanic cult
1272837,zombie apocalypse
1272837,woman director
1272837,northumberland
1272837,post-apocalyptic
630240,pregnancy
630240,trauma
630240,head wound
630240,car crash
630240,serial killer
630240,car accident
630240,woman director
630240,firefighter
630240,masculinity
630240,abortion
630240,missing son
630240,female serial killer
630240,woman disguised as man
630240,immaculate conception
630240,objectum sexuality
630240,body horror
454227,scotland
454227,castle
454227,exile
454227,biography
454227,based on true story
454227,uprising
454227,period drama
454227,historical drama
454227,scottish highlands
454227,14th century
454227,scottish history
527261,based on novel or book
527261,deaf
527261,post-apocalyptic future
527261,survival
527261,creature
527261,religious cult
527261,sign languages
527261,deadly creature
527261,creature attack
527261,trying to avoid making noise
447273,princess
447273,dwarf
447273,fairy tale
447273,poison
447273,musical
447273,remake
447273,apple
447273,based on movie
447273,evil queen
447273,based on fairy tale
447273,live action remake
447273,fantasy
447273,romantic fantasy
556694,mythology
556694,longing
556694,djinn
556694,desire
556694,storytelling
556694,wish fulfillment
556694,genie
556694,public speaking
556694,"istanbul, turkey"
556694,scholar
556694,lonely woman
556694,complex
556694,wishes
556694,doctorate
556694,whimsical
777270,working class
777270,black and white
777270,"belfast, north ireland"
777270,1960s
777270,"the troubles (north ireland, 1966-98)"
453201,"paris, france"
453201,based on novel or book
453201,classroom
453201,based on true story
453201,train
453201,terrorism
453201,terrorist group
522924,friendship
522924,"washington dc, usa"
522924,based on novel or book
522924,car race
522924,sports
522924,reincarnation
522924,race car driver
522924,dog
522924,animals
522924,pets
522924,father daughter relationship
522924,animal narrator
646097,small town
646097,corruption
646097,police chief
646097,louisiana
646097,rogue cop
646097,police corruption
646097,ex-marine
646097,social issues
646097,abuse of power
646097,police misconduct
646097,exciting
646097,community pressure
646097,power imbalance
646097,money seizure
646097,explosive tension
646097,lone fighter
341006,experiment
341006,office
341006,survival
341006,murder
341006,american
341006,death
341006,security guard
341006,survival horror
341006,locked in
341006,elevator
341006,deadly game
341006,psychological
341006,"bogota, colombia"
341006,death game
341006,psychological horror
406761,hotel
406761,nurse
406761,dystopia
406761,orderly
406761,street riots
406761,riot
406761,agoraphobia
406761,"los angeles, california"
406761,death of son
406761,riot police
406761,near future
406761,clandestine hospital
406761,2020s
1086747,based on novel or book
1086747,shapeshifting
1086747,bunker
1086747,forest
1086747,shelter
1086747,ireland
1086747,changeling
1086747,dark fantasy
1086747,strangers
1086747,mimic
1086747,fairies
1086747,trapped in a room
1086747,irish mythology
1086747,supernatural presence
1086747,mysterious watchers
1086747,rules of survival
1041613,nun
1041613,italy
1041613,pregnancy
1041613,priest
1041613,female protagonist
1041613,church
1041613,convent (nunnery)
1041613,dark secret
1041613,unassuming
1041613,religious horror
1041613,body horror
1041613,excited
489925,adolescence
489925,identity crisis
489925,coming of age
489925,teenage girl
489925,middle school
489925,self identity
489925,social media
489925,generation z
467660,stalker
467660,mental institution
467660,fear
467660,mother daughter relationship
467660,negative
818397,assassin
818397,alzheimer's disease
818397,remake
818397,assertive
524251,small town
524251,husband wife relationship
524251,kidnapping
524251,detective
524251,investigation
524251,twist
524251,forest
524251,dysfunctional family
524251,murder
524251,disappearance
524251,serial killer
524251,home invasion
524251,search party
524251,plot twist
524251,phrogging
619979,infidelity
619979,jealousy
619979,based on novel or book
619979,marriage
619979,dysfunctional marriage
619979,murder
619979,cuckold
619979,jealous husband
619979,erotic thriller
619979,unfaithful wife
619979,cuckolded husband
619979,psychological
619979,snails
632727,mass murder
632727,texas
632727,halloween
632727,gore
632727,sequel
632727,murder
632727,decapitation
632727,serial killer
632727,leatherface
632727,slasher
632727,chainsaw
632727,massacre
632727,cannibal
632727,body mutilation
632727,reboot
632727,gentrification
632727,aggressive
632727,skinning
505058,webcam
505058,sequel
505058,lesbian relationship
505058,hacking
505058,computer screen
505058,found footage
505058,shocking
505058,skype
505058,game night
505058,screenlife
505058,livestream
505058,found footage adjacent
316152,ku klux klan
316152,slavery
316152,based on true story
316152,period drama
316152,revolt
316152,confederate
316152,resistance fighter
316152,american civil war
316152,deep south
316152,mississippi
309886,drug dealer
309886,trailer park
309886,parent child relationship
309886,on the run
309886,teenage girl
309886,desert
309886,family reunion
309886,alcoholic
309886,ex-con
309886,tattoo artist
309886,mexican cartel
309886,biker gang
791177,based on novel or book
791177,sense of guilt
791177,homelessness
791177,addiction
791177,road trip
791177,love
791177,interracial romance
791177,teenage girl
791177,family abandonment
791177,cannibal
791177,guilt
791177,sensuality
791177,first love
791177,pickup truck
791177,flesh eating
791177,road movie
791177,genre bending
791177,dark secret
791177,1980s
791177,american midwest
791177,abandonment
791177,romantic thriller
791177,estranged mother
791177,brother sister relationship
791177,love story
791177,body horror
791177,intimate
791177,suspenseful
791177,sentimental
791177,brutal violence
579974,rescue
579974,revolution
579974,liberation
579974,slavery
579974,male friendship
579974,freedom fighter
579974,british empire
579974,interracial romance
579974,historical fiction
579974,period drama
579974,historical
579974,1920s
579974,history of india
579974,killed in action
579974,war
639720,friendship
639720,imaginary friend
639720,aftercreditsstinger
639720,imaginary
639720,live action and animation
639720,imagination
1236153,race against time
1236153,mission
1236153,artificial intelligence (a.i.)
1236153,bomb
1236153,kidnapping
1236153,dystopia
1236153,cop
1236153,"los angeles, california"
1236153,false accusations
1236153,innocent suspect
1236153,father daughter relationship
1236153,criminal justice system
1236153,evidence room
1236153,near future
1236153,screenlife
1236153,alcoholic cop
1236153,crime
406994,holiday
406994,spider
406994,murder
406994,snowman
406994,snow
406994,home invasion
406994,truth or dare
406994,christmas lights
406994,christmas horror
406994,christmas
283378,based on novel or book
283378,fallen angel
283378,reform school
283378,based on young adult novel
338189,narration
338189,based on play or musical
338189,dysfunctional family
338189,male homosexuality
338189,illness
338189,critically bashed
338189,lgbt
338189,resentment
338189,incommunicability
338189,small talk
338189,gay theme
338189,dreary
442062,witch
442062,skeleton
442062,monster
442062,based on novel or book
442062,spider
442062,halloween
442062,sequel
442062,pumpkins
442062,zombie
442062,werewolf
442062,based on children's book
442062,bats
442062,ghoul
442062,ghost
442062,horror for children
442062,ventriloquist's dummy
442062,ghouls
442062,skeletons
442062,abominable snowman
442062,monsters
442062,witches
442062,ghosts
442062,zombies
442062,gummy bears
614930,new york city
614930,sibling relationship
614930,skateboarding
614930,crime fighter
614930,superhero
614930,turtle
614930,based on comic
614930,ninja
614930,duringcreditsstinger
614930,playful
614930,aspiring journalist
614930,anthropomorphic animal
614930,3d animation
614930,lighthearted
614930,sentimental
614930,whimsical
614930,enthusiastic
614930,vibrant
396461,secret society
396461,seduction
396461,dark comedy
396461,surrealism
396461,dream sequence
396461,voyeur
396461,part animation
396461,mysterious
396461,neo-noir
396461,hollywood hills
396461,subliminal message
1301421,shepherd
1301421,based on novel or book
1301421,investigation
1301421,murder
1301421,aftercreditsstinger
1301421,murder mystery
1301421,investigate
1301421,talking animal
1301421,inspirational
1301421,whodunnit
1301421,animal adventure
1301421,bumbling detective
463257,escape
463257,runaway
463257,wrestling
463257,down syndrome
463257,on the run
463257,wrestling coach
463257,raft
463257,nursing home
463257,disability
463257,dream come true
463257,escape plan
463257,southern gothic
506574,magic
506574,musical
506574,sequel
506574,family
446894,nepal
446894,himalaya mountain range
446894,musical
446894,yeti
446894,anthropomorphism
446894,snow
446894,creature
446894,based on children's book
446894,aftercreditsstinger
446894,duringcreditsstinger
446894,plane crash
446894,3d animation
446894,cheerful
446894,enthusiastic
512895,freedom
512895,family
512895,streetwise
512895,live action and animation
452832,video game
452832,virtual reality
452832,fisherman
452832,domestic violence
452832,co-workers relationship
452832,alcohol abuse
452832,cajun
452832,older woman younger man relationship
452832,fishing boat
452832,curious
452832,neo-noir
452832,isolated island
452832,abusive stepfather
452832,father son relationship
452832,zydeco
452832,hunting obsession
522518,reincarnation
522518,sequel
522518,growing up
522518,dog
522518,animal shelter
522518,pets
1071215,small town
1071215,sadism
1071215,holiday
1071215,massachusetts
1071215,thanksgiving
1071215,dark comedy
1071215,riot
1071215,plymouth
1071215,murder
1071215,serial killer
1071215,consumerism
1071215,slasher
1071215,whodunit
1071215,aftercreditsstinger
1071215,murder spree
1071215,teenage killer
1071215,black friday
1071215,based on short film
1071215,holidays
1071215,revenge slasher
1071215,stalked by a killer
1071215,revenge horror
1071215,masked killer
1071215,teen slasher
1071215,holiday horror
377264,future
377264,artificial intelligence (a.i.)
377264,robot
1228710,galaxy
1228710,bounty hunter
1228710,spin off
1228710,space opera
1228710,space adventure
1228710,based on tv series
1228710,lighthearted
1228710,master apprentice relationship
734265,holiday
734265,ugliness
734265,online dating
734265,christmas
734265,dating app
734265,happy ending
734265,christmas romance
734265,feelgood
530382,"philadelphia, pennsylvania"
530382,detective
530382,time travel
530382,living in car
530382,serial killer
530382,hospital
530382,grave digger
530382,polaroid camera
530382,angry
530382,white supremacy
530382,father daughter relationship
530382,grandfather granddaughter relationship
504562,based on novel or book
504562,jazz club
504562,tourette syndrome
504562,"brooklyn, new york city"
504562,private detective
504562,murder investigation
504562,political corruption
504562,neo-noir
504562,1950s
424121,wales
424121,ransom
424121,gore
424121,cult
424121,murder
424121,religion
424121,prophet
424121,church
424121,praying
424121,folk horror
424121,isolated island
424121,1900s
424121,father daughter relationship
424121,depressing
323677,"berlin, germany"
323677,sports
323677,olympic games
323677,biography
323677,historical figure
323677,racism
323677,track and field
323677,olympic athlete
323677,star athlete
323677,inspirational
323677,jesse owens
323677,olympic champion
323677,olympic medal
323677,biographical
315011,japan
315011,monster
315011,bureaucracy
315011,politics
315011,giant monster
315011,nuclear radiation
315011,political incompetence
315011,"tokyo, japan"
315011,destruction
315011,reboot
315011,kaiju
315011,satirical
315011,political turmoil
315011,human made disaster
315011,godzilla
315011,nuclear disaster
315011,us japan relations
315011,tokusatsu
315011,intense
315011,urban collapse
614933,artificial intelligence (a.i.)
614933,exploration
614933,distant future
614933,attack
614933,soldier
614933,battle
614933,human‑ai distrust
614933,survival partnership
614933,rogue ai threat
614933,machine autonomy
614933,hostile planet
614933,futuristic spacecraft
614933,neural interface
614933,deep‑space mission
614933,military robot
432068,"paris, france"
432068,wedding planner
432068,marriage
432068,wedding party
432068,bride and groom
432068,catering
533533,artificial intelligence (a.i.)
533533,computer program
533533,identity crisis
533533,computer simulation
533533,sequel
533533,business rivalry
533533,virtual world
533533,digital world
533533,real‑world crossover
533533,advanced program
533533,technological conflict
533533,system instability
533533,cyber universe
533533,quantum computing
533533,system breach
533533,existential threat
618344,superhero
618344,based on comic
618344,hopeless
618344,depressing
618344,bitter
618344,disrespectful
618344,dc animated movie universe (dcamu)
