tmdbId,person_id,name,character,order
293660,10859,Ryan Reynolds,Wade / Deadpool,0
293660,54882,Morena Baccarin,Vanessa,1
293660,1047649,Ed Skrein,Ajax,2
293660,51990,T.J. Miller,Weasel,3
293660,78452,Gina Carano,Angel Dust,4
293660,122750,Leslie Uggams,Blind Al,5
293660,1492326,Brianna Hildebrand,Negasonic Teenage Warhead,6
293660,80507,Stefan Kapičić,Colossus (voice),7
293660,1109702,Karan Soni,Dopinder,8
293660,215887,Randal Reeder,Buck,9
299536,3223,Robert Downey Jr.,Tony Stark / Iron Man,0
299536,16828,Chris Evans,Steve Rogers / Captain America,1
299536,74568,Chris Hemsworth,Thor,2
299536,16851,Josh Brolin,Thanos,3
299536,103,Mark Ruffalo,Bruce Banner / Hulk,4
299536,1245,Scarlett Johansson,Natasha Romanoff / Black Widow,5
299536,1896,Don Cheadle,James Rhodes / War Machine,6
299536,71580,Benedict Cumberbatch,Doctor Strange,7
299536,1136406,Tom Holland,Peter Parker / Spider-Man,8
299536,172069,Chadwick Boseman,T'Challa / Black Panther,9
299534,3223,Robert Downey Jr.,Tony Stark / Iron Man,0
299534,16828,Chris Evans,Steve Rogers / Captain America,1
299534,103,Mark Ruffalo,Bruce Banner / Hulk,2
299534,74568,Chris Hemsworth,Thor,3
299534,1245,Scarlett Johansson,Natasha Romanoff / Black Widow,4
299534,17604,Jeremy Renner,Clint Barton / Hawkeye,5
299534,16851,Josh Brolin,Thanos,6
299534,1896,Don Cheadle,James Rhodes / War Machine,7
299534,22226,Paul Rudd,Scott Lang / Ant-Man,8
299534,71580,Benedict Cumberbatch,Doctor Strange,9
475557,73421,Joaquin Phoenix,Arthur Fleck,0
475557,380,Robert De Niro,Murray Franklin,1
475557,1545693,Zazie Beetz,Sophie Dumond,2
475557,4432,Frances Conroy,Penny Fleck,3
475557,16841,Brett Cullen,Thomas Wayne,4
475557,74242,Shea Whigham,Detective Burke,5
475557,121718,Bill Camp,Detective Garrity,6
475557,1377670,Glenn Fleshler,Randall,7
475557,1416396,Leigh Gill,Gary,8
475557,6181,Josh Pais,Hoyt Vaughn,9
271110,16828,Chris Evans,Steve Rogers / Captain America,0
271110,3223,Robert Downey Jr.,Tony Stark / Iron Man,1
271110,1245,Scarlett Johansson,Natasha Romanoff / Black Widow,2
271110,60898,Sebastian Stan,Bucky Barnes / Winter Soldier,3
271110,53650,Anthony Mackie,Sam Wilson / Falcon,4
271110,1896,Don Cheadle,Lieutenant James Rhodes / War Machine,5
271110,17604,Jeremy Renner,Clint Barton / Hawkeye,6
271110,172069,Chadwick Boseman,T'Challa / Black Panther,7
271110,6162,Paul Bettany,Vision,8
271110,550843,Elizabeth Olsen,Wanda Maximoff / Scarlet Witch,9
284054,172069,Chadwick Boseman,T'Challa / Black Panther,0
284054,135651,Michael B. Jordan,Erik Killmonger,1
284054,1267329,Lupita Nyong'o,Nakia,2
284054,82104,Danai Gurira,Okoye,3
284054,7060,Martin Freeman,Everett K. Ross,4
284054,206919,Daniel Kaluuya,W'Kabi,5
284054,1083010,Letitia Wright,Shuri,6
284054,1447932,Winston Duke,M'Baku,7
284054,1225953,Sterling K. Brown,N'Jobu,8
284054,9780,Angela Bassett,Ramonda,9
284052,71580,Benedict Cumberbatch,Dr. Stephen Strange,0
284052,5294,Chiwetel Ejiofor,Mordo,1
284052,53714,Rachel McAdams,Dr. Christine Palmer,2
284052,30082,Benedict Wong,Wong,3
284052,1019,Mads Mikkelsen,Kaecilius,4
284052,3063,Tilda Swinton,The Ancient One,5
284052,72873,Michael Stuhlbarg,Dr. Nicodemus West,6
284052,4589,Benjamin Bratt,Jonathan Pangborn,7
284052,78110,Scott Adkins,Lucian / Strong Zealot,8
284052,1070721,Zara Phythian,Brunette Zealot,9
315635,1136406,Tom Holland,Peter Parker / Spider-Man,0
315635,2232,Michael Keaton,Adrian Toomes / Vulture,1
315635,3223,Robert Downey Jr.,Tony Stark / Iron Man,2
315635,3141,Marisa Tomei,May Parker,3
315635,15277,Jon Favreau,Happy Hogan,4
315635,12052,Gwyneth Paltrow,Pepper Potts,5
315635,505710,Zendaya,Michelle,6
315635,119589,Donald Glover,Aaron Davis,7
315635,1649152,Jacob Batalon,Ned,8
315635,1606394,Laura Harrier,Liz,9
283995,73457,Chris Pratt,Peter Quill / Star-Lord,0
283995,8691,Zoe Saldaña,Gamora,1
283995,543530,Dave Bautista,Drax,2
283995,12835,Vin Diesel,Baby Groot (voice),3
283995,51329,Bradley Cooper,Rocket (voice),4
283995,6856,Kurt Russell,Ego,5
283995,12132,Michael Rooker,Yondu,6
283995,543261,Karen Gillan,Nebula,7
283995,139820,Pom Klementieff,Mantis,8
283995,16483,Sylvester Stallone,Stakar Ogord,9
634649,1136406,Tom Holland,Peter Parker / Spider-Man,0
634649,505710,Zendaya,MJ,1
634649,71580,Benedict Cumberbatch,Doctor Strange,2
634649,1649152,Jacob Batalon,Ned Leeds,3
634649,15277,Jon Favreau,Happy Hogan,4
634649,134,Jamie Foxx,Max Dillon / Electro,5
634649,5293,Willem Dafoe,Norman Osborn / Green Goblin,6
634649,658,Alfred Molina,Dr. Otto Octavius / Doc Ock,7
634649,30082,Benedict Wong,Wong,8
634649,1291350,Tony Revolori,Flash Thompson,9
284053,74568,Chris Hemsworth,Thor,0
284053,103,Mark Ruffalo,Bruce Banner / Hulk,1
284053,91606,Tom Hiddleston,Loki,2
284053,112,Cate Blanchett,Hela,3
284053,17605,Idris Elba,Heimdall,4
284053,4785,Jeff Goldblum,Grandmaster,5
284053,62561,Tessa Thompson,Valkyrie,6
284053,1372,Karl Urban,Skurge,7
284053,4173,Anthony Hopkins,Odin,8
284053,71580,Benedict Cumberbatch,Doctor Strange,9
297761,2888,Will Smith,Deadshot,0
297761,7499,Jared Leto,The Joker,1
297761,234352,Margot Robbie,Harley Quinn,2
297761,92404,Joel Kinnaman,Rick Flag,3
297761,19492,Viola Davis,Amanda Waller,4
297761,224181,Jai Courtney,Boomerang,5
297761,19487,Jay Hernandez,Diablo,6
297761,31164,Adewale Akinnuoye-Agbaje,Killer Croc,7
297761,1289968,Cara Delevingne,June Moone / Enchantress,8
297761,198150,Ike Barinholtz,Griggs,9
354912,1193391,Anthony Gonzalez,Miguel Rivera (voice),0
354912,258,Gael García Bernal,Héctor (voice),1
354912,4589,Benjamin Bratt,Ernesto de la Cruz (voice),2
354912,10402,Alanna Ubach,Mamá Imelda (voice),3
354912,154004,Renée Victor,Abuelita (voice),4
354912,545087,Jaime Camil,Papá (voice),5
354912,22767,Alfonso Arau,Papá Julio (voice),6
354912,178667,Herbert Siguenza,Tío Oscar / Tío Felipe (voice),7
354912,86498,Gabriel Iglesias,Clerk (voice),8
354912,4992,Lombardo Boyar,Plaza Mariachi / Gustavo (voice),9
496243,20738,Song Kang-ho,Kim Ki-taek,0
496243,115290,Lee Sun-kyun,Park Dong-ik,1
496243,556435,Cho Yeo-jeong,Yeon-kyo,2
496243,1255881,Choi Woo-shik,Ki-woo,3
496243,1442583,Park So-dam,Ki-jung,4
496243,1572354,Lee Jung-eun,Moon-gwang,5
496243,2158882,Jang Hye-jin,Chung-sook,6
496243,1694435,Park Myung-hoon,Geun-se,7
496243,1418762,Jung Zi-so,Da-hye,8
496243,2306987,Jung Hyeon-jun,Da-song,9
297762,90633,Gal Gadot,Diana Prince / Wonder Woman,0
297762,62064,Chris Pine,Steve Trevor,1
297762,935,Connie Nielsen,Hippolyta,2
297762,32,Robin Wright,Antiope,3
297762,6413,Danny Huston,Ludendorff,4
297762,11207,David Thewlis,Sir Patrick / Ares,5
297762,5419,Saïd Taghmaoui,Sameer,6
297762,1125,Ewen Bremner,Charlie,7
297762,1823591,Eugene Brave Rock,The Chief,8
297762,11111,Lucy Davis,Etta,9
263115,6968,Hugh Jackman,Logan / X-24,0
263115,1464650,Dafne Keen,Laura,1
263115,2387,Patrick Stewart,Charles,2
263115,65421,Elizabeth Rodriguez,Gabriela,3
263115,467645,Boyd Holbrook,Pierce,4
263115,39189,Stephen Merchant,Caliban,5
263115,20766,Richard E. Grant,Dr. Rice,6
263115,1492293,Stephen Dunlevy,Macon,7
263115,23628,Eriq La Salle,Will Munson,8
263115,21215,Elise Neal,Kathryn Munson,9
346364,1274508,Jaeden Martell,Bill Denbrough,0
346364,1559689,Jeremy Ray Taylor,Ben Hanscom,1
346364,1481238,Sophia Lillis,Beverly Marsh,2
346364,1442069,Finn Wolfhard,Richie Tozier,3
346364,1643043,Chosen Jacobs,Mike Hanlon,4
346364,1774679,Jack Dylan Grazer,Eddie Kaspbrak,5
346364,1148455,Wyatt Oleff,Stanley Uris,6
346364,137905,Bill Skarsgård,Pennywise,7
346364,1504947,Nicholas Hamilton,Henry Bowers,8
346364,1131069,Jake Sim,Belch Huggins,9
259316,37632,Eddie Redmayne,Newt,0
259316,77795,Katherine Waterston,Porpentina 'Tina' Goldstein,1
259316,58873,Dan Fogler,Jacob Kowalski,2
259316,998225,Alison Sudol,Queenie,3
259316,72466,Colin Farrell,Graves,4
259316,10127,Jon Voight,Shaw Senior,5
259316,2372,Ron Perlman,Gnarlak,6
259316,85,Johnny Depp,Grindelwald,7
259316,37153,Zoë Kravitz,Lestrange,8
259316,132157,Ezra Miller,Credence Barebone,9
329865,9273,Amy Adams,Louise Banks,0
329865,17604,Jeremy Renner,Ian Donnelly,1
329865,2178,Forest Whitaker,Colonel Weber,2
329865,72873,Michael Stuhlbarg,Agent Halpern,3
329865,225411,Mark O'Brien,Captain Marks,4
329865,21629,Tzi Ma,General Shang,5
329865,1646444,Abigail Pniowsky,8-Year-Old Hannah,6
329865,1522166,Julia Scarlett Dan,12-Year-Old Hannah,7
329865,1646448,Jadyn Malone,6-Year-Old Hannah,8
329865,135993,Frank Schorpion,Dr. Kettler,9
383498,10859,Ryan Reynolds,Wade Wilson / Deadpool / Juggernaut (voice),0
383498,16851,Josh Brolin,Cable,1
383498,54882,Morena Baccarin,Vanessa,2
383498,1139349,Julian Dennison,Firefist,3
383498,1545693,Zazie Beetz,Domino,4
383498,51990,T.J. Miller,Weasel,5
383498,122750,Leslie Uggams,Blind Al,6
383498,1109702,Karan Soni,Dopinder,7
383498,1492326,Brianna Hildebrand,Negasonic Teenage Warhead,8
383498,1292258,Jack Kesy,Black Tom,9
209112,880,Ben Affleck,Bruce Wayne / Batman,0
209112,73968,Henry Cavill,Clark Kent / Superman,1
209112,44735,Jesse Eisenberg,Lex Luthor,2
209112,90633,Gal Gadot,Diana Prince / Wonder Woman,3
209112,9273,Amy Adams,Lois,4
209112,2882,Diane Lane,Martha Kent,5
209112,2975,Laurence Fishburne,Perry White,6
209112,16940,Jeremy Irons,Alfred,7
209112,18686,Holly Hunter,Senator Finch,8
209112,59233,Scoot McNairy,Wallace Keefe,9
419430,206919,Daniel Kaluuya,Chris Washington,0
419430,1255540,Allison Williams,Rose Armitage,1
419430,2229,Catherine Keener,Missy Armitage,2
419430,11367,Bradley Whitford,Dean Armitage,3
419430,572541,Caleb Landry Jones,Jeremy Armitage,4
419430,1291961,Marcus Henderson,Walter,5
419430,1660452,Betty Gabriel,Georgina,6
419430,1200864,LaKeith Stanfield,Andre Logan King,7
419430,17401,Stephen Root,Jim Hudson,8
419430,1488961,Lil Rel Howery,Rod Williams,9
381288,5530,James McAvoy,Dennis / Patricia / Hedwig / The Beast / Kevin Wendell Crumb / Barry / Orwell / Jade,0
381288,1397778,Anya Taylor-Joy,Casey Cooke,1
381288,1286328,Haley Lu Richardson,Claire Benoit,2
381288,1221085,Jessica Sula,Marcia,3
381288,52462,Betty Buckley,Dr. Karen Fletcher,4
381288,1657685,Izzie Coffey,Five-Year-Old Casey,5
381288,15376,Brad William Henke,Uncle John,6
381288,103545,Sebastian Arcelus,Casey's Father,7
381288,58544,Neal Huff,Mr. Benoit,8
381288,1739972,Ukee Washington,News Anchor,9
269149,417,Ginnifer Goodwin,Judy Hopps (voice),0
269149,23532,Jason Bateman,Nick Wilde (voice),1
269149,17605,Idris Elba,Chief Bogo (voice),2
269149,213001,Jenny Slate,Bellwether (voice),3
269149,41565,Nate Torrence,Clawhauser (voice),4
269149,5149,Bonnie Hunt,Bonnie Hopps (voice),5
269149,27530,Don Lake,Stu Hopps (voice),6
269149,63208,Tommy Chong,Yax (voice),7
269149,18999,J.K. Simmons,Mayor Lionheart (voice),8
269149,6944,Octavia Spencer,Mrs. Otterton (voice),9
313369,30614,Ryan Gosling,Sebastian,0
313369,54693,Emma Stone,Mia,1
313369,113461,John Legend,Keith,2
313369,14892,Rosemarie DeWitt,Laura,3
313369,168877,Finn Wittrock,Greg,4
313369,1486488,Callie Hernandez,Tracy,5
313369,1457238,Sonoya Mizuno,Caitlin,6
313369,1427680,Jessica Rothe,Alexis,7
313369,16857,Tom Everett Scott,David,8
313369,928532,Josh Pence,Josh,9
424694,17838,Rami Malek,Freddie Mercury,0
424694,1220123,Gwilym Lee,Brian May,1
424694,1452045,Ben Hardy,Roger Taylor,2
424694,4787,Joseph Mazzello,John Deacon,3
424694,86232,Lucy Boynton,Mary Austin,4
424694,49735,Aidan Gillen,John Reid,5
424694,85718,Allen Leech,Paul Prenter,6
424694,2441,Tom Hollander,Jim Beach,7
424694,12073,Mike Myers,Ray Foster,8
424694,1227888,Aaron McCusker,Jim Hutton,9
374720,1687041,Fionn Whitehead,Tommy,0
374720,2524,Tom Hardy,Farrier,1
374720,40900,Mark Rylance,Mr. Dawson,2
374720,11181,Kenneth Branagh,Commander Bolton,3
374720,2037,Cillian Murphy,Shivering Soldier,4
374720,1290466,Barry Keoghan,George,5
374720,1052109,Harry Styles,Alex,6
374720,145143,Aneurin Barnard,Gibson,7
374720,579211,Damien Bonnard,French Soldier,8
374720,1324608,Lee Armstrong,Grenadier,9
324857,587506,Shameik Moore,Miles Morales (voice),0
324857,543505,Jake Johnson,Peter B. Parker (voice),1
324857,130640,Hailee Steinfeld,Gwen Stacy (voice),2
324857,932967,Mahershala Ali,Uncle Aaron (voice),3
324857,226366,Brian Tyree Henry,Jefferson Davis (voice),4
324857,10437,Lily Tomlin,Aunt May (voice),5
324857,141610,Luna Lauren Vélez,Rio Morales (voice),6
324857,37153,Zoë Kravitz,Mary Jane (voice),7
324857,933558,John Mulaney,Spider-Ham (voice),8
324857,1443708,Kimiko Glenn,Peni Parker (voice),9
429617,1136406,Tom Holland,Peter Parker / Spider-Man,0
429617,131,Jake Gyllenhaal,Quentin Beck / Mysterio,1
429617,2231,Samuel L. Jackson,Nick Fury,2
429617,3141,Marisa Tomei,May Parker,3
429617,15277,Jon Favreau,Happy Hogan,4
429617,505710,Zendaya,MJ,5
429617,1649152,Jacob Batalon,Ned Leeds,6
429617,1291350,Tony Revolori,Flash Thompson,7
429617,1265629,Angourie Rice,Betty Brant,8
429617,1347947,Remy Hii,Brad Davis,9
335983,2524,Tom Hardy,Eddie Brock / Venom,0
335983,1812,Michelle Williams,Anne Weying,1
335983,53240,Riz Ahmed,Carlton Drake / Riot,2
335983,87954,Scott Haze,Security Chief Roland Treece,3
335983,81316,Reid Scott,Dr. Dan Lewis,4
335983,213001,Jenny Slate,Dr. Dora Skirth,5
335983,4766,Melora Walters,Homeless Woman Maria,6
335983,57755,Woody Harrelson,Cletus Kasady / Carnage,7
335983,2141479,Peggy Lu,Mrs. Chen,8
335983,1765806,Malcolm C. Murray,Lewis Donate,9
333339,1034681,Tye Sheridan,Parzival / Wade,0
333339,1173984,Olivia Cooke,Art3mis / Samantha,1
333339,77335,Ben Mendelsohn,Sorrento,2
333339,1059572,Lena Waithe,Aech / Helen,3
333339,51990,T.J. Miller,I-R0k (voice),4
333339,11108,Simon Pegg,Curator / Ogden Morrow,5
333339,40900,Mark Rylance,Anorak / Halliday,6
333339,1721235,Philip Zhao,Sho,7
333339,1561997,Win Morisaki,Daito,8
333339,1408809,Hannah John-Kamen,F'Nale Zandor,9
339403,1159982,Ansel Elgort,Baby,0
339403,1979,Kevin Spacey,Doc,1
339403,1016168,Lily James,Debora,2
339403,65717,Jon Hamm,Buddy,3
339403,134,Jamie Foxx,Bats,4
339403,19498,Jon Bernthal,Griff,5
339403,1222992,Eiza González,Darling,6
339403,1237,Flea,Eddie,7
339403,1635143,CJ Jones,Joseph,8
339403,124495,Lanny Joon,J.D.,9
299537,60073,Brie Larson,Carol Danvers / Vers / Captain Marvel,0
299537,2231,Samuel L. Jackson,Nick Fury,1
299537,77335,Ben Mendelsohn,Talos / Keller,2
299537,9642,Jude Law,Yon-Rogg,3
299537,516,Annette Bening,Supreme Intelligence / Dr. Wendy Lawson,4
299537,938,Djimon Hounsou,Korath,5
299537,72095,Lee Pace,Ronan,6
299537,1360281,Lashana Lynch,Maria Rambeau,7
299537,97576,Gemma Chan,Minn-Erva,8
299537,9048,Clark Gregg,Agent Coulson,9
330459,72855,Felicity Jones,Jyn Erso,0
330459,8688,Diego Luna,Cassian Andor,1
330459,21088,Alan Tudyk,K-2SO,2
330459,1341,Donnie Yen,Chirrut Imwe,3
330459,77301,Jiang Wen,Baze Malbus,4
330459,77335,Ben Mendelsohn,Orson Krennic,5
330459,40638,Guy Henry,Governor Tarkin,6
330459,2178,Forest Whitaker,Saw Gerrera,7
330459,53240,Riz Ahmed,Bodhi Rook,8
330459,1019,Mads Mikkelsen,Galen Erso,9
181808,2,Mark Hamill,Luke Skywalker / Dobbu Scay (voice),0
181808,4,Carrie Fisher,Leia Organa,1
181808,1023139,Adam Driver,Kylo Ren,2
181808,1315036,Daisy Ridley,Rey,3
181808,236695,John Boyega,Finn,4
181808,25072,Oscar Isaac,Poe Dameron,5
181808,1333,Andy Serkis,Snoke,6
181808,1267329,Lupita Nyong'o,Maz Kanata,7
181808,93210,Domhnall Gleeson,General Hux,8
181808,6,Anthony Daniels,C-3PO,9
321612,10990,Emma Watson,Belle,0
321612,221018,Dan Stevens,Beast,1
321612,114019,Luke Evans,Gaston,2
321612,8945,Kevin Kline,Maurice,3
321612,7056,Emma Thompson,Mrs. Potts,4
321612,3061,Ewan McGregor,Lumière,5
321612,54415,Josh Gad,LeFou,6
321612,56103,Hattie Morahan,Agathe / Enchantress,7
321612,134698,Haydn Gwynne,Clothilde,8
321612,56101,Gerard Horan,Jean the Potter,9
447332,5081,Emily Blunt,Evelyn Abbott,0
447332,17697,John Krasinski,Lee Abbott,1
447332,1815539,Millicent Simmonds,Regan Abbott,2
447332,1590759,Noah Jupe,Marcus Abbott,3
447332,1924769,Cade Woodward,Beau Abbott,4
447332,169920,Leon Russom,Man in the Woods,5
447332,1496368,Rhoda Pell,Old Man's Dead Wife (uncredited),6
335984,30614,Ryan Gosling,'K',0
335984,3,Harrison Ford,Rick Deckard,1
335984,224513,Ana de Armas,Joi,2
335984,543530,Dave Bautista,Sapper Morton,3
335984,32,Robin Wright,Lieutenant Joshi,4
335984,104632,Sylvia Hoeks,Luv,5
335984,1110405,Mackenzie Davis,Mariette,6
335984,7499,Jared Leto,Niander Wallace,7
335984,1013973,Carla Juri,Dr. Ana Stelline,8
335984,765,Hiam Abbass,Freysa,9
438631,1190668,Timothée Chalamet,Paul Atreides,0
438631,933238,Rebecca Ferguson,Lady Jessica Atreides,1
438631,25072,Oscar Isaac,Duke Leto Atreides,2
438631,117642,Jason Momoa,Duncan Idaho,3
438631,1640,Stellan Skarsgård,Baron Vladimir Harkonnen,4
438631,196179,Stephen McKinley Henderson,Thufir Hawat,5
438631,16851,Josh Brolin,Gurney Halleck,6
438631,3810,Javier Bardem,Stilgar,7
438631,195666,Sharon Duncan-Brewster,Dr. Liet Kynes,8
438631,1622,Chang Chen,Dr. Wellington Yueh,9
324786,37625,Andrew Garfield,Desmond T. Doss,0
324786,65731,Sam Worthington,Captain Glover,1
324786,4937,Vince Vaughn,Sgt Howell,2
324786,20374,Teresa Palmer,Dorothy Schuttle,3
324786,972356,Luke Bracey,Smitty Ryker,4
324786,1331,Hugo Weaving,Tom Doss,5
324786,3052,Rachel Griffiths,Bertha Doss,6
324786,1213279,Ryan Corr,Lieutenant Manville,7
324786,12206,Richard Roxburgh,Colonel Stelzer,8
324786,61784,Goran D. Kleut,Andy 'Ghoul' Walker,9
466272,6193,Leonardo DiCaprio,Rick Dalton,0
466272,287,Brad Pitt,Cliff Booth,1
466272,234352,Margot Robbie,Sharon Tate,2
466272,46593,Emile Hirsch,Jay Sebring,3
466272,1392137,Margaret Qualley,'Pussycat',4
466272,18082,Timothy Olyphant,Jim Stacy,5
466272,1651362,Julia Butters,Trudi Fraser,6
466272,86654,Austin Butler,'Tex',7
466272,501,Dakota Fanning,'Squeaky',8
466272,6905,Bruce Dern,George Spahn,9
297802,117642,Jason Momoa,Arthur Curry / Aquaman,0
297802,55085,Amber Heard,Mera,1
297802,5293,Willem Dafoe,Nuidis Vulko,2
297802,17178,Patrick Wilson,King Orm Marius / Ocean Master,3
297802,2227,Nicole Kidman,Atlanna,4
297802,16644,Dolph Lundgren,King Nereus,5
297802,1639847,Yahya Abdul-Mateen II,David Kane / Black Manta,6
297802,7242,Temuera Morrison,Thomas Curry,7
297802,1525689,Ludi Lin,Captain Murk,8
297802,87118,Michael Beach,Jesse Kane (Manta's Father),9
353486,18918,Dwayne Johnson,Spencer,0
353486,55638,Kevin Hart,Fridge,1
353486,70851,Jack Black,Bethany,2
353486,543261,Karen Gillan,Martha,3
353486,82666,Rhys Darby,Nigel,4
353486,21127,Bobby Cannavale,Van Pelt,5
353486,130565,Nick Jonas,Alex,6
353486,934281,Alex Wolff,Young Spencer,7
353486,1160181,Ser'Darius Blain,Young Fridge,8
353486,1597855,Madison Iseman,Young Bethany,9
76600,65731,Sam Worthington,Jake Sully,0
76600,8691,Zoe Saldaña,Neytiri,1
76600,10205,Sigourney Weaver,Kiri,2
76600,32747,Stephen Lang,Colonel Miles Quaritch,3
76600,204,Kate Winslet,Ronal,4
76600,7248,Cliff Curtis,Tonowari,5
76600,59231,Joel David Moore,Norm Spellman,6
76600,30485,CCH Pounder,Mo'at,7
76600,36190,Edie Falco,General Frances Ardmore,8
76600,55936,Jemaine Clement,Dr. Ian Garvin,9
324552,6384,Keanu Reeves,John Wick,0
324552,4238,Common,Cassian,1
324552,2975,Laurence Fishburne,Bowery King,2
324552,59270,Riccardo Scamarcio,Santino D'Antonio,3
324552,1246972,Ruby Rose,Ares,4
324552,129101,Lance Reddick,Charon,5
324552,53,Peter Stormare,Abram Tarasov,6
324552,18354,Bridget Moynahan,Helen Wick,7
324552,22383,Franco Nero,Julius,8
324552,5723,John Leguizamo,Aurelio,9
363088,22226,Paul Rudd,Scott Lang / Ant-Man,0
363088,19034,Evangeline Lilly,Hope Van Dyne / Wasp,1
363088,3392,Michael Douglas,Dr. Hank Pym,2
363088,1408809,Hannah John-Kamen,Ava / Ghost,3
363088,79082,Randall Park,Jimmy Woo,4
363088,1160,Michelle Pfeiffer,Janet Van Dyne / Wasp,5
363088,2975,Laurence Fishburne,Dr. Bill Foster,6
363088,454,Michael Peña,Luis,7
363088,27740,Walton Goggins,Sonny Burch,8
363088,21127,Bobby Cannavale,Paxton,9
274870,72129,Jennifer Lawrence,Aurora Lane,0
274870,73457,Chris Pratt,Jim Preston,1
274870,3968,Michael Sheen,Arthur,2
274870,2975,Laurence Fishburne,Gus Mancuso,3
274870,1271,Andy Garcia,Captain Norris,4
274870,1497467,Vince Foster,Executive Officer,5
274870,1381473,Kara Flowers,Communications Officer,6
274870,1651277,Conor Brophy,Crew Member,7
274870,1455769,Julee Cerda,Instructor (Hologram),8
274870,1313564,Aurora Perrineau,Best Friend,9
546554,8784,Daniel Craig,Benoit Blanc,0
546554,16828,Chris Evans,Ransom Drysdale,1
546554,224513,Ana de Armas,Marta Cabrera,2
546554,8944,Jamie Lee Curtis,Linda Drysdale,3
546554,335,Michael Shannon,Walt Thrombey,4
546554,25129,Don Johnson,Richard Drysdale,5
546554,3051,Toni Collette,Joni Thrombey,6
546554,1200864,LaKeith Stanfield,Lieutenant Elliott,7
546554,290,Christopher Plummer,Harlan Thrombey,8
546554,1636738,Katherine Langford,Meg Thrombey,9
246655,5530,James McAvoy,Professor Charles Xavier,0
246655,17288,Michael Fassbender,Erik Lehnsherr / Magneto,1
246655,72129,Jennifer Lawrence,Raven / Mystique,2
246655,3292,Nicholas Hoult,Hank McCoy / Beast,3
246655,25072,Oscar Isaac,En Sabah Nur / Apocalypse,4
246655,9827,Rose Byrne,Moira MacTaggert,5
246655,55089,Evan Peters,Peter Maximoff / Quicksilver,6
246655,1056053,Josh Helman,Col. William Stryker,7
246655,1001657,Sophie Turner,Jean Grey,8
246655,1034681,Tye Sheridan,Scott Summers / Cyclops,9
277834,1564846,Auliʻi Cravalho,Moana (voice),0
277834,18918,Dwayne Johnson,Maui (voice),1
277834,15298,Rachel House,Gramma Tala (voice),2
277834,7242,Temuera Morrison,Chief Tui (voice),3
277834,55936,Jemaine Clement,Tamatoa (voice),4
277834,151246,Nicole Scherzinger,Sina (voice),5
277834,21088,Alan Tudyk,Heihei / Villager #3 (voice),6
277834,1716550,Louise Bush,Toddler Moana (voice),7
277834,89843,Oscar Kightley,Fisherman (voice),8
277834,1349600,Troy Polamalu,Villager #1 (voice),9
141052,880,Ben Affleck,Batman / Bruce Wayne,0
141052,73968,Henry Cavill,Superman / Clark Kent,1
141052,9273,Amy Adams,Lois Lane,2
141052,90633,Gal Gadot,Wonder Woman / Diana Prince,3
141052,132157,Ezra Miller,The Flash / Barry Allen,4
141052,117642,Jason Momoa,Aquaman / Arthur Curry,5
141052,1313559,Ray Fisher,Cyborg / Victor Stone,6
141052,16940,Jeremy Irons,Alfred,7
141052,2882,Diane Lane,Martha Kent,8
141052,935,Connie Nielsen,Queen Hippolyta,9
260513,8977,Craig T. Nelson,Bob Parr / Mr. Incredible (voice),0
260513,18686,Holly Hunter,Helen Parr / Elastigirl (voice),1
260513,59361,Sarah Vowell,Violet Parr (voice),2
260513,1852182,Huck Milner,Dashiell 'Dash' Parr (voice),3
260513,2229,Catherine Keener,Evelyn Deavor (voice),4
260513,59358,Eli Fucile,Jack-Jack Parr (voice),5
260513,59410,Bob Odenkirk,Winston Deavor (voice),6
260513,2231,Samuel L. Jackson,Lucius Best / Frozone (voice),7
260513,1075148,Michael Bird,Tony Rydinger (voice),8
260513,54830,Sophia Bush,Voyd (voice),9
530915,146750,George MacKay,Lance Corporal Schofield,0
530915,1332971,Dean-Charles Chapman,Lance Corporal Blake,1
530915,2983,Mark Strong,Captain Smith,2
530915,125660,Andrew Scott,Lieutenant Leslie,3
530915,512991,Richard Madden,Lieutenant Blake,4
530915,2385743,Claire Duburcq,Lauri,5
530915,5472,Colin Firth,General Erinmore,6
530915,71580,Benedict Cumberbatch,Colonel MacKenzie,7
530915,1670,Daniel Mays,Sergeant Sanders,8
530915,40311,Adrian Scarborough,Major Hepburn,9
296096,1223786,Emilia Clarke,Louisa 'Lou' Clark,0
296096,237455,Sam Claflin,William 'Will' Traynor,1
296096,47627,Janet McTeer,Camilla Traynor,2
296096,4391,Charles Dance,Stephen Traynor,3
296096,74056,Brendan Coyle,Bernard Clark,4
296096,1080542,Jenna Coleman,Katrina 'Treena' Clark,5
296096,96841,Matthew Lewis,Patrick,6
296096,122535,Samantha Spiro,Josie Clark,7
296096,1231106,Stephen Peacocke,Nathan,8
296096,556356,Vanessa Kirby,Alicia Dawares,9
490132,110,Viggo Mortensen,Tony Lip,0
490132,932967,Mahershala Ali,Dr. Don Shirley,1
490132,1817,Linda Cardellini,Dolores,2
490132,299743,Sebastian Maniscalco,Johnny Venere,3
490132,1613744,Dimiter D. Marinov,Oleg,4
490132,130532,Mike Hatton,George,5
490132,1211946,P.J. Byrne,Record Exec,6
490132,830,Joe Cortese,Gio Loscudo,7
490132,5907315,Mary Agnes Nixon,Copa Coat Check Girl,8
490132,2256705,Von Lewis,Bobby Rydell,9
399055,39658,Sally Hawkins,Elisa Esposito,0
399055,335,Michael Shannon,Richard Strickland,1
399055,28633,Richard Jenkins,Giles,2
399055,6944,Octavia Spencer,Zelda Fuller,3
399055,72873,Michael Stuhlbarg,Dr. Robert Hoffstetler,4
399055,17005,Doug Jones,Amphibian Man,5
399055,5892,David Hewlett,Fleming,6
399055,12538,Nick Searcy,General Hoyt,7
399055,16591,Stewart Arnott,Bernard,8
399055,44208,Nigel Bennett,Mihalkov,9
166426,85,Johnny Depp,Jack Sparrow,0
166426,3810,Javier Bardem,Armando Salazar,1
166426,118,Geoffrey Rush,Hector Barbossa,2
166426,1017347,Brenton Thwaites,Henry Turner,3
166426,115150,Kaya Scodelario,Carina Smyth,4
166426,229932,Golshifteh Farahani,Shansa,5
166426,2449,Kevin McNally,Joshamee Gibbs,6
166426,1115,Stephen Graham,Scrum,7
166426,1714,Angus Barnett,Mullroy,8
166426,1371,David Wenham,Scarfield,9
351286,73457,Chris Pratt,Owen Grady,0
351286,18997,Bryce Dallas Howard,Claire Dearing,1
351286,28847,Rafe Spall,Eli Mills,2
351286,1029934,Justice Smith,Franklin Webb,3
351286,1257819,Daniella Pineda,Zia Rodriguez,4
351286,2505,James Cromwell,Benjamin Lockwood,5
351286,13014,Toby Jones,Mr. Eversoll,6
351286,15854,Ted Levine,Ken Wheatley,7
351286,4785,Jeff Goldblum,Ian Malcolm,8
351286,14592,BD Wong,Dr. Wu,9
372058,225730,Ryunosuke Kamiki,Taki Tachibana (voice),0
372058,1369100,Mone Kamishiraishi,Mitsuha Miyamizu (voice),1
372058,1668610,Ryo Narita,Katsuhiko Teshigawara (voice),2
372058,936275,Aoi Yuuki,Sayaka Natori (voice),3
372058,1210634,Nobunaga Shimazaki,Tsukasa Fujii (voice),4
372058,1324666,Kaito Ishikawa,Shinta Takagi (voice),5
372058,1344919,Kanon Tani,Yotsuha Miyamizu (voice),6
372058,219659,Masaki Terasoma,Toshiki Miyamizu (voice),7
372058,148447,Sayaka Ohara,Futaha Miyamizu (voice),8
372058,89968,Kazuhiko Inoue,Taki's Father (voice),9
398818,1190668,Timothée Chalamet,Elio,0
398818,53807,Armie Hammer,Oliver,1
398818,72873,Michael Stuhlbarg,Mr. Perlman,2
398818,20577,Amira Casar,Annella,3
398818,935096,Esther Garrel,Marzia,4
398818,1592949,Victoire du Bois,Chiara,5
398818,1789600,Vanda Capriolo,Mafalda,6
398818,1789602,Antonio Rimoldi,Anchise,7
398818,1526272,Elena Bucci,Bambi,8
398818,1789603,Marco Sgrosso,Nico,9
127380,14,Ellen DeGeneres,Dory (voice),0
127380,13,Albert Brooks,Marlin (voice),1
127380,18977,Ed O'Neill,Hank (voice),2
127380,1559638,Hayden Rolence,Nemo (voice),3
127380,3092,Diane Keaton,Jenny (voice),4
127380,26510,Eugene Levy,Charlie (voice),5
127380,15232,Ty Burrell,Bailey (voice),6
127380,95102,Kaitlin Olson,Destiny (voice),7
127380,17605,Idris Elba,Fluke (voice),8
127380,17287,Dominic West,Rudder (voice),9
414906,11288,Robert Pattinson,Bruce Wayne / The Batman,0
414906,37153,Zoë Kravitz,Selina Kyle,1
414906,2954,Jeffrey Wright,Lt. James Gordon,2
414906,72466,Colin Farrell,Oz / The Penguin,3
414906,17142,Paul Dano,The Riddler,4
414906,1241,John Turturro,Carmine Falcone,5
414906,1333,Andy Serkis,Alfred,6
414906,133,Peter Sarsgaard,District Attorney Gil Colson,7
414906,1290466,Barry Keoghan,Unseen Arkham Prisoner,8
414906,2455272,Jayme Lawson,Bella Reál,9
872585,2037,Cillian Murphy,J. Robert Oppenheimer,0
872585,5081,Emily Blunt,Kitty Oppenheimer,1
872585,1892,Matt Damon,Leslie Groves,2
872585,3223,Robert Downey Jr.,Lewis Strauss,3
872585,1373737,Florence Pugh,Jean Tatlock,4
872585,2299,Josh Hartnett,Ernest Lawrence,5
872585,1893,Casey Affleck,Boris Pash,6
872585,17838,Rami Malek,David Hill,7
872585,11181,Kenneth Branagh,Niels Bohr,8
872585,227564,Benny Safdie,Edward Teller,9
332562,237405,Lady Gaga,Ally Campana,0
332562,51329,Bradley Cooper,Jackson Maine,1
332562,16431,Sam Elliott,Bobby Maine,2
332562,57906,Andrew Dice Clay,Lorenzo Campana,3
332562,21660,Rafi Gavron,Rez Gavron,4
332562,1560244,Anthony Ramos,Ramon,5
332562,4169,Dave Chappelle,"George ""Noodles"" Stone",6
332562,7447,Alec Baldwin,Alec Baldwin,7
332562,930961,Marlon Williams,Marlon Williams,8
332562,1395597,Brandi Carlile,Brandi Carlile,9
458156,6384,Keanu Reeves,John Wick,0
458156,4587,Halle Berry,Sofia,1
458156,6972,Ian McShane,Winston,2
458156,2975,Laurence Fishburne,Bowery King,3
458156,18702,Mark Dacascos,Zero,4
458156,1776040,Asia Kate Dillon,The Adjudicator,5
458156,129101,Lance Reddick,Charon,6
458156,5657,Anjelica Huston,The Director,7
458156,5419,Saïd Taghmaoui,The Elder,8
458156,195930,Jerome Flynn,Berrada,9
291805,44735,Jesse Eisenberg,J. Daniel Atlas,0
291805,103,Mark Ruffalo,Dylan Rhodes,1
291805,57755,Woody Harrelson,Merritt McKinney / Chase McKinney,2
291805,54697,Dave Franco,Jack Wilder,3
291805,10980,Daniel Radcliffe,Walter Mabry,4
291805,51988,Lizzy Caplan,Lula,5
291805,192,Morgan Freeman,Thaddeus Bradley,6
291805,17380,Jay Chou,Li,7
291805,5411,Sanaa Lathan,Deputy Director Natalie Austin,8
291805,3895,Michael Caine,Arthur Tressler,9
508442,134,Jamie Foxx,Joe Gardner (voice),0
508442,56323,Tina Fey,22 (voice),1
508442,78577,Graham Norton,Moonwind (voice),2
508442,15298,Rachel House,Terry (voice),3
508442,8602,Alice Braga,Counselor Jerry (voice),4
508442,98103,Richard Ayoade,Counselor Jerry (voice),5
508442,119598,Phylicia Rashād,Libba Gardner (voice),6
508442,115218,Donnell Rawlings,Dez (voice),7
508442,4719,Questlove,Curly (voice),8
508442,9780,Angela Bassett,Dorothea (voice),9
338952,37632,Eddie Redmayne,Newt Scamander,0
338952,77795,Katherine Waterston,Tina Goldstein,1
338952,58873,Dan Fogler,Jacob Kowalski,2
338952,998225,Alison Sudol,Queenie Goldstein,3
338952,85,Johnny Depp,Grindelwald,4
338952,9642,Jude Law,Albus Dumbledore,5
338952,132157,Ezra Miller,Credence Barebone,6
338952,37153,Zoë Kravitz,Leta Lestrange,7
338952,1371041,Callum Turner,Theseus Scamander,8
338952,1401531,Claudia Kim,Nagini,9
497698,1245,Scarlett Johansson,Natasha Romanoff / Black Widow,0
497698,1373737,Florence Pugh,Yelena Belova,1
497698,3293,Rachel Weisz,Melina,2
497698,35029,David Harbour,Alexei,3
497698,5538,Ray Winstone,Dreykov,4
497698,1743933,Ever Anderson,Young Natasha,5
497698,2131391,Violet McGraw,Young Yelena,6
497698,113970,O-T Fagbenle,Mason,7
497698,227,William Hurt,Secretary Ross,8
497698,18182,Olga Kurylenko,Antonia / Taskmaster,9
346698,234352,Margot Robbie,Barbie,0
346698,30614,Ryan Gosling,Ken,1
346698,59174,America Ferrera,Gloria,2
346698,1767250,Ariana Greenblatt,Sasha,3
346698,1455336,Issa Rae,Barbie,4
346698,1240487,Kate McKinnon,Barbie,5
346698,1253199,Alexandra Shipp,Barbie,6
346698,2201315,Emma Mackey,Barbie,7
346698,1611609,Hari Nef,Barbie,8
346698,1474028,Sharon Rooney,Barbie,9
361743,500,Tom Cruise,Capt. Pete 'Maverick' Mitchell,0
361743,996701,Miles Teller,Lt. Bradley 'Rooster' Bradshaw,1
361743,6161,Jennifer Connelly,Penny Benjamin,2
361743,1241330,Bashir Salahuddin,Wo-1. Bernie 'Hondo' Coleman,3
361743,65717,Jon Hamm,Adm. Beau 'Cyclone' Simpson,4
361743,124112,Charles Parnell,Adm. Solomon 'Warlock' Bates,5
361743,1525043,Monica Barbaro,Lt. Natasha 'Phoenix' Trace,6
361743,1700685,Lewis Pullman,Lt. Robert 'Bob' Floyd,7
361743,151680,Jay Ellis,Lt. Reuben 'Payback' Fitch,8
361743,1773397,Danny Ramirez,Lt. Mickey 'Fanboy' Garcia,9
577922,1117313,John David Washington,Protagonist,0
577922,11288,Robert Pattinson,Neil,1
577922,1133349,Elizabeth Debicki,Kat,2
577922,11181,Kenneth Branagh,Sator,3
577922,78921,Dimple Kapadia,Priya,4
577922,3895,Michael Caine,Crosby,5
577922,42993,Martin Donovan,Fay,6
577922,204468,Fiona Dourif,Wheeler,7
577922,238130,Yuri Kolokolnikov,Volkov,8
577922,1227717,Himesh Patel,Mahir,9
580489,2524,Tom Hardy,Eddie Brock / Venom,0
580489,57755,Woody Harrelson,Cletus Kasady / Carnage,1
580489,1812,Michelle Williams,Anne Weying,2
580489,2038,Naomie Harris,Frances Louise Barrison / Shriek,3
580489,81316,Reid Scott,Dr. Dan Lewis,4
580489,1115,Stephen Graham,Detective Mulligan,5
580489,2141479,Peggy Lu,Mrs. Chen,6
580489,1225043,Sian Webber,Dr. Pazzo,7
580489,1966036,Michelle Greenidge,Mugging Victim,8
580489,3255760,Rob Bowen,Beaten Mugger,9
343668,1303037,Taron Egerton,Eggsy,0
343668,5472,Colin Firth,Harry Hart,1
343668,1231,Julianne Moore,Poppy,2
343668,2983,Mark Strong,Merlin,3
343668,931785,Hanna Alström,Princess Tilde,4
343668,4587,Halle Berry,Ginger,5
343668,1253360,Pedro Pascal,Whiskey,6
343668,38673,Channing Tatum,Tequila,7
343668,1322314,Edward Holcroft,Charlie,8
343668,1229,Jeff Bridges,Champ,9
293167,91606,Tom Hiddleston,Captain James Conrad,0
293167,2231,Samuel L. Jackson,Lieutenant Colonel Preston Packard,1
293167,1230,John Goodman,Bill Randa,2
293167,60073,Brie Larson,Mason Weaver,3
293167,1151657,Jing Tian,San Lin,4
293167,20286,Toby Kebbell,Maj. Jack Chapman / Kong Mo-Cap Services,5
293167,40543,John Ortiz,Victor Nieves,6
293167,1154054,Corey Hawkins,Houston Brooks,7
293167,1115984,Jason Mitchell,Glenn Mills,8
293167,74242,Shea Whigham,Earl Cole,9
359940,3910,Frances McDormand,Mildred,0
359940,57755,Woody Harrelson,Willoughby,1
359940,6807,Sam Rockwell,Dixon,2
359940,37260,Abbie Cornish,Anne,3
359940,1105079,Lucas Hedges,Robbie,4
359940,6752,Željko Ivanek,Desk Sergeant,5
359940,572541,Caleb Landry Jones,Red Welby,6
359940,61011,Clarke Peters,Abercrombie,7
359940,1372369,Samara Weaving,Penelope,8
359940,16861,John Hawkes,Charlie,9
181812,4,Carrie Fisher,General Leia Organa,0
181812,2,Mark Hamill,Luke Skywalker,1
181812,1315036,Daisy Ridley,Rey,2
181812,1023139,Adam Driver,Kylo Ren / Ben Solo,3
181812,236695,John Boyega,Finn,4
181812,25072,Oscar Isaac,Poe Dameron,5
181812,6,Anthony Daniels,C-3PO,6
181812,1537686,Naomi Ackie,Jannah,7
181812,93210,Domhnall Gleeson,General Hux,8
181812,20766,Richard E. Grant,Allegiant General Pryde,9
791373,880,Ben Affleck,Batman / Bruce Wayne,0
791373,73968,Henry Cavill,Superman / Clark Kent,1
791373,90633,Gal Gadot,Wonder Woman / Diana Prince,2
791373,1313559,Ray Fisher,Cyborg / Victor Stone,3
791373,117642,Jason Momoa,Aquaman / Arthur Curry,4
791373,132157,Ezra Miller,The Flash / Barry Allen,5
791373,8785,Ciarán Hinds,Steppenwolf (voice),6
791373,9273,Amy Adams,Lois Lane,7
791373,5293,Willem Dafoe,Vulko,8
791373,16940,Jeremy Irons,Alfred,9
502356,73457,Chris Pratt,Mario (voice),0
502356,1397778,Anya Taylor-Joy,Princess Peach (voice),1
502356,95101,Charlie Day,Luigi (voice),2
502356,70851,Jack Black,Bowser (voice),3
502356,298410,Keegan-Michael Key,Toad (voice),4
502356,19274,Seth Rogen,Donkey Kong (voice),5
502356,61110,Fred Armisen,Cranky Kong (voice),6
502356,299743,Sebastian Maniscalco,Spike (voice),7
502356,176340,Charles Martinet,Mario's Dad / Giuseppe (voice),8
502356,24362,Kevin Michael Richardson,Kamek (voice),9
495764,234352,Margot Robbie,Harley Quinn,0
495764,4810,Rosie Perez,Renee Montoya,1
495764,17628,Mary Elizabeth Winstead,Helena Bertinelli / Huntress,2
495764,59017,Jurnee Smollett-Bell,Dinah Lance / Black Canary,3
495764,3061,Ewan McGregor,Roman Sionis,4
495764,2175867,Ella Jay Basco,Cassandra Cain,5
495764,61659,Chris Messina,Victor Zsasz,6
495764,591835,Ali Wong,Ellen Yee,7
495764,1237876,David Ury,Sleazy Breeder,8
495764,2065065,Sara Montez,Shallow Friend #1 / Kathrine,9
301528,31,Tom Hanks,Woody (voice),0
301528,12898,Tim Allen,Buzz Lightyear (voice),1
301528,8873,Annie Potts,Bo Peep (voice),2
301528,25147,Tony Hale,Forky (voice),3
301528,298410,Keegan-Michael Key,Ducky (voice),4
301528,1530558,Madeleine McGraw,Bonnie (voice),5
301528,110014,Christina Hendricks,Gabby Gabby (voice),6
301528,291263,Jordan Peele,Bunny (voice),7
301528,6384,Keanu Reeves,Duke Caboom (voice),8
301528,209596,Ally Maki,Giggle McDimples (voice),9
337339,12835,Vin Diesel,Dominic Toretto,0
337339,976,Jason Statham,Deckard Shaw,1
337339,18918,Dwayne Johnson,Luke Hobbs,2
337339,17647,Michelle Rodriguez,Letty Ortiz,3
337339,8169,Tyrese Gibson,Roman Pearce,4
337339,8171,Ludacris,Tej Parker,5
337339,6885,Charlize Theron,Cipher,6
337339,6856,Kurt Russell,Mr. Nobody,7
337339,1251069,Nathalie Emmanuel,Ramsey,8
337339,114019,Luke Evans,Owen Shaw,9
420818,5294,Chiwetel Ejiofor,Scar (voice),0
420818,84292,John Oliver,Zazu (voice),1
420818,119589,Donald Glover,Simba (voice),2
420818,15152,James Earl Jones,Mufasa (voice),3
420818,51878,John Kani,Rafiki (voice),4
420818,1981,Alfre Woodard,Sarabi (voice),5
420818,14386,Beyoncé,Nala (voice),6
420818,1828695,JD McCrary,Young Simba (voice),7
420818,1915962,Shahadi Wright Joseph,Young Nala (voice),8
420818,1218219,Penny Johnson Jerald,Sarafina (voice),9
453395,71580,Benedict Cumberbatch,Doctor Stephen Strange,0
453395,1912381,Xochitl Gomez,America Chavez,1
453395,550843,Elizabeth Olsen,Wanda Maximoff / The Scarlet Witch,2
453395,5294,Chiwetel Ejiofor,Baron Mordo,3
453395,30082,Benedict Wong,Wong,4
453395,53714,Rachel McAdams,Dr. Christine Palmer,5
453395,1538879,Jett Klyne,Tommy Maximoff,6
453395,2047847,Julian Hilliard,Billy Maximoff,7
453395,72873,Michael Stuhlbarg,Dr. Nic West,8
453395,39459,Hayley Atwell,Captain Carter,9
399566,28846,Alexander Skarsgård,Nathan Lind,0
399566,15556,Rebecca Hall,Ilene Andrews,1
399566,2948491,Kaylee Hottle,Jia,2
399566,226366,Brian Tyree Henry,Bernie Hayes,3
399566,1356210,Millie Bobby Brown,Madison Russell,4
399566,1139349,Julian Dennison,Josh Valentine,5
399566,76961,Demián Bichir,Walter Simmons,6
399566,1222992,Eiza González,Maia Simmons,7
399566,46364,Shun Oguri,Ren Serizawa,8
399566,3497,Kyle Chandler,Mark Russell,9
405774,18277,Sandra Bullock,Malorie Hayes,0
405774,1650301,Trevante Rhodes,Tom,1
405774,6949,John Malkovich,Douglas,2
405774,34490,Sarah Paulson,Jessica,3
405774,67837,Jacki Weaver,Cheryl,4
405774,973667,Rosa Salazar,Lucy,5
405774,1203789,Danielle Macdonald,Olympia,6
405774,1488961,Lil Rel Howery,Charlie,7
405774,2441,Tom Hollander,Gary,8
405774,1276759,mgk,Felix,9
420817,1515478,Mena Massoud,Aladdin,0
420817,2888,Will Smith,Genie / Mariner,1
420817,240724,Naomi Scott,Jasmine,2
420817,935235,Marwan Kenzari,Jafar,3
420817,103330,Navid Negahban,Sultan,4
420817,476163,Nasim Pedrad,Dalia,5
420817,141034,Billy Magnussen,Prince Anders,6
420817,35434,Numan Acar,Hakim,7
420817,1804409,Jordan A. Nash,Omar,8
420817,2321764,Taliyah Blair,Lian,9
566525,1489211,Simu Liu,Shaun / Shang-Chi,0
566525,1337,Tony Leung Chiu-wai,Xu Wenwu,1
566525,1625558,Awkwafina,Katy,2
566525,2282,Ben Kingsley,Trevor Slattery,3
566525,2979464,Zhang Meng'er,Xialing,4
566525,123701,Fala Chen,Li,5
566525,1620,Michelle Yeoh,Ying Nan,6
566525,57609,Yuen Wah,Master Guang Bo,7
566525,1998541,Florian Munteanu,Razor Fist,8
566525,1068877,Andy Le,Death Dealer,9
392044,11181,Kenneth Branagh,Hercule Poirot,0
392044,1364004,Tom Bateman,Bouc,1
392044,1160,Michelle Pfeiffer,Caroline Hubbard,2
392044,85,Johnny Depp,Edward Ratchett,3
392044,54415,Josh Gad,Hector MacQueen,4
392044,5293,Willem Dafoe,Gerhard Hardman,5
392044,5309,Judi Dench,Princess Dragomiroff,6
392044,937,Derek Jacobi,Edward Henry Masterman,7
392044,1254614,Leslie Odom Jr.,Dr. Arbuthnot,8
392044,1315036,Daisy Ridley,Miss Mary Debenham,9
515001,2054851,Roman Griffin Davis,Jojo,0
515001,1356758,Thomasin McKenzie,Elsa,1
515001,1245,Scarlett Johansson,Rosie,2
515001,55934,Taika Waititi,Adolf,3
515001,6807,Sam Rockwell,Captain Klenzendorf,4
515001,221581,Rebel Wilson,Fraulein Rahm,5
515001,71586,Alfie Allen,Finkel,6
515001,39189,Stephen Merchant,Deertz,7
515001,2089892,Archie Yates,Yorki,8
515001,59096,Luke Brandon Field,Christoph,9
381284,40036,Taraji P. Henson,Katherine G. Johnson,0
381284,6944,Octavia Spencer,Dorothy Vaughan,1
381284,1005852,Janelle Monáe,Mary Jackson,2
381284,1269,Kevin Costner,Al Harrison,3
381284,205,Kirsten Dunst,Vivian Mitchell,4
381284,5374,Jim Parsons,Paul Stafford,5
381284,932967,Mahershala Ali,Jim Johnson,6
381284,83271,Glen Powell,John Glenn,7
381284,1141877,Ariana Neal,Joylette Johnson,8
381284,1607523,Saniyya Sidney,Constance Johnson,9
283366,10912,Eva Green,Miss Peregrine,0
283366,77996,Asa Butterfield,Jacob,1
283366,2231,Samuel L. Jackson,Barron,2
283366,5309,Judi Dench,Miss Avocet,3
283366,4757,Rupert Everett,Ornithologist,4
283366,40477,Chris O'Dowd,Frank,5
283366,19,Allison Janney,Dr. Golan,6
283366,989325,Ella Purnell,Emma,7
283366,28641,Terence Stamp,Abraham Portman,8
283366,1425134,Milo Parker,Hugh,9
454626,222121,Ben Schwartz,Sonic (voice),0
454626,11006,James Marsden,Tom Wachowski,1
454626,110742,Tika Sumpter,Maddie Wachowski,2
454626,206,Jim Carrey,Dr. Robotnik,3
454626,1546282,Natasha Rothwell,Rachel,4
454626,115974,Adam Pally,Wade Whipple,5
454626,2203,Neal McDonough,Major Bennington,6
454626,208677,Lee Majdoub,Agent Stone,7
454626,85922,Tom Butler,Vice Chairman Walters,8
454626,61167,Frank C. Turner,Crazy Carl,9
330457,40462,Kristen Bell,Anna (voice),0
330457,19394,Idina Menzel,Elsa (voice),1
330457,54415,Josh Gad,Olaf (voice),2
330457,38940,Evan Rachel Wood,Iduna (voice),3
330457,221611,Jonathan Groff,Kristoff / Sven / Reindeers (voice),4
330457,1225953,Sterling K. Brown,Mattias (voice),5
330457,658,Alfred Molina,Agnarr (voice),6
330457,104853,Rachel Matthews,Honeymaren (voice),7
330457,50095,Jason Ritter,Ryder (voice),8
330457,17495,Martha Plimpton,Yelena (voice),9
287947,69899,Zachary Levi,Shazam,0
287947,2983,Mark Strong,Dr. Sivana,1
287947,1768966,Asher Angel,Billy Batson,2
287947,1774679,Jack Dylan Grazer,Freddy Freeman,3
287947,11702,Adam Brody,Super Hero Freddy,4
287947,938,Djimon Hounsou,Wizard,5
287947,1726891,Faithe Herman,Darla Dudley,6
287947,22122,Meagan Good,Super Hero Darla,7
287947,54633,Grace Caroline Currey,Mary Bromfield,8
287947,101028,Michelle Borth,Super Hero Mary,9
568124,968367,Stephanie Beatriz,Mirabel Madrigal (voice),0
568124,2521631,María Cecilia Botero,Abuela Alma Madrigal (voice),1
568124,5723,John Leguizamo,Bruno Madrigal (voice),2
568124,1010157,Diane Guerrero,Isabela Madrigal (voice),3
568124,2489411,Jess Darrow,Luisa Madrigal (voice),4
568124,1489764,Carolina Gaitán,Pepa Madrigal (voice),5
568124,120557,Angie Cepeda,Julieta Madrigal  (voice),6
568124,1969888,Ravi Cabot-Conyers,Antonio Madrigal (voice),7
568124,3150235,Mauro Castillo,Félix Madrigal (voice),8
568124,1761634,Rhenzy Feliz,Camilo Madrigal (voice),9
399579,973667,Rosa Salazar,Alita,0
399579,27319,Christoph Waltz,Dr. Dyson Ido,1
399579,6161,Jennifer Connelly,Chiren,2
399579,932967,Mahershala Ali,Vector,3
399579,1047649,Ed Skrein,Zapan,4
399579,17183,Jackie Earle Haley,Grewishka,5
399579,1448516,Keean Johnson,Hugo,6
399579,1452046,Lana Condor,Koyomi,7
399579,1563266,Jorge Lendeborg Jr.,Tanji,8
399579,1222992,Eiza González,Nyssiana,9
337404,54693,Emma Stone,Estella / Cruella,0
337404,7056,Emma Thompson,The Baroness,1
337404,54811,Joel Fry,Jasper,2
337404,1294982,Paul Walter Hauser,Horace,3
337404,1819918,John McCrea,Artie,4
337404,130414,Emily Beecham,Catherine / Maid,5
337404,2983,Mark Strong,John the Valet,6
337404,2959,Kayvan Novak,Roger,7
337404,1532312,Kirby Howell-Baptiste,Anita Darling,8
337404,1470911,Jamie Demetriou,Gerald,9
316029,6968,Hugh Jackman,P. T. Barnum,0
316029,29222,Zac Efron,Phillip Carlyle,1
316029,1812,Michelle Williams,Charity Barnum,2
316029,933238,Rebecca Ferguson,Jenny Lind,3
316029,505710,Zendaya,Anne Wheeler,4
316029,1716724,Keala Settle,Lettie Lutz,5
316029,1639847,Yahya Abdul-Mateen II,W. D. Wheeler,6
316029,1583307,Natasha Liu Bordizzo,Deng Yan,7
316029,167564,Paul Sparks,James Gordon Bennett,8
316029,1952743,Sam Humphrey,Charles Stratton,9
550988,10859,Ryan Reynolds,Guy,0
550988,1388593,Jodie Comer,Millie Rusk / Molotovgirl,1
550988,1488961,Lil Rel Howery,Buddy,2
550988,1467219,Joe Keery,Keys,3
550988,929511,Utkarsh Ambudkar,Mouser,4
550988,55934,Taika Waititi,Antwan,5
550988,38673,Channing Tatum,Revenjamin Buttons,6
550988,3158217,Aaron W Reed,Dude,7
550988,543523,Britne Oldford,Barista,8
550988,2128152,Camille Kostek,Bombshell,9
281338,1333,Andy Serkis,Caesar,0
281338,57755,Woody Harrelson,The Colonel,1
281338,58395,Karin Konoval,Maurice,2
281338,236696,Terry Notary,Rocket,3
281338,18324,Steve Zahn,Bad Ape,4
281338,1493969,Amiah Miller,Nova,5
281338,42711,Ty Olsson,Red Donkey,6
281338,63566,Michael Adamthwaite,Luca,7
281338,20286,Toby Kebbell,Koba,8
281338,35231,Gabriel Chavarria,Preacher,9
436969,234352,Margot Robbie,Harley Quinn,0
436969,17605,Idris Elba,Bloodsport,1
436969,56446,John Cena,Peacemaker,2
436969,92404,Joel Kinnaman,Colonel Rick Flag,3
436969,16483,Sylvester Stallone,King Shark (voice),4
436969,19492,Viola Davis,Amanda Waller,5
436969,83854,David Dastmalchian,Polka-Dot Man,6
436969,1784612,Daniela Melchior,Ratcatcher 2,7
436969,12132,Michael Rooker,Savant,8
436969,224181,Jai Courtney,Captain Boomerang,9
474350,83002,Jessica Chastain,Beverly Marsh,0
474350,5530,James McAvoy,Bill Denbrough,1
474350,19278,Bill Hader,Richie Tozier,2
474350,1237603,Isaiah Mustafa,Mike Hanlon,3
474350,223901,Jay Ryan,Ben Hanscom,4
474350,5296,James Ransone,Eddie Kaspbrak,5
474350,1330888,Andy Bean,Stanley Uris,6
474350,137905,Bill Skarsgård,Pennywise,7
474350,1274508,Jaeden Martell,Young Bill Denbrough,8
474350,1148455,Wyatt Oleff,Young Stanley Uris,9
646380,6193,Leonardo DiCaprio,Dr. Randall Mindy,0
646380,72129,Jennifer Lawrence,Kate Dibiasky,1
646380,5064,Meryl Streep,President Orlean,2
646380,112,Cate Blanchett,Brie Evantee,3
646380,1281250,Rob Morgan,Dr. Teddy Oglethorpe,4
646380,21007,Jonah Hill,Jason Orlean,5
646380,40900,Mark Rylance,Peter Isherwell,6
646380,80602,Tyler Perry,Jack Bremmer,7
646380,1190668,Timothée Chalamet,Yule,8
646380,2372,Ron Perlman,Benedict Drask,9
126889,17288,Michael Fassbender,David / Walter,0
126889,77795,Katherine Waterston,Daniels,1
126889,8289,Billy Crudup,Oram,2
126889,62862,Danny McBride,Tennessee,3
126889,76961,Demián Bichir,Lope,4
126889,37158,Carmen Ejogo,Karine,5
126889,181081,Jussie Smollett,Ricks,6
126889,1486488,Callie Hernandez,Upworth,7
126889,139150,Amy Seimetz,Faris,8
126889,37290,Nathaniel Dean,Hallett,9
300668,524,Natalie Portman,Lena,0
300668,10431,Jennifer Jason Leigh,Dr Ventress,1
300668,180486,Gina Rodriguez,Anya Thorensen,2
300668,62561,Tessa Thompson,Josie Radek,3
300668,67737,Tuva Novotny,Cass Sheppard,4
300668,25072,Oscar Isaac,Kane,5
300668,30082,Benedict Wong,Lomax,6
300668,1457238,Sonoya Mizuno,Humanoid / Katie (Med Student),7
300668,55411,David Gyasi,Daniel,8
300668,207304,John Schwab,Paramedic,9
512200,18918,Dwayne Johnson,Dr. Smolder Bravestone,0
512200,55638,Kevin Hart,Franklin 'Mouse' Finbar,1
512200,70851,Jack Black,Professor Sheldon 'Shelly' Oberon,2
512200,543261,Karen Gillan,Ruby Roundhouse,3
512200,1625558,Awkwafina,Ming,4
512200,130565,Nick Jonas,Jefferson 'Seaplane' McDonough,5
512200,934281,Alex Wolff,Spencer Gilpin,6
512200,1188567,Morgan Turner,Martha Kaply,7
512200,1597855,Madison Iseman,Bethany,8
512200,1160181,Ser'Darius Blain,Anthony 'Fridge' Johnson,9
664413,2511949,Anna-Maria Sieklucka,Laura Biel,0
664413,2349355,Michele Morrone,Don Massimo Torricelli,1
664413,1138242,Bronisław Wrocławski,Mario,2
664413,1616974,Otar Saralidze,Domenico,3
664413,1637039,Magdalena Lamparska,Olga,4
664413,934801,Natasza Urbańska,Anna,5
664413,1384,Grażyna Szapołowska,Mama Laury,6
664413,237499,Tomasz Stockinger,Ojciec Laury,7
664413,1605202,Gianni Parisi,Ojciec Massimo,8
664413,1192151,Mateusz Łasowski,Martin,9
348350,71375,Alden Ehrenreich,Han Solo,0
348350,1709041,Joonas Suotamo,Chewbacca,1
348350,57755,Woody Harrelson,Tobias Beckett,2
348350,1223786,Emilia Clarke,Qi'ra,3
348350,119589,Donald Glover,Lando Calrissian,4
348350,9030,Thandiwe Newton,Val,5
348350,1023483,Phoebe Waller-Bridge,L3-37,6
348350,6162,Paul Bettany,Dryden Vos,7
348350,15277,Jon Favreau,Rio Durant (voice),8
348350,1672504,Erin Kellyman,Enfys Nest,9
533535,10859,Ryan Reynolds,Wade Wilson / Deadpool / Nicepool,0
533535,6968,Hugh Jackman,Logan / Wolverine,1
533535,2324569,Emma Corrin,Cassandra Nova,2
533535,15576,Matthew Macfadyen,Mr. Paradox,3
533535,1464650,Dafne Keen,Laura / X-23,4
533535,15277,Jon Favreau,Happy Hogan,5
533535,54882,Morena Baccarin,Vanessa,6
533535,1091324,Rob Delaney,Peter,7
533535,122750,Leslie Uggams,Blind Al,8
533535,9278,Jennifer Garner,Elektra,9
524434,97576,Gemma Chan,Sersi,0
524434,512991,Richard Madden,Ikaris,1
524434,11701,Angelina Jolie,Thena,2
524434,3136,Salma Hayek Pinault,Ajak,3
524434,466505,Kumail Nanjiani,Kingo,4
524434,1791619,Lia McHugh,Sprite,5
524434,226366,Brian Tyree Henry,Phastos,6
524434,2287101,Lauren Ridloff,Makkari,7
524434,1290466,Barry Keoghan,Druig,8
524434,1024395,Don Lee,Gilgamesh,9
259693,21657,Vera Farmiga,Lorraine Warren,0
259693,17178,Patrick Wilson,Ed Warren,1
259693,1330999,Madison Wolfe,Janet Hodgson,2
259693,1518,Frances O'Connor,Peggy Hodgson,3
259693,1554519,Lauren Esposito,Margaret Hodgson,4
259693,1554515,Benjamin Haigh,Billy Hodgson,5
259693,1554514,Patrick McAuley,Johnny Hodgson,6
259693,1186840,Sterling Jerins,Judy Warren,7
259693,87287,Bonnie Aarons,Demon Nun,8
259693,16358,Simon McBurney,Maurice Grosse,9
353081,500,Tom Cruise,Ethan Hunt,0
353081,73968,Henry Cavill,August Walker,1
353081,10182,Ving Rhames,Luther Stickell,2
353081,11108,Simon Pegg,Benji Dunn,3
353081,933238,Rebecca Ferguson,Ilsa Faust,4
353081,16702,Sean Harris,Solomon Lane,5
353081,9780,Angela Bassett,Erika Sloane,6
353081,556356,Vanessa Kirby,The White Widow,7
353081,11705,Michelle Monaghan,Julia,8
353081,8210,Wes Bentley,Erik,9
47971,12835,Vin Diesel,Xander Cage,0
47971,1341,Donnie Yen,Xiang,1
47971,1246972,Ruby Rose,Adele Wolff,2
47971,53975,Deepika Padukone,Serena Unger,3
47971,3051,Toni Collette,Jane Marke,4
47971,2231,Samuel L. Jackson,Agent Augustus Gibbons,5
47971,9778,Ice Cube,Darius Stone / xXx,6
47971,3075,Rory McCann,Tennyson Torch,7
47971,19961,Nina Dobrev,Rebecca 'Becky' Clearidge,8
47971,57207,Tony Jaa,Talon,9
359724,1892,Matt Damon,Carroll Shelby,0
359724,3894,Christian Bale,Ken Miles,1
359724,19498,Jon Bernthal,Lee Iacocca,2
359724,147056,Caitríona Balfe,Mollie Miles,3
359724,6164,Josh Lucas,Leo Beebe,4
359724,1590759,Noah Jupe,Peter Miles,5
359724,72638,Tracy Letts,Henry Ford II,6
359724,41527,Remo Girone,Enzo Ferrari,7
359724,1472,Ray McKinnon,Phil Remington,8
359724,30710,JJ Feild,Roy Lunn,9
450465,5530,James McAvoy,Patricia / Dennis / Hedwig / The Beast / Barry / Heinrich / Jade / Ian / Mary Reynolds / Norma / Jalin / Kat / B.T. / Kevin Wendell Crumb / Mr. Pritchard / Felida / Luke / Goddard / Samuel / Polly,0
450465,62,Bruce Willis,David Dunn / The Overseer,1
450465,2231,Samuel L. Jackson,Elijah Price / Mr. Glass,2
450465,34490,Sarah Paulson,Dr. Ellie Staple,3
450465,1397778,Anya Taylor-Joy,Casey Cooke,4
450465,4012,Spencer Treat Clark,Joseph Dunn,5
450465,33689,Charlayne Woodard,Mrs. Price,6
450465,7002,Luke Kirby,Pierce,7
450465,1216908,Adam David Thompson,Daryl,8
450465,11614,M. Night Shyamalan,"Jai, Security Guard",9
464052,90633,Gal Gadot,Diana Prince,0
464052,62064,Chris Pine,Steve Trevor,1
464052,41091,Kristen Wiig,Barbara Minerva,2
464052,1253360,Pedro Pascal,Maxwell Lord,3
464052,32,Robin Wright,Antiope,4
464052,935,Connie Nielsen,Hippolyta,5
464052,1829985,Lilly Aspell,Young Diana,6
464052,2960,Amr Waked,Emir Said Bin Abydos,7
464052,159386,Kristoffer Polaha,Handsome Man,8
464052,1546282,Natasha Rothwell,Carol (Co-Worker),9
569094,587506,Shameik Moore,Miles Morales (voice),0
569094,130640,Hailee Steinfeld,Gwen Stacy (voice),1
569094,226366,Brian Tyree Henry,Jeff Morales (voice),2
569094,141610,Luna Lauren Vélez,Rio Morales (voice),3
569094,543505,Jake Johnson,Peter B. Parker (voice),4
569094,25072,Oscar Isaac,Miguel O'Hara (voice),5
569094,17881,Jason Schwartzman,Spot (voice),6
569094,1455336,Issa Rae,Jessica Drew (voice),7
569094,206919,Daniel Kaluuya,Hobie Brown (voice),8
569094,1109702,Karan Soni,Pavitr Prabhakar (voice),9
315162,3131,Antonio Banderas,Puss in Boots (voice),0
315162,3136,Salma Hayek Pinault,Kitty Softpaws (voice),1
315162,210172,Harvey Guillén,Perrito (voice),2
315162,52583,Wagner Moura,Wolf (voice),3
315162,1373737,Florence Pugh,Goldilocks (voice),4
315162,39187,Olivia Colman,Mama Bear (voice),5
315162,5538,Ray Winstone,Papa Bear (voice),6
315162,1346535,Samson Kayo,Baby Bear (voice),7
315162,933558,John Mulaney,Jack Horner (voice),8
315162,1180099,Da'Vine Joy Randolph,Mama Luna (voice),9
391713,36592,Saoirse Ronan,Lady Bird McPherson,0
391713,12133,Laurie Metcalf,Marion McPherson,1
391713,72638,Tracy Letts,Larry McPherson,2
391713,1105079,Lucas Hedges,Danny O'Neill,3
391713,1190668,Timothée Chalamet,Kyle Sheible,4
391713,1496393,Beanie Feldstein,Julie Steffans,5
391713,2207,Lois Smith,Sister Sarah Joan,6
391713,196179,Stephen McKinley Henderson,Father Leviatch,7
391713,1121786,Odeya Rush,Jenna Walton,8
391713,1231115,Jordan Rodrigues,Miguel McPherson,9
508943,1277188,Jacob Tremblay,Luca Paguro (voice),0
508943,1774679,Jack Dylan Grazer,Alberto Scorfano (voice),1
508943,2990400,Emma Berman,Giulia Marcovaldo (voice),2
508943,1874693,Saverio Raimondo,Ercole Visconti (voice),3
508943,52792,Maya Rudolph,Daniela Paguro (voice),4
508943,2990412,Marco Barricelli,Massimo Marcovaldo (voice),5
508943,84407,Jim Gaffigan,Lorenzo Paguro (voice),6
508943,21198,Peter Sohn,Ciccio (voice),7
508943,3129608,Lorenzo Crisci,Guido (voice),8
508943,7543,Marina Massironi,Signora Marsigliese (voice),9
402900,18277,Sandra Bullock,Debbie Ocean,0
402900,112,Cate Blanchett,Lou,1
402900,1813,Anne Hathaway,Daphne Kluger,2
402900,125167,Mindy Kaling,Amita,3
402900,34490,Sarah Paulson,Tammy,4
402900,1625558,Awkwafina,Constance,5
402900,131519,Rihanna,Nine Ball,6
402900,1283,Helena Bonham Carter,Rose Weil,7
402900,30315,Richard Armitage,Claude Becker,8
402900,55466,James Corden,John Frazier,9
616037,74568,Chris Hemsworth,Thor,0
616037,524,Natalie Portman,Jane Foster / The Mighty Thor,1
616037,3894,Christian Bale,Gorr,2
616037,62561,Tessa Thompson,King Valkyrie,3
616037,55934,Taika Waititi,Korg / Old Kronan God (voice),4
616037,934,Russell Crowe,Zeus,5
616037,59817,Jaimie Alexander,Sif,6
616037,17605,Idris Elba,Heimdall,7
616037,73457,Chris Pratt,Peter Quill / Star-Lord,8
616037,543530,Dave Bautista,Drax,9
333371,1230,John Goodman,Howard,0
333371,17628,Mary Elizabeth Winstead,Michelle,1
333371,17487,John Gallagher Jr.,Emmett,2
333371,60881,Douglas M. Griffin,Driver,3
333371,8269,Suzanne Cryer,Woman,4
333371,51329,Bradley Cooper,Ben (voice),5
333371,66655,Sumalee Montano,Voice on Radio (voice),6
333371,2204366,Frank Mottek,Radio Broadcaster (voice),7
290250,934,Russell Crowe,Jackson Healy,0
290250,30614,Ryan Gosling,Holland March,1
290250,1265629,Angourie Rice,Holly March,2
290250,66743,Matt Bomer,John Boy,3
290250,1392137,Margaret Qualley,Amelia Kuttner,4
290250,60033,Yaya DaCosta,Tally,5
290250,65827,Keith David,Older Guy,6
290250,1078613,Beau Knapp,Blueface,7
290250,2207,Lois Smith,Mrs. Glenn,8
290250,1210306,Murielle Telio,Misty Mountains,9
493922,3051,Toni Collette,Annie Graham,0
493922,934281,Alex Wolff,Peter Graham,1
493922,5168,Gabriel Byrne,Steve Graham,2
493922,1945702,Milly Shapiro,Charlie Graham,3
493922,43366,Ann Dowd,Joan,4
493922,1969994,Mallory Bechtel,Bridget,5
493922,1969995,Brock McKinney,Aaron,6
493922,2064805,Jake Brown,Brendan,7
493922,1853997,Morgan Lund,Mr. Davis,8
493922,146333,Christy Summerhays,Charlie's Teacher,9
38700,2888,Will Smith,Mike,0
38700,78029,Martin Lawrence,Marcus,1
38700,67599,Vanessa Hudgens,Kelly,2
38700,23498,Alexander Ludwig,Dorn,3
38700,1907002,Charles Melton,Rafe,4
38700,544442,Paola Nuñez,Rita,5
38700,36628,Kate del Castillo,Isabel Aretas,6
38700,1688196,Nicky Jam,Zway-Lo,7
38700,532,Joe Pantoliano,Captain Howard,8
38700,2256312,Jacob Scipio,Armando Aretas,9
447365,73457,Chris Pratt,Peter Quill / Star-Lord,0
447365,8691,Zoe Saldaña,Gamora,1
447365,543530,Dave Bautista,Drax,2
447365,543261,Karen Gillan,Nebula,3
447365,139820,Pom Klementieff,Mantis,4
447365,12835,Vin Diesel,Groot (voice),5
447365,51329,Bradley Cooper,Rocket (voice),6
447365,51663,Sean Gunn,Kraglin / Young Rocket (voice),7
447365,105238,Chukwudi Iwuji,The High Evolutionary,8
447365,93491,Will Poulter,Adam Warlock,9
466282,1452046,Lana Condor,Lara Jean Song Covey,0
466282,1253353,Noah Centineo,Peter Kavinsky,1
466282,969140,Israel Broussard,Josh Sanderson,2
466282,93377,Janel Parrish,Margot Song Covey,3
466282,1683266,Anna Cathcart,"Katherine ""Kitty"" Song Covey",4
466282,1350469,Andrew Bachelor,Greg Rivera,5
466282,1850803,Trezzo Mahoro,Lucas James,6
466282,1783292,Emilija Baranac,Genevieve,7
466282,1463652,Madeleine Arthur,Christine,8
466282,38405,John Corbett,Daniel Covey,9
315837,1245,Scarlett Johansson,Major Mira Killian / Motoko Kusanagi,0
315837,3317,Takeshi Kitano,Aramaki,1
315837,90060,Pilou Asbæk,Batou,2
315837,10692,Michael Pitt,Kuze,3
315837,101015,Chin Han,Togusa,4
315837,1137,Juliette Binoche,Dr. Ouelet,5
315837,109833,Peter Ferdinando,Cutter,6
315837,1179243,Rila Fukushima,Red Robed Geisha,7
315837,213202,Daniel Henshall,Skinny Man,8
315837,75748,Yutaka Izumihara,Saito,9
396535,150903,Gong Yoo,Seok-woo,0
396535,1278162,Kim Su-an,Soo-ahn,1
396535,127720,Jung Yu-mi,Sung-gyeong,2
396535,1024395,Don Lee,Sang-hwa,3
396535,1255881,Choi Woo-shik,Yeong-gook,4
396535,1042232,An So-hee,Jin-hee,5
396535,1347175,Kim Eui-sung,Yong-suk,6
396535,1351055,Ye Su-jeong,In-gil,7
396535,96663,Park Myung-shin,Jong-gil,8
396535,1418581,Choi Gwi-hwa,Homeless Man,9
615457,59410,Bob Odenkirk,Hutch Mansell,0
615457,113332,Aleksey Serebryakov,Yulian Kuznetsov,1
615457,935,Connie Nielsen,Becca Mansell,2
615457,1062,Christopher Lloyd,David Mansell,3
615457,11086,Michael Ironside,Eddie Williams,4
615457,5414,Colin Salmon,The Barber,5
615457,150,RZA,Harry Mansell,6
615457,63814,Billy MacLellan,Charlie Williams,7
615457,1959472,Araya Mengesha,Pavel,8
615457,119251,Gage Munroe,Brady Mansell,9
328111,52849,Louis C.K.,Max (voice),0
328111,156962,Eric Stonestreet,Duke (voice),1
328111,55638,Kevin Hart,Snowball (voice),2
328111,213001,Jenny Slate,Gidget (voice),3
328111,475512,Ellie Kemper,Katie (voice),4
328111,13,Albert Brooks,Tiberius (voice),5
328111,25703,Lake Bell,Chloe (voice),6
328111,56159,Dana Carvey,Pops (voice),7
328111,500427,Hannibal Buress,Buddy (voice),8
328111,452205,Bobby Moynihan,Mel (voice),9
278927,1414734,Neel Sethi,Mowgli,0
278927,1532,Bill Murray,Baloo (voice),1
278927,2282,Ben Kingsley,Bagheera (voice),2
278927,17605,Idris Elba,Shere Khan (voice),3
278927,1245,Scarlett Johansson,Kaa (voice),4
278927,4690,Christopher Walken,King Louie (voice),5
278927,1267329,Lupita Nyong'o,Raksha (voice),6
278927,4808,Giancarlo Esposito,Akela (voice),7
278927,52865,Garry Shandling,Ikki (voice),8
278927,1259762,Emjay Anthony,Young Wolf #1 (voice),9
339846,18918,Dwayne Johnson,Mitch Buchanan,0
339846,29222,Zac Efron,Matt Brody,1
339846,77234,Priyanka Chopra Jonas,Victoria Leeds,2
339846,109513,Alexandra Daddario,Summer Quinn,3
339846,1156913,Kelly Rohrbach Walton,CJ Parker,4
339846,1181354,Ilfenesh Hadera,Stephanie Holden,5
339846,1461038,Jon Bass,Ronnie Greenbaum,6
339846,1639847,Yahya Abdul-Mateen II,Sgt. Ellerbee,7
339846,500427,Hannibal Buress,Dave the Tech,8
339846,80595,Rob Huebel,Captain Thorpe,9
335797,10297,Matthew McConaughey,Buster Moon (voice),0
335797,368,Reese Witherspoon,Rosita (voice),1
335797,52139,Seth MacFarlane,Mike (voice),2
335797,1245,Scarlett Johansson,Ash (voice),3
335797,4764,John C. Reilly,Eddie (voice),4
335797,1303037,Taron Egerton,Johnny (voice),5
335797,1540615,Tori Kelly,Meena (voice),6
335797,12094,Jennifer Saunders,Nana (voice),7
335797,15565,Jennifer Hudson,Young Nana (voice),8
335797,52842,Garth Jennings,Miss Crawly / Additional Voices (voice),9
336843,527393,Dylan O'Brien,Thomas,0
336843,115150,Kaya Scodelario,Teresa Agnes,1
336843,25663,Thomas Brodie-Sangster,Newt,2
336843,1310760,Ki Hong Lee,Minho,3
336843,1036196,Dexter Darden,Frypan,4
336843,973667,Rosa Salazar,Brenda,5
336843,4808,Giancarlo Esposito,Jorge,6
336843,93491,Will Poulter,Gally,7
336843,49735,Aidan Gillen,Janson,8
336843,1276,Patricia Clarkson,Ava Paige,9
537915,1753914,Josephine Langford,Tessa Young,0
537915,1114487,Hero Fiennes Tiffin,Hardin Scott,1
537915,1684130,Shane Paul McGhie,Landon Gibson,2
537915,2161745,Khadijha Red Thunder,Steph Jones,3
537915,1039523,Dylan Arnold,Noah Porter,4
537915,1224112,Samuel Larsen,Zed Evans,5
537915,1685330,Inanna Sarkis,Molly Samuels,6
537915,11826,Selma Blair,Carol Young,7
537915,2094603,Pia Mia,Tristan,8
537915,1075049,Swen Temmel,Jace,9
693134,1190668,Timothée Chalamet,Paul Atreides,0
693134,505710,Zendaya,Chani,1
693134,933238,Rebecca Ferguson,Jessica,2
693134,3810,Javier Bardem,Stilgar,3
693134,16851,Josh Brolin,Gurney Halleck,4
693134,86654,Austin Butler,Feyd-Rautha,5
693134,1373737,Florence Pugh,Princess Irulan,6
693134,543530,Dave Bautista,Beast Rabban,7
693134,4690,Christopher Walken,Emperor,8
693134,121529,Léa Seydoux,Lady Margot Fenring,9
338970,227454,Alicia Vikander,Lara Croft,0
338970,17287,Dominic West,Richard Croft,1
338970,27740,Walton Goggins,Mathias Vogel,2
338970,64436,Daniel Wu,Lu Ren,3
338970,5470,Kristin Scott Thomas,Ana Miller,4
338970,937,Derek Jacobi,Mr. Yaffe,5
338970,135944,Alexandre Willaume,Lieutenant,6
338970,1838215,Tamer Burjaq,Mercenary,7
338970,85780,Adrian Collins,Mercenary,8
338970,1189954,Keenan Arrison,Mercenary,9
340666,9273,Amy Adams,Susan Morrow,0
340666,131,Jake Gyllenhaal,Tony Hastings / Edward Sheffield,1
340666,335,Michael Shannon,Bobby Andes,2
340666,27428,Aaron Taylor-Johnson,Ray Marcus,3
340666,52848,Isla Fisher,Laura Hastings,4
340666,1508785,Ellie Bamber,India Hastings,5
340666,53807,Armie Hammer,Hutton Morrow,6
340666,1327613,Karl Glusman,Lou,7
340666,1648346,Robert Aramayo,Turk,8
340666,350,Laura Linney,Anne Sutton,9
337167,118545,Dakota Johnson,Anastasia Steele,0
337167,1254583,Jamie Dornan,Christian Grey,1
337167,33337,Eric Johnson,Jack Hyde,2
337167,222130,Eloise Mumford,Kate Kavanagh,3
337167,1089873,Rita Ora,Mia Grey,4
337167,56680,Luke Grimes,Elliot Grey,5
337167,59251,Victor Rasuk,José,6
337167,94864,Max Martini,Taylor,7
337167,49971,Jennifer Ehle,Carla,8
337167,326,Kim Basinger,Elena Lincoln,9
530385,1373737,Florence Pugh,Dani,0
530385,1007683,Jack Reynor,Christian,1
530385,1410478,William Jackson Harper,Josh,2
530385,93491,Will Poulter,Mark,3
530385,2096149,Vilhelm Blomgren,Pelle,4
530385,2209530,Isabelle Grill,Maja,5
530385,239349,Gunnel Fred,Siv,6
530385,1457454,Ellora Torchia,Connie,7
530385,2249745,Archie Madekwe,Simon,8
530385,64975,Henrik Norlén,Ulf,9
545611,1620,Michelle Yeoh,Evelyn Wang,0
545611,1381186,Stephanie Hsu,Joy Wang / Jobu Tupaki,1
545611,690,Ke Huy Quan,Waymond Wang,2
545611,20904,James Hong,Gong Gong,3
545611,8944,Jamie Lee Curtis,Deirdre Beaubeirdre,4
545611,1071151,Tallie Medel,Becky Sregor,5
545611,213001,Jenny Slate,Big Nose,6
545611,232499,Harry Shum Jr.,Chad,7
545611,1367122,Biff Wiff,Rick,8
545611,1375002,Sunita Mani,TV Musical - Queen,9
406997,1277188,Jacob Tremblay,Auggie,0
406997,1204,Julia Roberts,Isabel,1
406997,887,Owen Wilson,Nate,2
406997,1109976,Izabela Vidovic,Via,3
406997,1590759,Noah Jupe,Jack Will,4
406997,1274210,Millie Davis,Summer,5
406997,1668151,Bryce Gheisar,Julian,6
406997,25503,Mandy Patinkin,Mr. Tushman,7
406997,1457461,Danielle Rose Russell,Miranda,8
406997,1652371,Daveed Diggs,Mr. Browne,9
345940,976,Jason Statham,Jonas Taylor,0
345940,109432,Li Bingbing,Suyin,1
345940,11678,Rainn Wilson,Morris,2
345940,7248,Cliff Curtis,James 'Mac' Mackreides,3
345940,1246972,Ruby Rose,Jaxx,4
345940,136347,Jessica McNamee,Lori,5
345940,17273,Masi Oka,Toshi,6
345940,57054,Winston Chao,Zhang,7
345940,1704579,Shuya Sophia Cai,Meiying,8
345940,177214,Page Kennedy,DJ,9
458723,1267329,Lupita Nyong'o,Adelaide Wilson / Red,0
458723,1447932,Winston Duke,Gabe Wilson / Abraham,1
458723,32798,Elisabeth Moss,Kitty Tyler / Dahlia,2
458723,132856,Tim Heidecker,Josh Tyler / Tex,3
458723,1915962,Shahadi Wright Joseph,Zora Wilson / Umbrae,4
458723,2201802,Evan Alex,Jason Wilson / Pluto,5
458723,1639847,Yahya Abdul-Mateen II,Russell Thomas / Weyland,6
458723,1425924,Anna Diop,Rayne Thomas / Eartha,7
458723,1226497,Cali Sheldon,Becca Tyler / Io,8
458723,1226500,Noelle Sheldon,Lindsey Tyler / Nix,9
603692,6384,Keanu Reeves,John Wick,0
603692,1341,Donnie Yen,Caine,1
603692,137905,Bill Skarsgård,Marquis,2
603692,6972,Ian McShane,Winston,3
603692,2975,Laurence Fishburne,Bowery King,4
603692,129101,Lance Reddick,Charon,5
603692,6574,Clancy Brown,Harbinger,6
603692,9195,Hiroyuki Sanada,Shimazu,7
603692,2337629,Rina Sawayama,Akira,8
603692,78110,Scott Adkins,Killa,9
404368,4764,John C. Reilly,Ralph (voice),0
404368,7404,Sarah Silverman,Vanellope (voice),1
404368,90633,Gal Gadot,Shank (voice),2
404368,40036,Taraji P. Henson,Yesss (voice),3
404368,58737,Jack McBrayer,Felix (voice),4
404368,1181329,Timothy Simons,Butcher Boy (voice),5
404368,567562,Phil Johnston,eBay Bidder / Surge Protector (voice),6
404368,16855,Mandy Moore,Rapunzel (voice),7
404368,15563,Anika Noni Rose,Tiana (voice),8
404368,65529,Irene Bedard,Pocahontas (voice),9
487558,1117313,John David Washington,Ron Stallworth,0
487558,1023139,Adam Driver,Flip Zimmerman,1
487558,17052,Topher Grace,David Duke,2
487558,1606394,Laura Harrier,Patrice Dumas,3
487558,7447,Alec Baldwin,Dr. Kennebrew Beauregard,4
487558,82857,Jasper Pääkkönen,Felix Kendrickson,5
487558,1154054,Corey Hawkins,Kwame Ture,6
487558,1294982,Paul Walter Hauser,Ivanhoe,7
487558,1181353,Ryan Eggold,Walter Breachway,8
487558,17490,Isiah Whitlock Jr.,Mr. Turrentine,9
121856,17288,Michael Fassbender,Callum Lynch / Aguilar de Nerha,0
121856,8293,Marion Cotillard,Dr. Sophia Rikkin,1
121856,16940,Jeremy Irons,Alan Rikkin,2
121856,2039,Brendan Gleeson,Joseph Lynch,3
121856,44079,Charlotte Rampling,Ellen Kaye,4
121856,39390,Michael Kenneth Williams,Moussa,5
121856,235125,Ariane Labed,Maria,6
121856,1367569,James Sobol Kelly,Father Raymond,7
121856,81125,Denis Ménochet,Abstergo Güvenlik Müdürü,8
121856,1371041,Callum Turner,Nathan,9
339964,122889,Dane DeHaan,Valerian,0
339964,1289968,Cara Delevingne,Laureline,1
339964,2296,Clive Owen,Commander Arün Filitt,2
339964,131519,Rihanna,Bubble,3
339964,569,Ethan Hawke,Jolly the Pimp,4
339964,15193,Herbie Hancock,Defence Minister,5
339964,1390948,Kris Wu,Sergeant Neza,6
339964,585,Rutger Hauer,President of the World State Federation,7
339964,1230,John Goodman,Igon Siruss (voice),8
339964,1133349,Elizabeth Debicki,Emperor Haban-Limaï (voice),9
300669,32747,Stephen Lang,The Blind Man,0
300669,530618,Jane Levy,Rocky,1
300669,112476,Dylan Minnette,Alex,2
300669,1172147,Daniel Zovatto,Money,3
300669,1669336,Emma Bercovici,Diddy,4
300669,1307647,Franciska Törőcsik,Cindy,5
300669,1669337,Christian Zagia,Raul,6
300669,1635844,Katia Bokor,Ginger,7
300669,1577093,Sergej Onopko,Trevor,8
300669,1669338,Olivia Gillies,Blind Man's Daughter (Young Emma),9
395992,131,Jake Gyllenhaal,Dr. David Jordan,0
395992,10859,Ryan Reynolds,Rory Adams,1
395992,933238,Rebecca Ferguson,Miranda North,2
395992,9195,Hiroyuki Sanada,Sho Murakami,3
395992,932267,Olga Dihovichnaya,Ekaterina Golovkina,4
395992,1238461,Ariyon Bakare,Hugh Derry,5
395992,205659,Naoko Mori,Kazumi,6
395992,591302,Haruka Kuroda,Doctor,7
395992,1752148,Camiel Warren-Taylor,Dominique,8
395992,1373280,Alexandre Nguyen,1st Fisherman,9
341174,118545,Dakota Johnson,Anastasia Steele,0
341174,1254583,Jamie Dornan,Christian Grey,1
341174,33337,Eric Johnson,Jack Hyde,2
341174,222130,Eloise Mumford,Kate Kavanagh,3
341174,234982,Bella Heathcote,Leila,4
341174,1089873,Rita Ora,Mia Grey,5
341174,49971,Jennifer Ehle,Carla,6
341174,56680,Luke Grimes,Elliot Grey,7
341174,59251,Victor Rasuk,José,8
341174,94864,Max Martini,Taylor,9
619264,31422,Ivan Massagué,Goreng,0
619264,961,Antonia San Juan,Imoguiri,1
619264,970993,Zorion Eguileor,Trimagasi,2
619264,1031961,Emilio Buale,Baharat,3
619264,1640347,Alexandra Masangkay,Miharu,4
619264,2574975,Zihara Llana,Mali,5
619264,237352,Mario Pardo,Baharat's Friend,6
619264,560153,Algis Arlauskas,Inmate #1,7
619264,1489884,Txubio Fernández de Jáuregui,Chef,8
619264,1829145,Eric Goode,Mr. Brambang,9
766507,1654001,Amber Midthunder,Naru,0
766507,3675371,Dakota Beavers,Taabe,1
766507,87126,Michelle Thrush,Aruka,2
766507,3316731,Stormee Kipp,Wasape,3
766507,1061054,Julian Black Antelope,Chief Kehetu,4
766507,3158773,Dane DiLiegro,Predator,5
766507,1103483,Stefany Mathias,Sumu (Chief Wife),6
766507,1897633,Bennett Taylor,Raphael,7
766507,2414850,Mike Paterson,Big Beard,8
766507,95413,Nelson Leis,Waxed Mustache,9
384018,18918,Dwayne Johnson,Luke Hobbs,0
384018,976,Jason Statham,Deckard Shaw,1
384018,17605,Idris Elba,Brixton,2
384018,556356,Vanessa Kirby,Hattie Shaw,3
384018,15735,Helen Mirren,Queenie Shaw,4
384018,1222992,Eiza González,Madame M,5
384018,1665,Eddie Marsan,Professor Andreiko,6
384018,2376517,Eliana Su'a,Sam Hobbs,7
384018,7248,Cliff Curtis,Jonah Hobbs,8
384018,1922821,Lori Pelenise Tuisano,Sefina,9
718930,287,Brad Pitt,Ladybug,0
718930,125025,Joey King,Prince,1
718930,27428,Aaron Taylor-Johnson,Tangerine,2
718930,226366,Brian Tyree Henry,Lemon,3
718930,1658375,Andrew Koji,Kimura,4
718930,9195,Hiroyuki Sanada,The Elder,5
718930,335,Michael Shannon,White Death,6
718930,18277,Sandra Bullock,Maria,7
718930,2550161,Bad Bunny,Wolf,8
718930,33235,Logan Lerman,The Son,9
363676,31,Tom Hanks,Chesley 'Sully' Sullenberger,0
363676,6383,Aaron Eckhart,Jeff Skiles,1
363676,134531,Anna Gunn,Elizabeth Davis,2
363676,7497,Holt McCallany,Mike Cleary,3
363676,87192,Mike O'Malley,Charles Porter,4
363676,2977,Jamey Sheridan,Ben Edwards,5
363676,99351,Valerie Mahaffey,Diane Higgins,6
363676,1193526,Delphi Harrington,Lucille Palmer,7
363676,1615594,Ahmed Lucan,Egyptian Driver,8
363676,350,Laura Linney,Lorrie Sullenberger,9
310131,1397778,Anya Taylor-Joy,Thomasin,0
310131,202032,Ralph Ineson,William,1
310131,71083,Kate Dickie,Katherine,2
310131,1397779,Harvey Scrimshaw,Caleb,3
310131,1397781,Ellie Grainger,Mercy,4
310131,1397780,Lucas Dawson,Jonas,5
310131,2320,Julian Richings,Governor,6
310131,237462,Bathsheba Garnett,The Witch,7
310131,1643002,Sarah Stephens,"The Witch, Young",8
310131,1725093,Daniel Malik,Black Phillip (voice),9
385128,12835,Vin Diesel,Dominic Toretto,0
385128,17647,Michelle Rodriguez,Letty Ortiz,1
385128,8169,Tyrese Gibson,Roman Pearce,2
385128,8171,Ludacris,Tej Parker,3
385128,56446,John Cena,Jakob Toretto,4
385128,1251069,Nathalie Emmanuel,Ramsey,5
385128,22123,Jordana Brewster,Mia Toretto,6
385128,61697,Sung Kang,Han Lue,7
385128,12132,Michael Rooker,Buddy,8
385128,15735,Helen Mirren,Queenie Shaw,9
223702,19274,Seth Rogen,Frank / Sergeant Pepper / Peanut Butter (voice),0
223702,41091,Kristen Wiig,Brenda (voice),1
223702,21007,Jonah Hill,Carl (voice),2
223702,19278,Bill Hader,Firewater / Tequila / El Guaco (voice),3
223702,39995,Michael Cera,Barry (voice),4
223702,17051,James Franco,Druggie (voice),5
223702,62862,Danny McBride,Honey Mustard (voice),6
223702,64342,Craig Robinson,Grits (voice),7
223702,22226,Paul Rudd,Darren (voice),8
223702,208519,Nick Kroll,Douche (voice),9
687163,30614,Ryan Gosling,Ryland Grace,0
687163,7152,Sandra Hüller,Eva Stratt,1
687163,2096164,James Ortiz,Rocky (voice),2
687163,2320708,Lionel Boyce,Carl,3
687163,1454946,Milana Vayntrub,Olesya Ilyukhina,4
687163,2131,Ken Leung,Yao,5
687163,3554544,Priya Kansara,Mary (voice),6
687163,1749206,Mia Soteriou,Dr. Browne,7
687163,3074054,Annelle Olaleye,Olivia,8
687163,6080198,Maya Eva Hosein,Rekha,9
324852,4495,Steve Carell,Gru / Dru (voice),0
324852,41091,Kristen Wiig,Lucy Wilde (voice),1
324852,34517,Trey Parker,Balthazar Bratt (voice),2
324852,17743,Miranda Cosgrove,Margo (voice),3
324852,124750,Dana Gaier Ellis,Edith (voice),4
324852,1502907,Nhev Scharrel,Agnes (voice),5
324852,124747,Pierre Coffin,Mel / Minions / Museum Director / Additional Voice (voice),6
324852,4581,Steve Coogan,Fritz / Silas Ramsbottom (voice),7
324852,5823,Julie Andrews,Gru’s Mom (voice),8
324852,213001,Jenny Slate,Valerie Da Vinci (voice),9
282035,500,Tom Cruise,Nick Morton,0
282035,82809,Annabelle Wallis,Jennifer Halsey,1
282035,568657,Sofia Boutella,Ahmanet,2
282035,543505,Jake Johnson,Chris Vail,3
282035,24047,Courtney B. Vance,Colonel Greenway,4
282035,934,Russell Crowe,Henry Jekyll / Edward Hyde,5
282035,935235,Marwan Kenzari,Malik,6
282035,30433,Neil Maskell,Dr. Whemple,7
282035,111090,Javier Botet,Set,8
282035,202760,Andrew Brooke,Mr. Brooke,9
505642,1083010,Letitia Wright,Shuri,0
505642,87265,Tenoch Huerta Mejía,Namor,1
505642,1267329,Lupita Nyong'o,Nakia,2
505642,82104,Danai Gurira,Okoye,3
505642,1447932,Winston Duke,M'Baku,4
505642,9780,Angela Bassett,Ramonda,5
505642,7060,Martin Freeman,Everett Ross,6
505642,15886,Julia Louis-Dreyfus,Valentina Allegra de Fontaine,7
505642,2133996,Dominique Thorne,Riri,8
505642,139900,Florence Kasumba,Ayo,9
427641,18918,Dwayne Johnson,Davis Okoye,0
427641,2038,Naomie Harris,Dr. Kate Caldwell,1
427641,50463,Malin Akerman,Claire Wyden,2
427641,47296,Jeffrey Dean Morgan,Harvey Russell,3
427641,496470,Jake Lacy,Brett Wyden,4
427641,20580,Joe Manganiello,Burke,5
427641,6407,Marley Shelton,Dr. Kerry Atkins,6
427641,1211946,P.J. Byrne,Nelson,7
427641,202892,Demetrius Grosse,Colonel Blake,8
427641,1030513,Jack Quaid,Connor,9
398978,380,Robert De Niro,Frank Sheeran,0
398978,1158,Al Pacino,Jimmy Hoffa,1
398978,4517,Joe Pesci,Russell Bufalino,2
398978,1037,Harvey Keitel,Angelo Bruno,3
398978,15757,Ray Romano,Bill Bufalino,4
398978,21127,Bobby Cannavale,Skinny Razor,5
398978,10690,Anna Paquin,Older Peggy Sheeran,6
398978,1115,Stephen Graham,Anthony 'Tony Pro' Provenzano,7
398978,204651,Stephanie Kurtzuba,Irene Sheeran,8
398978,54738,Jack Huston,Robert Kennedy / RFK,9
376867,1650301,Trevante Rhodes,Black,0
376867,459980,André Holland,Kevin,1
376867,1005852,Janelle Monáe,Teresa,2
376867,1152019,Ashton Sanders,Chiron,3
376867,1664716,Jharrel Jerome,Kevin Age 16,4
376867,1688889,Alex R. Hibbert,Little,5
376867,1699116,Jaden Piner,Kevin Age 9,6
376867,2038,Naomie Harris,Paula,7
376867,932967,Mahershala Ali,Juan,8
376867,1723625,Shariff Earp,Terrence,9
520763,5081,Emily Blunt,Evelyn Abbott,0
520763,17697,John Krasinski,Lee Abbott,1
520763,1815539,Millicent Simmonds,Regan Abbott,2
520763,1590759,Noah Jupe,Marcus Abbott,3
520763,2037,Cillian Murphy,Emmett,4
520763,938,Djimon Hounsou,Man on Island,5
520763,1419065,Okieriete Onaodowan,Police Officer,6
520763,59233,Scoot McNairy,Marina Man,7
520763,2554513,Zachary Golinger,Emmett's Son,8
520763,1288766,Blake DeLong,Umpire,9
302946,880,Ben Affleck,Christian Wolff,0
302946,84223,Anna Kendrick,Dana Cummings,1
302946,18999,J.K. Simmons,Ray King,2
302946,19498,Jon Bernthal,Brax,3
302946,4175,Jeffrey Tambor,Francis Silverberg,4
302946,182272,Cynthia Addai-Robinson,Marybeth Medina,5
302946,12074,John Lithgow,Lamar Blackburn,6
302946,5376,Jean Smart,Rita Blackburn,7
302946,142204,Andy Umberger,Ed Chilton,8
302946,1257565,Alison Wright,Justine,9
295693,76743,Miles Bakshi,Tim (voice),0
295693,7447,Alec Baldwin,Boss Baby (voice),1
295693,78303,Jimmy Kimmel,Dad (voice),2
295693,14406,Lisa Kudrow,Mom (voice),3
295693,884,Steve Buscemi,Francis Francis (voice),4
295693,2219,Tobey Maguire,Adult Tim / Narrator (voice),5
295693,1803677,James McGrath,Wizzie / Elvis Impersonator (voice),6
295693,12080,Conrad Vernon,Eugene (voice),7
295693,1364287,ViviAnn Yee,Staci (voice),8
295693,1639925,Eric Bell Jr.,Triplets (voice),9
492188,1023139,Adam Driver,Charlie Barber,0
492188,1245,Scarlett Johansson,Nicole Barber,1
492188,4784,Laura Dern,Nora Fanshaw,2
492188,21278,Alan Alda,Bert Spitz,3
492188,11477,Ray Liotta,Jay Marotta,4
492188,14415,Julie Hagerty,Sandra,5
492188,28044,Merritt Wever,Cassie,6
492188,1939366,Azhy Robertson,Henry Barber,7
492188,12900,Wallace Shawn,Frank,8
492188,1572541,Martha Kelly,The Evaluator,9
454983,125025,Joey King,Elle Evans,0
454983,518627,Joel Courtney,Lee Flynn,1
454983,2034418,Jacob Elordi,Noah Flynn,2
454983,21625,Molly Ringwald,Mrs. Flynn,3
454983,1386160,Stephen Jennings,Mike Evans,4
454983,2034421,Carson White,Brad Evans,5
454983,1412941,Meganne Young,Rachel,6
454983,1883295,Frances Sholto-Douglas,British Beauty,7
454983,1758078,Nathan Lynn,Yearbook Guy,8
454983,1187066,Byron Langley,Warren,9
447404,10859,Ryan Reynolds,Detective Pikachu (voice),0
447404,1029934,Justice Smith,Tim Goodman,1
447404,221192,Kathryn Newton,Lucy Stevens,2
447404,2440,Bill Nighy,Howard Clifford,3
447404,3899,Ken Watanabe,Lieutenant Hide Yoshida,4
447404,62879,Chris Geere,Roger Clifford,5
447404,1325961,Suki Waterhouse,Ms. Norman,6
447404,174708,Josette Simon,Grams,7
447404,2300244,Alejandro De Mesa,Bartender,8
447404,1089873,Rita Ora,Dr. Ann Laurent,9
68735,77700,Travis Fimmel,Commander Anduin Lothar,0
68735,52851,Paula Patton,Garona Halforcen,1
68735,11107,Ben Foster,Medivh (Guardian),2
68735,55470,Dominic Cooper,King Llane Wrynn,3
68735,224167,Ben Schnetzer,Khadgar,4
68735,20286,Toby Kebbell,Durotan / Antonidas,5
68735,1038379,Robert Kazinsky,Orgrim,6
68735,6574,Clancy Brown,Blackhand,7
68735,77164,Ryan Robbins,Karos,8
68735,64436,Daniel Wu,Gul'dan (Wizard),9
527774,1663195,Kelly Marie Tran,Raya (voice),0
527774,1625558,Awkwafina,Sisu (voice),1
527774,97576,Gemma Chan,Namaari (voice),2
527774,21088,Alan Tudyk,Tuk Tuk (voice),3
527774,2362044,Izaac Wang,Boun (voice),4
527774,30082,Benedict Wong,Tong (voice),5
527774,18307,Daniel Dae Kim,Benja (voice),6
527774,2782707,Thalia Tran,Little Noi (voice),7
527774,25540,Sandra Oh,Virana (voice),8
527774,94797,Dichen Lachman,General Atitaya / Spine Warrior (voice),9
419704,287,Brad Pitt,Roy McBride,0
419704,2176,Tommy Lee Jones,H. Clifford McBride,1
419704,882,Liv Tyler,Eve,2
419704,17018,Ruth Negga,Helen Lantos,3
419704,55636,Donald Sutherland,Thomas Pruitt,4
419704,55314,Kimberly Elise,Lorraine Deavers,5
419704,11628,Loren Dean,Donald Stanford,6
419704,83223,Donnie Keshawarz,Captain Lawrence Tanner,7
419704,62093,Sean Blakemore,Willie Levant,8
419704,1545016,Bobby Nish,Franklin Yoshida,9
370172,8784,Daniel Craig,James Bond,0
370172,121529,Léa Seydoux,Madeleine,1
370172,17838,Rami Malek,Lyutsifer Safin,2
370172,1360281,Lashana Lynch,Nomi,3
370172,5469,Ralph Fiennes,M,4
370172,17064,Ben Whishaw,Q,5
370172,2038,Naomie Harris,Moneypenny,6
370172,139549,Rory Kinnear,Tanner,7
370172,2954,Jeffrey Wright,Felix Leiter,8
370172,141034,Billy Magnussen,Logan Ash,9
439079,527313,Taissa Farmiga,Sister Irene,0
439079,76961,Demián Bichir,Father Burke,1
439079,87287,Bonnie Aarons,The Nun / Valak,2
439079,566080,Jonas Bloquet,Maurice Theriault,3
439079,117656,Ingrid Bisu,Sister Oana,4
439079,17178,Patrick Wilson,Ed Warren,5
439079,21657,Vera Farmiga,Lorraine Warren,6
439079,3127,Lili Taylor,Carolyn Perron,7
439079,1052255,Charlotte Hope,Sister Victoria,8
439079,1393981,Sandra Teles,Sister Ruth,9
320288,1001657,Sophie Turner,Jean Grey / Dark Phoenix,0
320288,5530,James McAvoy,Charles Xavier / Professor X,1
320288,3292,Nicholas Hoult,Hank McCoy / Beast,2
320288,1034681,Tye Sheridan,Scott Summers / Cyclops,3
320288,17288,Michael Fassbender,Erik Lensherr / Magneto,4
320288,1253199,Alexandra Shipp,Ororo Munroe / Storm,5
320288,55089,Evan Peters,Peter Maximoff / Quicksilver,6
320288,83002,Jessica Chastain,Vuk,7
320288,113505,Kodi Smit-McPhee,Kurt Wagner / Nightcrawler,8
320288,72129,Jennifer Lawrence,Raven Darkholme / Mystique,9
166428,449,Jay Baruchel,Hiccup (voice),0
166428,59174,America Ferrera,Astrid (voice),1
166428,1164,F. Murray Abraham,Grimmel (voice),2
166428,112,Cate Blanchett,Valka (voice),3
166428,17276,Gerard Butler,Stoick (voice),4
166428,24264,Craig Ferguson,Gobber (voice),5
166428,21007,Jonah Hill,Snotlout (voice),6
166428,54691,Christopher Mintz-Plasse,Fishlegs (voice),7
166428,41091,Kristen Wiig,Ruffnut (voice),8
166428,239019,Kit Harington,Eret (voice),9
507086,73457,Chris Pratt,Owen Grady,0
507086,18997,Bryce Dallas Howard,Claire Dearing,1
507086,4784,Laura Dern,Ellie Sattler,2
507086,4783,Sam Neill,Alan Grant,3
507086,4785,Jeff Goldblum,Ian Malcolm,4
507086,206425,DeWanda Wise,Kayla Watts,5
507086,1639848,Mamoudou Athie,Ramsay Cole,6
507086,2058708,Isabella Sermon,Maisie Lockwood / Young Charlotte Lockwood,7
507086,55152,Campbell Scott,Lewis Dodgson,8
507086,14592,BD Wong,Henry Wu,9
381283,72129,Jennifer Lawrence,Mother,0
381283,3810,Javier Bardem,Him,1
381283,228,Ed Harris,Man,2
381283,1160,Michelle Pfeiffer,Woman,3
381283,63364,Brian Gleeson,Younger Brother,4
381283,93210,Domhnall Gleeson,Oldest Son,5
381283,1607522,Jovan Adepo,Cupbearer,6
381283,1858808,Amanda Chiu,Damsel,7
381283,1790320,Patricia Summersett,Consoler,8
381283,216785,Eric Davis,Bumbler,9
188927,62064,Chris Pine,Captain James T. Kirk,0
188927,17306,Zachary Quinto,Commander Spock,1
188927,1372,Karl Urban,Dr. Leonard 'Bones' McCoy,2
188927,8691,Zoe Saldaña,Lieutenant Nyota Uhura,3
188927,11108,Simon Pegg,Lieutenant Commander Montgomery 'Scotty' Scott,4
188927,68842,John Cho,Lieutenant Hikaru Sulu,5
188927,21028,Anton Yelchin,Ensign Pavel Chekov,6
188927,17605,Idris Elba,Krall,7
188927,568657,Sofia Boutella,Jaylah,8
188927,592496,Joe Taslim,Manas,9
436270,18918,Dwayne Johnson,Black Adam / Teth Adam,0
436270,83860,Aldis Hodge,Hawkman / Carter Hall,1
436270,1253353,Noah Centineo,Atom Smasher / Al Rothstein,2
436270,164945,Sarah Shahi,Adrianna Tomaz,3
436270,2042690,Quintessa Swindell,Cyclone / Maxine Hunkel,4
436270,935235,Marwan Kenzari,Ishmael / Sabbac / King Ahk-Ton,5
436270,1293978,Mo Amer,Karim,6
436270,2426321,Bodhi Sabongui,Amon Tomaz,7
436270,517,Pierce Brosnan,Dr. Fate / Kent Nelson,8
436270,2430192,James Cusati-Moyer,Samir,9
661374,8784,Daniel Craig,Benoit Blanc,0
661374,819,Edward Norton,Miles Bron,1
661374,1005852,Janelle Monáe,Andi Brand,2
661374,17696,Kathryn Hahn,Claire Debella,3
661374,1254614,Leslie Odom Jr.,Lionel Toussaint,4
661374,11661,Kate Hudson,Birdie Jay,5
661374,543530,Dave Bautista,Duke Cody,6
661374,1202689,Jessica Henwick,Peg,7
661374,1642789,Madelyn Cline,Whiskey,8
661374,48312,Noah Segan,Derol,9
337401,122503,Liu Yifei,Hua Mulan,0
337401,1341,Donnie Yen,Commander Tung,1
337401,643,Gong Li,Xian Niang,2
337401,1336,Jet Li,The Emperor,3
337401,58319,Jason Scott Lee,Böri Khan,4
337401,1305610,Yoson An,Chen Honghui,5
337401,21629,Tzi Ma,Hua Zhou,6
337401,74073,Rosalind Chao,Hua Li,7
337401,1624,Cheng Pei-pei,The Matchmaker,8
337401,21702,Ming-Na Wen,Esteemed Guest,9
335787,1136406,Tom Holland,Nathan Drake,0
335787,13240,Mark Wahlberg,Victor 'Sully' Sullivan,1
335787,1163789,Sophia Ali,Chloe Frazer,2
335787,1859934,Tati Gabrielle,Jo Braddock,3
335787,3131,Antonio Banderas,Santiago Moncada,4
335787,27764,Steven Waddington,The Scotsman,5
335787,1974046,Rudy Pankow,Young Sam,6
335787,3036604,Tiernan Jones,Young Nate,7
335787,2545360,Pingi Moli,Hugo,8
335787,3425211,Jesús Evita,Guard at Museum,9
262504,94185,Shailene Woodley,Beatrice 'Tris' Prior,0
262504,587020,Theo James,Tobias 'Four' Eaton,1
262504,996701,Miles Teller,Peter Hayes,2
262504,37153,Zoë Kravitz,Christina,3
262504,3489,Naomi Watts,Evelyn Johnson-Eaton,4
262504,8447,Jeff Daniels,David,5
262504,1159982,Ansel Elgort,Caleb Prior,6
262504,6944,Octavia Spencer,Johanna Reyes,7
262504,1251875,Keiynan Lonsdale,Uriah Pedrad,8
262504,18307,Daniel Dae Kim,Jack Kang,9
328387,34847,Emma Roberts,Vee Delmonico,0
328387,54697,Dave Franco,Ian,1
328387,71815,Emily Meade,Sydney Sloane,2
328387,148096,Miles Heizer,Tommy Mancuso,3
328387,3196,Juliette Lewis,Nancy Delmonico,4
328387,1443708,Kimiko Glenn,Liv Kurosawa,5
328387,1276759,mgk,Ty,6
328387,62646,Marc John Jefferies,Wes,7
328387,1034197,Samira Wiley,Azhar,8
328387,1560243,Brian Marc,J.P.,9
334543,76788,Dev Patel,Saroo Brierley,0
334543,108916,Rooney Mara,Lucy,1
334543,1371,David Wenham,John Brierley,2
334543,2227,Nicole Kidman,Sue Brierley,3
334543,1750435,Abhishek Bharate,Guddu,4
334543,1285715,Divian Ladwa,Mantosh Brierley,5
334543,1296866,Priyanka Bose,Kamla Munshi,6
334543,150220,Deepti Naval,Saroj Sood,7
334543,87297,Tannishtha Chatterjee,Noor,8
334543,85047,Nawazuddin Siddiqui,Rama,9
460465,1610940,Lewis Tan,Cole Young,0
460465,136347,Jessica McNamee,Sonya Blade,1
460465,51684,Mehcad Brooks,Jax,2
460465,189230,Josh Lawson,Kano,3
460465,1525689,Ludi Lin,Liu Kang,4
460465,1358974,Max Huang,Kung Lao,5
460465,13275,Tadanobu Asano,Lord Raiden,6
460465,101015,Chin Han,Shang Tsung,7
460465,9195,Hiroyuki Sanada,Hanzo Hasashi / Scorpion,8
460465,592496,Joe Taslim,Bi-Han / Sub-Zero,9
331482,36592,Saoirse Ronan,Jo March,0
331482,10990,Emma Watson,Meg March,1
331482,1373737,Florence Pugh,Amy March,2
331482,1669125,Eliza Scanlen,Beth March,3
331482,4784,Laura Dern,Marmee March,4
331482,1190668,Timothée Chalamet,Laurie,5
331482,72638,Tracy Letts,Mr. Dashwood,6
331482,59410,Bob Odenkirk,Father March,7
331482,1205278,James Norton,John Brooke,8
331482,16269,Louis Garrel,Friedrich Bhaer,9
1022789,56322,Amy Poehler,Joy (voice),0
1022789,1903874,Maya Hawke,Anxiety (voice),1
1022789,3020876,Kensington Tallman,Riley (voice),2
1022789,51998,Liza Lapira,Disgust (voice),3
1022789,25147,Tony Hale,Fear (voice),4
1022789,59258,Lewis Black,Anger (voice),5
1022789,169200,Phyllis Smith,Sadness (voice),6
1022789,2195140,Ayo Edebiri,Envy (voice),7
1022789,1469135,Lilimar,Valentina (voice),8
1022789,3264370,Grace Lu,Grace (voice),9
334533,110,Viggo Mortensen,Ben Cash,0
334533,146750,George MacKay,Bodevan Cash,1
334533,1261400,Samantha Isler,Kielyr Cash,2
334533,1024722,Annalise Basso,Vespyr Cash,3
334533,1504947,Nicholas Hamilton,Rellian Cash,4
334533,1447238,Shree Crooks,Zaja Cash,5
334533,1637129,Charlie Shotwell,Nai Cash,6
334533,1108129,Trin Miller,Leslie Abigail Cash,7
334533,8924,Frank Langella,Jack Bertrang,8
334533,43366,Ann Dowd,Abigail Bertrang,9
43074,41091,Kristen Wiig,Erin Gilbert,0
43074,55536,Melissa McCarthy,Abby Yates,1
43074,1240487,Kate McKinnon,Jillian Holtzmann,2
43074,168452,Leslie Jones,Patty Tolan,3
43074,74568,Chris Hemsworth,Kevin,4
43074,1267216,Neil Casey,Rowan North,5
43074,464993,Zach Woods,Tour Guide,6
43074,42157,Ed Begley Jr.,Ed Mulgrave,7
43074,4391,Charles Dance,Harold Fillmore,8
43074,1286525,John Milhiser,Higgins Student,9
373571,3497,Kyle Chandler,Mark Russell,0
373571,21657,Vera Farmiga,Emma Russell,1
373571,1356210,Millie Bobby Brown,Madison Russell,2
373571,3899,Ken Watanabe,Dr. Ishiro Serizawa,3
373571,1339,Zhang Ziyi,Dr. Ilene Chen / Dr. Ling,4
373571,11367,Bradley Whitford,Dr. Rick Stanton,5
373571,39658,Sally Hawkins,Dr. Vivienne Graham,6
373571,4391,Charles Dance,Alan Jonah,7
373571,111678,Thomas Middleditch,Sam Coleman,8
373571,1192492,Aisha Hinds,Colonel Diane Foster,9
335988,13240,Mark Wahlberg,Cade Yeager,0
335988,209578,Laura Haddock,Viviane Wembly,1
335988,19540,Peter Cullen,Optimus Prime (voice),2
335988,4173,Anthony Hopkins,Sir Edmund Burton,3
335988,1378695,Erik Aadahl,Bumblebee (voice),4
335988,19536,Josh Duhamel,Colonel William Lennox,5
335988,97576,Gemma Chan,Quintessa,6
335988,20070,Jim Carter,Cogman (voice),7
335988,34065,Santiago Cabrera,Santos,8
335988,1428070,Isabela Merced,Izabella,9
241259,76070,Mia Wasikowska,Alice Kingsleigh,0
241259,85,Johnny Depp,Tarrant Hightopp / Mad Hatter,1
241259,1813,Anne Hathaway,Mirana / White Queen,2
241259,1283,Helena Bonham Carter,Iracebeth / Red Queen,3
241259,6730,Sacha Baron Cohen,Time,4
241259,26209,Matt Lucas,Tweedledee / Tweedledum,5
241259,4566,Alan Rickman,Absolem / Caterpillar (voice),6
241259,11275,Stephen Fry,Cheshire Cat (voice),7
241259,3968,Michael Sheen,Nivens McTwisp / White Rabbit (voice),8
241259,9191,Timothy Spall,Bayard Hamar / Bloodhound (voice),9
522627,10297,Matthew McConaughey,Michael Pearson,0
522627,56365,Charlie Hunnam,Ray,1
522627,70904,Michelle Dockery,Rosalind Pearson,2
522627,239271,Jeremy Strong,Matthew,3
522627,45753,Lyne Renee,Jackie,4
522627,72466,Colin Farrell,Coach,5
522627,1807132,Henry Golding,Dry Eye,6
522627,67212,Tom Wu,Lord George,7
522627,1285754,Chidi Ajufo,Bunny,8
522627,3291,Hugh Grant,Fletcher,9
424783,527393,Dylan O'Brien,B-127 / Bumblebee (voice),0
424783,130640,Hailee Steinfeld,Charlie Watson,1
424783,56446,John Cena,Jack Burns,2
424783,1563266,Jorge Lendeborg Jr.,Memo Gutierrez,3
424783,40543,John Ortiz,Dr. Powell,4
424783,1184280,Stephen Schneider,Ron,5
424783,1517834,Jason Ian Drucker,Otis Watson,6
424783,21063,Pamela Adlon,Sally Watson,7
424783,41247,Len Cariou,Hank,8
424783,114674,Glynn Turman,General Whalen,9
497582,1356210,Millie Bobby Brown,Enola Holmes,0
497582,73968,Henry Cavill,Sherlock Holmes,1
497582,237455,Sam Claflin,Mycroft Holmes,2
497582,1283,Helena Bonham Carter,Eudoria Holmes,3
497582,1558986,Louis Partridge,Tewkesbury,4
497582,81840,Adeel Akhtar,Lestrade,5
497582,10981,Fiona Shaw,Miss Harrison,6
497582,47468,Frances de la Tour,The Dowager,7
497582,39659,Burn Gorman,Linthorn,8
497582,1531926,Susan Wokoma,Edith,9
390043,10859,Ryan Reynolds,Michael Bryce,0
390043,2231,Samuel L. Jackson,Darius Kincaid,1
390043,64,Gary Oldman,Vladislav Dukhovich,2
390043,3136,Salma Hayek Pinault,Sonia Kincaid,3
390043,78147,Élodie Yung,Amelia Roussel,4
390043,20766,Richard E. Grant,Seifert,5
390043,22462,Joaquim de Almeida,Foucher,6
390043,49812,Kirsty Mitchell,Rebecca Harr,7
390043,238130,Yuri Kolokolnikov,Ivan,8
390043,563559,Sam Hazeldine,Garrett,9
545609,74568,Chris Hemsworth,Tyler Rake,0
545609,2298804,Rudhraksh Jaiswal,Ovi Mahajan,1
545609,6519,Randeep Hooda,Saju,2
545609,229932,Golshifteh Farahani,Nik Khan,3
545609,1179460,Pankaj Tripathi,Ovi Mahajan Sr.,4
545609,35029,David Harbour,Gaspar,5
545609,2614128,Bryon Lerum,Rake's Son,6
545609,2614131,Ryder Lerum,Rake's Son,7
545609,2595214,Shivam Vichare,Sachin,8
545609,2606252,Piyush Khati,Arjun,9
207932,31,Tom Hanks,Robert Langdon,0
207932,72855,Felicity Jones,Sienna Brooks,1
207932,78423,Omar Sy,Christoph Bouchard,2
207932,76793,Irrfan Khan,Harry Sims,3
207932,32683,Sidse Babett Knudsen,Elizabeth Sinskey,4
207932,11107,Ben Foster,Bertrand Zobrist,5
207932,971726,Ana Ularu,Vayentha,6
207932,1668468,Ida Darvish,Marta Alvarez,7
207932,1753718,Paolo Antonio Simioni,Dr. Marconi,8
207932,1753719,Alessandro Grimaldi,Florence Hospital Taxi Driver,9
341013,6885,Charlize Theron,Lorraine Broughton,0
341013,5530,James McAvoy,David Percival,1
341013,1665,Eddie Marsan,Spyglass,2
341013,1230,John Goodman,Emmett Kurzfeld,3
341013,13014,Toby Jones,Eric Gray,4
341013,9140,James Faulkner,"Chief ""C""",5
341013,141876,Roland Møller,Aleksander Bremovych,6
341013,568657,Sofia Boutella,Delphine Lasalle,7
341013,137905,Bill Skarsgård,Merkel,8
341013,1120883,Sam Hargrave,James Gasciogne,9
140300,70851,Jack Black,Po (voice),0
140300,17419,Bryan Cranston,Li (voice),1
140300,4483,Dustin Hoffman,Shifu (voice),2
140300,11701,Angelina Jolie,Tigress (voice),3
140300,18999,J.K. Simmons,Kai (voice),4
140300,18897,Jackie Chan,Monkey (voice),5
140300,19274,Seth Rogen,Mantis (voice),6
140300,140,Lucy Liu,Viper (voice),7
140300,212,David Cross,Crane (voice),8
140300,11661,Kate Hudson,Mei Mei (voice),9
624860,6384,Keanu Reeves,Neo / Thomas Anderson,0
624860,530,Carrie-Anne Moss,Trinity / Tiffany,1
624860,1639847,Yahya Abdul-Mateen II,Morpheus / Agent Smith,2
624860,221611,Jonathan Groff,Smith,3
624860,1202689,Jessica Henwick,Bugs,4
624860,41686,Neil Patrick Harris,The Analyst,5
624860,9575,Jada Pinkett Smith,Niobe,6
624860,77234,Priyanka Chopra Jonas,Sati,7
624860,6886,Christina Ricci,Gwyn de Vere,8
624860,2192,Lambert Wilson,The Merovingian,9
423108,21657,Vera Farmiga,Lorraine Warren,0
423108,17178,Patrick Wilson,Ed Warren,1
423108,1186840,Sterling Jerins,Judy Warren,2
423108,2485582,Sarah Catherine Hook,Debbie Glatzel,3
423108,1731961,Ruairí O'Connor,Arne Cheyne Johnson,4
423108,2047847,Julian Hilliard,David Glatzel,5
423108,175583,Charlene Amoia,Judy Glatzel,6
423108,1381,John Noble,Father Kastner,7
423108,1317693,Eugenie Bondurant,The Occultist,8
423108,979807,Shannon Kook,Drew Thomas,9
508439,1136406,Tom Holland,Ian Lightfoot (voice),0
508439,73457,Chris Pratt,Barley Lightfoot (voice),1
508439,15886,Julia Louis-Dreyfus,Laurel Lightfoot (voice),2
508439,6944,Octavia Spencer,The Manticore (voice),3
508439,59675,Mel Rodriguez,Officer Colt Bronco (voice),4
508439,1215836,Kyle Bornheimer,Wilden Lightfoot (voice),5
508439,1059572,Lena Waithe,Officer Spector (voice),6
508439,591835,Ali Wong,Officer Gore (voice),7
508439,15761,Grey DeLisle,Dewdrop (voice),8
508439,30364,Tracey Ullman,Grecklin (voice),9
440021,1427680,Jessica Rothe,Theresa 'Tree' Gelbman,0
440021,969140,Israel Broussard,Carter Davis,1
440021,1476053,Charles Aitken,Gregory Butler,2
440021,1602964,Ruby Modine,Lori Spengler,3
440021,1651966,Blaine Kern III,Nick Sims,4
440021,104853,Rachel Matthews,Danielle Bouseman,5
440021,62784,Billy Slaughter,Dr. Winter,6
440021,1717376,Caleb Spillyards,Tim Bauer,7
440021,1091423,Jimmy Gonzales,Police Officer,8
440021,1651968,Jason Bayle,David Gelbman,9
593643,1397778,Anya Taylor-Joy,Margot,0
593643,5469,Ralph Fiennes,Chef Slowik,1
593643,3292,Nicholas Hoult,Tyler,2
593643,47627,Janet McTeer,Lillian,3
593643,17342,Paul Adelstein,Ted,4
593643,207389,Rob Yang,Bryce,5
593643,1224238,Aimee Carrero,Felicity,6
593643,5723,John Leguizamo,Movie Star,7
593643,1457999,Arturo Castro,Soren,8
593643,163774,Reed Birney,Richard,9
512195,18918,Dwayne Johnson,John Hartley,0
512195,10859,Ryan Reynolds,Nolan Booth,1
512195,90633,Gal Gadot,Sarah Black / The Bishop,2
512195,1742596,Ritu Arya,Inspector Urvashi Das,3
512195,1217648,Chris Diamantopoulos,Sotto Voce,4
512195,2777637,Ivan Mbakop,Tambwe,5
512195,20588,Vincenzo Amato,Director Gallo,6
512195,74499,Rafael Petardi,Security Chief Ricci,7
512195,1039097,Seth Michaels,Souvenir Stand Owner,8
512195,2045045,Sebastien Large,Gelato Truck Driver,9
258489,28846,Alexander Skarsgård,John Clayton / Tarzan,0
258489,27319,Christoph Waltz,Captain Leon Rom,1
258489,2231,Samuel L. Jackson,George Washington Williams,2
258489,234352,Margot Robbie,Jane Porter,3
258489,938,Djimon Hounsou,Chief Mbonga,4
258489,388,Jim Broadbent,Prime Minister,5
258489,1026019,Casper Crump,Captain Kerchover,6
258489,57461,Simon Russell Beale,Mr. Frum,7
258489,1029045,Yule Masiteng,Muviro,8
258489,1388917,Osy Ikhile,Kwete,9
420809,11701,Angelina Jolie,Maleficent,0
420809,18050,Elle Fanning,Princess Aurora,1
420809,1716493,Harris Dickinson,Prince Phillip,2
420809,1160,Michelle Pfeiffer,Queen Ingrith,3
420809,32987,Sam Riley,Diaval,4
420809,5294,Chiwetel Ejiofor,Conall,5
420809,1047649,Ed Skrein,Borra,6
420809,71450,Robert Lindsay,King John,7
420809,55411,David Gyasi,Percival,8
420809,78727,Jenn Murray,Gerda,9
47933,96066,Liam Hemsworth,Jake Morrison,0
47933,4785,Jeff Goldblum,David Levinson,1
47933,198847,Jessie T. Usher,Dylan Hiller,2
47933,8984,Bill Pullman,President Whitmore,3
47933,1094091,Maika Monroe,Patricia Whitmore,4
47933,1278725,Travis Tope,Charlie Miller,5
47933,150899,AngelaBaby,Rain Lao,6
47933,4273,Charlotte Gainsbourg,Dr. Catherine Marceaux,7
47933,6167,Judd Hirsch,Julius Levinson,8
47933,886,William Fichtner,General Adams,9
1184918,1267329,Lupita Nyong'o,Roz / Rummage (voice),0
1184918,1253360,Pedro Pascal,Fink (voice),1
1184918,1538851,Kit Connor,Brightbill (voice),2
1184918,2440,Bill Nighy,Longneck (voice),3
1184918,1381186,Stephanie Hsu,Vontra (voice),4
1184918,1488236,Matt Berry,Paddler (voice),5
1184918,10182,Ving Rhames,Thunderbolt (voice),6
1184918,2,Mark Hamill,Thorn (voice),7
1184918,11514,Catherine O'Hara,Pinktail (voice),8
1184918,4967567,Boone Storm,Baby Brightbill (voice),9
260514,887,Owen Wilson,Lightning McQueen (voice),0
260514,1374727,Cristela Alonzo,Cruz Ramirez (voice),1
260514,2955,Chris Cooper,Smokey (voice),2
260514,51797,Nathan Fillion,Sterling (voice),3
260514,15897,Larry the Cable Guy,Mater (voice),4
260514,53807,Armie Hammer,Jackson Storm (voice),5
260514,933948,Ray Magliozzi,Dusty (voice),6
260514,4252,Tony Shalhoub,Luigi (voice),7
260514,5149,Bonnie Hunt,Sally Carrera (voice),8
260514,40063,Lea DeLaria,Miss Fritter (voice),9
334541,1893,Casey Affleck,Lee Chandler,0
334541,1105079,Lucas Hedges,Patrick Chandler,1
334541,1812,Michelle Williams,Randi Chandler,2
334541,3497,Kyle Chandler,Joe Chandler,3
334541,1363367,C.J. Wilson,George,4
334541,15370,Gretchen Mol,Elise Henderson,5
334541,4756,Matthew Broderick,Jeffrey Garner,6
334541,1724137,Anna Baryshnikov,Sandy,7
334541,26716,Heather Burns,Jill,8
334541,1730737,Ivy O'Brien,Young Patrick Chandler,9
406990,87722,Noomi Rapace,The Settman Siblings,0
406990,515,Glenn Close,Nicolette Cayman,1
406990,5293,Willem Dafoe,Terrence Settman,2
406990,935235,Marwan Kenzari,Adrian Knowles,3
406990,47647,Christian Rubeck,Joe,4
406990,76556,Pål Sverre Hagen,Jerry,5
406990,1576541,Tomiwa Edun,Eddie,6
406990,1700995,Cassie Clare,Zaquia,7
406990,1473276,Cameron Jack,Dutch,8
406990,1700998,Clara Read,The Young Settman Siblings,9
333484,5292,Denzel Washington,Sam Chisolm,0
333484,73457,Chris Pratt,Joshua Farraday,1
333484,569,Ethan Hawke,Goodnight Robicheaux,2
333484,7132,Vincent D'Onofrio,Jack Horne,3
333484,25002,Lee Byung-hun,Billy Rocks,4
333484,1168097,Manuel Garcia-Rulfo,Vasquez,5
333484,1584347,Martin Sensmeier,Red Harvest,6
333484,58754,Haley Bennett,Emma Cullen,7
333484,133,Peter Sarsgaard,Bartholomew Bogue,8
333484,56680,Luke Grimes,Teddy,9
385687,12835,Vin Diesel,Dominic Toretto,0
385687,17647,Michelle Rodriguez,Letty,1
385687,8169,Tyrese Gibson,Roman,2
385687,8171,Ludacris,Tej,3
385687,56446,John Cena,Jakob,4
385687,1251069,Nathalie Emmanuel,Ramsey,5
385687,22123,Jordana Brewster,Mia,6
385687,61697,Sung Kang,Han,7
385687,117642,Jason Momoa,Dante,8
385687,928572,Scott Eastwood,Little Nobody,9
302699,18918,Dwayne Johnson,Bob Stone,0
302699,55638,Kevin Hart,Calvin Joyner,1
302699,39388,Amy Ryan,Pamela Harris,2
302699,101060,Danielle Nicolet,Maggie,3
302699,23532,Jason Bateman,Trevor,4
302699,84497,Aaron Paul,Phil,5
302699,78433,Ryan Hansen,Steve,6
302699,27031,Tim Griffin,Agent Stan Mitchell,7
302699,1419122,Timothy John Smith,Agent Nick Cooper,8
302699,1754478,Sione Kelepi,Young Robbie,9
445571,23532,Jason Bateman,Max,0
445571,53714,Rachel McAdams,Annie,1
445571,3497,Kyle Chandler,Brooks,2
445571,21676,Sharon Horgan,Sarah,3
445571,141034,Billy Magnussen,Ryan,4
445571,1181327,Lamorne Morris,Kevin,5
445571,999346,Kylie Bunbury,Michelle,6
445571,88124,Jesse Plemons,Gary,7
445571,53820,Michael C. Hall,The Bulgarian,8
445571,6413,Danny Huston,Donald Anderton,9
401981,72129,Jennifer Lawrence,Dominika Egorova,0
401981,33192,Joel Edgerton,"Nathaniel ""Natan"" Nash",1
401981,73381,Matthias Schoenaerts,Vanya Egorov,2
401981,44079,Charlotte Rampling,Matron,3
401981,16940,Jeremy Irons,Vladimir Korchnoi,4
401981,8785,Ciarán Hinds,Alexei Zyuganov,5
401981,20810,Joely Richardson,Nina Egorova,6
401981,18248,Mary-Louise Parker,Stephanie Boucher,7
401981,121718,Bill Camp,Marty Gable,8
401981,80149,Douglas Hodge,Maxim Volontov,9
933260,3416,Demi Moore,Elisabeth,0
933260,1392137,Margaret Qualley,Sue,1
933260,6065,Dennis Quaid,Harvey,2
933260,2313436,Edward Hamilton-Clark,Fred,3
933260,1508131,Gore Abrams,Oliver,4
933260,2566289,Oscar Lesage,Troy,5
933260,45849,Christian Erickson,Man at Diner,6
933260,4954230,Robin Greer,Male Nurse,7
933260,584338,Tom Morton,Doctor,8
933260,1720509,Hugo Diego Garcia,Diego - Boyfriend,9
570670,32798,Elisabeth Moss,Cecilia Kass,0
570670,83860,Aldis Hodge,James Lanier,1
570670,1344344,Storm Reid,Sydney Lanier,2
570670,76068,Michael Dorman,Tom Griffin,3
570670,1539693,Harriet Dyer,Emily Kass,4
570670,551020,Oliver Jackson-Cohen,Adrian Griffin,5
570670,1275904,Benedict Hardie,Marc,6
570670,1673717,Zara Michales,Nurse,7
570670,1054567,Renee Lim,Doctor Lee,8
570670,2140965,Sam Smith,Detective Reckley,9
338967,44735,Jesse Eisenberg,Columbus,0
338967,57755,Woody Harrelson,Tallahassee,1
338967,54693,Emma Stone,Wichita,2
338967,17140,Abigail Breslin,Little Rock,3
338967,1059597,Zoey Deutch,Madison,4
338967,212934,Avan Jogia,Berkeley,5
338967,5916,Rosario Dawson,Nevada,6
338967,36422,Luke Wilson,Albuquerque,7
338967,111678,Thomas Middleditch,Flagstaff,8
338967,2352104,Victoria Hall,Babylonian Gatekeeper,9
324668,1892,Matt Damon,Jason Bourne,0
324668,2176,Tommy Lee Jones,CIA Director Robert Dewey,1
324668,227454,Alicia Vikander,Heather Lee,2
324668,1925,Vincent Cassel,Asset,3
324668,12041,Julia Stiles,Nicky Parsons,4
324668,53240,Riz Ahmed,Aaron Kalloor,5
324668,5377,Ato Essandoh,Craig Jeffers,6
324668,1475960,Scott Shepherd,Director NI Edwin Russell,7
324668,121718,Bill Camp,Malcolm Smith,8
324668,19895,Vinzenz Kiefer,Christian Dassault,9
449176,1108907,Nick Robinson,Simon,0
449176,9278,Jennifer Garner,Emily,1
449176,19536,Josh Duhamel,Jack,2
449176,1636738,Katherine Langford,Leah,3
449176,1253199,Alexandra Shipp,Abby,4
449176,116088,Logan Miller,Martin,5
449176,1251875,Keiynan Lonsdale,Bram,6
449176,1563266,Jorge Lendeborg Jr.,Nick,7
449176,1379123,Talitha Eliana Bateman,Nora,8
449176,25147,Tony Hale,Mr. Worth,9
451048,18918,Dwayne Johnson,Frank Wolff,0
451048,5081,Emily Blunt,Dr. Lily Houghton,1
451048,25616,Edgar Ramírez,Lope de Aguirre,2
451048,212285,Jack Whitehall,McGregor Houghton,3
451048,88124,Jesse Plemons,Prince Joachim,4
451048,13242,Paul Giamatti,Nilo Nemolato,5
451048,1029593,Veronica Falcón,Trader Sam,6
451048,1271600,Dani Rovira,Sancho,7
451048,34018,Quim Gutiérrez,Melchor,8
451048,2896832,Dan Dargan Carter,Gonzalo,9
637649,976,Jason Statham,H,0
637649,7497,Holt McCallany,Bullet,1
637649,1629429,Rocci Williams,Hollow Bob,2
637649,2299,Josh Hartnett,Boy Sweat Dave,3
637649,52886,Jeffrey Donovan,Jackson,4
637649,928572,Scott Eastwood,Jan,5
637649,1271,Andy Garcia,Agent King,6
637649,58758,Deobia Oparei,Brad,7
637649,10964,Laz Alonso,Carlos,8
637649,557579,Raúl Castillo,Sam,9
389015,234352,Margot Robbie,Tonya,0
389015,60898,Sebastian Stan,Jeff,1
389015,19,Allison Janney,LaVona,2
389015,86034,Julianne Nicholson,Diane Rawlinson,3
389015,1294982,Paul Walter Hauser,Shawn,4
389015,21127,Bobby Cannavale,Martin Maddox,5
389015,81682,Bojana Novaković,Dody Teachman,6
389015,1421422,Caitlin Carver,Nancy Kerrigan,7
389015,1948133,Maizie Smith,Tonya (3 ½ Yrs),8
389015,1172108,Mckenna Grace,Tonya (8-12 Yrs),9
274857,56365,Charlie Hunnam,Arthur,0
274857,9642,Jude Law,Vortigern,1
274857,469759,Àstrid Bergès-Frisbey,The Mage,2
274857,938,Djimon Hounsou,Bedivere,3
274857,8783,Eric Bana,Uther Pendragon,4
274857,49735,Aidan Gillen,"William ""Goosefat Bill""",5
274857,1014931,Freddie Fox,Rubio,6
274857,1816433,Craig McGinlay,"Percival ""Percy""",7
274857,67212,Tom Wu,"""Kung Fu"" George",8
274857,1417352,Kingsley Ben-Adir,"Tristan ""Wet Stick""",9
346685,5081,Emily Blunt,Rachel Watson,0
346685,933238,Rebecca Ferguson,Anna Watson,1
346685,58754,Haley Bennett,Megan Hipwell,2
346685,114019,Luke Evans,Scott Hipwell,3
346685,15009,Justin Theroux,Tom Watson,4
346685,19,Allison Janney,Detective Sgt. Riley,5
346685,14406,Lisa Kudrow,Martha,6
346685,18974,Laura Prepon,Cathy,7
346685,25616,Edgar Ramírez,Dr. Kamal Abdic,8
346685,164242,Darren Goldstein,Man in the Suit,9
345887,5292,Denzel Washington,Robert McCall,0
345887,1253360,Pedro Pascal,Dave York,1
345887,1152019,Ashton Sanders,Miles Whittaker,2
345887,863,Orson Bean,Sam Rubinstein,3
345887,8984,Bill Pullman,Brian Plummer,4
345887,6832,Melissa Leo,Susan Plummer,5
345887,152831,Jonathan Scarfe,Resnik,6
345887,34200,Sakina Jaffrey,Fatima,7
345887,1110069,Kazy Tauginas,Ari,8
345887,2090144,Garrett Golden,Kovac,9
299687,56734,Chloë Grace Moretz,Cassie Sullivan,0
299687,1108907,Nick Robinson,Ben Parish / Zombie,1
299687,17402,Ron Livingston,Oliver Sullivan,2
299687,74537,Maggie Siff,Lisa Sullivan,3
299687,1167375,Alex Roe,Evan Walker,4
299687,49,Maria Bello,Sergeant Reznik,5
299687,1094091,Maika Monroe,Ringer,6
299687,1379122,Zackary Arthur,Sam Sullivan,7
299687,23626,Liev Schreiber,Colonel Vosch,8
299687,1291350,Tony Revolori,Dumbo,9
396422,929937,Stephanie Sigman,Sister Charlotte,0
396422,1379123,Talitha Eliana Bateman,Janice,1
396422,1883866,Lulu Wilson,Linda,2
396422,57829,Anthony LaPaglia,Samuel Mullins,3
396422,502,Miranda Otto,Esther Mullins,4
396422,54633,Grace Caroline Currey,Carol,5
396422,1255053,Philippa Coulthard,Nancy,6
396422,1378130,Samara Lee,"Annabelle ""Bee"" Mullins",7
396422,1836442,Tayler Buck,Kate,8
396422,1669169,Lou Lou Safran,Tierney,9
640146,22226,Paul Rudd,Scott Lang / Ant-Man,0
640146,19034,Evangeline Lilly,Hope Van Dyne / The Wasp,1
640146,3392,Michael Douglas,Dr. Hank Pym,2
640146,1160,Michelle Pfeiffer,Janet Van Dyne,3
640146,1674162,Jonathan Majors,Kang the Conqueror,4
640146,221192,Kathryn Newton,Cassie Lang,5
640146,74541,Corey Stoll,M.O.D.O.K.,6
640146,1532,Bill Murray,Lord Krylar,7
640146,2252989,Katy O'Brian,Jentorra,8
640146,1410478,William Jackson Harper,Quaz,9
400106,2888,Will Smith,Daryl Ward,0
400106,33192,Joel Edgerton,Nick Jakoby,1
400106,1192759,Lucy Fry,Tikka,2
400106,87722,Noomi Rapace,Leilah,3
400106,25616,Edgar Ramírez,Kandomere,4
400106,198150,Ike Barinholtz,Pollard,5
400106,91378,Veronica Ngô,Tien,6
400106,84217,Alex Meraz,Serafin,7
400106,1370986,Happy Anderson,Montehugh,8
400106,92614,Dawn Olivieri,Sherri Ward,9
756999,2803710,Mason Thames,Finney,0
756999,1530558,Madeleine McGraw,Gwen,1
756999,569,Ethan Hawke,The Grabber,2
756999,4654,Jeremy Davies,Terrence,3
756999,41020,E. Roger Mitchell,Detective Wright,4
756999,1694113,Troy Rudeseal,Detective Miller,5
756999,3586928,Miguel Mora,Robin,6
756999,3267288,Tristan Pravong,Bruce,7
756999,3013234,Brady Hepner,Vance,8
756999,5296,James Ransone,Max Shaw,9
400928,16828,Chris Evans,Frank Adler,0
400928,1172108,Mckenna Grace,Mary Adler,1
400928,30083,Lindsay Duncan,Evelyn Adler,2
400928,213001,Jenny Slate,Bonnie Stevenson,3
400928,6944,Octavia Spencer,Roberta Taylor,4
400928,2683,Glenn Plummer,Greg Cullen,5
400928,9277,John Finn,Aubrey Highsmith,6
400928,949183,Kelly Collins Lintz,Claire Larsen,7
400928,141762,Joe Chrest,Kevin Larsen,8
400928,39213,Keir O'Donnell,Bradley Pollard,9
375262,54693,Emma Stone,Abigail,0
375262,39187,Olivia Colman,Queen Anne,1
375262,3293,Rachel Weisz,Lady Sarah,2
375262,3292,Nicholas Hoult,Harley,3
375262,1496392,Joe Alwyn,Masham,4
375262,34546,Mark Gatiss,Lord Marlborough,5
375262,1184006,James Smith,Godolphin,6
375262,1648727,Jenny Rainsford,Mae,7
375262,2200174,Emma Delves,Queen's Maid,8
375262,1162218,Faye Daveney,Sarah's Maid,9
508947,3156344,Rosalie Chiang,Meilin Lee (voice),0
508947,25540,Sandra Oh,Ming (voice),1
508947,1373681,Ava Morse,Miriam (voice),2
508947,2719558,Hyein Park,Abby (voice),3
508947,2602879,Maitreyi Ramakrishnan,Priya (voice),4
508947,1333452,Orion Lee,Jin Lee (voice),5
508947,1269910,Wai Ching Ho,Grandma (voice),6
508947,2974629,Tristan Allerick Chen,Tyler (voice),7
508947,20904,James Hong,Mr. Gao (voice),8
508947,171743,Lori Tan Chinn,Auntie Chen (voice),9
675353,222121,Ben Schwartz,Sonic (voice),0
675353,11006,James Marsden,Tom Wachowski,1
675353,110742,Tika Sumpter,Maddie Wachowski,2
675353,1212864,Colleen O'Shaughnessey,Tails (voice),3
675353,17605,Idris Elba,Knuckles (voice),4
675353,206,Jim Carrey,Dr. Robotnik,5
675353,1546282,Natasha Rothwell,Rachel,6
675353,115974,Adam Pally,Wade Whipple,7
675353,50266,Shemar Moore,Randall,8
675353,208677,Lee Majdoub,Agent Stone,9
527641,1286328,Haley Lu Richardson,Stella Grant,0
527641,56730,Cole Sprouse,Will Newman,1
527641,57412,Moisés Arias,Poe Ramírez,2
527641,1538035,Kimberly Hébert Gregory,Barbara,3
527641,231610,Parminder Nagra,Dr. Noor Hamid,4
527641,4174,Claire Forlani,Meredith Newman,5
527641,1127577,Cynthia Evans,Erin Grant,6
527641,168875,Gary Weeks,Tom Grant,7
527641,2270490,Sophia Bernard,Abby Grant,8
527641,209200,Emily Baldoni,Julie,9
395834,17604,Jeremy Renner,Cory Lambert,0
395834,550843,Elizabeth Olsen,Jane Banner,1
395834,84225,Gil Birmingham,Martin Hanson,2
395834,6804,Graham Greene,Ben,3
395834,19498,Jon Bernthal,Matt Rayburn,4
395834,205976,Kelsey Asbille,Natalie Hanson,5
395834,1547148,Teo Briones,Casey Lambert,6
395834,7863,Tantoo Cardinal,Alice Crowheart,7
395834,85484,Matthew Del Negro,Dillon,8
395834,67704,Hugh Dillon,Curtis,9
480530,135651,Michael B. Jordan,Adonis Johnson,0
480530,16483,Sylvester Stallone,Rocky Balboa,1
480530,62561,Tessa Thompson,Bianca,2
480530,65829,Wood Harris,Tony 'Little Duke' Evers,3
480530,62649,Russell Hornsby,Buddy Marcelle,4
480530,119598,Phylicia Rashād,Mary Anne Creed,5
480530,16644,Dolph Lundgren,Ivan Drago,6
480530,1998541,Florian Munteanu,Viktor Drago,7
480530,1746871,Andre Ward,Danny 'Stuntman' Wheeler,8
480530,921,Brigitte Nielsen,Ludmilla Drago,9
567609,1372369,Samara Weaving,Grace,0
567609,11702,Adam Brody,Daniel,1
567609,225411,Mark O'Brien,Alex,2
567609,15319,Henry Czerny,Tony,3
567609,1533,Andie MacDowell,Becky,4
567609,207491,Melanie Scrofano,Emilie,5
567609,1309774,Kristian Bruun,Fitch,6
567609,199486,Elyse Levesque,Charity,7
567609,5889,Nicky Guadagni,Aunt Helene,8
567609,33343,John Ralston,Stevens,9
290859,2713,Linda Hamilton,Sarah Connor,0
290859,1100,Arnold Schwarzenegger,T-800 / Carl,1
290859,1110405,Mackenzie Davis,Grace,2
290859,1596934,Natalia Reyes,"Daniella ""Dani"" Ramos",3
290859,111016,Gabriel Luna,Gabriel / REV-9,4
290859,935201,Diego Boneta,Diego Ramos,5
290859,2573906,Ferran Fernández,Flacco,6
290859,16441,Tristán Ulloa,Felipe Gandal,7
290859,2027068,Stephanie Gil,Young Grace (10yrs),8
290859,1092386,Tomás Álvarez,Lucas / Floor Guard,9
559969,84497,Aaron Paul,Jesse,0
559969,88124,Jesse Plemons,Todd,1
559969,82945,Charles Baker,Skinny Pete,2
559969,191202,Matt Jones,Badger,3
559969,209087,Scott MacArthur,Neil,4
559969,11519,Larry Hankin,Old Joe,5
559969,1475960,Scott Shepherd,Casey,6
559969,19453,Tom Bower,Lou,7
559969,5694,Robert Forster,Ed,8
559969,783,Jonathan Banks,Mike,9
369972,30614,Ryan Gosling,Neil Armstrong,0
369972,120932,Claire Foy,Janet Shearon,1
369972,76512,Jason Clarke,Ed White,2
369972,3497,Kyle Chandler,Deke Slayton,3
369972,74541,Corey Stoll,Buzz Aldrin,4
369972,11663,Patrick Fugit,Elliot See,5
369972,984629,Christopher Abbott,David Scott,6
369972,8785,Ciarán Hinds,Robert R. Gilruth,7
369972,1634328,Olivia Hamilton,Patricia White,8
369972,59254,Pablo Schreiber,Jim Lovell,9
503919,11288,Robert Pattinson,Thomas Howard,0
503919,5293,Willem Dafoe,Thomas Wake,1
503919,2309944,Valeriia Karaman,Mermaid,2
503919,2507696,Logan Hawkes,Ephraim Winslow,3
503919,2507697,Kyla Nicolle,Woman on the Rocks,4
503919,1520954,Shaun Clarke,Departing Wickie,5
503919,1583204,Pierre Richard,Departing Assistant Wickie,6
503919,2248893,Preston Hudson,Tender Mate,7
503919,2507699,Jeff Cruts,Tender Mate,8
503919,5895151,Sully Seagull,Seagull,9
792307,54693,Emma Stone,Bella Baxter,0
792307,103,Mark Ruffalo,Duncan Wedderburn,1
792307,5293,Willem Dafoe,Godwin Baxter,2
792307,1382987,Ramy Youssef,Max McCandles,3
792307,984629,Christopher Abbott,Alfie Blessington,4
792307,2331794,Suzy Bemba,Toinette,5
792307,1400880,Jerrod Carmichael,Harry Astley,6
792307,72309,Kathryn Hunter,Swiney,7
792307,1248292,Vicki Pepperdine,Mrs. Prim,8
792307,3734,Hanna Schygulla,Martha Von Kurtzroc,9
308266,996701,Miles Teller,David Packouz,0
308266,21007,Jonah Hill,Efraim Diveroli,1
308266,224513,Ana de Armas,Iz,2
308266,51329,Bradley Cooper,Henry Girard,3
308266,7166,Kevin Pollak,Ralph Slutzky,4
308266,117437,Patrick St. Esprit,Captain Phillip Santos,5
308266,17857,Shaun Toub,Marlboro,6
308266,136152,JB Blanc,Bashkim,7
308266,60422,Gabriel Spahiu,Enver,8
308266,1720564,Julian Sergi,Rosen,9
311324,1892,Matt Damon,William,0
311324,1151657,Jing Tian,Commander Lin Mae,1
311324,5293,Willem Dafoe,Ballard,2
311324,25246,Andy Lau,Strategist Wang,3
311324,1253360,Pedro Pascal,Tovar,4
311324,99687,Zhang Hanyu,General Shao,5
311324,1382332,Lu Han,Peng Yong,6
311324,1254211,Lin Gengxin,Commander Chen,7
311324,126778,Eddie Peng Yu-Yan,Commander Wu,8
311324,1376106,Huang Xuan,Commander Deng,9
353491,17605,Idris Elba,Roland Deschain,0
353491,10297,Matthew McConaughey,Walter O’Dim,1
353491,1696753,Tom Taylor,Jake Chambers,2
353491,1401531,Claudia Kim,Arra Champignon,3
353491,51533,Fran Kranz,Pimli Prentiss,4
353491,1036288,Abbey Lee,Tirana,5
353491,17183,Jackie Earle Haley,Richard Sayre,6
353491,26723,Katheryn Winnick,Laurie Chambers,7
353491,352,Dennis Haysbert,Steven Deschain,8
353491,1551547,Michael Barbieri,Timmy,9
399404,64,Gary Oldman,Winston Churchill,0
399404,8435,Stephen Dillane,Viscount Halifax,1
399404,1016168,Lily James,Elizabeth Layton,2
399404,32556,Ronald Pickup,Neville Chamberlain,3
399404,77335,Ben Mendelsohn,King George VI,4
399404,5470,Kristin Scott Thomas,Clemmie,5
399404,26121,Nicholas Jones,Sir John Simon,6
399404,54447,Samuel West,Sir Anthony Eden,7
399404,939,David Schofield,Clement Atlee,8
399404,141551,Richard Lumsden,General Ismay,9
345920,2888,Will Smith,Howard Inlet,0
345920,819,Edward Norton,Whit Yardsham,1
345920,204,Kate Winslet,Claire Wilson,2
345920,454,Michael Peña,Simon Scott,3
345920,15735,Helen Mirren,Brigitte,4
345920,512316,Jacob Latimore,Raffi,5
345920,116,Keira Knightley,Amy Moore,6
345920,2038,Naomie Harris,Madeleine,7
345920,43366,Ann Dowd,Sally Price,8
345920,1164259,Kylie Rogers,Allison Yardsham,9
316727,31167,Elizabeth Mitchell,Senator Charlie Roan,0
316727,81685,Frank Grillo,Leo Barnes,1
316727,34,Mykelti Williamson,Joe Dixon,2
316727,1660452,Betty Gabriel,Laney Rucker,3
316727,73127,J. J. Soria,Marcos,4
316727,10361,Raymond J. Barry,Leader Caleb Warrens,5
316727,56679,Edwin Hodge,Dante Bishop,6
316727,40258,Kyle Secor,Minister Edwidge Owens,7
316727,29445,Ethan Phillips,Chief Couper,8
316727,2257,Terry Serpico,Earl Danzinger,9
453405,2888,Will Smith,Henry Brogen / Junior,0
453405,17628,Mary Elizabeth Winstead,Danny Zakarweski,1
453405,2296,Clive Owen,Clay Verris,2
453405,30082,Benedict Wong,Baron,3
453405,80149,Douglas Hodge,Jack Willis,4
453405,53916,Ralph Brown,Del Patterson,5
453405,58643,Linda Emond,Janet Lassiter,6
453405,109667,Ilia Volok,Yuri Kovacs,7
453405,145208,E.J. Bonilla,Marino,8
453405,2423486,Victor Hugo,Junior (On-Set Reference),9
1339713,1561370,Michael Johnston,Bear,0
1339713,2638587,Inde Navarrette,Nikki,1
1339713,2823609,Cooper Tomlinson,Ian,2
1339713,1519711,Megan Lawless,Sarah,3
1339713,28637,Andy Richter,Carter,4
1339713,3095494,Haley Fitzgerald,Viola,5
1339713,1352948,Darin Toonder,Harry,6
1339713,4030428,Anthony Pavone,Reggie,7
1339713,3592074,Justice,Joe,8
1339713,5618033,Anthony Casabianca,Chris,9
324849,21200,Will Arnett,Batman / Bruce Wayne (voice),0
324849,39995,Michael Cera,Robin / Dick Grayson (voice),1
324849,5916,Rosario Dawson,Batgirl / Barbara Gordon (voice),2
324849,5469,Ralph Fiennes,Alfred Pennyworth (voice),3
324849,58225,Zach Galifianakis,Joker (voice),4
324849,213001,Jenny Slate,Harley Quinn (voice),5
324849,111683,Jason Mantzoukas,Scarecrow (voice),6
324849,81200,Conan O'Brien,The Riddler (voice),7
324849,143073,Doug Benson,Bane (voice),8
324849,3799,Billy Dee Williams,Two-Face (voice),9
473033,19292,Adam Sandler,Howard Ratner,0
473033,1200864,LaKeith Stanfield,Demany,1
473033,2371446,Julia Fox,Julia De Flore,2
473033,1177652,Kevin Garnett,Kevin Garnett,3
473033,19394,Idina Menzel,Dinah Ratner,4
473033,10866,Eric Bogosian,Arno Moradian,5
473033,6167,Judd Hirsch,Gooey,6
473033,2410045,Keith William Richards,Phil,7
473033,1315479,Mike Francesa,Gary,8
473033,2371447,Jonathan Aranbayev,Eddie Ratner,9
399174,17419,Bryan Cranston,Chief (voice),0
399174,1726151,Koyu Rankin,Atari Kobayashi (voice),1
399174,12438,Bob Balaban,King (voice),2
399174,819,Edward Norton,Rex (voice),3
399174,1532,Bill Murray,Boss (voice),4
399174,4785,Jeff Goldblum,Duke (voice),5
399174,1714579,Kunichi Nomura,Mayor Kobayashi (voice),6
399174,26473,Fisher Stevens,Scrap (voice),7
399174,1333696,Akira Takayama,Major Domo (voice),8
399174,45400,Greta Gerwig,Tracy Walker (voice),9
976573,1087262,Leah Lewis,Ember (voice),0
976573,1639848,Mamoudou Athie,Wade (voice),1
976573,1236458,Ronnie del Carmen,Bernie (voice),2
976573,2073564,Shila Ommi,Cinder (voice),3
976573,63234,Wendi McLendon-Covey,Gale (voice),4
976573,11514,Catherine O'Hara,Brook (voice),5
976573,3983226,Mason Wertheimer,Clod (voice),6
976573,1217619,Ronobir Lahiri,Harold (voice),7
976573,1576334,Wilma Bonet,Flarrietta (voice),8
976573,1663974,Joe Pera,Fern (voice),9
524047,17276,Gerard Butler,John Garrity,0
524047,54882,Morena Baccarin,Allison Garrity,1
524047,62562,David Denman,Ralph Vento,2
524047,15250,Hope Davis,Judy Vento,3
524047,2077869,Roger Dale Floyd,Nathan Garrity,4
524047,349,Scott Glenn,Dale,5
524047,1350469,Andrew Bachelor,Colin,6
524047,1214164,Merrin Dungey,Major Breen,7
524047,7497,Holt McCallany,Twin Otter Pilot,8
524047,168875,Gary Weeks,Ed Pruitt,9
310307,2232,Michael Keaton,Ray Kroc,0
310307,17039,Nick Offerman,Dick McDonald,1
310307,3911,John Carroll Lynch,Mac McDonald,2
310307,1817,Linda Cardellini,Joan Smith,3
310307,107770,B.J. Novak,Harry J. Sonneborn,4
310307,4784,Laura Dern,Ethel Kroc,5
310307,1622087,Justin Randell Brooke,Fred Turner,6
310307,1785189,Kate Kneeland,June Martino,7
310307,17178,Patrick Wilson,Rollie Smith,8
310307,76021,Griff Furst,Jim Zien,9
613504,1753914,Josephine Langford,Tessa Young,0
613504,1114487,Hero Fiennes Tiffin,Hardin Scott,1
613504,95686,Dylan Sprouse,Trevor Matthews,2
613504,20805,Louise Lombard,Trish Daniels,3
613504,147404,Charlie Weber,Christian Vance,4
613504,85144,Candice King,Kimberly Vance,5
613504,1684130,Shane Paul McGhie,Landon Gibson,6
613504,20960,Rob Estes,Ken Scott,7
613504,1685330,Inanna Sarkis,Molly Samuels,8
613504,11826,Selma Blair,Carol Young,9
479455,74568,Chris Hemsworth,Agent H,0
479455,62561,Tessa Thompson,Agent M,1
479455,466505,Kumail Nanjiani,Pawny (voice),2
479455,933238,Rebecca Ferguson,Riza,3
479455,28847,Rafe Spall,Agent C,4
479455,7056,Emma Thompson,Agent O,5
479455,3896,Liam Neeson,Agent High T,6
479455,2075485,Laurent Bourgeois,Alien Twin,7
479455,2075486,Larry Bourgeois,Alien Twin,8
479455,2959,Kayvan Novak,Vungus / Nasr / Bassam,9
268896,236695,John Boyega,Jake Pentecost,0
268896,928572,Scott Eastwood,Nate Lambert,1
268896,1683343,Cailee Spaeny,Amara Namani,2
268896,1151657,Jing Tian,Liwen Shao,3
268896,18054,Rinko Kikuchi,Mako Mori,4
268896,39659,Burn Gorman,Dr. Hermann Gottlieb,5
268896,1371297,Adria Arjona,Jules Reyes,6
268896,1183808,Max Zhang,Marshal Quan,7
268896,95101,Charlie Day,Dr. Newton Geiszler,8
268896,1530558,Madeleine McGraw,Young Amara Namani,9
343611,500,Tom Cruise,Jack Reacher,0
343611,71189,Cobie Smulders,Maj. Susan Turner,1
343611,1466613,Danika Yarosh,Samantha Dutton,2
343611,83860,Aldis Hodge,Capt. Anthony Espin,3
343611,1223163,Patrick Heusinger,The Hunter,4
343611,7497,Holt McCallany,Col. Morgan,5
343611,17343,Robert Knepper,Gen. Harkness,6
343611,1485114,Madalyn Horcher,Sgt. Leach,7
343611,1367847,Austin Hébert,Daniel Prudhomme,8
343611,149590,Robert Catrini,Col. Moorcroft,9
504172,190,Clint Eastwood,Earl Stone,0
504172,51329,Bradley Cooper,Agent Colin Bates,1
504172,2975,Laurence Fishburne,Special Agent in Charge,2
504172,454,Michael Peña,Agent Treviño,3
504172,1902,Dianne Wiest,Mary,4
504172,1271,Andy Garcia,Latón,5
504172,139868,Ignacio Serricchio,Julio,6
504172,527313,Taissa Farmiga,Ginny,7
504172,389,Alison Eastwood,Iris,8
504172,13732,Richard Herd,Tim Kennedy,9
1061474,1785590,David Corenswet,Superman,0
1061474,993774,Rachel Brosnahan,Lois Lane,1
1061474,3292,Nicholas Hoult,Lex Luthor,2
1061474,39391,Edi Gathegi,Mr. Terrific,3
1061474,51797,Nathan Fillion,Guy Gardner,4
1061474,1428070,Isabela Merced,Hawkgirl,5
1061474,1601451,María Gabriela de Faría,The Engineer,6
1061474,61263,Skyler Gisondo,Jimmy Olsen,7
1061474,21088,Alan Tudyk,Gary,8
1061474,5441666,Grace Chan,Superman Robot #12 (voice),9
447200,18918,Dwayne Johnson,Will Sawyer,0
447200,9206,Neve Campbell,Sarah Sawyer,1
447200,101015,Chin Han,Zhao Long Ji,2
447200,141876,Roland Møller,Kores Botha,3
447200,1284,Noah Taylor,Mr. Pierce,4
447200,57748,Byron Mann,Inspector Wu,5
447200,59254,Pablo Schreiber,Ben,6
447200,2072197,McKenna Roberts,Georgia Sawyer,7
447200,2072198,Noah Cottrell,Henry Sawyer,8
447200,1609490,Hannah Quinlivan,Xia,9
332567,59175,Blake Lively,Nancy Adams,0
332567,59129,Óscar Jaenada,Carlos,1
332567,16841,Brett Cullen,Father,2
332567,1644278,Janelle Bailey,Mother,3
332567,1559151,Sedona Legge,Chloe Adams,4
332567,1677465,Pablo Calva,Carlo's Son,5
332567,1677464,Diego Espejel,Intoxicated Man,6
332567,1677481,Ava Dean,Young Nancy,7
332567,1669262,Chelsea Moody,Young Mom,8
332567,1686692,Angelo Josue Lozano Corzo,Surfer 1,9
667538,1560244,Anthony Ramos,Noah Diaz,0
667538,1676520,Dominique Fishback,Elena Wallace,1
667538,19540,Peter Cullen,Optimus Prime (voice),2
667538,2372,Ron Perlman,Optimus Primal (voice),3
667538,22970,Peter Dinklage,Scourge (voice),4
667538,1620,Michelle Yeoh,Airazor (voice),5
667538,1427948,Pete Davidson,Mirage (voice),6
667538,1700631,Liza Koshy,Arcee (voice),7
667538,2627590,Cristo Fernández,Wheeljack (voice),8
667538,141610,Luna Lauren Vélez,Breanna Diaz,9
575264,500,Tom Cruise,Ethan Hunt,0
575264,39459,Hayley Atwell,Grace,1
575264,10182,Ving Rhames,Luther Stickell,2
575264,11108,Simon Pegg,Benji Dunn,3
575264,933238,Rebecca Ferguson,Ilsa Faust,4
575264,556356,Vanessa Kirby,The White Widow,5
575264,65344,Esai Morales,Gabriel,6
575264,139820,Pom Klementieff,Paris,7
575264,15319,Henry Czerny,Kittridge,8
575264,74242,Shea Whigham,Briggs,9
338762,12835,Vin Diesel,Ray Garrison / Bloodshot,0
338762,1222992,Eiza González,KT,1
338762,209326,Sam Heughan,Jimmy Dalton,2
338762,20286,Toby Kebbell,Martin Axe,3
338762,66441,Talulah Riley,Gina Garrison,4
338762,1181327,Lamorne Morris,Wilfred Wigans,5
338762,529,Guy Pearce,Dr. Emil Harting,6
338762,238164,Jóhannes Haukur Jóhannesson,Nick Baris,7
338762,1472892,Alex Hernandez,Tibbs,8
338762,1716711,Siddharth Dhananjay,Eric,9
428078,586286,Hera Hilmar,Hester Shaw,0
428078,118616,Robert Sheehan,Tom Natsworthy,1
428078,1331,Hugo Weaving,Thaddeus Valentine,2
428078,1712372,Jihae,Anna Fang,3
428078,1624444,Ronan Raftery,Bevis Pod,4
428078,1681867,Leila George,Katherine Valentine,5
428078,8979,Patrick Malahide,Magnus Crome,6
428078,32747,Stephen Lang,Shrike,7
428078,5414,Colin Salmon,Chudleigh Pomeroy,8
428078,205427,Mark Mitchinson,Vambrace,9
274855,17276,Gerard Butler,Jake Lawson,0
274855,5644,Alexandra Maria Lara,Ute Fassbinder,1
274855,38941,Jim Sturgess,Max Lawson,2
274855,37260,Abbie Cornish,U.S. Secret Service Agent Sarah Wilson,3
274855,228,Ed Harris,U.S. Secretary of State Leonard Dekkom,4
274855,1271,Andy Garcia,U.S. President Andrew Palma,5
274855,1545693,Zazie Beetz,Dana,6
274855,239574,Eugenio Derbez,Al Hernandez,7
274855,118616,Robert Sheehan,Duncan Taylor,8
274855,71078,David S. Lee,Lead Henchman Rico,9
425909,1172108,Mckenna Grace,Phoebe,0
425909,1442069,Finn Wolfhard,Trevor,1
425909,1308445,Carrie Coon,Callie,2
425909,22226,Paul Rudd,Grooberson,3
425909,2357412,Logan Kim,Podcast,4
425909,1972881,Celeste O'Connor,Lucky,5
425909,1532,Bill Murray,Peter Venkman,6
425909,707,Dan Aykroyd,Ray Stantz,7
425909,8874,Ernie Hudson,Winston Zeddemore,8
425909,8873,Annie Potts,Janine Melnitz,9
509967,10859,Ryan Reynolds,One,0
509967,19119,Mélanie Laurent,Two,1
509967,1168097,Manuel Garcia-Rulfo,Three,2
509967,1452045,Ben Hardy,Four,3
509967,1371297,Adria Arjona,Five,4
509967,54697,Dave Franco,Six,5
509967,1154054,Corey Hawkins,Seven,6
509967,1259880,Lior Raz,Rovach Alimov,7
509967,559566,Payman Maadi,Murat Alimov,8
509967,238130,Yuri Kolokolnikov,Baasha Zia,9
639933,28846,Alexander Skarsgård,Amleth,0
639933,2227,Nicole Kidman,Queen Gudrún,1
639933,150802,Claes Bang,Fjölnir the Brotherless,2
639933,569,Ethan Hawke,King Aurvandil War-Raven,3
639933,1397778,Anya Taylor-Joy,Olga of the Birch Forest,4
639933,1428295,Gustav Lindh,Thórir the Proud,5
639933,2748015,Elliott Rose,Gunnar,6
639933,5293,Willem Dafoe,Heimir the Fool,7
639933,1905687,Phill Martin,Hallgrímr Half-Troll,8
639933,1543921,Eldar Skar,Finnr the Nose-Stub,9
346910,467645,Boyd Holbrook,Quinn McKenna,0
346910,1650301,Trevante Rhodes,Nebraska Williams,1
346910,1225953,Sterling K. Brown,Traeger,2
346910,1277188,Jacob Tremblay,Rory McKenna,3
346910,298410,Keegan-Michael Key,Coyle,4
346910,81364,Olivia Munn,Casey Brackett,5
346910,11155,Thomas Jane,Baxley,6
346910,71586,Alfie Allen,Lynch,7
346910,1456279,Augusto Aguilera,Nettles,8
346910,28410,Jake Busey,Keyes,9
298618,132157,Ezra Miller,Barry Allen / The Flash,0
298618,2542319,Sasha Calle,Kara Zor-El / Supergirl,1
298618,2232,Michael Keaton,Bruce Wayne / Batman,2
298618,335,Michael Shannon,General Zod,3
298618,17402,Ron Livingston,Henry Allen,4
298618,16971,Maribel Verdú,Nora Allen,5
298618,1253355,Kiersey Clemons,Iris West,6
298618,43202,Antje Traue,Faora-Ul,7
298618,1660888,Saoirse-Monica Jackson,Patty Spivot,8
298618,1727045,Rudy Mancuso,Albert Desmond,9
338953,37632,Eddie Redmayne,Newt Scamander,0
338953,9642,Jude Law,Albus Dumbledore,1
338953,1019,Mads Mikkelsen,Gellert Grindelwald,2
338953,132157,Ezra Miller,Credence Barebone / Aurelius Dumbledore,3
338953,58873,Dan Fogler,Jacob Kowalski,4
338953,998225,Alison Sudol,Queenie Goldstein,5
338953,1371041,Callum Turner,Theseus Scamander,6
338953,1394648,Jessica Williams,Eulalie 'Lally' Hicks,7
338953,77795,Katherine Waterston,Porpentina 'Tina' Goldstein,8
338953,213581,Oliver Masucci,Anton Vogel,9
500664,130253,Logan Marshall-Green,Grey Trace,0
500664,1660452,Betty Gabriel,Detective Cortez,1
500664,127281,Harrison Gilbertson,Eron Keen,2
500664,82606,Melanie Vallejo,Asha Trace,3
500664,1275904,Benedict Hardie,Fisk,4
500664,61635,Linda Cropper,Pamela,5
500664,75745,Simon Maiden,Stem (voice),6
500664,2108336,Steve Danielsen,Jeff Handley,7
500664,1255064,Richard Cawthorne,Serk,8
500664,75175,Christopher Kirby,Tolan,9
476669,5469,Ralph Fiennes,Orlando Oxford,0
476669,59620,Gemma Arterton,Polly,1
476669,7026,Rhys Ifans,Grigori Rasputin,2
476669,1247,Matthew Goode,Morton,3
476669,2441,Tom Hollander,King George / Kaiser Wilhelm / Tsar Nicholas,4
476669,1716493,Harris Dickinson,Conrad Oxford,5
476669,3872,Daniel Brühl,Erik Jan Hanussen,6
476669,938,Djimon Hounsou,Shola,7
476669,4391,Charles Dance,Kitchener,8
476669,2216009,Shaun McKee,Camp Guard #1,9
267860,17276,Gerard Butler,Mike Banning,0
267860,6383,Aaron Eckhart,President Benjamin Asher,1
267860,9780,Angela Bassett,Lynne Jacobs,2
267860,192,Morgan Freeman,Alan Trumbull,3
267860,6832,Melissa Leo,Secretary of Defense Ruth McMillan,4
267860,5694,Robert Forster,General Edward Clegg,5
267860,33836,Sean O'Bryan,NSA Deputy Director Ray Monroe,6
267860,8329,Radha Mitchell,Leah Banning,7
267860,17183,Jackie Earle Haley,Deputy Chief Mason,8
267860,115679,Charlotte Riley,MI6 Jacquelin Marshall,9
786892,1397778,Anya Taylor-Joy,Furiosa,0
786892,74568,Chris Hemsworth,Dementus,1
786892,52891,Tom Burke,Praetorian Jack,2
786892,2431565,Alyla Browne,Young Furiosa,3
786892,148899,George Shevtsov,The History Man,4
786892,75122,Lachy Hulme,Immortan Joe / Rizzdale Pell,5
786892,102603,John Howard,The People Eater,6
786892,59117,Angus Sampson,Organic Mechanic,7
786892,4441956,Charlee Fraser,Mary Jabassa,8
786892,73269,Elsa Pataky,Vuvalini General / Mr Norton,9
507089,27972,Josh Hutcherson,Mike,0
507089,2283930,Piper Rubio,Abby,1
507089,1368507,Elizabeth Lail,Vanessa,2
507089,26457,Matthew Lillard,Steve Raglan / William Afton,3
507089,31140,Mary Stuart Masterson,Aunt Jane,4
507089,2620732,Kat Conner Sterling,Max,5
507089,2865624,David Lind,Jeff,6
507089,575674,Christian Stokes,Hank,7
507089,1682013,Joseph Poliquin,Carl,8
507089,3277483,Grant Feely,Ghost Kid (Blonde Boy),9
583083,125025,Joey King,Elle Evans,0
583083,2034418,Jacob Elordi,Noah Flynn,1
583083,518627,Joel Courtney,Lee Flynn,2
583083,21625,Molly Ringwald,Mrs. Flynn,3
583083,2648891,Taylor Zakhar Perez,Marco Peña,4
583083,1399526,Maisie Richardson-Sellers,Chloe Winthrop,5
583083,1412941,Meganne Young,Rachel,6
583083,1386160,Stephen Jennings,Mr. Evans,7
583083,2034421,Carson White,Brad Evans,8
583083,2721570,Bianca Bosch,Olivia,9
762504,206919,Daniel Kaluuya,OJ Haywood,0
762504,74688,Keke Palmer,Emerald Haywood,1
762504,1602972,Brandon Perea,Angel Torres,2
762504,7486,Michael Wincott,Antlers Holst,3
762504,215055,Steven Yeun,Ricky 'Jupe' Park,4
762504,205772,Wrenn Schmidt,Amber Park,5
762504,65827,Keith David,Otis Haywood Sr.,6
762504,111518,Devon Graye,Ryder Muybridge,7
762504,236696,Terry Notary,Gordy,8
762504,2340185,Barbie Ferreira,Nessie,9
1233413,135651,Michael B. Jordan,Smoke / Stack,0
1233413,130640,Hailee Steinfeld,Mary,1
1233413,4688032,Miles Caton,Sammie Moore,2
1233413,85065,Jack O'Connell,Remmick,3
1233413,134774,Wunmi Mosaku,Annie,4
1233413,2455272,Jayme Lawson,Pearline,5
1233413,334,Omar Benson Miller,Cornbread,6
1233413,18792,Delroy Lindo,Delta Slim,7
1233413,1321015,Li Jun Li,Grace Chow,8
1233413,3495960,Yao,Bo Chow,9
522681,1353827,Taylor Russell,Zoey Davis,0
522681,116088,Logan Miller,Ben Miller,1
522681,151680,Jay Ellis,Jason Walker,2
522681,212154,Deborah Ann Woll,Amanda Harper,3
522681,1466581,Nik Dodani,Danny Khan,4
522681,51383,Tyler Labine,Mike Nolan,5
522681,31387,Yorick van Wageningen,Games Master WooTan Yu,6
522681,1573781,Cornelius Geaney Jr.,College Professor,7
522681,2282251,Russell Crous,Charlie - Jason's Assistant,8
522681,181269,Bart Fouche,Gary - Ben's Boss,9
424139,8944,Jamie Lee Curtis,Laurie Strode,0
424139,20750,Judy Greer,Karen,1
424139,1511997,Andi Matichak,Allyson,2
424139,1267684,James Jude Courtney,The Shape,3
424139,14692,Nick Castle,The Shape,4
424139,117640,Haluk Bilginer,Dr. Sartain,5
424139,883,Will Patton,Officer Hawkins,6
424139,1495589,Rhian Rees,Dana Haines,7
424139,109322,Jefferson Hall,Aaron Korey,8
424139,18271,Toby Huss,Ray,9
696806,10859,Ryan Reynolds,Big Adam,0
696806,2867506,Walker Scobell,Young Adam,1
696806,103,Mark Ruffalo,Louis Reed,2
696806,9278,Jennifer Garner,Ellie Reed,3
696806,8691,Zoe Saldaña,Laura,4
696806,2229,Catherine Keener,Maya Sorian,5
696806,1020687,Alex Mallari Jr.,Christos,6
696806,2004111,Braxton Bjerken,Ray,7
696806,3047827,Kasra Wong,Chuck,8
696806,172428,Lucie Guest,Young Sorian Body Double,9
411088,82700,Mario Casas,Adrián Doria,0
411088,34053,Ana Wagener,Elvira,1
411088,110129,Jose Coronado,Tomás Garrido,2
411088,724188,Bárbara Lennie,Laura Vidal,3
411088,28509,Francesc Orella,Félix Leiva,4
411088,1027740,Paco Tous,Driver,5
411088,942100,David Selvas,Bruno,6
411088,1665267,Iñigo Gastesi,Daniel Garrido,7
411088,1665266,San Yélamos,Sonia,8
411088,229769,Manel Dueso,Police Inspector Millán,9
290595,74568,Chris Hemsworth,The Huntsman,0
290595,6885,Charlize Theron,Queen Ravenna,1
290595,5081,Emily Blunt,Freya,2
290595,83002,Jessica Chastain,Sara,3
290595,11109,Nick Frost,Nion,4
290595,237455,Sam Claflin,William,5
290595,47632,Rob Brydon,Gryff,6
290595,110080,Sheridan Smith,Mrs. Bromwyn,7
290595,237020,Alexandra Roach,Doreena,8
290595,1479869,Ṣọpẹ́ Dìrísù,Tull,9
337170,500,Tom Cruise,Barry Seal,0
337170,93210,Domhnall Gleeson,Monty 'Schafer',1
337170,131723,Sarah Wright,Lucy Seal,2
337170,88124,Jesse Plemons,Sheriff Downing,3
337170,572541,Caleb Landry Jones,JB,4
337170,1345418,Lola Kirke,Judy Downing,5
337170,34195,Jayma Mays,Dana Sibota,6
337170,1809025,Alejandro Edda,Jorge Ochoa,7
337170,2137,Benito Martinez,James Rangel,8
337170,41020,E. Roger Mitchell,Agent Craig McCall,9
504608,1303037,Taron Egerton,Elton John,0
504608,478,Jamie Bell,Bernie Taupin,1
504608,512991,Richard Madden,John Reid,2
504608,18997,Bryce Dallas Howard,Sheila,3
504608,9138,Gemma Jones,Ivy,4
504608,978,Steven Mackintosh,Stanley,5
504608,126457,Tom Bennett,Fred,6
504608,2316169,Matthew Illesley,Young Reggie,7
504608,1538851,Kit Connor,Older Reggie,8
504608,142389,Charlie Rowe,Ray Williams,9
501170,3061,Ewan McGregor,Danny Torrance,0
501170,933238,Rebecca Ferguson,Rose the Hat,1
501170,2118623,Kyliegh Curran,Abra Stone,2
501170,7248,Cliff Curtis,Billy Freeman,3
501170,42376,Zahn McClarnon,Crow Daddy,4
501170,112742,Emily Alyn Lind,Snakebite Andi,5
501170,1853396,Selena Anduze,Apron Annie,6
501170,79416,Robert Longstreet,Barry the Chunk,7
501170,9631,Carel Struycken,Grampa Flick,8
501170,551462,Katie Parker,Silent Sarey,9
296524,13240,Mark Wahlberg,Mike Williams,0
296524,6856,Kurt Russell,Jimmy Harrell,1
296524,6949,John Malkovich,Donald Vidrine,2
296524,180486,Gina Rodriguez,Andrea Fleytas,3
296524,527393,Dylan O'Brien,Caleb Holloway,4
296524,11661,Kate Hudson,Felicia Williams,5
296524,129868,J.D. Evermore,Dewey Revette,6
296524,824,Ethan Suplee,Jason Anderson,7
296524,1327175,Dave Maldonado,Capt. Curt Kuchta,8
296524,1371237,Henry Frost,Shane Roshto,9
631843,258,Gael García Bernal,Guy,0
631843,1080195,Vicky Krieps,Prisca,1
631843,17328,Rufus Sewell,Charles,2
631843,934281,Alex Wolff,Trent Aged 15,3
631843,1356758,Thomasin McKenzie,Maddox Aged 16,4
631843,1036288,Abbey Lee,Chrystal,5
631843,109319,Nikki Amuka-Bird,Patricia,6
631843,2131,Ken Leung,Jarin,7
631843,1669125,Eliza Scanlen,Kara Aged 15,8
631843,1763709,Aaron Pierre,Mid-Sized Sedan,9
446354,5064,Meryl Streep,Kay Graham,0
446354,31,Tom Hanks,Ben Bradlee,1
446354,34490,Sarah Paulson,Tony Bradlee,2
446354,59410,Bob Odenkirk,Ben Bagdikian,3
446354,72638,Tracy Letts,Fritz Beebe,4
446354,11367,Bradley Whitford,Arthur Parsons,5
446354,21089,Bruce Greenwood,Robert McNamara,6
446354,29528,Matthew Rhys,Daniel Ellsberg,7
446354,88029,Alison Brie,Lally Graham,8
446354,1308445,Carrie Coon,Meg Greenfield,9
536554,1255540,Allison Williams,Gemma,0
536554,2131391,Violet McGraw,Cady,1
536554,3444018,Amie Donald,M3gan,2
536554,2043430,Jenna Davis,M3gan (voice),3
536554,1319469,Ronny Chieng,David,4
536554,1071699,Brian Jordan Alvarez,Cole,5
536554,2089274,Jen Van Epps,Tess,6
536554,1023465,Stephane Garneau-Monten,Kurt,7
536554,1237628,Lori Dungey,Celia,8
536554,2618000,Amy Usherwood,Lydia,9
338766,1229,Jeff Bridges,Marcus Hamilton,0
338766,62064,Chris Pine,Toby Howard,1
338766,11107,Ben Foster,Tanner Howard,2
338766,84225,Gil Birmingham,Alberto Parker,3
338766,164094,Marin Ireland,Debbie Howard,4
338766,114000,Kevin Rankin,Billy Rayburn,5
338766,46814,Dale Dickey,Elsie,6
338766,202830,William Sterchi,Mr. Clauson,7
338766,2090296,Kristin K. Berg,Olney Teller,8
338766,59450,Katy Mixon,Jenny Ann,9
526896,7499,Jared Leto,Dr. Michael Morbius,0
526896,136532,Matt Smith,Milo,1
526896,1371297,Adria Arjona,Martine Bancroft,2
526896,15440,Jared Harris,Dr. Emil Nicholas,3
526896,8169,Tyrese Gibson,Agent Simon Stroud,4
526896,90534,Al Madrigal,Agent Rodriguez,5
526896,2232,Michael Keaton,Adrian Toomes,6
526896,2127280,Zaris-Angel Hator,Anna,7
526896,1315513,Joe Ferrara,Bush Pilot,8
526896,1637129,Charlie Shotwell,Young Michael,9
278154,15757,Ray Romano,Manny (voice),0
278154,5723,John Leguizamo,Sid (voice),1
278154,5724,Denis Leary,Diego (voice),2
278154,212604,Adam Devine,Julian (voice),3
278154,204815,Jesse Tyler Ferguson,Shangri Llama (voice),4
278154,1213603,Max Greenfield,Roger (voice),5
278154,1107461,Jessie J,Brooke (voice),6
278154,17039,Nick Offerman,Gavin (voice),7
278154,74688,Keke Palmer,Peaches (voice),8
278154,15760,Josh Peck,Eddie (voice),9
547016,6885,Charlize Theron,Andromache of Scythia / Andy,0
547016,1884703,KiKi Layne,Nile Freeman,1
547016,91378,Veronica Ngô,Quynh,2
547016,73381,Matthias Schoenaerts,Sebastien Le Livre / Booker,3
547016,935235,Marwan Kenzari,Yusuf Al-Kaysani / Joe,4
547016,509344,Luca Marinelli,Nicolò di Genova / Nicky,5
547016,5294,Chiwetel Ejiofor,Copley,6
547016,10982,Harry Melling,Merrick,7
547016,1816917,Natacha Karam,Dizzy,8
547016,20699,Anamaria Marinca,Dr. Meta Kozak,9
376570,17487,John Gallagher Jr.,The Man,0
376570,932076,Kate Siegel,Maddie,1
376570,83456,Michael Trucco,John,2
376570,1331981,Samantha Sloyan,Sarah,3
376570,1044197,Emma Graves,Max,4
493529,62064,Chris Pine,Edgin,0
493529,17647,Michelle Rodriguez,Holga,1
493529,1029934,Justice Smith,Simon,2
493529,1481238,Sophia Lillis,Doric,3
493529,3291,Hugh Grant,Forge,4
493529,1628687,Regé-Jean Page,Xenk,5
493529,1696016,Chloe Coleman,Kira,6
493529,1070886,Daisy Head,Sofina,7
493529,3655420,Kyle Hixon,Guard,8
493529,25451,Spencer Wilding,Gorg,9
49046,3631223,Felix Kammerer,Paul Bäumer,0
49046,1111158,Albrecht Schuch,Stanislaus 'Kat' Katczinsky,1
49046,1820948,Aaron Hilmer,Albert Kropp,2
49046,1818302,Moritz Klaus,Franz Müller,3
49046,2951325,Adrian Grünewald,Ludwig Behm,4
49046,212930,Edin Hasanović,Tjaden Stackfleet,5
49046,3872,Daniel Brühl,Matthias Erzberger,6
49046,19361,Thibault de Montalembert,General Ferdinand Foch,7
49046,6086,Devid Striesow,General Friedrichs,8
49046,1411011,Andreas Döhler,Lieutenant Hoppe,9
514999,19292,Adam Sandler,Nick Spitz,0
514999,4491,Jennifer Aniston,Audrey Spitz,1
514999,114019,Luke Evans,Charles Cavendish,2
514999,28641,Terence Stamp,Malcolm Quince,3
514999,59620,Gemma Arterton,Grace Ballard,4
514999,80536,David Walliams,Tobey Quince,5
514999,37627,Dany Boon,Inspector Laurent de la Croix,6
514999,51878,John Kani,Colonel Ulenga,7
514999,81840,Adeel Akhtar,The Maharajah,8
514999,110902,Ólafur Darri Ólafsson,Sergei,9
438695,10297,Matthew McConaughey,Buster Moon (voice),0
438695,368,Reese Witherspoon,Rosita (voice),1
438695,1245,Scarlett Johansson,Ash (voice),2
438695,1303037,Taron Egerton,Johnny (voice),3
438695,21127,Bobby Cannavale,Mr. Crystal (voice),4
438695,1540615,Tori Kelly,Meena (voice),5
438695,208519,Nick Kroll,Gunter (voice),6
438695,1997030,Halsey,Porsha Crystal (voice),7
438695,17039,Nick Offerman,Norman (voice),8
438695,1083010,Letitia Wright,Nooshy (voice),9
785084,18269,Brendan Fraser,Charlie,0
785084,1590797,Sadie Sink,Ellie,1
785084,17181,Ty Simpkins,Thomas,2
785084,1360317,Hong Chau,Liz,3
785084,2206,Samantha Morton,Mary,4
785084,1377031,Sathya Sridharan,Dan the Pizza Man,5
785084,2433620,Jacey Sink,Young Ellie,6
785084,1803457,Allison Altman,Young Mary (uncredited),7
785084,1405665,Lance Oppenheim,Julian (uncredited),8
785084,5233055,Grace Perkins,Maddie (uncredited),9
369885,287,Brad Pitt,Max Vatan,0
369885,8293,Marion Cotillard,Marianne Beauséjour,1
369885,15440,Jared Harris,Frank Heslop,2
369885,16358,Simon McBurney,S.O.E. Official,3
369885,51988,Lizzy Caplan,Bridget Vatan,4
369885,107733,Daniel Betts,George Kavanagh,5
369885,1247,Matthew Goode,Guy Sangster,6
369885,1348474,Camille Cottin,Monique,7
369885,136040,Michael McKell,German Officer at Anfa Café,8
369885,6091,August Diehl,Hobar,9
397243,46593,Emile Hirsch,Austin Tilden,0
397243,1248,Brian Cox,Tommy Tilden,1
397243,82639,Ophelia Lovibond,Emma,2
397243,1422264,Olwen Catherine Kelly,Jane Doe,3
397243,73288,Michael McElhatton,Sheriff Sheldon,4
397243,1349720,Parker Sawyers,Officer Cole,5
397243,158414,Jane Perry,Lieutenant Wade,6
397243,40636,Mark Phoenix,Louis Tannis,7
397243,2581765,Mary Duddy,Irene Daniels,8
945961,1683343,Cailee Spaeny,Rain,0
945961,2761308,David Jonsson,Andy,1
945961,2164506,Archie Renaux,Tyler,2
945961,1428070,Isabela Merced,Kay,3
945961,2304140,Spike Fearn,Bjorn,4
945961,3948018,Aileen Wu,Navarro,5
945961,1737976,Rosie Ede,WY Officer,6
945961,4848544,Soma Simon,10-Year-Old Punk #1,7
945961,4848546,Bence Okeke,10-Year-Old Punk #2,8
945961,4848547,Viktor Orizu,10-Year-Old Punk #3,9
985939,54633,Grace Caroline Currey,Becky Connor,0
985939,1279279,Virginia Gardner,Shiloh Hunter,1
985939,2174509,Mason Gooding,Dan Connor,2
985939,47296,Jeffrey Dean Morgan,James Conner,3
985939,945542,Jasper Cole,Steve,4
985939,1232204,Darrell Dennis,Randy,5
985939,3077005,Bamm Ericsen,Police Officer,6
985939,82168,Julia Pace Mitchell,Diner Server,7
985939,4013683,Evie Mann,Flower Girl,8
985939,4013686,Joseph Mann,Page Boy,9
823464,15556,Rebecca Hall,Ilene Andrews,0
823464,226366,Brian Tyree Henry,Bernie Hayes,1
823464,221018,Dan Stevens,Trapper,2
823464,2948491,Kaylee Hottle,Jia,3
823464,60416,Alex Ferns,Mikael,4
823464,123701,Fala Chen,Iwi Queen,5
823464,15298,Rachel House,Hampton,6
823464,2896645,Ron Smyck,Harris,7
823464,1984017,Chantelle Jamieson,Jayne,8
823464,2096500,Greg Hatton,Lewis,9
508965,17881,Jason Schwartzman,Jesper (voice),0
508965,18999,J.K. Simmons,Klaus (voice),1
508965,80591,Rashida Jones,Alva (voice),2
508965,3234,Joan Cusack,Mrs. Krum (voice),3
508965,77075,Norm Macdonald,Mogens (voice),4
508965,39125,Will Sasso,Mr. Ellingboe (voice),5
508965,124749,Sergio Pablos,Pumpkin / Olaf (voice),6
508965,1319518,Mila Brener,Ellingboe Girl 3 (voice),7
508965,2468775,Neda Margrethe Labba,Margu (voice),8
508965,2378423,Sydney Brower,Ellingboe Girl (voice),9
400155,19292,Adam Sandler,Count Dracula (voice),0
400155,17696,Kathryn Hahn,Ericka Van Helsing (voice),1
400155,77948,Selena Gomez,Mavis Dracula (voice),2
400155,84407,Jim Gaffigan,Professor Abraham Van Helsing (voice),3
400155,62861,Andy Samberg,Johnny Loughran (voice),4
400155,32895,Kevin James,Frankenstein (voice),5
400155,53122,Fran Drescher,Eunice (voice),6
400155,884,Steve Buscemi,Wayne (voice),7
400155,28640,Molly Shannon,Wanda (voice),8
400155,60950,David Spade,Griffin (voice),9
302401,24045,Joseph Gordon-Levitt,Edward Snowden,0
302401,94185,Shailene Woodley,Lindsay Mills,1
302401,6832,Melissa Leo,Laura Poitras,2
302401,17306,Zachary Quinto,Glenn Greenwald,3
302401,207,Tom Wilkinson,Ewen MacAskill,4
302401,928572,Scott Eastwood,Trevor James,5
302401,18082,Timothy Olyphant,CIA Agent Geneva,6
302401,224167,Ben Schnetzer,Gabriel Sol,7
302401,1200864,LaKeith Stanfield,Patrick Haynes,8
302401,7026,Rhys Ifans,Corbin O'Brian,9
399035,3896,Liam Neeson,Michael MacCauley,0
399035,17178,Patrick Wilson,Alex Murphy,1
399035,4783,Sam Neill,Captain Hawthorne,2
399035,783,Jonathan Banks,Walt,3
399035,21657,Vera Farmiga,Joanna,4
399035,4513,Elizabeth McGovern,Karen MacCauley,5
399035,1189005,Killian Scott,Dylan,6
399035,1370832,Shazad Latif,Vince,7
399035,22810,Andy Nyman,Tony,8
399035,128386,Colin McFarlane,Conductor Sam,9
558449,2326151,Paul Mescal,Lucius,0
558449,5292,Denzel Washington,Macrinus,1
558449,1253360,Pedro Pascal,General Acacius,2
558449,935,Connie Nielsen,Lucilla,3
558449,1597365,Joseph Quinn,Emperor Geta,4
558449,2099497,Fred Hechinger,Emperor Caracalla,5
558449,1259880,Lior Raz,Viggo,6
558449,937,Derek Jacobi,Gracchus,7
558449,68278,Peter Mensah,Jugurtha,8
558449,26209,Matt Lucas,Master of Ceremonies,9
305470,1525047,Dacre Montgomery,Jason (Red Ranger),0
305470,1394670,RJ Cyler,Billy (Blue Ranger),1
305470,1525689,Ludi Lin,Zack (Black Ranger),2
305470,240724,Naomi Scott,Kimberly (Pink Ranger),3
305470,1529446,Becky G,Trini (Yellow Ranger),4
305470,17419,Bryan Cranston,Zordon,5
305470,19278,Bill Hader,Alpha 5 (voice),6
305470,9281,Elizabeth Banks,Rita Repulsa,7
305470,60279,Fred Tatasciore,Goldar / Putties (voice),8
305470,62562,David Denman,Sam Scott,9
484247,84223,Anna Kendrick,Stephanie Smothers,0
484247,59175,Blake Lively,Emily Nelson,1
484247,1807132,Henry Golding,Sean Townsend,2
484247,36669,Rupert Friend,Dennis Nylon,3
484247,1817,Linda Cardellini,Diana Hyland,4
484247,1241330,Bashir Salahuddin,Detective Summervile,5
484247,1323876,Danielle Bourgon,"Grace, Stephanie's Mom",6
484247,1309781,Kelly McCormack,Stacy,7
484247,990369,Andrew Rannells,Darren,8
484247,2123596,Ian Ho,Nicky Nelson,9
325133,19274,Seth Rogen,Mac Radner,0
325133,29222,Zac Efron,Teddy Sanders,1
325133,9827,Rose Byrne,Kelly Radner,2
325133,56734,Chloë Grace Moretz,Shelby,3
325133,54697,Dave Franco,Pete,4
325133,198150,Ike Barinholtz,Jimmy,5
325133,14406,Lisa Kudrow,Dean Carol Gladstone,6
325133,77948,Selena Gomez,Phi Lamda President,7
325133,1400880,Jerrod Carmichael,Garf,8
325133,54708,Carla Gallo,Paula,9
378064,19588,Miyu Irino,Shouya Ishida (voice),0
378064,221773,Saori Hayami,Shouko Nishimiya (voice),1
378064,936275,Aoi Yuuki,Yuzuru Nishimiya (voice),2
378064,1065297,Kensho Ono,Tomohiro Nagatsuka (voice),3
378064,1258549,Yuki Kaneko,Naoka Ueno (voice),4
378064,1224288,Yui Ishikawa,Miyoko Sahara (voice),5
378064,1164931,Megumi Han,Miki Kawai (voice),6
378064,1014991,Toshiyuki Toyonaga,Satoshi Mashiba (voice),7
378064,1130611,Mayu Matsuoka,Shouya Ishida as an Elementary School Boy (voice),8
378064,1149055,Sachiko Kojima,Kazuki Shimada as an Elementary School Boy (voice),9
381341,7541,Giuseppe Battiston,Peppe,0
381341,586953,Anna Foglietta,Carlotta,1
381341,146464,Marco Giallini,Rocco,2
381341,1047948,Edoardo Leo,Cosimo,3
381341,56843,Valerio Mastandrea,Lele,4
381341,128748,Alba Rohrwacher,Bianca,5
381341,120832,Kasia Smutniak,Eva,6
381341,1822392,Benedetta Porcaroli,Sofia,7
381341,1024233,Elisabetta De Palo,Nonna,8
381341,1927718,Tommaso Tatafiore,Bruno,9
635302,1256603,Natsuki Hanae,Tanjiro Kamado (voice),0
635302,1563442,Akari Kito,Nezuko Kamado (voice),1
635302,119145,Hiro Shimono,Zenitsu Agatsuma (voice),2
635302,233590,Yoshitsugu Matsuoka,Inosuke Hashibira (voice),3
635302,224413,Satoshi Hino,Kyojuro Rengoku (voice),4
635302,9705,Takahiro Sakurai,Giyu Tomioka (voice),5
635302,24647,Katsuyuki Konishi,Tengen Uzui (voice),6
635302,221773,Saori Hayami,Shinobu Kocho (voice),7
635302,9726,Kenichi Suzumura,Obanai Iguro (voice),8
635302,90567,Tomokazu Seki,Sanemi Shinazugawa (voice),9
291870,380,Robert De Niro,Dick Kelly,0
291870,29222,Zac Efron,Jason Kelly,1
291870,119592,Aubrey Plaza,Lenore,2
291870,1059597,Zoey Deutch,Shadia,3
291870,143240,Julianne Hough,Meredith Goldstein,4
291870,20212,Dermot Mulroney,David Kelly,5
291870,115974,Adam Pally,Cousin Nick,6
291870,427978,Brandon Mychal Smith,Tyrone,7
291870,168380,Mo Collins,Officer Finch,8
291870,1332747,Henry Zebrowski,Officer Reiter,9
911430,287,Brad Pitt,Sonny Hayes,0
911430,1837297,Damson Idris,Joshua Pearce,1
911430,3810,Javier Bardem,Ruben Cervantes,2
911430,62105,Kerry Condon,Kate McKenna,3
911430,10920,Tobias Menzies,Peter Banning,4
911430,3398,Kim Bodnia,Kaspar Smolinski,5
911430,65447,Sarah Niles,Bernadette,6
911430,1221073,Will Merrick,Nickleby,7
911430,1477143,Joseph Balderrama,Fazio,8
911430,58431,Abdul Salis,Dodge,9
339988,10990,Emma Watson,Mae Holland,0
339988,31,Tom Hanks,Eamon Bailey,1
339988,236695,John Boyega,Ty Lafitte,2
339988,543261,Karen Gillan,Annie Allerton,3
339988,931944,Ellar Coltrane,Mercer Regalado,4
339988,10872,Patton Oswalt,Tom Stenton,5
339988,21104,Glenne Headly,Bonnie Holland,6
339988,2053,Bill Paxton,Vinnie Holland,7
339988,428440,Poorna Jagannathan,Dr. Jessica Villalobos,8
339988,127048,Nate Corddry,Dan,9
387426,1304602,An Seo-hyun,Mija,0
387426,3063,Tilda Swinton,Lucy Mirando / Nancy Mirando,1
387426,17142,Paul Dano,Jay,2
387426,215055,Steven Yeun,K,3
387426,131,Jake Gyllenhaal,Johnny Wilcox,4
387426,4808,Giancarlo Esposito,Frank Dawson,5
387426,116180,Byun Hee-bong,Hee-bong,6
387426,112561,Lily Collins,Red,7
387426,213202,Daniel Henshall,Blond,8
387426,90498,Devon Bostick,Silver,9
637920,1163030,Aras Bulut İynemli,Memo,0
637920,1985311,Nisa Sofiya Aksongur,Ova,1
637920,556113,İlker Aksum,Askorozlu,2
637920,935344,Mesut Akusta,Yusuf,3
637920,1948853,Yıldıray Şahinler,Hafız,4
637920,1258255,Yurdaer Okur,Yarbay Aydın,5
637920,1251887,Sarp Akkaya,Müdür Nail,6
637920,1619852,Deniz Baysal,Öğretmen Mine,7
637920,1300135,Deniz Celiloğlu,Yüzbaşı Faruk,8
637920,1053819,Ferit Kaya,Ali,9
590223,527393,Dylan O'Brien,Joel,0
590223,1202689,Jessica Henwick,Aimee,1
590223,12132,Michael Rooker,Clyde,2
590223,1231108,Dan Ewing,Cap,3
590223,1767250,Ariana Greenblatt,Minnow,4
590223,83218,Ellen Hollman,Dana,5
590223,1800820,Tre Hale,Rocko,6
590223,1576672,Pacharo Mzembe,Ray,7
590223,1396575,Senie Priti,Karen,8
590223,1236816,Amali Golden,Ava,9
399057,72466,Colin Farrell,Steven Murphy,0
399057,2227,Nicole Kidman,Anna Murphy,1
399057,1290466,Barry Keoghan,Martin Lang,2
399057,1055230,Raffey Cassidy,Kim Murphy,3
399057,1444880,Sunny Suljic,Bob Murphy,4
399057,121718,Bill Camp,Matthew Williams,5
399057,5588,Alicia Silverstone,Martin's Mother,6
399057,2084081,Herb Caillouet,Ed Thompson (Hospital Director),7
399057,1854218,Barry G. Bernson,Dr. Larry Banks,8
399057,1560348,Denise Dal Vera,Mary Williams,9
329996,72466,Colin Farrell,Holt Farrier,0
329996,2232,Michael Keaton,V. A. Vandevere,1
329996,518,Danny DeVito,"Maximilian ""Max"" Medici",2
329996,10912,Eva Green,Colette Marchant,3
329996,2064124,Nico Parker,Milly Farrier,4
329996,2064125,Finley Hobbins,Joe Farrier,5
329996,1903,Alan Arkin,J. Griffin Remington,6
329996,693,Roshan Seth,Pramesh Singh,7
329996,58758,Deobia Oparei,Rongo,8
329996,58508,Joseph Gatt,Neils Skellig,9
537996,1462,Tim Blake Nelson,"Buster Scruggs (segment ""The Ballad of Buster Scruggs"")",0
537996,2112084,Willie Watson,"The Kid (segment ""The Ballad of Buster Scruggs"")",1
537996,6574,Clancy Brown,"Curly Joe (segment ""The Ballad of Buster Scruggs"")",2
537996,59145,Danny McCarthy,"Curly Joe's Brother (segment ""The Ballad of Buster Scruggs"")",3
537996,38582,David Krumholtz,"Frenchman (segment ""The Ballad of Buster Scruggs"")",4
537996,2123826,Thomas Wingate,"Gun Check Man (segment ""The Ballad of Buster Scruggs"")",5
537996,956719,Tim DeZarn,"Mean-Eyed Card Player (segment ""The Ballad of Buster Scruggs"")",6
537996,173756,E.E. Bell,"Piano Player (segment ""The Ballad of Buster Scruggs"")",7
537996,81957,Alejandro Patiño,"Cantina Bartender (segment ""The Ballad of Buster Scruggs"")",8
537996,95051,Tom Proctor,"Cantina Bad Man (segment ""The Ballad of Buster Scruggs"")",9
929590,205,Kirsten Dunst,Lee,0
929590,52583,Wagner Moura,Joel,1
929590,1683343,Cailee Spaeny,Jessie,2
929590,196179,Stephen McKinley Henderson,Sammy,3
929590,109019,Nelson Lee,Tony,4
929590,17039,Nick Offerman,President,5
929590,1385813,Jefferson White,Dave,6
929590,2001956,Evan Lai,Bohai,7
929590,1431398,Vince Pisani,Concierge,8
929590,2145383,Justin James Boykin,American Soldier (Middle East),9
787699,1190668,Timothée Chalamet,Willy Wonka,0
787699,1939373,Calah Lane,Noodle,1
787699,298410,Keegan-Michael Key,Chief of Police,2
787699,3291,Hugh Grant,Oompa Loompa,3
787699,19868,Paterson Joseph,Arthur Slugworth,4
787699,39187,Olivia Colman,Mrs. Scrubbit,5
787699,1464254,Tom Davis,Bleacher,6
787699,20070,Jim Carter,Abacus Crunch,7
787699,10730,Rowan Atkinson,Father Julius,8
787699,26209,Matt Lucas,Prodnose,9
503736,543530,Dave Bautista,Scott Ward,0
503736,989325,Ella Purnell,Kate Ward,1
503736,41556,Omari Hardwick,Vanderohe,2
503736,57409,Ana de la Reguera,Maria Cruz,3
503736,51995,Theo Rossi,Burt Cummings,4
503736,16808,Matthias Schweighöfer,Ludwig Dieter,5
503736,453272,Nora Arnezeder,Lilly / The Coyote,6
503736,9195,Hiroyuki Sanada,Bly Tanaka,7
503736,39520,Garret Dillahunt,Martin,8
503736,220088,Tig Notaro,Marianne Peters,9
866398,976,Jason Statham,Adam Clay,0
866398,2026050,Emmy Raver-Lampman,Agent Verona Parker,1
866398,27972,Josh Hutcherson,Derek Danforth,2
866398,16940,Jeremy Irons,Wallace Westwyld,3
866398,1375501,Bobby Naderi,Agent Matt Wiley,4
866398,1227776,David Witts,Mickey Garnett,5
866398,1338019,Michael Epp,Pettis,6
866398,1497913,Taylor James,Lazarus,7
866398,119598,Phylicia Rashād,Eloise Parker,8
866398,80145,Jemma Redgrave,President Danforth,9
912649,2524,Tom Hardy,Eddie Brock / Venom,0
912649,5294,Chiwetel Ejiofor,Strickland,1
912649,36594,Juno Temple,Dr. Teddy Paine,2
912649,7026,Rhys Ifans,Martin,3
912649,1115,Stephen Graham,Detective Mulligan,4
912649,2141479,Peggy Lu,Mrs. Chen,5
912649,1861573,Clark Backo,Sadie,6
912649,10402,Alanna Ubach,Nova,7
912649,2627590,Cristo Fernández,Barman,8
912649,1011019,Jared Abrahamson,Captain Forrest,9
360920,71580,Benedict Cumberbatch,The Grinch (voice),0
360920,80591,Rashida Jones,Donna Who (voice),1
360920,77330,Kenan Thompson,Bricklebaum (voice),2
360920,1952744,Cameron Seely,Cindy-Lou Who (voice),3
360920,14730,Angela Lansbury,Mayor McGerkle (voice),4
360920,558267,Pharrell Williams,Narrator (voice),5
360920,1379104,Ramone Hamilton,Axl (voice),6
360920,1328978,Sam Lavagnino,Ozzy (voice),7
360920,1512021,Scarlett Estevez,Izzy (voice),8
360920,73476,Michael Beattie,Store Clerk (voice),9
290098,123664,Kim Min-hee,Lady Hideko,0
290098,1537768,Kim Tae-ri,Sook-hee,1
290098,75913,Ha Jung-woo,Count Fujiwara,2
290098,138336,Cho Jin-woong,Uncle Kouzuki,3
290098,93252,Kim Hae-sook,Ms. Sasaki,4
290098,83122,Moon So-ri,Hideko's Aunt,5
290098,557743,Lee Yong-nyeo,Bok-soon,6
290098,3553480,Kwak Eun-jin,Kkeut-dan,7
290098,1418580,Lee Dong-hwi,Goo-gai,8
290098,1993723,Jo Eun-hyung,Young Hideko,9
356305,17419,Bryan Cranston,Ned Fleming,0
356305,17051,James Franco,Laird Mayhew,1
356305,1059597,Zoey Deutch,Stephanie Fleming,2
356305,52119,Megan Mullally,Barb Fleming,3
356305,971299,Griffin Gluck,Scotty Fleming,4
356305,298410,Keegan-Michael Key,Gustav,5
356305,53862,Kaley Cuoco,Justine (voice),6
356305,5726,Cedric the Entertainer,Lou Dunne,7
356305,130535,Zack Pearlman,Kevin Dingle,8
356305,1163979,Jee Young Han,Marnie Dingle,9
588228,73457,Chris Pratt,Dan Forester,0
588228,63312,Yvonne Strahovski,Colonel Muri Forester,1
588228,18999,J.K. Simmons,James Forester,2
588228,92572,Betty Gilpin,Emmy Forester,3
588228,1429453,Sam Richardson,Charlie,4
588228,56679,Edwin Hodge,Dorian,5
588228,1922248,Jasmine Mathews,Lt. Hart,6
588228,2072566,Ryan Kiera Armstrong,Young Muri Forester,7
588228,1442955,Keith Powers,Major Greenwood,8
588228,25884,Mary Lynn Rajskub,Norah,9
725201,30614,Ryan Gosling,Six,0
725201,16828,Chris Evans,Lloyd Hansen,1
725201,224513,Ana de Armas,Dani Miranda,2
725201,879,Billy Bob Thornton,Fitzroy,3
725201,1202689,Jessica Henwick,Suzanne Brewer,4
725201,550165,Dhanush,Avik San,5
725201,1981,Alfre Woodard,Margaret Cahill,6
725201,1628687,Regé-Jean Page,Carmichael,7
725201,52583,Wagner Moura,Laszlo Sosa,8
725201,1651362,Julia Butters,Claire,9
653346,1586047,Owen Teague,Noa,0
653346,2146942,Freya Allan,Nova / Mae,1
653346,79072,Kevin Durand,Proximus Caesar,2
653346,1444816,Peter Macon,Raka,3
653346,3905,William H. Macy,Trevathan,4
653346,966554,Eka Darville,Sylva,5
653346,1394427,Travis Jeffery,Anaya,6
653346,2435321,Lydia Peckham,Soona,7
653346,136295,Neil Sandilands,Koro,8
653346,3757983,Ras-Samuel Welda'abzgi,Lightning,9
205584,12795,Nikolaj Coster-Waldau,Horus,0
205584,1017347,Brenton Thwaites,Bek,1
205584,17276,Gerard Butler,Set,2
205584,172069,Chadwick Boseman,Thoth,3
205584,78147,Élodie Yung,Hathor,4
205584,118,Geoffrey Rush,Ra,5
205584,1278500,Courtney Eaton,Zaya,6
205584,1036288,Abbey Lee,Anat,7
205584,29092,Bryan Brown,Osiris,8
205584,105838,Emma Booth,Nephthys,9
489999,68842,John Cho,David Kim,0
489999,1993734,Michelle La,Margot,1
489999,23959,Debra Messing,Detective Vick,2
489999,2125528,Joseph Lee,Peter,3
489999,1440699,Sara Sohn,Pamela Nam Kim,4
489999,2175877,Briana McLean,Abigail,5
489999,2175878,Erica Jenkins,Hannah,6
489999,2175876,Connor McRaith,Isaac,7
489999,161891,Dominic Hoffman,Michael Porter,8
489999,77597,Ric Sarabia,Randy Cartoff,9
515195,1227717,Himesh Patel,Jack Malik,0
515195,1016168,Lily James,Ellie Appleton,1
515195,1252533,Sophia Di Martino,Carol,2
515195,1727934,Ellise Chappell,Lucy,3
515195,6975,Meera Syal,Sheila Malik,4
515195,1628459,Harry Michell,Nick,5
515195,43024,Vincent Franklin,Brian,6
515195,54811,Joel Fry,Rocky,7
515195,1959579,Michael Kiwanuka,Michael Kiwanuka,8
515195,2334694,Karma Sood,Young Jack,9
505026,11181,Kenneth Branagh,Hercule Poirot,0
505026,1364004,Tom Bateman,Bouc,1
505026,516,Annette Bening,Euphemia Bouc,2
505026,59919,Russell Brand,Windlesham,3
505026,492791,Ali Fazal,Andrew Katchadourian,4
505026,5539,Dawn French,Bowers,5
505026,90633,Gal Gadot,Linnet Ridgeway,6
505026,53807,Armie Hammer,Simon Doyle,7
505026,1223793,Rose Leslie,Louise Bourget,8
505026,2201315,Emma Mackey,Jacqueline de Bellefort,9
936075,3898497,Jaafar Jackson,Michael,0
936075,91671,Colman Domingo,Joseph Jackson,1
936075,9781,Nia Long,Katherine Jackson,2
936075,4487890,Juliano Krue Valdi,Young Michael,3
936075,1990676,KeiLyn Durrel Jones,Bill Bray,4
936075,996701,Miles Teller,John Branca,5
936075,18291,Larenz Tate,Berry Gordy,6
936075,1606394,Laura Harrier,Suzanne de Passe,7
936075,12073,Mike Myers,Walter Yetnikoff,8
936075,1446825,Kendrick Sampson,Quincy Jones,9
335977,3,Harrison Ford,Indiana Jones,0
335977,1023483,Phoebe Waller-Bridge,Helena,1
335977,1019,Mads Mikkelsen,Dr. Voller,2
335977,467645,Boyd Holbrook,Klaber,3
335977,2074238,Olivier Richters,Hauke,4
335977,3810691,Ethann Isidore,Teddy,5
335977,13014,Toby Jones,Basil Shaw,6
335977,3131,Antonio Banderas,Renaldo,7
335977,650,Karen Allen,Marion,8
335977,655,John Rhys-Davies,Sallah,9
522938,16483,Sylvester Stallone,John Rambo,0
522938,3627,Paz Vega,Carmen,1
522938,78994,Sergio Peris-Mencheta,Hugo Martínez,2
522938,270,Adriana Barraza,María Beltrán,3
522938,1442968,Yvette Monreal,Gabriela,4
522938,76857,Joaquín Cosío,Don Manuel,5
522938,1043824,Pascacio López,'El Flaco',6
522938,59129,Óscar Jaenada,Víctor Martínez,7
522938,1700678,Nicholas Wittman,Male Hiker,8
522938,1522761,Jessica Madsen,Becky,9
466420,6193,Leonardo DiCaprio,Ernest Burkhart,0
466420,380,Robert De Niro,William Hale,1
466420,1183917,Lily Gladstone,Mollie Burkhart,2
466420,88124,Jesse Plemons,Tom White,3
466420,7863,Tantoo Cardinal,Lizzie Q,4
466420,12074,John Lithgow,Prosecutor Peter Leaward,5
466420,18269,Brendan Fraser,W.S. Hamilton,6
466420,3006897,Cara Jade Myers,Anna,7
466420,3006898,JaNae Collins,Reta,8
466420,2698946,Jillian Dion,Minnie,9
83533,65731,Sam Worthington,Jake,0
83533,8691,Zoe Saldaña,Neytiri,1
83533,10205,Sigourney Weaver,Kiri,2
83533,32747,Stephen Lang,Quaritch,3
83533,566331,Oona Chaplin,Varang,4
83533,1895760,Jack Champion,Spider,5
83533,204,Kate Winslet,Ronal,6
83533,7248,Cliff Curtis,Tonowari,7
83533,59231,Joel David Moore,Norm,8
83533,30485,CCH Pounder,Mo'at,9
376660,130640,Hailee Steinfeld,Nadine Franklin,0
376660,57755,Woody Harrelson,Mr. Bruner,1
376660,1286328,Haley Lu Richardson,Krista,2
376660,1224115,Blake Jenner,Darian Franklin,3
376660,26467,Kyra Sedgwick,Mona Franklin,4
376660,1560379,Hayden Szeto,Erwin Kim,5
376660,1077775,Alexander Calvert,Nick Mossman,6
376660,2250,Eric Keenleyside,Tom Franklin,7
376660,1498026,Nesta Cooper,Shannon,8
376660,87934,Meredith Monroe,Greer,9
376659,18973,Mila Kunis,Amy Mitchell,0
376659,40462,Kristen Bell,Kiki,1
376659,17696,Kathryn Hahn,Carla Dunkler,2
376659,18979,Christina Applegate,Gwendolyn James,3
376659,9575,Jada Pinkett Smith,Stacy,4
376659,19487,Jay Hernandez,Jessie Harkness,5
376659,54729,Clark Duke,Dale Kipler,6
376659,174514,Annie Mumolo,Vicky,7
376659,1259762,Emjay Anthony,Dylan Mitchell,8
376659,1423519,Oona Laurence,Jane Mitchell,9
442249,1694278,Y'lan Noel,Dmitri Cimber,0
442249,1568053,Lex Scott Davis,Nya Charms,1
442249,1376875,Joivan Wade,Isaiah Charms,2
442249,2202,Steve Harris,Freddy,3
442249,2081439,Mugga,Dolores,4
442249,172156,Patch Darragh,Arlo Sabian / Chief of Staff,5
442249,3141,Marisa Tomei,Dr. May Updale / Architect,6
442249,141610,Luna Lauren Vélez,Luisa,7
442249,2081440,Kristen Solis,Selina,8
442249,2078725,Rotimi Paul,Skeletor,9
340837,122889,Dane DeHaan,Lockhart,0
340837,11355,Jason Isaacs,Volmer,1
340837,1137824,Mia Goth,Hannah,2
340837,35518,Harry Groener,Pembroke,3
340837,9139,Celia Imrie,Victoria Watkins,4
340837,383624,Adrian Schiller,Deputy Director,5
340837,1346980,Ivo Nandi,Enrico,6
340837,67987,Tomas Norström,Frank Hill,7
340837,1760767,Ashok Mandanna,Ron Nair,8
340837,52878,Lisa Banes,Hollis,9
379686,107379,LeBron James,LeBron James,0
379686,1896,Don Cheadle,Al G. Rhythm,1
379686,2998402,Cedric Joe,Dominic 'Dom' James,2
379686,179896,Jeff Bergman,Bugs Bunny / Sylvester / Yosemite Sam / Fred Flintstone (voice),3
379686,86498,Gabriel Iglesias,Speedy Gonzales (voice),4
379686,505710,Zendaya,Lola Bunny (voice),5
379686,89599,Eric Bauza,Daffy Duck / Porky Pig / Foghorn Leghorn / Elmer Fudd (voice),6
379686,95257,Candi Milo,Granny (voice),7
379686,78317,Bob Bergen,Tweety Bird (voice),8
379686,60279,Fred Tatasciore,Taz (voice),9
460019,82819,Nolan Gerard Funk,Tyson Curran,0
460019,205307,Lucy Hale,Olivia Barron,1
460019,1515230,Violett Beane,Markie Cameron,2
460019,53280,Tyler Posey,Lucas Moreno,3
460019,1560379,Hayden Szeto,Brad Chang,4
460019,1313564,Aurora Perrineau,Giselle Hammond,5
460019,1163789,Sophia Ali,Penelope Amari,6
460019,138558,Landon Liboiron,Carter,7
460019,1719587,Morgan Lindholm,Alexis Podell,8
460019,54043,Gary Anthony Williams,Calex (voice),9
569547,1687041,Fionn Whitehead,Stefan Butler,0
569547,45050,Craig Parkinson,Peter Butler,1
569547,182327,Alice Lowe,Dr. Haynes,2
569547,1502438,Asim Chaudhry,Mohan Thakur,3
569547,93491,Will Poulter,Colin Ritman,4
569547,1510974,Tallulah Haddon,Kitty,5
569547,2203371,Catriona Knox,Leslie,6
569547,2203378,Paul Bradley,Robin,7
569547,28477,Jonathan Aris,Crispin,8
569547,2203379,A.J. Houghton,Young Stefan,9
882598,1396124,Sosie Bacon,Rose Cotter,0
882598,59219,Kyle Gallner,Joel,1
882598,198847,Jessie T. Usher,Trevor,2
882598,79087,Robin Weigert,Dr. Madeline Northcott,3
882598,145245,Caitlin Stasey,Laura Weaver,4
882598,53493,Kal Penn,Dr. Morgan Desai,5
882598,1281250,Rob Morgan,Robert Talley,6
882598,212766,Gillian Zinser,Holly,7
882598,159657,Judy Reyes,Victoria Munoz,8
882598,1677346,Jack Sochet,Carl Renken,9
1054867,6193,Leonardo DiCaprio,Bob,0
1054867,2228,Sean Penn,Col. Steven J. Lockjaw,1
1054867,3914706,Chase Infiniti,Willa,2
1054867,1121,Benicio del Toro,Sensei Sergio St. Carlos,3
1054867,35705,Regina Hall,Deandra,4
1054867,964679,Teyana Taylor,Perfidia,5
1054867,65829,Wood Harris,Laredo,6
1054867,3417,Tony Goldwyn,Virgil Throckmorton,7
1054867,87956,D.W. Moffett,Bill Desmond,8
1054867,239580,Paul Grimstad,Sommerville,9
529203,2963,Nicolas Cage,Grug (voice),0
529203,54693,Emma Stone,Eep (voice),1
529203,10859,Ryan Reynolds,Guy (voice),2
529203,2229,Catherine Keener,Ugga (voice),3
529203,9599,Cloris Leachman,Gran (voice),4
529203,54729,Clark Duke,Thunk (voice),5
529203,41087,Leslie Mann,Hope Betterman (voice),6
529203,22970,Peter Dinklage,Phil Betterman (voice),7
529203,1663195,Kelly Marie Tran,Dawn Betterman (voice),8
529203,3042923,Kailey Crawford,Sandy (voice),9
345911,20374,Teresa Palmer,Rebecca,0
345911,49,Maria Bello,Sophie,1
345911,1352028,Gabriel Bateman,Martin,2
345911,996224,Alexander DiPersia,Bret,3
345911,1186027,Alicia Vela-Bailey,Diana,4
345911,21029,Billy Burke,Paul,5
345911,1659211,Andi Osho,Emma,6
345911,1598936,Maria Russell,Gomez,7
345911,204548,Rolando Boyce,Brian Andrews,8
345911,1302131,Lotta Losten,Esther,9
301337,1892,Matt Damon,Paul Safranek,0
301337,27319,Christoph Waltz,Dusan Mirkovic,1
301337,1360317,Hong Chau,Ngoc Lan Tran,2
301337,41091,Kristen Wiig,Audrey Safranek,3
301337,32684,Rolf Lassgård,Dr. Jorgen Asbjørnsen,4
301337,1069764,Ingjerd Egeberg,Anne-Helene Asbjørnsen,5
301337,1646,Udo Kier,Konrad,6
301337,64122,Søren Pilmark,Dr. Andreas Jacobsen,7
301337,58224,Jason Sudeikis,Dave Johnson,8
301337,207250,Maribeth Monroe,Carol Johnson,9
522402,31,Tom Hanks,Finch,0
522402,572541,Caleb Landry Jones,Jeff (voice),1
522402,1457107,Oscar Avila,Truck Driver (Flashback),2
522402,1151637,Lora Martinez-Cunningham,Mother (Flashback),3
522402,1912057,Marie Wagenman,Daughter (Flashback),4
522402,3308163,Emily Jones,Warning System (voice),5
950396,996701,Miles Teller,Levi,0
950396,1397778,Anya Taylor-Joy,Drasa,1
950396,10205,Sigourney Weaver,Bartholomew,2
950396,1479869,Ṣọpẹ́ Dìrísù,J.D.,3
950396,84865,William Houston,Erikas,4
950396,202775,Kobna Holdbrook-Smith,Black Ops Commander,5
950396,1797174,James Marlowe,Bradford Shaw,6
950396,3353402,Julianna Kurokawa,Airman,7
950396,141892,Ruta Gedmintas,WWII Scientist,8
950396,1395206,Oliver Trevena,Crewman,9
1010581,2527414,Nicole Wallace,Noah Morán,0
1010581,2786960,Gabriel Guevara,Nick Leister,1
1010581,970027,Marta Hazas,Rafaella Leister,2
1010581,1251336,Iván Sánchez,William Leister,3
1010581,4105602,Eva Ruiz,Jenna,4
1010581,2126335,Víctor Varona,Lion,5
1010581,3212974,Fran Berenguer,Ronnie,6
1010581,4105605,Adriana Ubani,Anna,7
1010581,31422,Ivan Massagué,Jonas,8
1010581,56468,Mariano Venancio,Martin,9
400535,1121,Benicio del Toro,Alejandro Gillick,0
400535,16851,Josh Brolin,Matt Graver,1
400535,1428070,Isabela Merced,Isabel Reyes,2
400535,52886,Jeffrey Donovan,Steve Forsing,3
400535,2229,Catherine Keener,Cynthia Foards,4
400535,1168097,Manuel Garcia-Rulfo,Gallo,5
400535,8654,Matthew Modine,Secretary of Defense James Riley,6
400535,74242,Shea Whigham,Andy Wheeldon,7
400535,1468612,Elijah Rodriguez,Miguel Hernandez,8
400535,1654003,Howard Ferguson Jr.,Troy,9
426426,1775557,Yalitza Aparicio,Cleo Gutiérrez,0
426426,78883,Marina de Tavira,Sofía,1
426426,2108826,Diego Cortina Autrey,Toño,2
426426,2108855,Carlos Peralta,Paco,3
426426,1775556,Marco Graf,Pepe,4
426426,1775558,Daniela Demesa,Sofi,5
426426,2108829,Nancy García García,Adela,6
426426,1920669,Verónica García,Teresa,7
426426,2108835,Fernando Grediaga,Antonio,8
426426,2108836,Jorge Antonio Guerrero,Fermín,9
351460,232006,Nat Wolff,Light Turner,0
351460,1200864,LaKeith Stanfield,L,1
351460,1392137,Margaret Qualley,Mia Sutton,2
351460,74242,Shea Whigham,James Turner,3
351460,5293,Willem Dafoe,Ryuk (voice),4
351460,1785114,Jason Liles,Ryuk,5
351460,80122,Paul Nakauchi,Watari,6
351460,1383011,Jack Ettlinger,Kenny Doyle,7
351460,565222,Matthew Kevin Anderson,Agent Young,8
351460,37981,Chris Britton,Peltz,9
438148,4495,Steve Carell,Gru (voice),0
438148,124747,Pierre Coffin,The Minions (voice),1
438148,1903,Alan Arkin,Wild Knuckles (voice),2
438148,40036,Taraji P. Henson,Belle Bottom (voice),3
438148,1620,Michelle Yeoh,Master Chow (voice),4
438148,5823,Julie Andrews,Gru's Mom (voice),5
438148,59919,Russell Brand,Dr. Nefario (voice),6
438148,15111,Jean-Claude Van Damme,Jean Clawed (voice),7
438148,16644,Dolph Lundgren,Svengeance (voice),8
438148,11160,Danny Trejo,Stronghold (voice),9
670292,1117313,John David Washington,Joshua,0
670292,4068148,Madeleine Yuna Voyles,Alphie,1
670292,97576,Gemma Chan,Maya,2
670292,19,Allison Janney,Colonel Howell,3
670292,3899,Ken Watanabe,Harun,4
670292,1526793,Sturgill Simpson,Drew,5
670292,1616920,Amar Chadha-Patel,Omni / SEK-ON / Sergeant Bui,6
670292,212776,Marc Menchaca,McBride,7
670292,1636654,Robbie Tann,Shipley,8
670292,202032,Ralph Ineson,General Andrews,9
153518,58224,Jason Sudeikis,Red (voice),0
153518,54415,Josh Gad,Chuck (voice),1
153518,62862,Danny McBride,Bomb (voice),2
153518,52792,Maya Rudolph,Matilda (voice),3
153518,19278,Bill Hader,Leonard (voice),4
153518,22970,Peter Dinklage,Mighty Eagle (voice),5
153518,2228,Sean Penn,Terence (voice),6
153518,298410,Keegan-Michael Key,Judge Peckinpah (voice),7
153518,1240487,Kate McKinnon,Stella / Eva the Birthday Mom (voice),8
153518,25147,Tony Hale,Ross / Cyrus / Mime (voice),9
760104,1137824,Mia Goth,Maxine / Pearl,0
760104,974169,Jenna Ortega,Lorraine,1
760104,29221,Brittany Snow,Bobby-Lynne,2
760104,484359,Kid Cudi,Jackson,3
760104,26291,Martin Henderson,Wayne,4
760104,132220,Owen Campbell,RJ,5
760104,1440014,Stephen Ure,Howard,6
760104,54492,James Gaylyn,Sheriff Dentler,7
760104,1238425,Simon Prast,Televangelist,8
760104,197767,Geoff Dolan,Deputy,9
752623,18277,Sandra Bullock,Loretta Sage / Angela,0
752623,38673,Channing Tatum,Alan / Dash,1
752623,10980,Daniel Radcliffe,Abigail Fairfax,2
752623,1180099,Da'Vine Joy Randolph,Beth Hatten,3
752623,287,Brad Pitt,Jack Trainer,4
752623,76094,Oscar Nuñez,Oscar,5
752623,2079729,Patti Harrison,Allison,6
752623,1564920,Bowen Yang,Ray the Moderator,7
752623,32747,Stephen Lang,Fantasy Villain,8
752623,21144,Joan Pringle,Nana,9
396371,83002,Jessica Chastain,Molly Bloom,0
396371,17605,Idris Elba,Charlie Jaffey,1
396371,1269,Kevin Costner,Larry Bloom,2
396371,39995,Michael Cera,Player X,3
396371,239271,Jeremy Strong,Dean Keith,4
396371,40477,Chris O'Dowd,Douglas Downey,5
396371,63296,J.C. MacKenzie,Harrison Wellstone,6
396371,175829,Brian d'Arcy James,Bad Brad,7
396371,121718,Bill Camp,Harlan Eustice,8
396371,6804,Graham Greene,Judge Foxman,9
615656,976,Jason Statham,Jonas Taylor,0
615656,78871,Wu Jing,Jiuming Zhang,1
615656,1704579,Shuya Sophia Cai,Meiying,2
615656,177214,Page Kennedy,DJ,3
615656,78994,Sergio Peris-Mencheta,Montes,4
615656,7055,Sienna Guillory,Driscoll,5
615656,7248,Cliff Curtis,Mac,6
615656,110930,Skyler Samuels,Jess,7
615656,1977759,Melissanthi Mahut,Rigas,8
615656,1503556,Whoopie van Raam,Curtis,9
270487,16851,Josh Brolin,Eddie Mannix,0
270487,1461,George Clooney,Baird Whitlock,1
270487,71375,Alden Ehrenreich,Hobie Doyle,2
270487,5469,Ralph Fiennes,Laurence Laurentz,3
270487,1245,Scarlett Johansson,DeeAnna Moran,4
270487,3063,Tilda Swinton,Thora Thacker / Thessaly Thacker,5
270487,38673,Channing Tatum,Burt Gurney,6
270487,3910,Frances McDormand,C. C. Calhoun,7
270487,21007,Jonah Hill,Joe Silverman,8
270487,1573102,Veronica Osorio,Carlotta Valdez,9
300671,17697,John Krasinski,Jack Silva,0
300671,18473,James Badge Dale,Tyrone 'Rone' Woods,1
300671,154784,Dominic Fumusa,John 'Tig' Tiegen,2
300671,94864,Max Martini,Mark 'Oz' Geist,3
300671,59254,Pablo Schreiber,Kris 'Tanto' Paronto,4
300671,28414,Matt Letscher,Chris Stevens,5
300671,37645,Alexia Barlier,Sona Jillani,6
300671,82167,David Costabile,Bob,7
300671,62562,David Denman,Dave 'Boon' Benton,8
300671,559566,Payman Maadi,Amahl,9
298250,2144,Tobin Bell,Jigsaw / John Kramer,0
298250,1228915,Matt Passmore,Logan Nelson,1
298250,540,Callum Keith Rennie,Detective Halloran,2
298250,1685904,Hannah Emily Anderson,Eleanor Bonneville,3
298250,957076,Clé Bennett,Keith Hunt,4
298250,43286,Laura Vandervoort,Anna,5
298250,948533,Paul Braunstein,Ryan,6
298250,1001736,Mandela Van Peebles,Mitch,7
298250,943913,Brittany Allen,Carly,8
298250,1495933,Josiah Black,Edgar Munsen,9
986056,1373737,Florence Pugh,Yelena Belova,0
986056,60898,Sebastian Stan,Bucky Barnes,1
986056,15886,Julia Louis-Dreyfus,Valentina Allegra de Fontaine,2
986056,1700685,Lewis Pullman,Robert Reynolds,3
986056,35029,David Harbour,Alexei Shostakov,4
986056,986808,Wyatt Russell,John Walker,5
986056,1408809,Hannah John-Kamen,Ava Starr,6
986056,18182,Olga Kurylenko,Antonia Dreykov,7
986056,1803287,Geraldine Viswanathan,Mel,8
986056,17859,Wendell Pierce,Congressman Gary,9
455207,206444,Constance Wu,Rachel Chu,0
455207,1807132,Henry Golding,Nick Young,1
455207,1620,Michelle Yeoh,Eleanor Young,2
455207,97576,Gemma Chan,Astrid Young Teo,3
455207,86633,Lisa Lu,Ah Ma,4
455207,1625558,Awkwafina,Peik Lin Goh,5
455207,232499,Harry Shum Jr.,Charlie Wu,6
455207,83586,Ken Jeong,Wye Mun Goh,7
455207,1457238,Sonoya Mizuno,Araminta Lee,8
455207,145248,Chris Pang,Colin Khoo,9
746036,30614,Ryan Gosling,Colt Seavers,0
746036,5081,Emily Blunt,Jody Moreno,1
746036,27428,Aaron Taylor-Johnson,Tom Ryder,2
746036,1278487,Hannah Waddingham,Gail Meyer,3
746036,20374,Teresa Palmer,Iggy Starr,4
746036,1381186,Stephanie Hsu,Alma Milan,5
746036,1447932,Winston Duke,Dan Tucker,6
746036,2295806,Ben Knight,Dressler,7
746036,3054747,Matuse,Doone,8
746036,3430988,Adam Dunn,Nigel,9
884605,72129,Jennifer Lawrence,Maddie Barker,0
884605,2914688,Andrew Barth Feldman,Percy Becker,1
884605,60034,Laura Benanti,Allison Becker,2
884605,118752,Natalie Morales,Sara,3
884605,4756,Matthew Broderick,Laird Becker,4
884605,209087,Scott MacArthur,Jim,5
884605,21042,Ebon Moss-Bachrach,Gary,6
884605,1180698,Kyle Mooney,Jody,7
884605,552252,Hasan Minhaj,Doug Khan,8
884605,3075124,Jordan Mendoza,Crispin,9
343674,17832,Carla Gugino,Jessie,0
343674,21089,Bruce Greenwood,Gerald,1
343674,9631,Carel Struycken,Moonlight Man,2
343674,1590225,Chiara Aurelia,Young Jessie,3
343674,9976,Henry Thomas,Tom,4
343674,932076,Kate Siegel,Sally,5
343674,1910481,Adalyn Jones,Maddie,6
343674,1653853,Bryce Harper,James,7
343674,1393332,Gwendolyn Mulamba,Judge,8
343674,1910482,Jamie Flanagan,Court Clerk,9
321258,62220,Lauren Cohan,Greta Evans,0
321258,17283,Rupert Evans,Malcolm,1
321258,1029403,James Russell,Brahms Heelshire,2
321258,14950,Jim Norton,Mr. Heelshire,3
321258,346352,Diana Hardcastle,Mrs. Heelshire,4
321258,1383389,Ben Robson,Cole,5
321258,1538879,Jett Klyne,Child Brahms,6
321258,1626008,Lily Pater,Emily Cribbs,7
321258,27122,Matthew Walker,Taxi Driver,8
321258,222139,Stephanie Lemelin,Sandy (voice),9
346672,3967,Kate Beckinsale,Selene,0
346672,587020,Theo James,David,1
346672,10920,Tobias Menzies,Marius,2
346672,213083,Lara Pulver,Semira,3
346672,154689,Bradley James,Varga,4
346672,21193,Peter Andersson,Vidar,5
346672,9140,James Faulkner,Cassius,6
346672,1781402,Clementine Nicholson,Lena,7
346672,1070886,Daisy Head,Alexia,8
346672,1283871,Oliver Stark,Gregor,9
576845,1356758,Thomasin McKenzie,Eloise Turner,0
576845,1397778,Anya Taylor-Joy,Sandie,1
576845,136532,Matt Smith,Jack,2
576845,47754,Rita Tushingham,Peggy Turner,3
576845,1672687,Michael Ajao,John,4
576845,1770527,Synnøve Karlsen,Jocasta,5
576845,69465,Pauline McLynn,Carol,6
576845,28641,Terence Stamp,Silver-Haired Gentleman,7
576845,10168,Diana Rigg,Ms. Collins,8
576845,3289470,Aimée Cassettari,Eloise's Mother,9
301365,18050,Elle Fanning,Jesse,0
301365,1327613,Karl Glusman,Dean,1
301365,20089,Jena Malone,Ruby,2
301365,234982,Bella Heathcote,Gigi,3
301365,1036288,Abbey Lee,Sarah,4
301365,6365,Desmond Harrington,Jack,5
301365,6384,Keanu Reeves,Hank,6
301365,110014,Christina Hendricks,Roberta Hoffmann,7
301365,4941,Alessandro Nivola,Robert Sarno,8
301365,82945,Charles Baker,Mikey,9
646385,1373659,Melissa Barrera,Sam Carpenter,0
646385,974169,Jenna Ortega,Tara Carpenter,1
646385,2174509,Mason Gooding,Chad Meeks-Martin,2
646385,1508653,Jasmin Savoy Brown,Mindy Meeks-Martin,3
646385,1030513,Jack Quaid,Richie Kirsch,4
646385,1640439,Mikey Madison,Amber Freeman,5
646385,14405,Courteney Cox,Gale Weathers,6
646385,15234,David Arquette,Dewey Riley,7
646385,9206,Neve Campbell,Sidney Prescott,8
646385,112476,Dylan Minnette,Wes Hicks,9
481848,3,Harrison Ford,John Thornton,0
481848,221018,Dan Stevens,Hal,1
481848,1660946,Colin Woodell,Charles,2
481848,543261,Karen Gillan,Mercedes,3
481848,78423,Omar Sy,Perreault,4
481848,2477008,Raven Scott,Pastry Chef,5
481848,589182,Wes Brown,Mountie,6
481848,1197122,Cara Gee,Françoise,7
481848,26495,Jean Louisa Kelly,Katie Miller,8
481848,236696,Terry Notary,Rail Worker / Live Action Reference Performance of Buck,9
614934,86654,Austin Butler,Elvis Presley,0
614934,31,Tom Hanks,Colonel Tom Parker,1
614934,1385063,Olivia DeJonge,Priscilla,2
614934,94876,Helen Thomson,Gladys Presley,3
614934,12206,Richard Roxburgh,Vernon Presley,4
614934,1344361,Kelvin Harrison Jr.,B.B. King,5
614934,1371,David Wenham,Hank Snow,6
614934,113505,Kodi Smit-McPhee,Jimmie Rodgers Snow,7
614934,972356,Luke Bracey,Jerry Schilling,8
614934,1525047,Dacre Montgomery,Steve Binder,9
617653,1892,Matt Damon,Sir Jean de Carrouges,0
617653,1023139,Adam Driver,Jacques Le Gris,1
617653,1388593,Jodie Comer,Marguerite de Carrouges,2
617653,880,Ben Affleck,Pierre d'Alençon,3
617653,17477,Harriet Walter,Nicole de Carrouges,4
617653,20982,Marton Csokas,Crespin,5
617653,1379277,Alex Lawther,King Charles VI,6
617653,84865,William Houston,Herald at the Duel,7
617653,24627,Oliver Cotton,Jean de Carrouges III,8
617653,6752,Željko Ivanek,Le Coq,9
419479,1538780,Judah Lewis,Cole Johnson,0
419479,1372369,Samara Weaving,Bee,1
419479,1223726,Robbie Amell,Max,2
419479,1107297,Hana Mae Lee,Sonya,3
419479,98285,Bella Thorne,Allison,4
419479,112742,Emily Alyn Lind,Melanie,5
419479,1350469,Andrew Bachelor,John,6
419479,1005324,Doug Haley,Samuel,7
419479,57451,Leslie Bibb,Mom,8
419479,77089,Ken Marino,Dad,9
713704,1186659,Lily Sullivan,Beth,0
713704,220620,Alyssa Sutherland,Ellie,1
713704,144080,Morgan Davies,Danny,2
713704,3128781,Gabrielle Echols,Bridget,3
713704,3128782,Nell Fisher,Kassie,4
713704,205427,Mark Mitchinson,Mr. Fonda,5
713704,2623749,Jayden Daniels,Gabriel,6
713704,3745221,Mirabai Pease,Teresa,7
713704,3548510,Tai Wano,Scott,8
713704,2556401,Noah Paul,Bruce,9
423204,17276,Gerard Butler,Mike Banning,0
423204,192,Morgan Freeman,Alan Trumbull,1
423204,9575,Jada Pinkett Smith,Agent Thompson,2
423204,1733,Nick Nolte,Clay Banning,3
423204,6413,Danny Huston,Wade Jennings,4
423204,1462,Tim Blake Nelson,VP Kirby,5
423204,129101,Lance Reddick,David Gentry,6
423204,1312122,Frederick Schmidt,Travis Cole,7
423204,57428,Michael Landes,Sam Wilcox,8
423204,81480,Ori Pfeffer,Agent Murphy,9
446021,1229,Jeff Bridges,Father Daniel Flynn / Dock O'Kelly,0
446021,1765068,Cynthia Erivo,Darlene Sweet,1
446021,1700685,Lewis Pullman,Miles Miller,2
446021,118545,Dakota Johnson,Emily Summerspring,3
446021,1683343,Cailee Spaeny,Rose Summerspring,4
446021,65717,Jon Hamm,Laramie Seymour Sullivan / Dwight Broadbeck,5
446021,74568,Chris Hemsworth,Billy Lee,6
446021,17039,Nick Offerman,Felix O'Kelly,7
446021,143593,Xavier Dolan,Buddy Sunday,8
446021,74242,Shea Whigham,Dr. Woodbury Laurence,9
426063,1459885,Lily-Rose Depp,Ellen Hutter,0
426063,3292,Nicholas Hoult,Thomas Hutter,1
426063,137905,Bill Skarsgård,Count Orlok,2
426063,27428,Aaron Taylor-Johnson,Friedrich Harding,3
426063,5293,Willem Dafoe,Prof. Albin Eberhart von Franz,4
426063,2324569,Emma Corrin,Anna Harding,5
426063,202032,Ralph Ineson,Dr. Wilhelm Sievers,6
426063,16358,Simon McBurney,Herr Knock,7
426063,3642574,Adéla Hesová,Clara,8
426063,3834146,Milena Konstantinova,Louise,9
1008042,3115932,Sophie Wilde,Mia,0
1008042,2644232,Alexandra Jensen,Jade,1
1008042,3047804,Joe Bird,Riley,2
1008042,1822223,Otis Dhanji,Daniel,3
1008042,502,Miranda Otto,Sue,4
1008042,2659518,Zoe Terakes,Hayley,5
1008042,2467788,Chris Alosio,Joss,6
1008042,213070,Marcus Johnson,Max,7
1008042,3281952,Alexandria Steffensen,Rhea,8
1008042,2131239,Ari McCarthy,Cole,9
448119,3223,Robert Downey Jr.,Dr. John Dolittle,0
448119,1789952,Harry Collett,Tommy Stubbins,1
448119,3968,Michael Sheen,Dr. Blair Müdfly,2
448119,388,Jim Broadbent,Lord Thomas Badgley,3
448119,3131,Antonio Banderas,King Rassouli,4
448119,17838,Rami Malek,Chee-Chee (voice),5
448119,1498158,Jessie Buckley,Queen Victoria,6
448119,7056,Emma Thompson,Poly (voice),7
448119,56446,John Cena,Yoshi (voice),8
448119,466505,Kumail Nanjiani,Plimpton (voice),9
399170,38673,Channing Tatum,Jimmy Logan,0
399170,1023139,Adam Driver,Clyde Logan,1
399170,8784,Daniel Craig,Joe Bang,2
399170,98522,Riley Keough,Mellie Logan,3
399170,3897,Katie Holmes,Bobbie Jo Chapman,4
399170,77795,Katherine Waterston,Sylvia Harrison,5
399170,52139,Seth MacFarlane,Max Chilblain,6
399170,20309,Dwight Yoakam,Warden Burns,7
399170,60898,Sebastian Stan,Dayton White,8
399170,63364,Brian Gleeson,Sam Bang,9
718789,16828,Chris Evans,Buzz Lightyear (voice),0
718789,74688,Keke Palmer,Izzy Hawthorne (voice),1
718789,21198,Peter Sohn,SOX (voice),2
718789,55934,Taika Waititi,Mo Morrison (voice),3
718789,1102500,Dale Soules,Darby Steel (voice),4
718789,9274,James Brolin,Zurg (voice),5
718789,1332680,Uzo Aduba,Alisha Hawthorne (voice),6
718789,1537978,Mary McDonald-Lewis,I.V.A.N. (voice),7
718789,17490,Isiah Whitlock Jr.,Commander Burnside (voice),8
718789,7929,Angus MacLane,ERIC / DERIC / Zyclops (voice),9
696506,11288,Robert Pattinson,Mickey Barnes,0
696506,1537686,Naomi Ackie,Nasha,1
696506,215055,Steven Yeun,Timo,2
696506,103,Mark Ruffalo,Kenneth Marshall,3
696506,3051,Toni Collette,Ylfa,4
696506,1021689,Anamaria Vartolomei,Kai Katz,5
696506,213202,Daniel Henshall,Preston,6
696506,1600085,Patsy Ferran,Dorothy,7
696506,4025,Steve Park,Zeke,8
696506,1016119,Tim Key,Pigeon Man,9
1078605,936970,Julia Garner,Justine,0
1078605,16851,Josh Brolin,Archer,1
1078605,71375,Alden Ehrenreich,Paul,2
1078605,148992,Austin Abrams,James,3
1078605,30082,Benedict Wong,Marcus,4
1078605,23882,Amy Madigan,Gladys,5
1078605,2407997,Cary Christopher,Alex,6
1078605,18271,Toby Huss,Captain Ed,7
1078605,1105322,Whitmer Thomas,Alex's Dad,8
1078605,2438324,Callie Schuttera,Alex's Mom,9
521029,1172108,Mckenna Grace,Judy Warren,0
521029,1597855,Madison Iseman,Mary Ellen,1
521029,1411601,Katie Sarife,Daniela Rios,2
521029,2342988,Michael Cimino,Bob Palmeri,3
521029,1378130,Samara Lee,"Annabelle ""Bee"" Mullins",4
521029,21657,Vera Farmiga,Lorraine Warren,5
521029,17178,Patrick Wilson,Ed Warren,6
521029,2401979,Luca Luhan,Anthony Rios,7
521029,181391,Alison White,Mrs. Faley,8
521029,1708186,Paul Dean,Mr. Palmeri,9
313297,1050248,Art Parkinson,Kubo (voice),0
313297,6885,Charlize Theron,Monkey / Mother (voice),1
313297,10297,Matthew McConaughey,Beetle / Hanzo (voice),2
313297,30585,Brenda Vaccaro,Kameyo (voice),3
313297,5469,Ralph Fiennes,Moon King (voice),4
313297,108916,Rooney Mara,The Sisters (voice),5
313297,1752,George Takei,Hosato (voice),6
313297,11398,Cary-Hiroyuki Tagawa,Hashi (voice),7
313297,1390561,Meyrick Murphy,Mari (voice),8
313297,177525,Minae Noji,Minae (voice),9
615777,1413390,Diego Calva,Manny Torres,0
615777,234352,Margot Robbie,Nellie LaRoy,1
615777,287,Brad Pitt,Jack Conrad,2
615777,1607522,Jovan Adepo,Sidney Palmer,3
615777,5376,Jean Smart,Elinor St. John,4
615777,932143,J.C. Currais,Truck Driver,5
615777,4606,Jimmy Ortega,Elephant Wrangler,6
615777,21401,Marcos A. Ferraez,Police Officer,7
615777,117569,Shane Powers,Dale,8
615777,145247,Phoebe Tonkin,Jane Thornton,9
580175,1019,Mads Mikkelsen,Martin,0
580175,4457,Thomas Bo Larsen,Tommy,1
580175,1438708,Magnus Millang,Nikolaj,2
580175,588175,Lars Ranthe,Peter,3
580175,97032,Maria Bonnevie,Anika,4
580175,136774,Helene Reingaard Neumann,Amalie,5
580175,47156,Susse Wold,Rektor,6
580175,2711879,Magnus Sjørup,Jonas,7
580175,2895164,Silas Cornelius Van,Kasper,8
580175,1552847,Albert Rudbeck Lindhardt,Sebastian,9
347031,17142,Paul Dano,Hank,0
347031,10980,Daniel Radcliffe,Manny,1
347031,17628,Mary Elizabeth Winstead,Sarah,2
347031,1561285,Antonia Ribero,Crissie,3
347031,1367516,Timothy Eulich,Preston,4
347031,158126,Richard Gross,Hank's Dad,5
347031,1561284,Marika Casteel,Reporter,6
347031,1412258,Andy Hull,Cameraman,7
347031,1561286,Aaron Marshall,Officer #1,8
347031,76624,Shane Carruth,Coroner,9
926393,5292,Denzel Washington,Robert McCall,0
926393,501,Dakota Fanning,Emma Collins,1
926393,1147420,Eugenio Mastrandrea,Gio Bonucci,2
926393,62562,David Denman,Frank Conroy,3
926393,1636737,Gaia Scodellaro,Aminah,4
926393,41527,Remo Girone,Enzo Arisio,5
926393,1917499,Andrea Scarduzio,Vincent Quaranta,6
926393,3462470,Andrea Dodero,Marco Quaranta,7
926393,1469908,Daniele Perrone,Angelo,8
926393,4252462,Zakaria Hamza,Khalid,9
136799,84223,Anna Kendrick,Poppy (voice),0
136799,12111,Justin Timberlake,Branch (voice),1
136799,11664,Zooey Deschanel,Bridget (voice),2
136799,54691,Christopher Mintz-Plasse,King Gristle (voice),3
136799,11870,Christine Baranski,Chef (voice),4
136799,59919,Russell Brand,Creek (voice),5
136799,55466,James Corden,Biggie (voice),6
136799,4175,Jeffrey Tambor,King Peppy (voice),7
136799,1260038,Ron Funches,Cooper (voice),8
136799,1704768,Aino Jawo,Satin (voice),9
587792,62861,Andy Samberg,Nyles,0
587792,204392,Cristin Milioti,Sarah,1
587792,18999,J.K. Simmons,Roy,2
587792,8212,Peter Gallagher,Howard,3
587792,449513,Meredith Hagner,Misty,4
587792,1721740,Camila Mendes,Tala,5
587792,78198,Tyler Hoechlin,Abe,6
587792,145248,Chris Pang,Trevor,7
587792,49818,Jacqueline Obradors,Pia,8
587792,35515,June Squibb,Nana Schlieffen,9
308531,1163622,Pete Ploszek,Leonardo,0
308531,64295,Alan Ritchson,Raphael,1
308531,15034,Jeremy Howard,Donatello,2
308531,80352,Noel Fisher,Michelangelo,3
308531,19537,Megan Fox,April O'Neil,4
308531,76110,Stephen Amell,Casey Jones,5
308531,21200,Will Arnett,Vernon Fenwick,6
308531,350,Laura Linney,Chief Vincent,7
308531,80602,Tyler Perry,Baxter Stockman,8
308531,116278,Brian Tee,Shredder,9
617126,1253360,Pedro Pascal,Reed Richards / Mister Fantastic,0
617126,556356,Vanessa Kirby,Sue Storm / Invisible Woman,1
617126,21042,Ebon Moss-Bachrach,Ben Grimm / The Thing,2
617126,1597365,Joseph Quinn,Johnny Storm / Human Torch,3
617126,202032,Ralph Ineson,Galactus,4
617126,936970,Julia Garner,Shalla-Bal / Silver Surfer,5
617126,1294982,Paul Walter Hauser,Harvey Elder / Mole Man,6
617126,10871,Natasha Lyonne,Rachel Rozman,7
617126,65447,Sarah Niles,Lynne Nichols / F4 Chief of Staff,8
617126,34546,Mark Gatiss,Ted Gilbert,9
400617,11856,Daniel Day-Lewis,Reynolds Woodcock,0
400617,1080195,Vicky Krieps,Alma Elson,1
400617,72305,Lesley Manville,Cyril Woodcock,2
400617,38809,Camilla Rutherford,Johanna,3
400617,18022,Gina McKee,Countess Henrietta Harding,4
400617,63364,Brian Gleeson,Dr. Robert Hardy,5
400617,538,Harriet Sansom Harris,Barbara Rose,6
400617,1977048,Lujza Richter,Princess Mona Braganza,7
400617,1836,Julia Davis,Lady Baltimore,8
400617,1502446,Julie Vollono,London Housekeeper,9
371638,54697,Dave Franco,Greg / 'Mark',0
371638,17051,James Franco,Tommy / 'Johnny',1
371638,19274,Seth Rogen,Sandy,2
371638,71552,Ari Graynor,Juliette / 'Lisa',3
371638,88029,Alison Brie,Amber,4
371638,67837,Jacki Weaver,Carolyn / 'Claudette',5
371638,59843,Paul Scheer,Raphael,6
371638,29222,Zac Efron,Dan / 'Chris-R',7
371638,27972,Josh Hutcherson,Philip / 'Denny',8
371638,83873,June Diane Raphael,Robyn / 'Michelle',9
1062722,25072,Oscar Isaac,Victor Frankenstein,0
1062722,2034418,Jacob Elordi,The Creature,1
1062722,27319,Christoph Waltz,Harlander,2
1062722,1137824,Mia Goth,Elizabeth / Claire Frankenstein,3
1062722,3631223,Felix Kammerer,William Frankenstein,4
1062722,4391,Charles Dance,Leopold Frankenstein,5
1062722,11180,David Bradley,Blind Man,6
1062722,71158,Lars Mikkelsen,Captain Anderson,7
1062722,1721268,Christian Convery,Young Victor Frankenstein,8
1062722,1018,Nikolaj Lie Kaas,Chief Officer Larsen,9
582014,36662,Carey Mulligan,Cassandra,0
582014,115128,Bo Burnham,Ryan,1
582014,88029,Alison Brie,Madison,2
582014,6574,Clancy Brown,Stanley,3
582014,38334,Jennifer Coolidge,Susan,4
582014,1298360,Laverne Cox,Gail,5
582014,84300,Chris Lowell,Al Monroe,6
582014,28640,Molly Shannon,Mrs. Fisher,7
582014,86310,Connie Britton,Dean Walker,8
582014,11702,Adam Brody,Jerry,9
340102,1827498,Blu Hunt,Dani Moonstar,0
340102,1448222,Charlie Heaton,Samuel Guthrie,1
340102,1181313,Maisie Williams,Rahne Sinclair,2
340102,1563169,Henrique Zaga,Roberto da Costa,3
340102,1397778,Anya Taylor-Joy,Illyana Rasputin,4
340102,8602,Alice Braga,Dr. Reyes,5
340102,33527,Adam Beach,Dani's Father,6
340102,1370986,Happy Anderson,Reverend Craig,7
340102,2766254,Dustin Ceithamer,Smiling Man,8
340102,9315,Marilyn Manson,Smiling Man (voice),9
514847,92572,Betty Gilpin,Crystal,0
514847,448,Hilary Swank,Athena,1
514847,824,Ethan Suplee,Gary,2
514847,565501,Teri Wyble,Liberty,3
514847,198150,Ike Barinholtz,Staten Island,4
514847,1470,Wayne Duvall,Don,5
514847,34847,Emma Roberts,Yoga Pants,6
514847,1173099,Christopher Berry,Target,7
514847,1526793,Sturgill Simpson,Vanilla Nice,8
514847,206479,Kate Nowlin,Big Red,9
456740,35029,David Harbour,Hellboy / Anung Un Rama,0
456740,63,Milla Jovovich,"Vivienne Nimue, the Blood Queen",1
456740,6972,Ian McShane,"Trevor ""Broom"" Bruttenholm",2
456740,1535218,Sasha Lane,Alice Monaghan,3
456740,18307,Daniel Dae Kim,Ben Daimio,4
456740,19159,Thomas Haden Church,Lobster Johnson,5
456740,1115,Stephen Graham,Gruagach (voice),6
456740,51301,Douglas Tait,Gruagach,7
456740,2598,Sophie Okonedo,Lady Hatton,8
456740,56100,Alistair Petrie,Lord Adam Glaren,9
406759,4587,Halle Berry,Jocinda Fowler,0
406759,17178,Patrick Wilson,Brian Harper,1
406759,1010135,John Bradley,KC Houseman,2
406759,1440574,Charlie Plummer,Sonny Harper,3
406759,2225985,Kelly Yu,Michelle,4
406759,454,Michael Peña,Tom Lopez,5
406759,1447280,Carolina Bartczak,Brenda Lopez,6
406759,3209967,Zayn Maloney,Jimmy (10 Years Old),7
406759,3209971,Ava Weiss,Nikki Lopez (9 Years Old),8
406759,3412752,Hazel Nugent,Lauren Lopez (12 Years Old),9
594767,69899,Zachary Levi,Shazam,0
594767,1768966,Asher Angel,Billy Batson,1
594767,1774679,Jack Dylan Grazer,Freddy Freeman,2
594767,2217977,Rachel Zegler,Anthea,3
594767,11702,Adam Brody,Super Hero Freddy,4
594767,1299232,Ross Butler,Super Hero Eugene,5
594767,51976,D.J. Cotrona,Super Hero Pedro,6
594767,54633,Grace Caroline Currey,Mary Bromfield / Super Hero Mary,7
594767,22122,Meagan Good,Super Hero Darla,8
594767,140,Lucy Liu,Kalypso,9
499932,1136406,Tom Holland,Arvin Russell,0
499932,11288,Robert Pattinson,Reverend Preston Teagardin,1
499932,137905,Bill Skarsgård,Willard Russell,2
499932,98522,Riley Keough,Sandy Henderson,3
499932,76512,Jason Clarke,Carl Henderson,4
499932,60898,Sebastian Stan,Deputy Lee Bodecker,5
499932,58754,Haley Bennett,Charlotte Russell,6
499932,10982,Harry Melling,Roy Laferty,7
499932,1669125,Eliza Scanlen,Lenora Laferty,8
499932,76070,Mia Wasikowska,Helen Hatton,9
417678,561869,Amandla Stenberg,Maddy Whittier,0
417678,1108907,Nick Robinson,Olly Bright,1
417678,15563,Anika Noni Rose,Dr. Pauline Whittier,2
417678,57409,Ana de la Reguera,Carla Romero,3
417678,1493223,Taylor Hickson,Kayra Bright,4
417678,1684108,Danube R. Hermosillo,Rosa Romero,5
417678,85505,Dan Payne,Joe Bright,6
417678,55153,Fiona Loewi,Mae Bright,7
417678,211958,Robert Lawrenson,Mr. Waterman,8
417678,5009,Peter Benson,Dr. Chase,9
1368337,1892,Matt Damon,Odysseus,0
1368337,1136406,Tom Holland,Telemachus,1
1368337,1813,Anne Hathaway,Penelope,2
1368337,11288,Robert Pattinson,Antinous,3
1368337,1227717,Himesh Patel,Eurylochus,4
1368337,6885,Charlize Theron,Calypso,5
1368337,5723,John Leguizamo,Eumaeus,6
1368337,1978406,Travis Scott,Bard,7
1368337,1154054,Corey Hawkins,Polybus,8
1368337,84706,Jarreth J. Merz,Leodes,9
600354,4173,Anthony Hopkins,Anthony,0
600354,39187,Olivia Colman,Anne,1
600354,34546,Mark Gatiss,The Man,2
600354,11616,Olivia Williams,The Woman,3
600354,17606,Imogen Poots,Laura,4
600354,17328,Rufus Sewell,Paul,5
600354,33191,Ayesha Dharker,Dr. Sarai,6
600354,3019221,Roman Zeller,Boy,7
937278,31,Tom Hanks,Otto Anderson,0
937278,1309844,Mariana Treviño,Marisol,1
937278,1286537,Cameron Britton,Jimmy,2
937278,2797317,Mack Bayda,Malcolm,3
937278,1168097,Manuel Garcia-Rulfo,Tommy,4
937278,80615,Juanita Jennings,Anita,5
937278,1836034,Peter Lawson Jones,Reuben,6
937278,3455931,Truman Hanks,Young Otto,7
937278,1365769,Rachel Keller,Sonya,8
937278,3631835,John Higgins,Hardware Store Clerk,9
1234821,1245,Scarlett Johansson,Zora Bennett,0
1234821,932967,Mahershala Ali,Duncan Kincaid,1
1234821,80860,Jonathan Bailey,Dr. Henry Loomis,2
1234821,36669,Rupert Friend,Martin Krebs,3
1234821,1168097,Manuel Garcia-Rulfo,Reuben Delgado,4
1234821,1362844,Luna Blaise,Teresa Delgado,5
1234821,2525701,David Iacono,Xavier Dobbs,6
1234821,3673493,Audrina Miranda,Isabella Delgado,7
1234821,2496534,Philippine Velge,Nina,8
1234821,1517537,Bechir Sylvain,LeClerc,9
278924,976,Jason Statham,Arthur Bishop,0
278924,56731,Jessica Alba,Gina,1
278924,2176,Tommy Lee Jones,Max Adams,2
278924,1620,Michelle Yeoh,Mei,3
278924,563559,Sam Hazeldine,Riah Crain,4
278924,206398,John Cenatiempo,Jeremy,5
278924,1669540,Toby Eddington,Adrian Cook,6
278924,1411985,Femi Elufowoju Jr.,Krill,7
278924,934149,Anteo Quintavalle,Frank,8
278924,1206367,Rhatha Phongam,Courier,9
512196,1427680,Jessica Rothe,Theresa 'Tree' Gelbman,0
512196,969140,Israel Broussard,Carter Davis,1
512196,1476053,Charles Aitken,Gregory Butler,2
512196,1602964,Ruby Modine,Lori Spengler,3
512196,933160,Suraj Sharma,Samar Ghosh,4
512196,104853,Rachel Matthews,Danielle Bouseman,5
512196,1651966,Blaine Kern III,Nick Sims,6
512196,1542831,Phi Vu,Ryan Phan,7
512196,2035239,Sarah Yarkin,Dre Morgan,8
512196,1717376,Caleb Spillyards,Tim Bauer,9
267935,40900,Mark Rylance,The BFG,0
267935,1425420,Ruby Barnhill,Sophie,1
267935,15556,Rebecca Hall,Mary,2
267935,55936,Jemaine Clement,Fleshlumpeater,3
267935,19278,Bill Hader,Bloodbottler,4
267935,1249,Penelope Wilton,The Queen,5
267935,143307,Marilyn Norry,Matron,6
267935,198615,Chris Shields,General #1,7
267935,40009,Matt Frewer,General #2,8
267935,1497865,Geoffrey Wade,General #3,9
429197,3894,Christian Bale,Dick Cheney,0
429197,9273,Amy Adams,Lynne Cheney,1
429197,4495,Steve Carell,Donald Rumsfeld,2
429197,6807,Sam Rockwell,George W. Bush,3
429197,17486,Alison Pill,Mary Cheney,4
429197,1665,Eddie Marsan,Paul Wolfowitz,5
429197,20301,Justin Kirk,Scooter Libby,6
429197,64908,LisaGay Hamilton,Condoleezza Rice,7
429197,88124,Jesse Plemons,Kurt,8
429197,121718,Bill Camp,Gerald Ford,9
1226863,73457,Chris Pratt,Mario (voice),0
1226863,95101,Charlie Day,Luigi (voice),1
1226863,1397778,Anya Taylor-Joy,Princess Peach (voice),2
1226863,70851,Jack Black,Bowser (voice),3
1226863,298410,Keegan-Michael Key,Toad (voice),4
1226863,227564,Benny Safdie,Bowser Junior (voice),5
1226863,83271,Glen Powell,Fox McCloud (voice),6
1226863,60073,Brie Larson,Rosalina (voice),7
1226863,119589,Donald Glover,Yoshi (voice),8
1226863,24362,Kevin Michael Richardson,Kamek (voice),9
1011985,70851,Jack Black,Po (voice),0
1011985,1625558,Awkwafina,Zhen (voice),1
1011985,19492,Viola Davis,The Chameleon (voice),2
1011985,4483,Dustin Hoffman,Shifu (voice),3
1011985,17419,Bryan Cranston,Li (voice),4
1011985,20904,James Hong,Mr. Ping (voice),5
1011985,6972,Ian McShane,Tai Lung (voice),6
1011985,690,Ke Huy Quan,Han (voice),7
1011985,1319469,Ronny Chieng,Fish (voice),8
1011985,171743,Lori Tan Chinn,Granny Boar (voice),9
384521,1216606,Gugu Mbatha-Raw,Ava Hamilton,0
384521,3872,Daniel Brühl,Schmidt,1
384521,40477,Chris O'Dowd,Mundy,2
384521,35013,David Oyelowo,Kiel,3
384521,40543,John Ortiz,Monk Acosta,4
384521,1133349,Elizabeth Debicki,Mina Jensen,5
384521,1339,Zhang Ziyi,Tam,6
384521,76547,Aksel Hennie,Volkov,7
384521,1257532,Roger Davies,Michael Hamilton,8
384521,1972979,Clover Nee,Molly,9
695721,1524100,Tom Blyth,Coriolanus Snow,0
695721,2217977,Rachel Zegler,Lucy Gray Baird,1
695721,22970,Peter Dinklage,Dean Casca Highbottom,2
695721,17881,Jason Schwartzman,Lucky Flickerman,3
695721,2340180,Hunter Schafer,Tigris,4
695721,2269067,Josh Rivera,Sejanus Plinth,5
695721,19492,Viola Davis,Dr. Volumnia Gaul,6
695721,58068,Fionnula Flanagan,Grandma’am,7
695721,39659,Burn Gorman,Commander Hoff,8
695721,3568188,Dexter Sol Ansell,Young Coriolanus,9
504949,1190668,Timothée Chalamet,Hal,0
504949,33192,Joel Edgerton,Falstaff,1
504949,16702,Sean Harris,William,2
504949,1765227,Tom Glynn-Carney,Hotspur,3
504949,1459885,Lily-Rose Depp,Catherine,4
504949,1356758,Thomasin McKenzie,"Philippa, Queen of Denmark",5
504949,11288,Robert Pattinson,The Dauphin,6
504949,77335,Ben Mendelsohn,King Henry IV,7
504949,176191,Andrew Havill,Archbishop of Canterbury,8
504949,1332971,Dean-Charles Chapman,Thomas,9
572802,117642,Jason Momoa,Arthur,0
572802,17178,Patrick Wilson,Orm,1
572802,1639847,Yahya Abdul-Mateen II,Black Manta,2
572802,79082,Randall Park,Dr. Shin,3
572802,55085,Amber Heard,Mera,4
572802,2227,Nicole Kidman,Atlanna,5
572802,16644,Dolph Lundgren,King Nereus,6
572802,7242,Temuera Morrison,Tom,7
572802,1789788,Lillah Indya Moore,Karshon,8
572802,90060,Pilou Asbæk,Kordax,9
458576,63,Milla Jovovich,Artemis,0
458576,57207,Tony Jaa,The Hunter,1
458576,2372,Ron Perlman,Admiral,2
458576,76126,T.I.,Lincoln,3
458576,935201,Diego Boneta,Marshall,4
458576,22122,Meagan Good,Dash,5
458576,1056053,Josh Helman,Steeler,6
458576,8178,Jin Au-Yeung,Axe,7
458576,1276842,Hirona Yamazaki,Handler,8
458576,585494,Jannik Schümann,Aiden,9
1242898,18050,Elle Fanning,Thia / Tessa,0
1242898,3223391,Dimitrius Schuster-Koloamatangi,Dek / Father,1
1242898,1891826,Ravi Narayan,Bud,2
1242898,2253146,Michael Homick,Kwei (Suit),3
1242898,1636658,Stefan Grube,Kwei (voice),4
1242898,1440649,Reuben De Jong,Father (Suit),5
1242898,1856011,Cameron Brown,Drone Synth,6
1242898,1257565,Alison Wright,MU/TH/UR (voice),7
1242898,1179419,Matt Duffer,Kwei's Ship Computer (voice),8
1242898,1179422,Ross Duffer,Kwei's Ship Computer (voice),9
399361,880,Ben Affleck,Tom 'Redfly' Davis,0
399361,25072,Oscar Isaac,Santiago 'Pope' Garcia,1
399361,56365,Charlie Hunnam,William 'Ironhead' Miller,2
399361,9828,Garrett Hedlund,Ben Miller,3
399361,1253360,Pedro Pascal,Francisco 'Catfish' Morales,4
399361,1371297,Adria Arjona,Yovanna,5
399361,2265061,Jeovanny Rodriguez,Duke,6
399361,2090268,Juan Camilo Castillo,Captain Diego,7
399361,52946,Reynaldo Gallegos,Gabriel Martín Lorea,8
399361,2265065,Madeline 'Maddy' Wary,Tess Davis,9
258230,1523921,Lewis MacDougall,Conor,0
258230,10205,Sigourney Weaver,Grandma,1
258230,72855,Felicity Jones,Mum,2
258230,20286,Toby Kebbell,Dad,3
258230,1221445,Ben Moor,Mr. Clark,4
258230,1636927,James Melville,Harry,5
258230,1723696,Oliver Steer,Sully,6
258230,1723697,Dominic Boyle,Anton,7
258230,3208465,Jennifer Lim,Miss Kwan,8
258230,1636928,Max Gabbay,Steven,9
609681,60073,Brie Larson,Carol Danvers / Captain Marvel,0
609681,970219,Teyonah Parris,Monica Rambeau,1
609681,2798462,Iman Vellani,Kamala Khan / Ms. Marvel,2
609681,2231,Samuel L. Jackson,Nick Fury,3
609681,118034,Zawe Ashton,Dar-Benn,4
609681,480,Gary Lewis,Emperor Dro'ge,5
609681,1347525,Park Seo-jun,Prince Yan,6
609681,1809782,Zenobia Shroff,Muneeba Khan,7
609681,1014905,Mohan Kapur,Yusuf Khan,8
609681,2889306,Saagar Shaikh,Aamir Khan,9
458423,71070,Amanda Seyfried,Sophie,0
458423,1016168,Lily James,Young Donna,1
458423,517,Pierce Brosnan,Sam,2
458423,5472,Colin Firth,Harry,3
458423,1640,Stellan Skarsgård,Bill / Kurt,4
458423,11870,Christine Baranski,Tanya,5
458423,477,Julie Walters,Rosie,6
458423,1437582,Alexa Davies,Young Rosie,7
458423,1794448,Jessica Keenan Wynn,Young Tanya,8
458423,55470,Dominic Cooper,Sky,9
449563,221581,Rebel Wilson,Natalie,0
449563,96066,Liam Hemsworth,Blake,1
449563,212604,Adam Devine,Josh,2
449563,77234,Priyanka Chopra Jonas,Isabella,3
449563,92572,Betty Gilpin,Whitney,4
449563,1561268,Brandon Scott Jones,Donny,5
449563,192944,Tom Ellis,Dr. Todd,6
449563,12094,Jennifer Saunders,Natalie's Mother,7
449563,1638417,Jay Oakerson,Gary,8
449563,1475128,Michelle Buteau,Martina,9
906126,3301646,Enzo Vogrincic,Numa Turcatti,0
906126,1769529,Agustín Pardella,"Fernando ""Nando"" Parrado",1
906126,2446476,Matías Recalt,Roberto Canessa,2
906126,1086358,Esteban Bigliardi,Javier Methol,3
906126,1187534,Diego Vegezzi,Marcelo Pérez del Castillo,4
906126,1803969,Fernando Contigiani García,Arturo Nogueira,5
906126,3251453,Esteban Kukuriczka,"Adolfo ""Fito"" Strauch",6
906126,2348658,Francisco Romero,Daniel Fernández Strauch,7
906126,1350179,Rafael Federman,Eduardo Strauch,8
906126,1655736,Valentino Alonso,"Alfredo ""Pancho"" Delgado",9
401104,112561,Lily Collins,Ellen,0
401104,6384,Keanu Reeves,Dr. William Beckham,1
401104,7465,Carrie Preston,Susan,2
401104,3127,Lili Taylor,Judy,3
401104,136127,Alex Sharp,Luke,4
401104,60458,Liana Liberato,Kelly,5
401104,31649,Brooke Smith,Olive,6
401104,57451,Leslie Bibb,Megan,7
401104,220236,Kathryn Prescott,Anna,8
401104,144216,Ciara Bravo,Tracy,9
974576,5469,Ralph Fiennes,Lawrence,0
974576,2283,Stanley Tucci,Bellini,1
974576,12074,John Lithgow,Tremblay,2
974576,6588,Isabella Rossellini,Sister Agnes,3
974576,1240427,Lucian Msamati,Adeyemi,4
974576,3935515,Carlos Diehz,Benitez,5
974576,2166,Sergio Castellitto,Tedesco,6
974576,31713,Brían F. O'Byrne,O'Malley,7
974576,17817,Merab Ninidze,Sabbadin,8
974576,1052328,Thomas Loibl,Mandorff,9
443791,37917,Kristen Stewart,Norah Price,0
443791,1925,Vincent Cassel,Captain Lucien,1
443791,1639848,Mamoudou Athie,Rodrigo Nagenda,2
443791,51990,T.J. Miller,Paul Abel,3
443791,17487,John Gallagher Jr.,Liam Smith,4
443791,1202689,Jessica Henwick,Emily Haversham,5
443791,113231,Gunner Wright,Lee Miller,6
443791,1485985,Fiona Rene,Godmother,7
443791,1354657,Amanda Troop,Poseidon Patty,8
457799,29222,Zac Efron,Ted Bundy,0
457799,112561,Lily Collins,Liz Kendall,1
457799,115150,Kaya Scodelario,Carole Anne Boone,2
457799,52886,Jeffrey Donovan,Utah Defense Attorney John O'Connell,3
457799,85143,Angela Sarafyan,Joanna,4
457799,19152,Dylan Baker,Utah Prosecutor David Yocom,5
457799,49271,Brian Geraghty,Florida Public Defender Dan Dowd,6
457799,11067,Terry Kinney,Detective Mike Fisher,7
457799,9640,Haley Joel Osment,Liz's Co-Worker Jerry,8
457799,57637,James Hetfield,Officer Bob Hayward,9
173897,63,Milla Jovovich,Alice / Alicia Marcus,0
173897,20508,Iain Glen,Dr. Isaacs,1
173897,17303,Ali Larter,Claire Redfield,2
173897,81097,Shawn Roberts,Wesker,3
173897,111801,Eoin Macken,Doc,4
173897,30087,Fraser James,Razor,5
173897,1246972,Ruby Rose,Abigail,6
173897,972671,William Levy,Christian,7
173897,1699892,Rola,Cobalt,8
173897,1743933,Ever Anderson,Young Alicia / Red Queen,9
381289,54415,Josh Gad,Dogs: Bailey / Buddy / Tino / Ellie (voice),0
381289,1680339,KJ Apa,Teen Ethan,1
381289,52018,Britt Robertson,Teen Hannah,2
381289,928906,Juliet Rylance,Elizabeth - Ethan's Mom,3
381289,7002,Luke Kirby,Jim - Ethan's Dad,4
381289,40543,John Ortiz,Carlos,5
381289,1532312,Kirby Howell-Baptiste,Maya Williams,6
381289,87817,Pooch Hall,Al,7
381289,1668151,Bryce Gheisar,Ethan - 8 Years Old,8
381289,6065,Dennis Quaid,Adult Ethan,9
531309,2020904,Jackson A. Dunn,Brandon Breyer,0
531309,9281,Elizabeth Banks,Tori Breyer,1
531309,62562,David Denman,Kyle Breyer,2
531309,191202,Matt Jones,Noah McNichol,3
531309,449513,Meredith Hagner,Merilee McNichol,4
531309,1215392,Becky Wahlstrom,Erica,5
531309,1683095,Emmie Hunter,Caitlyn,6
531309,37937,Gregory Alan Williams,Sheriff Deever,7
531309,1832081,Annie Humphrey,Deputy Ayres,8
531309,1569986,Abraham Clinkscales,Royce,9
397837,1059597,Zoey Deutch,Samantha Kingston,0
397837,1480597,Kian Lawley,Rob Cokran,1
397837,934243,Halston Sage,Lindsay Edgecombe,2
397837,1278724,Elena Kampouris,Juliet Sykes,3
397837,3130,Jennifer Beals,Mrs. Kingston,4
397837,116088,Logan Miller,Kent McFuller,5
397837,1550779,Cynthy Wu,Ally Harris,6
397837,1560380,Erica Tremblay,Izzy Kingston,7
397837,1389383,Medalion Rahimi,Elody,8
397837,935201,Diego Boneta,Mr. Daimler,9
419478,98285,Bella Thorne,Katie Price,0
419478,1053422,Patrick Schwarzenegger,Charlie Reed,1
419478,71403,Rob Riggle,Jack Price,2
419478,429728,Quinn Shephard,Morgan,3
419478,158396,Ken Tremblett,Mark Reed,4
419478,1219536,Suleka Mathew,Dr. Paula Fleming,5
419478,188947,Jenn Griffin,Barb Reed,6
419478,1494865,Nicholas Coombe,Garver,7
419478,892734,Tiera Skovbye,Zoe Carmichael,8
419478,2582570,Norm Misura,Fred / Night Clerk,9
899082,10980,Daniel Radcliffe,Self,0
899082,10989,Rupert Grint,Self,1
899082,10990,Emma Watson,Self,2
899082,10991,Bonnie Wright,Self,3
899082,96841,Matthew Lewis,Self,4
899082,10993,Tom Felton,Self,5
899082,96851,James Phelps,Self,6
899082,140368,Oliver Phelps,Self,7
899082,140367,Evanna Lynch,Self,8
899082,1283,Helena Bonham Carter,Self,9
980489,2249745,Archie Madekwe,Jann Mardenborough,0
980489,35029,David Harbour,Jack Salter,1
980489,114,Orlando Bloom,Danny Moore,2
980489,938,Djimon Hounsou,Steve Mardenborough,3
980489,2000335,Darren Barnet,Matty Davis,4
980489,3791173,Maeve Courtier-Lilley,Audrey,5
980489,47987,Geri Halliwell-Horner,Lesley Mardenborough,6
980489,3361723,Daniel Puig,Coby Mardenborough,7
980489,1866384,Josha Stradowski,Nicholas Capa,8
980489,3491,Thomas Kretschmann,Patrice Capa,9
433808,28847,Rafe Spall,Luke,0
433808,814200,Arsher Ali,Phil,1
433808,224193,Robert James-Collier,Hutch,2
433808,5421,Sam Troughton,Dom,3
433808,1373165,Paul Reid,Robert,4
433808,1584566,Matthew Needham,Junkie,5
433808,1805068,Jacob James Beswick,Fiend,6
433808,234102,Maria Erwolter,The Host,7
433808,1989204,Hilary Reeves,The Curate,8
433808,1989205,Peter Liddell,The Logger,9
762441,1267329,Lupita Nyong'o,Samira,0
762441,1597365,Joseph Quinn,Eric,1
762441,934281,Alex Wolff,Reuben,2
762441,938,Djimon Hounsou,Henri,3
762441,1847948,Eliane Umuhire,Zena,4
762441,4821276,Takunda Khumalo,Osahar,5
762441,2871745,Alfie Todd,Max,6
762441,4821279,Avy-Berry Worrall,Young Sister,7
762441,1243864,Ronnie Le Drew,Marvin Monroe,8
762441,3839399,Benjamin Wong,Cashier,9
455980,27105,Ed Helms,Hogan 'Hoagie' Malloy,0
455980,65717,Jon Hamm,Bob Callahan,1
455980,17604,Jeremy Renner,Jerry Pierce,2
455980,543505,Jake Johnson,Randy 'Chilli' Cilliano,3
455980,500427,Hannibal Buress,Kevin Sable,4
455980,82809,Annabelle Wallis,Rebecca Crosby,5
455980,52848,Isla Fisher,Anna Malloy,6
455980,80591,Rashida Jones,Cheryl Deakins,7
455980,57451,Leslie Bibb,Susan Rollins,8
455980,2073126,Maxwell Ross,Teen Jerry,9
674324,72466,Colin Farrell,Pádraic Súilleabháin,0
674324,2039,Brendan Gleeson,Colm Doherty,1
674324,62105,Kerry Condon,Siobhán Súilleabháin,2
674324,1290466,Barry Keoghan,Dominic Kearney,3
674324,93209,Gary Lydon,Peadar Kearney,4
674324,83278,Pat Shortt,Jonjo Devine,5
674324,1597386,Sheila Flitton,Mrs. McCormick,6
674324,1907071,Bríd Ní Neachtain,Mrs. O'Riordan,7
674324,37169,Jon Kenny,Gerry,8
674324,210061,Aaron Monaghan,Declan,9
400650,5081,Emily Blunt,Mary Poppins,0
400650,1179651,Lin-Manuel Miranda,Jack,1
400650,17064,Ben Whishaw,Michael Banks,2
400650,1246,Emily Mortimer,Jane Banks,3
400650,1181403,Pixie Davies,Annabel,4
400650,1759999,Nathanael Saleh,John,5
400650,1760000,Joel Dawson,Georgie,6
400650,477,Julie Walters,Ellen,7
400650,5064,Meryl Streep,Cousin Topsy,8
400650,5472,Colin Firth,Wilkins / Wolf (voice),9
644495,237405,Lady Gaga,Patrizia Reggiani,0
644495,1023139,Adam Driver,Maurizio Gucci,1
644495,1158,Al Pacino,Aldo Gucci,2
644495,16940,Jeremy Irons,Rodolfo Gucci,3
644495,7499,Jared Leto,Paolo Gucci,4
644495,54738,Jack Huston,Domenico De Sole,5
644495,3136,Salma Hayek Pinault,Pina Auriemma,6
644495,124682,Alexia Murray,Silvana Reggiani,7
644495,26669,Vincent Riotta,Fernando Reggiani,8
644495,35103,Gaetano Bruno,Franco,9
449443,17276,Gerard Butler,'Big Nick' O'Brien,0
449443,59254,Pablo Schreiber,Ray Merrimen,1
449443,1371398,O'Shea Jackson Jr.,Donnie Wilson,2
449443,62644,50 Cent,Enson Levoux,3
449443,956385,Meadow Williams,Holly,4
449443,48530,Maurice Compte,Benny 'Borracho' Magalon,5
449443,12792,Brian Van Holt,Murph Connors,6
449443,333,Evan Jones,Bo 'Bosco' Ostroman,7
449443,59014,Mo McRae,Gus Henderson,8
449443,968742,Kaiwi Lyman,'Tony Z' Zapata,9
353616,84223,Anna Kendrick,Beca Mitchell,0
353616,221581,Rebel Wilson,"Patricia ""Fat Amy"" Hobart",1
353616,29221,Brittany Snow,Chloe Beale,2
353616,130640,Hailee Steinfeld,Emily Junk,3
353616,9281,Elizabeth Banks,Gail,4
353616,221098,Anna Camp,Aubrey Posen,5
353616,999790,Alexis Knapp,Stacie Conrad,6
353616,1246972,Ruby Rose,Calamity,7
353616,1072572,Ester Dean,Cynthia-Rose Adams,8
353616,1107297,Hana Mae Lee,Lilly Onakurama,9
157433,76512,Jason Clarke,Louis Creed,0
157433,139150,Amy Seimetz,Rachel Creed,1
157433,12074,John Lithgow,Jud Crandall,2
157433,1853972,Jeté Laurence,Ellie Creed,3
157433,2143772,Hugo Lavoie,Gage Creed,4
157433,2143771,Lucas Lavoie,Gage Creed,5
157433,2143870,Obssa Ahmed,Victor Pascow,6
157433,2389942,Sonia Maria Chirila,Young Rachel,7
157433,2143871,Alyssa Brooke Levine,Zelda Goldman,8
157433,188983,Maria Herrera,Marcella,9
913290,1335315,Georgina Campbell,Tess,0
913290,15033,Justin Long,AJ,1
913290,137905,Bill Skarsgård,Keith,2
913290,3901,Richard Brake,Frank,3
913290,1446860,Matthew Patrick Davis,The Mother,4
913290,74225,Jaymes Butler,Andre,5
913290,1059412,Kurt Braunohler,Doug,6
913290,3340764,Sophie Sörensen,Bonnie,7
913290,3646608,Rachel Fowler,Meg,8
913290,1453290,JR Esposito,Jeff,9
501929,1325731,Abbi Jacobson,Katie / Dog Cop (voice),0
501929,62862,Danny McBride,Rick (voice),1
501929,52792,Maya Rudolph,Linda (voice),2
501929,1647289,Mike Rianda,Aaron / Furbies / Talking Dog / Wifi Enthusiast (voice),3
501929,934159,Eric André,Mark (voice),4
501929,39187,Olivia Colman,PAL (voice),5
501929,61110,Fred Armisen,Deborahbot 5000 (voice),6
501929,1180696,Beck Bennett,Eric / PAL Max Robots (voice),7
501929,1238247,Chrissy Teigen,Hailey Posey (voice),8
501929,113461,John Legend,Jim Posey (voice),9
597208,51329,Bradley Cooper,Stanton Carlisle,0
597208,112,Cate Blanchett,Dr. Lilith Ritter,1
597208,3051,Toni Collette,Zeena the Seer,2
597208,5293,Willem Dafoe,Clem Hoatley,3
597208,28633,Richard Jenkins,Ezra Grindle,4
597208,108916,Rooney Mara,Molly Cahill,5
597208,2372,Ron Perlman,Bruno,6
597208,2453,Mary Steenburgen,Mrs. Kimball,7
597208,11064,David Strathairn,Pete,8
597208,154785,Mark Povinelli,The Major,9
393519,1144473,Garance Marillier,Justine,0
393519,1438688,Ella Rumpf,Alexia,1
393519,69197,Rabah Nait Oufella,Adrien,2
393519,18178,Laurent Lucas,Father,3
393519,23392,Joana Preiss,Mother,4
393519,47822,Bouli Lanners,Truck Driver,5
393519,24560,Marion Vernoux,Nurse,6
393519,1638614,Thomas Mustin,BDE Chef,7
393519,1770568,Marouan Iddoub,Haze Refectory,8
393519,1487313,Jean-Louis Sbille,Professor Evaluations,9
462919,1753911,Shannon Purser,Sierra Burgess,0
462919,1633001,Kristine Froseth,Veronica,1
462919,1394670,RJ Cyler,Dan,2
462919,1253353,Noah Centineo,Jamey,3
462919,18284,Loretta Devine,Ms. Thomson,4
462919,1655001,Chrissy Metz,Veronica's Mom,5
462919,1909343,Giorgia Whigham,Chrissy,6
462919,1291351,Mario Revolori,Rishi,7
462919,1517252,Alice Lee,Mackenzie,8
462919,1063,Lea Thompson,Mrs. Burgess,9
915935,7152,Sandra Hüller,Sandra Voyter,0
915935,145120,Swann Arlaud,Maître Vincent Renzi,1
915935,3302971,Milo Machado-Graner,Daniel,2
915935,1795152,Antoine Reinartz,Advocate General,3
915935,1312061,Samuel Theis,Samuel Maleski,4
915935,1029285,Jehnny Beth,Marge Berger,5
915935,1613123,Saadia Bentaïeb,Maître Nour Boudaoud,6
915935,1033745,Camille Rutherford,Zoé Solidor,7
915935,2670733,Anne Rotger,President of the Court,8
915935,233491,Sophie Fillières,Monica,9
581734,3910,Frances McDormand,Fern,0
581734,11064,David Strathairn,Dave,1
581734,2241214,Linda May,Linda,2
581734,2776341,Swankie,Swankie,3
581734,2786070,Gay DeForest,Gay,4
581734,2786072,Patricia Grier,Patty,5
581734,2786074,Angela Reyes,Angela,6
581734,2786076,Carl R. Hughes,Carl,7
581734,2786077,Douglas G. Soul,Doug,8
581734,2786078,Ryan Aquino,Ryan,9
511987,115150,Kaya Scodelario,Haley,0
511987,12834,Barry Pepper,Dave,1
511987,1321628,Morfydd Clark,Beth,2
511987,1374534,Ross Anderson,Wayne,3
511987,2486147,Jose Palma,Pete,4
511987,1667351,George Somner,Marv,5
511987,2430575,Anson Boon,Stan,6
511987,1473990,Ami Metcalf,Lee,7
511987,2430576,Tina Pribićević,Young Haley,8
511987,2430577,Srna Vasiljević,Louie,9
573435,2888,Will Smith,Mike Lowrey,0
573435,78029,Martin Lawrence,Marcus Burnett,1
573435,67599,Vanessa Hudgens,Kelly,2
573435,23498,Alexander Ludwig,Dorn,3
573435,544442,Paola Nuñez,Rita,4
573435,58115,Eric Dane,McGrath,5
573435,65524,Ioan Gruffudd,Lockwood,6
573435,2256312,Jacob Scipio,Armando,7
573435,1399166,Melanie Liburd,Christine,8
573435,74610,Tasha Smith,Theresa,9
939243,222121,Ben Schwartz,Sonic (voice),0
939243,206,Jim Carrey,Ivo Robotnik / Gerald Robotnik,1
939243,6384,Keanu Reeves,Shadow (voice),2
939243,17605,Idris Elba,Knuckles (voice),3
939243,1212864,Colleen O'Shaughnessey,Tails (voice),4
939243,11006,James Marsden,Tom,5
939243,110742,Tika Sumpter,Maddie,6
939243,208677,Lee Majdoub,Agent Stone,7
939243,78080,Krysten Ritter,Director Rockwell,8
939243,115974,Adam Pally,Wade,9
555604,3061,Ewan McGregor,Cricket (voice),0
555604,11180,David Bradley,Geppetto (voice),1
555604,2099810,Gregory Mann,Pinocchio / Carlo (voice),2
555604,39659,Burn Gorman,Priest (voice),3
555604,2372,Ron Perlman,Podesta (voice),4
555604,1241,John Turturro,Dottore (voice),5
555604,1442069,Finn Wolfhard,Candlewick (voice),6
555604,112,Cate Blanchett,Spazzatura (voice),7
555604,1462,Tim Blake Nelson,Black Rabbits (voice),8
555604,27319,Christoph Waltz,Count Volpe (voice),9
516486,31,Tom Hanks,Commander Krause,0
516486,1115,Stephen Graham,Charlie Cole,1
516486,1281250,Rob Morgan,Cleveland,2
516486,1279814,Josh Wiggins,Talker #1,3
516486,1626604,Tom Brittney,Lt. Watson,4
516486,1951,Elisabeth Shue,Evelyn,5
516486,1560340,Will Pullen,Talker #3,6
516486,1168097,Manuel Garcia-Rulfo,Lopez,7
516486,1327613,Karl Glusman,Eppstein,8
516486,1421688,Chet Hanks,Bushnell,9
180863,3061,Ewan McGregor,Renton,0
180863,9012,Jonny Lee Miller,Simon,1
180863,1125,Ewen Bremner,Spud,2
180863,18023,Robert Carlyle,Begbie / Begbie's Father,3
180863,1102609,Anjela Nedyalkova,Veronika,4
180863,1834,Shirley Henderson,Gail,5
180863,9015,Kelly Macdonald,Diane,6
180863,3073,Pauline Turner,June,7
180863,1757668,Scot Greenan,Frank Junior,8
180863,2467,James Cosmo,Renton's Father,9
556984,37632,Eddie Redmayne,Tom Hayden,0
556984,6730,Sacha Baron Cohen,Abbie Hoffman,1
556984,40900,Mark Rylance,William Kunstler,2
556984,24045,Joseph Gordon-Levitt,Richard Schultz,3
556984,8924,Frank Langella,Judge Julius Hoffman,4
556984,239271,Jeremy Strong,Jerry Rubin,5
556984,3911,John Carroll Lynch,David Dellinger,6
556984,1639847,Yahya Abdul-Mateen II,Bobby Seale,7
556984,136127,Alex Sharp,Rennie Davis,8
556984,1526764,Noah Robbins,Lee Weiner,9
1064213,1640439,Mikey Madison,Ani,0
1064213,3051936,Mark Eydelshteyn,Ivan,1
1064213,1266686,Yura Borisov,Igor,2
1064213,966306,Karren Karagulian,Toros,3
1064213,4338956,Vache Tovmasyan,Garnik,4
1064213,4670423,Luna Sofía Miranda,Lulu,5
1064213,2353434,Lindsey Normington,Diamond,6
1064213,1163599,Darya Ekamasova,Galina Zakharov,7
1064213,113332,Aleksey Serebryakov,Nikolai Zakharov,8
1064213,4937028,Anton Bitter,Tom,9
1084242,417,Ginnifer Goodwin,Judy Hopps (voice),0
1084242,23532,Jason Bateman,Nick Wilde (voice),1
1084242,690,Ke Huy Quan,Gary De'Snake (voice),2
1084242,1183672,Fortune Feimster,Nibbles Maplestick (voice),3
1084242,62861,Andy Samberg,Pawbert Lynxley (voice),4
1084242,11064,David Strathairn,Milton Lynxley (voice),5
1084242,17605,Idris Elba,Chief Bogo (voice),6
1084242,446511,Shakira,Gazelle (voice),7
1084242,9657,Patrick Warburton,Mayor Winddancer (voice),8
1084242,1745988,Quinta Brunson,Dr. Fuzzby (voice),9
940721,225730,Ryunosuke Kamiki,Koichi Shikishima,0
940721,1516266,Minami Hamabe,Noriko Oishi,1
940721,1161474,Yuki Yamada,Shiro Mizushima,2
940721,111640,Munetaka Aoki,Sosaku Tachibana,3
940721,111691,Hidetaka Yoshioka,Kenji Noda,4
940721,100766,Sakura Ando,Sumiko Ota,5
940721,121716,Kuranosuke Sasaki,Yoji Akitsu,6
940721,4389435,Sae Nagatani,Akiko,7
940721,2430993,Miou Tanaka,Captain Tatsuo Hotta,8
940721,552538,Yuya Endo,Tadayuki Saito,9
726209,1204,Julia Roberts,Amanda Sandford,0
726209,569,Ethan Hawke,Clay Sandford,1
726209,932967,Mahershala Ali,G.H. Scott,2
726209,2673750,Myha'la,Ruth Scott,3
726209,1548301,Farrah Mackenzie,Rose Sandford,4
726209,3603348,Charlie Evans,Archie Sandford,5
726209,4724,Kevin Bacon,Danny,6
726209,143235,Vanessa Aspillaga,Salvadora,7
726209,3622625,Orli Gottesman,Taylor,8
726209,2676858,Alexis Rae Forlenza,Danny's Daughter,9
412117,10872,Patton Oswalt,Max (voice),0
412117,55638,Kevin Hart,Snowball (voice),1
412117,156962,Eric Stonestreet,Duke (voice),2
412117,213001,Jenny Slate,Gidget (voice),3
412117,1230868,Tiffany Haddish,Daisy (voice),4
412117,25703,Lake Bell,Chloe (voice),5
412117,208519,Nick Kroll,Sergei (voice),6
412117,56159,Dana Carvey,Pops (voice),7
412117,475512,Ellie Kemper,Katie (voice),8
412117,3,Harrison Ford,Rooster (voice),9
447277,1735828,Halle Bailey,Ariel,0
447277,1599391,Jonah Hauer-King,Eric,1
447277,55536,Melissa McCarthy,Ursula,2
447277,3810,Javier Bardem,King Triton,3
447277,517103,Noma Dumezweni,The Queen,4
447277,10672,Art Malik,Sir Grimsby,5
447277,1652371,Daveed Diggs,Sebastian (voice),6
447277,1277188,Jacob Tremblay,Flounder (voice),7
447277,1625558,Awkwafina,Scuttle (voice),8
447277,2600509,Jessica Alexander,Vanessa,9
822119,53650,Anthony Mackie,Sam Wilson / Captain America,0
822119,3,Harrison Ford,President Thaddeus Ross,1
822119,1773397,Danny Ramirez,Joaquin Torres,2
822119,1394332,Shira Haas,Ruth Bat-Seraph,3
822119,1462,Tim Blake Nelson,Samuel Sterns,4
822119,29382,Carl Lumbly,Isaiah Bradley,5
822119,4808,Giancarlo Esposito,Sidewinder,6
822119,882,Liv Tyler,Betty Ross,7
822119,109565,Xosha Roquemore,Leila Taylor,8
822119,238164,Jóhannes Haukur Jóhannesson,Copperhead,9
68730,37625,Andrew Garfield,Rodrigues,0
68730,1023139,Adam Driver,Garupe,1
68730,3896,Liam Neeson,Ferreira,2
68730,13275,Tadanobu Asano,Interpreter,3
68730,8785,Ciarán Hinds,Father Valignano,4
68730,143037,Issey Ogata,Old Samurai / Inoue,5
68730,58608,Shinya Tsukamoto,Mokichi,6
68730,21663,Yoshi Oida,Ichizo,7
68730,84755,Yosuke Kubozuka,Kichijiro,8
68730,1572085,Kaoru Endō,Unzen Samurai (Uneme),9
259694,118545,Dakota Johnson,Alice Kepley,0
259694,221581,Rebel Wilson,Robin,1
259694,41087,Leslie Mann,Meg,2
259694,88029,Alison Brie,Lucy,3
259694,87822,Damon Wayans Jr.,David,4
259694,521563,Anders Holm,Tom,5
259694,85139,Nicholas Braun,Josh,6
259694,496470,Jake Lacy,Ken,7
259694,111683,Jason Mantzoukas,George,8
259694,1226277,Colin Jost,Paul,9
378236,51990,T.J. Miller,Gene (voice),0
378236,55466,James Corden,Hi-5 (voice),1
378236,1772,Anna Faris,Jailbreak (voice),2
378236,52792,Maya Rudolph,Smiler (voice),3
378236,3214,Steven Wright,Mel Meh (voice),4
378236,38334,Jennifer Coolidge,Mary Meh (voice),5
378236,60255,Jake T. Austin,Alex (voice),6
378236,53397,Christina Aguilera,Akiko Glitter (voice),7
378236,63522,Sofía Vergara,Flamenco Dancer (voice),8
378236,2387,Patrick Stewart,Poop (voice),9
818647,3247402,Clara Galle,Raquel,0
818647,2367724,Julio Peña,Ares Hidalgo,1
818647,2896666,Guillermo Lasheras,Yoshi,2
818647,3247405,Natalia Azahara,Daniela,3
818647,119969,Hugo Arbues,Apolo Hidalgo,4
818647,2587055,Eric Masip,Artemis Hidalgo,5
818647,138701,Pilar Castro,Tere,6
818647,133525,Abel Folk,Juan Hildago,7
818647,28513,Rachel Lascar,Sofía Hidalgo,8
818647,3247408,Emilia Lazo,Claudia,9
635744,50398,Devon Sawa,Ronan Jackson,0
635744,2270610,Yael Eitan,Neta Lurie,1
635744,68535,Nicholas Aaron,Benedetti,2
635744,29068,Ben Cross,USMC General Betz,3
635744,17341,Amaury Nolasco,Sergeant Dave Flores,4
635744,418,Robert Patrick,Senator Jackson,5
635744,1200545,Tsahi Halevi,sgt. Razor,6
635744,1352602,Shanti Ashanti,Avigail,7
635744,1583044,Jeff Pierre,Sgt. Johnson,8
635744,1158423,Udi Razzin,Major General north command,9
519182,4495,Steve Carell,Gru (voice),0
519182,41091,Kristen Wiig,Lucy (voice),1
519182,23659,Will Ferrell,Maxime (voice),2
519182,63522,Sofía Vergara,Valentina (voice),3
519182,17743,Miranda Cosgrove,Margo (voice),4
519182,124750,Dana Gaier Ellis,Edith (voice),5
519182,4505121,Madison Polan,Agnes (voice),6
519182,124747,Pierre Coffin,Minions (voice),7
519182,124748,Chris Renaud,Principal Übelschlecht (voice),8
519182,4581,Steve Coogan,Silas (voice),9
1275779,5081,Emily Blunt,Margaret Fairchild,0
1275779,1206334,Josh O'Connor,Dr. Daniel Kellner,1
1275779,5472,Colin Firth,Noah Scanlon,2
1275779,933271,Eve Hewson,Jane Blakenship,3
1275779,91671,Colman Domingo,Hugo Wakefield,4
1275779,986808,Wyatt Russell,Jackson,5
1275779,513677,Henry Lloyd-Hughes,Casper Boyd,6
1275779,126713,Elizabeth Marvel,Sister Maura,7
1275779,1218184,Hettienne Park,Serena,8
1275779,2088733,Tommy Martinez,Santiago,9
543540,1253353,Noah Centineo,Brooks Rattigan,0
543540,54722,Laura Marano,Celia Lieberman,1
543540,1814288,Odiseas Georgiadis,Murph,2
543540,1721740,Camila Mendes,Shelby Pace,3
543540,59841,Matt Walsh,Charlie Rattigan,4
543540,141762,Joe Chrest,Jerry Lieberman,5
543540,1158068,Carrie Lazar,Lillian Lieberman,6
543540,1347285,Alexander Biglane,Tuna Melt on Seven Grain,7
543540,1651966,Blaine Kern III,Franklin Volley,8
543540,1903427,Zak Steiner,Reece,9
882569,131,Jake Gyllenhaal,Master Sergeant John Kinley,0
882569,234907,Dar Salim,Ahmed,1
882569,2380399,Sean Sagar,Charlie 'Jizzy' Crow,2
882569,1033691,Jason Wong,Joshua 'JJ' Jung,3
882569,1896053,Rhys Yates,Tom 'Tom Cat' Hancock,4
882569,1583358,Christian Ochoa Lavernia,Eduardo 'Chow Chow' Lopez,5
882569,1523242,Bobby Schofield,Steve Kersher,6
882569,130414,Emily Beecham,Caroline Kinley,7
882569,9012,Jonny Lee Miller,Colonel Vokes,8
882569,23498,Alexander Ludwig,Sergeant Declan O'Brady,9
934433,1373659,Melissa Barrera,Sam Carpenter,0
934433,974169,Jenna Ortega,Tara Carpenter,1
934433,1508653,Jasmin Savoy Brown,Mindy Meeks-Martin,2
934433,2174509,Mason Gooding,Chad Meeks-Martin,3
934433,1895760,Jack Champion,Ethan Landry,4
934433,51957,Roger L. Jackson,'The Voice' (voice),5
934433,60458,Liana Liberato,Quinn Bailey,6
934433,20212,Dermot Mulroney,Detective Bailey,7
934433,1352921,Devyn Nekoda,Anika Kayoko,8
934433,426216,Josh Segarra,Danny Brackett,9
415842,527393,Dylan O'Brien,Mitch Rapp,0
415842,2232,Michael Keaton,Stan Hurley,1
415842,60900,Taylor Kitsch,'Ghost',2
415842,1797771,Shiva Negar,Annika,3
415842,5411,Sanaa Lathan,Irene Kennedy,4
415842,78110,Scott Adkins,Victor,5
415842,20277,David Suchet,Director Stansfield,6
415842,103330,Navid Negahban,Minister Behurz,7
415842,27649,Joseph Long,General Rostami,8
415842,1262750,Charlotte Vega,Katrina,9
917496,2232,Michael Keaton,Beetlejuice,0
917496,1920,Winona Ryder,Lydia,1
917496,11514,Catherine O'Hara,Delia,2
917496,974169,Jenna Ortega,Astrid,3
917496,15009,Justin Theroux,Rory,4
917496,5293,Willem Dafoe,Jackson,5
917496,28782,Monica Bellucci,Delores,6
917496,3706720,Arthur Conti,Jeremy,7
917496,1233264,Nick Kellington,Bob - Shrinker,8
917496,34065,Santiago Cabrera,Richard,9
1083381,5294,Chiwetel Ejiofor,Clark,0
1083381,1576786,Renate Reinsve,Mary,1
1083381,1512452,Finn Bennett,Bobby,2
1083381,1709431,Lukita Maxwell,Kat,3
1083381,45407,Mark Duplass,Phil,4
1083381,212934,Avan Jogia,Naren Warne,5
1083381,4848549,Robert Bobroczkyi,Pirate Clark,6
1083381,5725467,Ember Ambrose,Young Mary,7
1083381,72482,Krista Kosonen,Nora,8
1083381,64670,Philip Granger,Meterman,9
491418,13240,Mark Wahlberg,Pete Wagner,0
491418,9827,Rose Byrne,Ellie Wagner,1
491418,1303090,Allyn Rachel,Kim,2
491418,1428070,Isabela Merced,Elizabeth “Lizzy” Viara,3
491418,14415,Julie Hagerty,Jan,4
491418,220088,Tig Notaro,Sharon,5
491418,6944,Octavia Spencer,Karen,6
491418,1172381,Gustavo Escobar,Juan Viara,7
491418,452,Margo Martindale,Sandy  Wagner,8
491418,2000657,Julianna Gamiz,Lita Viara,9
950387,117642,Jason Momoa,Garrett,0
950387,70851,Jack Black,Steve,1
950387,2680307,Sebastian Eugene Hansen,Henry,2
950387,2604515,Emma Myers,Natalie,3
950387,1075037,Danielle Brooks,Dawn,4
950387,38334,Jennifer Coolidge,Vice Principal Marlene,5
950387,15298,Rachel House,Malgosha (voice),6
950387,1207281,Allan Henry,Malgosha (Creature Performer),7
950387,5345339,Bram Scott-Breheny,Young Steve,8
950387,5345340,Moana Williams,Young Garrett,9
1241982,1564846,Auliʻi Cravalho,Moana (voice),0
1241982,18918,Dwayne Johnson,Maui (voice),1
1241982,4775908,Hualālai Chung,Moni (voice),2
1241982,1868823,Rose Matafeo,Loto (voice),3
1241982,55937,David Fane,Kele (voice),4
1241982,3819173,Awhimai Fraser,Matangi (voice),5
1241982,4775906,Khaleesi Lambert-Tsuda,Simea (voice),6
1241982,7242,Temuera Morrison,Chief Tui (voice),7
1241982,151246,Nicole Scherzinger,Sina (voice),8
1241982,15298,Rachel House,Gramma Tala (voice),9
406563,7401,Lin Shaye,Elise Rainier,0
406563,2128,Leigh Whannell,Specs,1
406563,59117,Angus Sampson,Tucker,2
406563,55861,Kirk Acevedo,Ted Garza,3
406563,1069630,Caitlin Gerard,Imogen Rainier,4
406563,57192,Spencer Locke,Melissa Rainier,5
406563,40039,Josh Stewart,Gerald Rainier,6
406563,1096077,Tessa Ferrer,Audrey Rainier,7
406563,1947163,Aleque Reid,Anna,8
406563,1508532,Ava Kolker,Elise Rainier (young),9
758323,934,Russell Crowe,Father Gabriele Amorth,0
758323,1172147,Daniel Zovatto,Father Esquibel,1
758323,210454,Alex Essoe,Julia,2
758323,4041888,Peter DeSouza-Feighoney,Henry,3
758323,202032,Ralph Ineson,Asmodeus (voice),4
758323,2850009,Laurel Marsden,Amy,5
758323,22383,Franco Nero,The Pope,6
758323,3361260,Ryan O'Grady,Cardinal Sullivan,7
758323,3294934,Bianca Bardoe,Rosaria,8
758323,3964075,Carrie Munro,Adella,9
525661,6885,Charlize Theron,Megyn Kelly,0
525661,234352,Margot Robbie,Kayla Pospisil,1
525661,2227,Nicole Kidman,Gretchen Carlson,2
525661,12074,John Lithgow,Roger Ailes,3
525661,19,Allison Janney,Susan Estrich,4
525661,56890,Malcolm McDowell,Rupert Murdoch,5
525661,1240487,Kate McKinnon,Jess Carr,6
525661,86310,Connie Britton,Beth Ailes,7
525661,1604285,Liv Hewson,Lily Balin,8
525661,1637781,Jack Haven,Julia Clarke,9
503314,90496,Masako Nozawa,Son Goku / Son Goten / Bardock (voice),0
503314,124478,Aya Hisakawa,Bulma (voice),1
503314,122501,Ryo Horikawa,Vegeta (voice),2
503314,85286,Toshio Furukawa,Piccolo (voice),3
503314,1686,Takeshi Kusao,Trunks (voice),4
503314,115305,Ryusei Nakao,Frieza (voice),5
503314,20664,Koichi Yamadera,Beerus (voice),6
503314,78402,Masakazu Morita,Whis (voice),7
503314,126690,Ryuuzaburou Ootomo,Shenron (voice),8
503314,554432,Katsuhisa Houki,Paragus (voice),9
753342,73421,Joaquin Phoenix,Napoleon Bonaparte,0
753342,556356,Vanessa Kirby,Josephine Bonaparte,1
753342,81051,Tahar Rahim,Paul Barras,2
753342,4757,Rupert Everett,Duke of Wellington,3
753342,1231402,Mark Bonnar,Junot,4
753342,80365,Paul Rhys,Talleyrand,5
753342,11280,Ben Miles,Caulaincourt,6
753342,2599915,Riana Duce,Lucille,7
753342,1700994,Edouard Philipponnat,Tsar Alexander,8
753342,221857,Miles Jupp,Emperor Francis I,9
565770,1185997,Xolo Maridueña,Jaime Reyes / Blue Beetle,0
565770,1622590,Bruna Marquezine,Jenny Kord,1
565770,4038,Susan Sarandon,Victoria Kord,2
565770,17688,Raoul Max Trujillo,Carapax,3
565770,2381442,Belissa Escobedo,Milagros Reyes,4
565770,7370,Damián Alcázar,Alberto Reyes,5
565770,1102,Elpidia Carrillo,Rocío Reyes,6
565770,41798,George López,Rudy Reyes,7
565770,270,Adriana Barraza,Nana Reyes,8
565770,1529446,Becky G,Khaji-Da (voice),9
429351,74568,Chris Hemsworth,Mitch Nelson,0
429351,335,Michael Shannon,Hal Spencer,1
429351,454,Michael Peña,Sam Diller,2
429351,103330,Navid Negahban,General Dostum,3
429351,1650301,Trevante Rhodes,Ben Milo,4
429351,22128,Geoff Stults,Sean Coffers,5
429351,60076,Thad Luckinbill,Vern Michaels,6
429351,970216,Austin Stowell,Fred Falls,7
429351,1394235,Ben O'Toole,Scott Black,8
429351,1292258,Jack Kesy,Charles Jones,9
567748,131,Jake Gyllenhaal,Joe Baylor,0
567748,569,Ethan Hawke,Sgt. Bill Miller (voice),1
567748,98522,Riley Keough,Emily Lighton (voice),2
567748,133,Peter Sarsgaard,Henry Fisher (voice),3
567748,61904,Christina Vidal Mitchell,Sgt. Denise Wade,4
567748,17142,Paul Dano,Matthew Fontenot (voice),5
567748,1181358,Eli Goree,Rick (voice),6
567748,1180099,Da'Vine Joy Randolph,CHP Dispatcher (voice),7
567748,1450392,David Castañeda,Tim Gerachi,8
567748,94432,Adrian Martinez,Manny,9
429200,11288,Robert Pattinson,Connie Nikas,0
429200,227564,Benny Safdie,Nick Nikas,1
429200,1425799,Buddy Duress,Ray,2
429200,1823853,Taliah Webster,Crystal,3
429200,10431,Jennifer Jason Leigh,Corey Ellman,4
429200,1261694,Barkhad Abdi,Dash the Park Security Guard,5
429200,1425800,Necro,Caliph,6
429200,1879644,Peter Verby,Peter the Psychiatrist,7
429200,1879645,Saida Mansoor,Agapia Nikas,8
429200,1879646,Gladys Mathon,Annie,9
402431,1765068,Cynthia Erivo,Elphaba,0
402431,226001,Ariana Grande,Galinda / Glinda,1
402431,1620,Michelle Yeoh,Madame Morrible,2
402431,80860,Jonathan Bailey,Fiyero,3
402431,2271410,Ethan Slater,Boq,4
402431,3102321,Marissa Bode,Nessarose,5
402431,4785,Jeff Goldblum,The Wonderful Wizard of Oz,6
402431,22970,Peter Dinklage,Dr. Dillamond (voice),7
402431,22810,Andy Nyman,Governor Thropp,8
402431,4824375,Courtney-Mae Briggs,Mrs. Thropp,9
438799,1607522,Jovan Adepo,Boyce,0
438799,986808,Wyatt Russell,Ford,1
438799,90060,Pilou Asbæk,Wafner,2
438799,1700784,Mathilde Ollivier,Chloe,3
438799,37154,John Magaro,Tibbet,4
438799,956764,Iain De Caestecker,Chase,5
438799,964792,Jacob Anderson,Dawson,6
438799,515313,Dominic Applewhite,Rosenfeld,7
438799,2188351,Gianny Taufer,Paul,8
438799,1597365,Joseph Quinn,Grunauer,9
359410,131,Jake Gyllenhaal,Dalton,0
359410,1199115,Conor McGregor,Knox,1
359410,141034,Billy Magnussen,Ben Brandt,2
359410,74290,Travis Van Winkle,Dex,3
359410,2000335,Darren Barnet,Sam,4
359410,1784612,Daniela Melchior,Ellie,5
359410,1394648,Jessica Williams,Frankie,6
359410,22462,Joaquim de Almeida,Sheriff,7
359410,3647727,Hannah Love Lanier,Charlie,8
359410,81391,J. D. Pardo,Dell,9
551332,378,Jonathan Pryce,Jorge Bergoglio / Pope Francis,0
551332,4173,Anthony Hopkins,Joseph Ratzinger / Pope Benedict XVI,1
551332,140538,Juan Minujín,Young Jorge Bergoglio,2
551332,127248,Luis Gnecco,Cardinal Hummes,3
551332,1028517,Cristina Banegas,Lisabetta,4
551332,1051298,María Ucedo,Esther Ballestrine,5
551332,14149,Renato Scarpa,Camerlengo,6
551332,1657797,Sidney Cole,Cardinal Turkson,7
551332,651165,Achille Brugnini,Cardinal Martini,8
551332,129069,Federico Torre,Protodeacon Estevez,9
1072790,115440,Sydney Sweeney,Bea,0
1072790,83271,Glen Powell,Ben,1
1072790,3085680,Mia Artemis,Barista,2
1072790,2728596,Nat Buchanan,Miranda Clerk,3
1072790,2495673,GaTa,Pete,4
1072790,1253199,Alexandra Shipp,Claudia,5
1072790,2311924,Hadley Robinson,Halle,6
1072790,20212,Dermot Mulroney,Leo,7
1072790,3052,Rachel Griffiths,Innie,8
1072790,3864503,Deborah Faye Lee,Flight Attendant,9
375588,1303037,Taron Egerton,Robin of Loxley,0
375588,134,Jamie Foxx,Yahya / John,1
375588,77335,Ben Mendelsohn,Sheriff of Nottingham,2
375588,933271,Eve Hewson,Marian,3
375588,1254583,Jamie Dornan,Will Scarlet,4
375588,89564,Tim Minchin,Friar Tuck,5
375588,220448,Paul Anderson,Guy of Gisbourne,6
375588,1164,F. Murray Abraham,Cardinal,7
375588,208467,Ian Peck,Arch Deacon,8
375588,956903,Cornelius Booth,Lord Pembroke,9
458897,37917,Kristen Stewart,Sabina Wilson,0
458897,240724,Naomi Scott,Elena Houghlin,1
458897,2092879,Ella Balinska,Jane Kano,2
458897,9281,Elizabeth Banks,Boz,3
458897,2387,Patrick Stewart,John Bosley,4
458897,938,Djimon Hounsou,Edgar Bosley,5
458897,237455,Sam Claflin,Alexander Brok,6
458897,17243,Jonathan Tucker,Hodak,7
458897,105648,Nat Faxon,Peter Fleming,8
458897,145248,Chris Pang,Jonny Smith,9
803796,144279,Arden Cho,Rumi (voice),0
803796,1948606,May Hong,Mira (voice),1
803796,2983147,Ji-young Yoo,Zoey (voice),2
803796,1571598,Ahn Hyo-seop,Jinu (voice),3
803796,28662,Yunjin Kim,Celine (voice),4
803796,83586,Ken Jeong,Bobby (voice),5
803796,25002,Lee Byung-hun,Gwi-Ma (voice),6
803796,18307,Daniel Dae Kim,Healer Han / Additional Voices (voice),7
803796,2371545,Joel Kim Booster,Variety Show Host 1 / Idol Host / Romance Saja (voice),8
803796,1700631,Liza Koshy,Host (voice),9
303858,1461,George Clooney,Lee Gates,0
303858,1204,Julia Roberts,Patty Fenn,1
303858,85065,Jack O'Connell,Kyle Budwell,2
303858,17287,Dominic West,Walt Camby,3
303858,147056,Caitríona Balfe,Diane Lester,4
303858,4808,Giancarlo Esposito,Captain Powell,5
303858,61510,Christopher Denham,Ron Sprecher,6
303858,37157,Lenny Venito,Lenny Libatino,7
303858,4445,Chris Bauer,Lt. Nelson,8
303858,118937,Dennis Boutsikaris,Avery Goodloe CFO,9
631842,543530,Dave Bautista,Leonard,0
631842,221611,Jonathan Groff,Eric,1
631842,969316,Ben Aldridge,Andrew,2
631842,109319,Nikki Amuka-Bird,Sabrina,3
631842,10989,Rupert Grint,Redmond,4
631842,1473432,Abby Quinn,Adriane,5
631842,3645646,Kristen Cui,Wen,6
631842,1816366,McKenna Kerrigan,Andrew's Mom,7
631842,944574,Ian Merrill Peakes,Andrew's Father,8
631842,3933126,Denise Nakano,TV Newscaster #1,9
394117,1704640,Brooklynn Prince,Moonee,0
394117,1704641,Bria Vinaite,Halley,1
394117,5293,Willem Dafoe,Bobby,2
394117,1817811,Christopher Rivera,Scooty,3
394117,1704642,Valeria Cotto,Jancey,4
394117,1817814,Mela Murder,Ashley,5
394117,1817815,Josie Olivo,Grandma Stacy,6
394117,572541,Caleb Landry Jones,Jack,7
394117,1496806,Aiden Malik,Dicky,8
394117,1821978,Edward Pagan,Dicky's Dad,9
829280,1356210,Millie Bobby Brown,Enola Holmes,0
829280,73968,Henry Cavill,Sherlock Holmes,1
829280,11207,David Thewlis,Grail,2
829280,1558986,Louis Partridge,Tewkesbury,3
829280,1531926,Susan Wokoma,Edith,4
829280,81840,Adeel Akhtar,Lestrade,5
829280,195666,Sharon Duncan-Brewster,Mira Troy,6
829280,1283,Helena Bonham Carter,Eudoria Holmes,7
829280,2846031,Sofia Stavrinou,Young Enola,8
829280,4205381,John Parshall,Young Sherlock,9
845781,18918,Dwayne Johnson,Callum Drift,0
845781,16828,Chris Evans,Jack O'Malley,1
845781,140,Lucy Liu,Zoe,2
845781,18999,J.K. Simmons,Nick,3
845781,5149,Bonnie Hunt,Mrs. Claus,4
845781,571418,Kristofer Hivju,Krampus,5
845781,934289,Kiernan Shipka,Gryla,6
845781,139309,Mary Elizabeth Ellis,Olivia,7
845781,2947012,Wesley Kimmel,Dylan,8
845781,208519,Nick Kroll,Ted,9
364689,56446,John Cena,Ferdinand (voice),0
364689,1240487,Kate McKinnon,Lupe (voice),1
364689,18471,Anthony Anderson,Bones (voice),2
364689,21127,Bobby Cannavale,Valiente / Valiente's Father (voice),3
364689,1217825,Peyton Manning,Guapo (voice),4
364689,180486,Gina Rodriguez,Una (voice),5
364689,121689,Miguel Ángel Silvestre,El Primero (voice),6
364689,20049,David Tennant,Angus (voice),7
364689,1471841,Flula Borg,Hans (voice),8
364689,1400880,Jerrod Carmichael,Paco (voice),9
718821,2230991,Daisy Edgar-Jones,Kate,0
718821,83271,Glen Powell,Tyler,1
718821,1560244,Anthony Ramos,Javi,2
718821,1602972,Brandon Perea,Boone,3
718821,16307,Maura Tierney,Cathy,4
718821,145133,Harry Hadden-Paton,Ben,5
718821,1535218,Sasha Lane,Lily,6
718821,1829245,Daryl McCormack,Jeb,7
718821,934289,Kiernan Shipka,Addy,8
718821,1466581,Nik Dodani,Praveen,9
314095,56365,Charlie Hunnam,Percival Fawcett,0
314095,11288,Robert Pattinson,Henry Costin,1
314095,23459,Sienna Miller,Nina Fawcett,2
314095,1136406,Tom Holland,Jack Fawcett,3
314095,2464,Angus Macfadyen,James Murray,4
314095,1543010,Edward Ashley,Arthur Manley,5
314095,2280,Clive Francis,Sir John Scott Keltie,6
314095,27762,Ian McDiarmid,Sir George Goldie,7
314095,22383,Franco Nero,Baron de Gondoriz,8
314095,67119,Matthew Sunderland,Dan,9
398173,2876,Matt Dillon,Jack,0
398173,2310,Bruno Ganz,Verge,1
398173,139,Uma Thurman,Lady 1,2
398173,6751,Siobhan Fallon Hogan,Lady 2,3
398173,1564,Sofie Gråbøl,Lady 3,4
398173,98522,Riley Keough,Simple,5
398173,4654,Jeremy Davies,Al,6
398173,1211845,Jack McKenzie,Sonny,7
398173,1263622,Mathias Hjelm,Glenn,8
398173,25438,Ed Speleers,Ed - Police Officer 2,9
605116,134,Jamie Foxx,Art,0
605116,24045,Joseph Gordon-Levitt,Frank,1
605116,1676520,Dominique Fishback,Robin,2
605116,17289,Rodrigo Santoro,Biggie,3
605116,24047,Courtney B. Vance,Captain Craine,4
605116,357551,Amy Landecker,Gardner,5
605116,1276759,mgk,Newt,6
605116,1105706,Tait Fletcher,Wallace,7
605116,141432,Allen Maldonado,Landry,8
605116,1650191,Andrene Ward-Hammond,Irene,9
575265,500,Tom Cruise,Ethan Hunt,0
575265,39459,Hayley Atwell,Grace,1
575265,10182,Ving Rhames,Luther Stickell,2
575265,11108,Simon Pegg,Benji Dunn,3
575265,65344,Esai Morales,Gabriel,4
575265,139820,Pom Klementieff,Paris,5
575265,15319,Henry Czerny,Kittridge,6
575265,7497,Holt McCallany,Serling,7
575265,47627,Janet McTeer,Walters,8
575265,17039,Nick Offerman,General Sidney,9
540901,206444,Constance Wu,Destiny,0
540901,16866,Jennifer Lopez,Ramona Vega,1
540901,12041,Julia Stiles,Elizabeth,2
540901,74688,Keke Palmer,Mercedes,3
540901,1136940,Lili Reinhart,Annabelle,4
540901,2167,Mercedes Ruehl,Mother,5
540901,1562344,Cardi B,Diamond,6
540901,1661465,Lizzo,Liz,7
540901,2152740,Mette,Justice,8
540901,1443712,Madeline Brewer,Dawn,9
95610,9137,Renée Zellweger,Bridget,0
95610,5472,Colin Firth,Mark,1
95610,18352,Patrick Dempsey,Jack,2
95610,388,Jim Broadbent,Dad,3
95610,9138,Gemma Jones,Mum,4
95610,7056,Emma Thompson,Dr Rawlings,5
95610,9144,Sally Phillips,Shazzer,6
95610,9145,James Callis,Tom,7
95610,1834,Shirley Henderson,Jude,8
95610,207384,Sarah Solemani,Miranda,9
398181,73421,Joaquin Phoenix,Joe,0
398181,14797,Judith Roberts,Joe's Mother,1
398181,1557952,Ekaterina Samsonov,Nina Votto,2
398181,4735,John Doman,John McCleary,3
398181,172150,Alex Manette,Senator Albert Votto,4
398181,1765331,Dante Pereira-Olson,Young Joe,5
398181,4941,Alessandro Nivola,Governor Williams,6
398181,1857836,Larry Canady,Cincinnati Cab Driver,7
398181,2023827,Vinicius Damasceno,Moises,8
398181,2023828,Neo Randall,Moises's Friend,9
930564,1290466,Barry Keoghan,Oliver Quick,0
930564,2034418,Jacob Elordi,Felix Catton,1
930564,10882,Rosamund Pike,Elspeth Catton,2
930564,20766,Richard E. Grant,Sir James Catton,3
930564,2981449,Alison Oliver,Venetia Catton,4
930564,2249745,Archie Madekwe,Farleigh Start,5
930564,36662,Carey Mulligan,Poor Dear Pamela,6
930564,80365,Paul Rhys,Duncan,7
930564,1829122,Ewan Mitchell,Michael Gavey,8
930564,2270402,Sadie Soverall,Annabel,9
574475,3480304,Kaitlyn Santa Juana,Stefani Reyes,0
574475,1547148,Teo Briones,Charlie Reyes,1
574475,58724,Rya Kihlstedt,Darlene Campbell,2
574475,144852,Richard Harmon,Erik,3
574475,1482198,Owen Patrick Joyner,Bobby,4
574475,1441215,Anna Lore,Julia,5
574475,62919,Alex Zahara,Uncle Howard,6
574475,45428,April Telek,Aunt Brenda,7
574475,1376128,Tinpo Lee,Marty Reyes,8
574475,19384,Tony Todd,William John Bludworth,9
1087192,2803710,Mason Thames,Hiccup,0
1087192,2064124,Nico Parker,Astrid,1
1087192,17276,Gerard Butler,Stoick,2
1087192,11109,Nick Frost,Gobber,3
1087192,3792786,Gabriel Howell,Snotlout,4
1087192,1139349,Julian Dennison,Fishlegs,5
1087192,1587577,Bronwyn James,Ruffnut,6
1087192,2104260,Harry Trevaldwyn,Tuffnut,7
1087192,1216581,Murray McArthur,Hoark,8
1087192,11115,Peter Serafinowicz,Spitelout,9
353070,192,Morgan Freeman,Willie Davis,0
353070,3895,Michael Caine,Joe Harding,1
353070,1903,Alan Arkin,Albert Garner,2
353070,13567,Ann-Margret,Annie Santori,3
353070,40543,John Ortiz,Jesus,4
353070,11115,Peter Serafinowicz,Murphy,5
353070,125025,Joey King,Brooklyn Harding,6
353070,77330,Kenan Thompson,Manager Keith Schonfeld,7
353070,2876,Matt Dillon,Arlen Hamer,8
353070,1062,Christopher Lloyd,Milton Kupchak,9
585083,62861,Andy Samberg,Johnny (voice),0
585083,77948,Selena Gomez,Mavis (voice),1
585083,17696,Kathryn Hahn,Ericka (voice),2
585083,84407,Jim Gaffigan,Van Helsing (voice),3
585083,884,Steve Buscemi,Wayne (voice),4
585083,28640,Molly Shannon,Wanda (voice),5
585083,60950,David Spade,Griffin (voice),6
585083,298410,Keegan-Michael Key,Murray (voice),7
585083,1592584,Brian Hull,Dracula (voice),8
585083,53122,Fran Drescher,Eunice (voice),9
484641,1411561,Sasha Luss,Anna,0
484641,15735,Helen Mirren,Olga,1
484641,114019,Luke Evans,Alex Tchenkov,2
484641,2037,Cillian Murphy,Lenny Miller,3
484641,2286738,Lera Abova,Maude,4
484641,1631759,Alexander Petrov,Piotr,5
484641,1787157,Nikita Pavlenko,Vlad,6
484641,2192362,Anna Krippa,Nika,7
484641,932525,Alexei Maslodudov,Jimmy,8
484641,145299,Éric Godon,Vassiliev,9
542178,1121,Benicio del Toro,Moses Rosenthaler,0
542178,3490,Adrien Brody,Julian Cadazio,1
542178,3063,Tilda Swinton,J.K.L. Berensen,2
542178,121529,Léa Seydoux,Simone,3
542178,3910,Frances McDormand,Lucinda Krementz,4
542178,1190668,Timothée Chalamet,Zeffirelli,5
542178,1886168,Lyna Khoudri,Juliette,6
542178,2954,Jeffrey Wright,Roebuck Wright,7
542178,8789,Mathieu Amalric,The Commissaire,8
542178,4025,Steve Park,Nescaffier,9
610150,90496,Masako Nozawa,Son Goku / Son Gohan / Son Goten / Gotenks (voice),0
610150,85286,Toshio Furukawa,Piccolo (voice),1
610150,90569,Yuko Minaguchi,Pan / Videl (voice),2
610150,93801,Hiroshi Kamiya,Gamma #1 (voice),3
610150,93803,Mamoru Miyano,Gamma #2 (voice),4
610150,19588,Miyu Irino,Dr. Hedo (voice),5
610150,1468251,Ryota Takeuchi,Carmine (voice),6
610150,124478,Aya Hisakawa,Bulma (voice),7
610150,65510,Mayumi Tanaka,Krillin / Yajirobe (voice),8
610150,122501,Ryo Horikawa,Vegeta (voice),9
382591,78423,Omar Sy,Samuel,0
382591,1576994,Gloria Colston,Gloria,1
382591,11291,Clémence Poésy,Kristin,2
382591,90681,Antoine Bertrand,Bernie,3
382591,61364,Ashley Walters,Lowell,4
382591,109516,Clémentine Célarié,Samantha,5
382591,1288594,Anna Cottis,Miss Appleton,6
382591,1795216,Raphael von Blumenthal,Tom,7
382591,193341,Ben Homewood,Assistant director,8
382591,1306309,Alice David,Young woman at party,9
619730,1373737,Florence Pugh,Alice,0
619730,1052109,Harry Styles,Jack,1
619730,62064,Chris Pine,Frank,2
619730,59315,Olivia Wilde,Bunny,3
619730,1884703,KiKi Layne,Margaret,4
619730,97576,Gemma Chan,Shelley,5
619730,208519,Nick Kroll,Dean,6
619730,2754753,Sydney Chandler,Violet,7
619730,1436999,Kate Berlant,Peg,8
619730,1822025,Asif Ali,Peter,9
601666,10882,Rosamund Pike,Marla Grayson,0
601666,22970,Peter Dinklage,Roman Lunyov,1
601666,1222992,Eiza González,Fran,2
601666,1902,Dianne Wiest,Jennifer Peterson,3
601666,61659,Chris Messina,Dean Ericson,4
601666,17490,Isiah Whitlock Jr.,Judge Lomax,5
601666,209513,Macon Blair,Feldstrom,6
601666,3128,Alicia Witt,Dr. Karen Amos,7
601666,109144,Damian Young,Sam Rice,8
601666,1968891,Nicholas Logan,Alexi Ignatyev,9
342470,18050,Elle Fanning,Violet,0
342470,1029934,Justice Smith,Finch,1
342470,1253199,Alexandra Shipp,Kate,2
342470,45651,Kelli O'Hara,Sheryl,3
342470,1397605,Lamar Johnson,Charlie,4
342470,1279279,Virginia Gardner,Amanda,5
342470,2044036,Felix Mallard,Roamer,6
342470,1538574,Sofia Hasmik,Brenda,7
342470,298410,Keegan-Michael Key,Embry,8
342470,36422,Luke Wilson,James,9
1368166,115440,Sydney Sweeney,Millie Calloway,0
1368166,71070,Amanda Seyfried,Nina Winchester,1
1368166,1855143,Brandon Sklenar,Andrew Winchester,2
1368166,2349355,Michele Morrone,Enzo,3
1368166,4342318,Indiana Elle,Cece Winchester,4
1368166,2035942,Sarah Cooper,Pam,5
1368166,20,Elizabeth Perkins,Mrs. Winchester,6
1368166,1517553,Amanda Joy Erickson,Suzanne,7
1368166,1306314,Megan Ferguson,Jilliane,8
1368166,2013576,Ellen Tamaki,Patrice,9
420634,1880016,David Howard Thornton,Art the Clown,0
420634,1303873,Jenna Kanell,Tara Heyes,1
420634,1676771,Samantha Scaffidi,Victoria Heyes,2
420634,1190554,Catherine Corcoran,Dawn,3
420634,1526694,Pooya Mohseni,Cat Lady,4
420634,2119523,Matt McAllister,Mike the Exterminator,5
420634,225216,Katie Maguire,Monica Brown,6
420634,1179643,Gino Cafarelli,Steven,7
420634,1687511,Cory DuVal,Coroner,8
420634,1207984,Michael Leavy,Exterminator #2,9
889737,73421,Joaquin Phoenix,Arthur Fleck,0
889737,237405,Lady Gaga,Lee Quinzel,1
889737,2039,Brendan Gleeson,Jackie Sullivan,2
889737,2229,Catherine Keener,Maryanne Stewart,3
889737,1545693,Zazie Beetz,Sophie Dumond,4
889737,4581,Steve Coogan,Paddy Meyers,5
889737,2399836,Harry Lawtey,Harvey Dent,6
889737,1416396,Leigh Gill,Gary Puddles,7
889737,2131,Ken Leung,Dr. Victor Liu,8
889737,1171570,Jacob Lofland,Ricky Meline,9
697843,74568,Chris Hemsworth,Tyler Rake,0
697843,229932,Golshifteh Farahani,Nik Khan,1
697843,1886169,Adam Bessa,Yaz Khan,2
697843,1106890,Tornike Gogrichiani,Zurab Radiani / Nikoloz Radiani,3
697843,1150149,Tornike Bziava,David Radiani,4
697843,1122543,Tinatin Dalakishvili,Ketevan Radiani,5
697843,4114633,Andro Japaridze,Sandro Radiani,6
697843,1849385,Justin Howell,Gio,7
697843,17605,Idris Elba,Alcott,8
697843,18182,Olga Kurylenko,Mia,9
431693,2888,Will Smith,Lance Sterling (voice),0
431693,1136406,Tom Holland,Walter Beckett (voice),1
431693,77335,Ben Mendelsohn,Killian (voice),2
431693,80591,Rashida Jones,Marcy Kappel (voice),3
431693,543261,Karen Gillan,Eyes (voice),4
431693,224235,DJ Khaled,Ears (voice),5
431693,21986,Reba McEntire,Joyless (voice),6
431693,993774,Rachel Brosnahan,Wendy (voice),7
431693,17273,Masi Oka,Kimura (voice),8
431693,1215979,Carla Jimenez,Geraldine (voice),9
531219,1813,Anne Hathaway,Grand High Witch,0
531219,6944,Octavia Spencer,Grandma,1
531219,2283,Stanley Tucci,Mr. Stringer,2
531219,2241218,Jahzir Bruno,Hero Boy,3
531219,2632,Chris Rock,Older Hero (voice),4
531219,2153678,Codie-Lei Eastick,Bruno Jenkins,5
531219,52775,Kristin Chenoweth,Daisy / Mary (voice),6
531219,281527,Charles Edwards,Mr. Jenkins,7
531219,1370805,Morgana Robinson,Mrs. Jenkins,8
531219,1228665,Brian Bovell,Reginald,9
600583,71580,Benedict Cumberbatch,Phil Burbank,0
600583,113505,Kodi Smit-McPhee,Peter Gordon,1
600583,205,Kirsten Dunst,Rose Gordon,2
600583,88124,Jesse Plemons,George Burbank,3
600583,1356758,Thomasin McKenzie,Lola,4
600583,10760,Geneviève Lemon,Mrs. Lewis,5
600583,30613,Keith Carradine,The Governor,6
600583,4432,Frances Conroy,Old Lady,7
600583,57904,Kenneth Radley,Barkeep,8
600583,962109,Sean Keenan,Sven,9
531428,1385600,Noémie Merlant,Marianne,0
531428,68816,Adèle Haenel,Héloïse,1
531428,1442550,Luàna Bajrami,Sophie,2
531428,3124,Valeria Golino,La Comtesse,3
531428,96295,Christel Baras,La faiseuse d'ange,4
531428,1187034,Armande Boulanger,L'élève atelier,5
531428,2385689,Guy Delamarche,L'homme salon,6
531428,2385690,Clément Bouyssou,Le batelier,7
313922,21028,Anton Yelchin,Pat,0
313922,17606,Imogen Poots,Amber,1
313922,2387,Patrick Stewart,Darcy,2
313922,61178,Alia Shawkat,Sam,3
313922,1081875,Joe Cole,Reece,4
313922,1371041,Callum Turner,Tiger,5
313922,209513,Macon Blair,Gabe,6
313922,4451,Mark Webber,Daniel,7
313922,59297,Eric Edelstein,Big Justin,8
313922,21633,Kai Lennox,Clark,9
400160,78798,Tom Kenny,SpongeBob SquarePants / Gary the Snail (voice),0
400160,34398,Bill Fagerbakke,Patrick Star (voice),1
400160,70615,Rodger Bumpass,Squidward Tentacles (voice),2
400160,188229,Mr. Lawrence,Plankton (voice),3
400160,6384,Keanu Reeves,Sage,4
400160,6574,Clancy Brown,Mr. Krabs (voice),5
400160,78799,Carolyn Lawrence,Sandy Cheeks (voice),6
400160,1488236,Matt Berry,King Poseidon (voice),7
400160,17414,Jill Talley,Karen (voice),8
400160,80634,Mary Jo Catlett,Mrs. Puff (voice),9
379149,517,Pierce Brosnan,Liam Hennessy,0
379149,18897,Jackie Chan,Quan Ngoc Minh,1
379149,1267122,Rory Fleck-Byrne,Sean Morrison,2
379149,56650,Ray Fearon,Commander Richard Bromley,3
379149,1356630,Charlie Murphy,Maggie / Sara McKay,4
379149,107734,Orla Brady,Mary Hennessy,5
379149,73288,Michael McElhatton,Jim Kavanagh,6
379149,65890,Lia Williams,Katherine Davies,7
379149,17484,Dermot Crowley,Hugh McGrath,8
379149,76415,Stephen Hogan,Christy Murphy,9
1032823,2299,Josh Hartnett,Cooper,0
1032823,3014800,Ariel Donoghue,Riley,1
1032823,4340759,Saleka Night Shyamalan,Lady Raven,2
1032823,36819,Hayley Mills,Dr. Josephine Grant,3
1032823,2144603,Jonathan Langdon,Jamie,4
1032823,17486,Alison Pill,Rachel,5
1032823,3107562,Mark Bacolcol,Spencer,6
1032823,156580,Marnie McPhail,Jody's Mom,7
1032823,484359,Kid Cudi,The Thinker,8
1032823,4264391,Russ,Parker Wayne,9
497828,1716493,Harris Dickinson,Carl,0
497828,1187068,Charlbi Dean,Yaya,1
497828,1513304,Dolly de Leon,Abigail,2
497828,57755,Woody Harrelson,The Captain,3
497828,31960,Zlatko Burić,Dimitry,4
497828,84241,Vicki Berlin,Paula,5
497828,225636,Henrik Dorsin,Jarmo,6
497828,43451,Iris Berben,Therese,7
497828,559648,Jean-Christophe Folly,Nelson,8
497828,108620,Amanda Walker,Clementine,9
568091,65731,Sam Worthington,Ray Monroe,0
568091,4888,Lily Rabe,Joanne Monroe,1
568091,2434413,Lucy Capri,Peri Monroe,2
568091,537,Stephen Tobolowsky,Dr. Berthram,3
568091,1923452,Lauren Cochrane,Officer Childes,4
568091,2462162,Shane Dean,Officer Griggs,5
568091,109651,Adjoa Andoh,Dr. Isaacs,6
568091,2154533,Stephanie Sy,Nurse Anne,7
568091,2166937,Chad Bruce,Security Guard Jeff,8
568091,64475,Chris Sigurdson,Dr. Lucado,9
800158,17288,Michael Fassbender,The Killer,0
800158,3063,Tilda Swinton,The Expert,1
800158,124112,Charles Parnell,The Lawyer - Hodges,2
800158,3229,Arliss Howard,The Client - Claybourne,3
800158,100567,Kerry O'Malley,Dolores,4
800158,583628,Sophie Charlotte,Magdala,5
800158,2021844,Emiliano Pernia,Marcus,6
800158,4293624,Gabriel Polanco,Leo,7
800158,1366,Sala Baker,The Brute,8
800158,43461,Endre Hules,The Target,9
420814,3061,Ewan McGregor,Christopher Robin,0
420814,39459,Hayley Atwell,Evelyn Robin,1
420814,1901375,Bronte Carmichael,Madeline Robin,2
420814,12077,Jim Cummings,Winnie the Pooh / Tigger (voice),3
420814,18,Brad Garrett,Eeyore (voice),4
420814,1509615,Nick Mohammed,Piglet (voice),5
420814,13014,Toby Jones,Owl (voice),6
420814,12982,Peter Capaldi,Rabbit (voice),7
420814,2598,Sophie Okonedo,Kanga (voice),8
420814,2089968,Sara Sheen,Roo (voice),9
610253,8944,Jamie Lee Curtis,Laurie Strode,0
610253,20750,Judy Greer,Karen,1
610253,1511997,Andi Matichak,Allyson,2
610253,1267684,James Jude Courtney,The Shape,3
610253,14692,Nick Castle,The Shape,4
610253,1142261,Airon Armstrong,The Shape (1978),5
610253,883,Will Patton,Officer Hawkins,6
610253,1142720,Thomas Mann,Young Hawkins,7
610253,1416383,Jim Cummings,Pete McCabe,8
610253,1039523,Dylan Arnold,Cameron Elam,9
546121,34490,Sarah Paulson,Mother / Diane,0
546121,2387518,Kiera Allen,Daughter / Chloe,1
546121,60846,Pat Healy,Mailman,2
546121,1440699,Sara Sohn,Nurse,3
546121,1303813,Erik Athavale,Doctor,4
546121,62716,BJ Harrison,Meeting Leader,5
546121,81239,Sharon Bajer,Pharmacist,6
546121,36813,Onalee Ames,Crying Hands,7
546121,61170,Joanne Rodriguez,Security Guard (Corrections),8
546121,1235553,Ernie Foort,Security Guard (Hospital),9
445651,561869,Amandla Stenberg,Ruby Daly,0
445651,1716493,Harris Dickinson,Liam Stewart,1
445651,1379407,Patrick Gibson,Clancy Gray,2
445651,1070339,Skylan Brooks,Charles 'Chubs' Meriwether,3
445651,16855,Mandy Moore,Cate Connor,4
445651,1771746,Miyako,Suzume,5
445651,225411,Mark O'Brien,Rob Meadows,6
445651,1011904,Gwendoline Christie,Lady Jane,7
445651,1863231,Grace DeAmicis,Grace Somerfield,8
445651,1370801,Faye Foley,Sam Dahl,9
677179,135651,Michael B. Jordan,Adonis Creed,0
677179,62561,Tessa Thompson,Bianca Creed,1
677179,1674162,Jonathan Majors,Damian 'Dame' Anderson,2
677179,119598,Phylicia Rashād,Mary-Anne Creed,3
677179,3759632,Mila Davis-Kent,Amara Creed,4
677179,65829,Wood Harris,Tony 'Little Duke' Evers,5
677179,3636888,José Benavidez Jr.,Felix Chavez,6
677179,1998541,Florian Munteanu,Viktor Drago,7
677179,162503,Selenis Leyva,Laura Chavez,8
677179,2864869,Thaddeus J. Mixson,Adonis Creed (15),9
840326,148012,Jorma Tommila,Aatami,0
840326,76547,Aksel Hennie,Bruno,1
840326,116265,Jack Doolan,Wolf,2
840326,1448024,Mimosa Willamo,Aino,3
840326,124870,Onni Tommila,Schütze,4
840326,1646708,Tatu Sinisalo,SS Soldier 1,5
840326,1207810,Wilhelm Enckell,SS Soldier 3,6
840326,1710274,Vincent Willestrand,SS Soldier 4,7
840326,148353,Arttu Kapulainen,Rower,8
840326,1969616,Elina Saarela,Saara,9
541671,224513,Ana de Armas,Eve,0
541671,6384,Keanu Reeves,John Wick,1
541671,6972,Ian McShane,Winston,2
541671,5657,Anjelica Huston,The Director,3
541671,5168,Gabriel Byrne,The Chancellor,4
541671,5887,Catalina Sandino Moreno,Lena,5
541671,4872540,Ava McCarthy,Ella,6
541671,2052200,Juliet Doherty,Tatiana,7
541671,4886,Norman Reedus,Daniel Pine,8
541671,129101,Lance Reddick,Charon,9
452507,11155,Thomas Jane,Wilfred James,0
452507,27125,Molly Parker,Arlette James,1
452507,973518,Dylan Schmid,Henry James,2
452507,1467169,Kaitlyn Bernard,Shannon Cotterie,3
452507,2203,Neal McDonough,Harlan Cotterie,4
452507,206669,Tanya Champoux,Sallie,5
452507,175829,Brian d'Arcy James,Sheriff Jones,6
452507,1235460,Bob Frazer,Andrew Lester,7
452507,2250,Eric Keenleyside,Lars,8
452507,112639,Patrick Keating,Mr. Stoppenhauser,9
700391,1023139,Adam Driver,Mills,0
700391,1767250,Ariana Greenblatt,Koa,1
700391,1696016,Chloe Coleman,Nevine,2
700391,98415,Nika King,Nevine's Mom,3
700391,1450385,Brian Dare,Zoic Ship (voice) (uncredited),4
459992,6885,Charlize Theron,Charlotte Field,0
459992,19274,Seth Rogen,Fred Flarsky,1
459992,1371398,O'Shea Jackson Jr.,Lance,2
459992,83873,June Diane Raphael,Maggie Millikin,3
459992,206485,Ravi Patel,Tom,4
459992,1333,Andy Serkis,Parker Wembley,5
459992,59410,Bob Odenkirk,President Chambers,6
459992,28846,Alexander Skarsgård,Prime Minister James Steward,7
459992,1015568,Tristan D. Lalla,Agent M,8
459992,1866587,Braxton Herda,Young Fred,9
740985,6730,Sacha Baron Cohen,Borat Sagdiyev,0
740985,2408703,Maria Bakalova,Tutar Sagdiyev,1
740985,31,Tom Hanks,Self,2
740985,1903451,Dani Popescu,Premier Nazarbayevdx,3
740985,2829921,Manuel Vieru,Dr. Yamak (Gypsy Tears),4
740985,2829922,Miroslav Tolj,Nursultan Tulyakbay,5
740985,2829923,Alin Popa,HueyLewis / Jeffrey Epstein Sagdiyev,6
740985,2829924,Ion Gheorghe,Bilak Sagdiyev,7
740985,2829926,Nicolae Gheorghe,Biram Sagdiyev,8
740985,2829927,Marcela Codrea,Kuczek Villager,9
451915,4495,Steve Carell,David Sheff,0
451915,1190668,Timothée Chalamet,Nic Sheff,1
451915,16307,Maura Tierney,Karen Barbour,2
451915,39388,Amy Ryan,Vicki Sheff,3
451915,1721268,Christian Convery,Jasper Sheff,4
451915,1795057,Oakley Bull,Daisy Sheff,5
451915,481337,Kaitlyn Dever,Lauren,6
451915,106490,Stefanie Scott,Julia,7
451915,1353826,Julian Works,Gack,8
451915,1774679,Jack Dylan Grazer,12-Year-Old Nic Sheff,9
1100988,27428,Aaron Taylor-Johnson,Jamie,0
1100988,5107934,Alfie Williams,Spike,1
1100988,5469,Ralph Fiennes,Dr. Kelson,2
1100988,1388593,Jodie Comer,Isla,3
1100988,85065,Jack O'Connell,Sir Jimmy Crystal,4
1100988,1344320,Chi Lewis-Parry,Samson,5
1100988,997644,Edvin Ryding,Erik Sundqvist,6
1100988,6970,Christopher Fulford,Sam,7
1100988,134699,Stella Gonet,Jenny,8
1100988,1585961,Kim Allan,Jimmy's Mother,9
945729,11181,Kenneth Branagh,Hercule Poirot,0
945729,1562074,Kyle Allen,Maxime Gerard,1
945729,1348474,Camille Cottin,Olga Seminoff,2
945729,1254583,Jamie Dornan,Dr Leslie Ferrier,3
945729,56323,Tina Fey,Ariadne Oliver,4
945729,3232669,Jude Hill,Leopold Ferrier,5
945729,2104805,Ali Khan,Nicholas Holland,6
945729,2290611,Emma Laird,Desdemona Holland,7
945729,17521,Kelly Reilly,Rowena Drake,8
945729,59270,Riccardo Scamarcio,Vitale Portfoglio,9
306947,130253,Logan Marshall-Green,Will,0
306947,16859,Tammy Blanchard,Eden,1
306947,929826,Emayatzy Corinealdi,Kira,2
306947,91520,Michiel Huisman,David,3
306947,3911,John Carroll Lynch,Pruitt,4
306947,1106411,Lindsay Burdge,Sadie,5
306947,27107,Mike Doyle,Tommy,6
306947,1334288,Jay Larson,Ben,7
306947,55253,Michelle Krusiec,Gina,8
306947,19860,Karl Yune,Choi,9
762975,1331457,Sofia Carson,Cassie Salazar,0
762975,1425934,Nicholas Galitzine,Luke Marrow,1
762975,1382755,John Harlan Kim,Toby,2
762975,1643043,Chosen Jacobs,Frankie,3
762975,1496755,Anthony Ippolito,Johnno,4
762975,57251,Linden Ashby,Jacob Marrow,5
762975,2126621,Kat Cunning,Nora,6
762975,3533641,Nicholas Duvernay,Armando,7
762975,2023715,Scott Deckert,Jacob Marrow Jr,8
762975,2108072,Kendall Chappell,Mila,9
602269,5292,Denzel Washington,Joe 'Deke' Deacon,0
602269,17838,Rami Malek,Jim Baxter,1
602269,7499,Jared Leto,Albert Sparma,2
602269,4445,Chris Bauer,Detective Sal Rizoli,3
602269,61084,Michael Hyatt,Flo Dunigan,4
602269,11067,Terry Kinney,LASD Captain Carl Farris,5
602269,118752,Natalie Morales,Detective Jamie Estrada,6
602269,1685356,Isabel Arraiza,Ana Baxter,7
602269,76973,Joris Jarsky,Detective Sergeant Rogers,8
602269,12797,Glenn Morshower,Captain Henry Davis,9
502033,53240,Riz Ahmed,Ruben Stone,0
502033,1173984,Olivia Cooke,Lou,1
502033,1216195,Paul Raci,Joe,2
502033,2287101,Lauren Ridloff,Diane,3
502033,8789,Mathieu Amalric,Richard Berger,4
502033,3112965,Domenico Toledo,Michael,5
502033,3638666,Chelsea Lee,Jenn,6
502033,2892337,Shaheem Sanchez,Shaheem,7
502033,1344739,Chris Perfetti,Harlan,8
502033,1774091,Bill Thorpe,The Man,9
614917,2888,Will Smith,Richard Williams,0
614917,53923,Aunjanue Ellis-Taylor,Oracene 'Brandy' Price,1
614917,1607523,Saniyya Sidney,Venus Williams,2
614917,2214765,Demi Singleton,Serena Williams,3
614917,19498,Jon Bernthal,Rick Macci,4
614917,2988968,Mikayla LaShae Bartholomew,Tunde Price,5
614917,3417,Tony Goldwyn,Paul Cohen,6
614917,108696,Susie Abromeit,Robin Finn,7
614917,32597,Dylan McDermott,Will Hodges,8
614917,140198,Judith Chapman,Nancy Reagan,9
535581,1532,Bill Murray,Chief Cliff Robertson,0
535581,1023139,Adam Driver,Officer Ronnie Peterson,1
535581,2838,Chloë Sevigny,Officer Mindy Morrison,2
535581,3063,Tilda Swinton,Zelda Winston,3
535581,572541,Caleb Landry Jones,Bobby Wiggins,4
535581,2887,Tom Waits,Hermit Bob,5
535581,2047,Danny Glover,Hank Thompson,6
535581,884,Steve Buscemi,Farmer Frank Miller,7
535581,77948,Selena Gomez,Zoe,8
535581,4810,Rosie Perez,Posie Juarez,9
505948,1443492,Clara Rugaard,Daughter,0
505948,9827,Rose Byrne,Mother (voice),1
505948,448,Hilary Swank,Woman,2
505948,1048610,Luke Hawker,Mother,3
505948,1980615,Tahlia Sturzaker,Child,4
505948,2146730,Maddie Lenton,Infant,5
505948,2146731,Hazel Sandery,Toddler,6
505948,2146733,Summer Lenton,Toddler,7
505948,2146732,Jacob Nolan,Brother,8
505948,1786662,Tracy Britton,Teacher (uncredited),9
417384,1533987,Zoe Colletti,Stella Nicholls,0
417384,14329,Dean Norris,Roy Nicholls,1
417384,1383546,Michael Garza,Ramón Morales,2
417384,1142686,Gabriel Rush,Auggie Hilderbrandt,3
417384,6575,Gil Bellows,Chief Turner,4
417384,1698185,Natalie Ganzhorn,Ruth Steinberg,5
417384,148992,Austin Abrams,Tommy Milner,6
417384,1783261,Austin Zajur,Chuck Steinberg,7
417384,2383617,Kathleen Pollard,Sarah Bellows,8
417384,81726,Lorraine Toussaint,Lou Lou,9
763215,1356210,Millie Bobby Brown,Elodie,0
763215,2750967,Brooke Carter,Floria,1
763215,1108907,Nick Robinson,Prince Henry,2
763215,32,Robin Wright,Queen Isabelle,3
763215,1753160,Milo Twomey,King Roderick,4
763215,5538,Ray Winstone,Lord Bayford,5
763215,9780,Angela Bassett,Lady Bayford,6
763215,3857260,Nicole Joseph,Princess Victoria,7
763215,74415,Patrice Naiambana,Chamberlain,8
763215,1562095,Ulli Ackermann,Knight,9
705861,19292,Adam Sandler,Stanley Sugerman,0
705861,15758,Queen Latifah,Teresa Sugerman,1
705861,2822959,Juancho Hernangómez,Bo Cruz,2
705861,11107,Ben Foster,Vince Merrick,3
705861,267116,Kenny Smith,Leon,4
705861,3570669,Anthony Edwards,Kermit Wilts,5
705861,3087,Robert Duvall,Rex Merrick,6
705861,2543692,Jordan Hull,Alex Sugerman,7
705861,46856,María Botto,Paola,8
705861,2822960,Ainhoa Pillet,Lucia,9
388399,13240,Mark Wahlberg,Sgt. Tommy Saunders,0
388399,1230,John Goodman,Commisioner Ed Davis,1
388399,18999,J.K. Simmons,Sgt. Jeffrey Pugliese,2
388399,4724,Kevin Bacon,Richard DesLauriers,3
388399,11705,Michelle Monaghan,Carol Saunders,4
388399,934281,Alex Wolff,Dzhokhar Tsarnaev,5
388399,2075179,Themo Melikidze,Tamerlan Tsarnaev,6
388399,87118,Michael Beach,Gov. Deval Patrick,7
388399,171719,Vincent Curatola,Mayor Thomas Menino,8
388399,115975,James Colby,Superintendent Billy Evans,9
1005331,1303037,Taron Egerton,Ethan Kopek,0
1005331,23532,Jason Bateman,Traveler,1
1005331,1331457,Sofia Carson,Nora Parisi,2
1005331,1853909,Danielle Deadwyler,Elena Cole,3
1005331,51995,Theo Rossi,Watcher,4
1005331,130253,Logan Marshall-Green,Agent Alcott,5
1005331,14329,Dean Norris,Phil Sarkowski,6
1005331,967617,Sinqua Walls,Jason Noble,7
1005331,2193208,Gil Perez-Abraham,Eddie,8
1005331,1594098,Tonatiuh,Mateo Flores,9
505600,481337,Kaitlyn Dever,Amy,0
505600,1496393,Beanie Feldstein,Molly,1
505600,1394648,Jessica Williams,Miss Fine,2
505600,58224,Jason Sudeikis,Principal Brown,3
505600,14406,Lisa Kudrow,Charmaine,4
505600,62831,Will Forte,Doug,5
505600,2262876,Victoria Ruesga,Ryan,6
505600,2174509,Mason Gooding,Nick,7
505600,61263,Skyler Gisondo,Jared,8
505600,2048372,Diana Silvers,Hope,9
482373,32747,Stephen Lang,The Blind Man,0
482373,2396546,Madelyn Grace,Phoenix,1
482373,2839,Brendan Sexton III,Raylan,2
482373,2223768,Adam Young,Jim-Bob,3
482373,1629429,Rocci Williams,Duke,4
482373,1669337,Christian Zagia,Raul,5
482373,1523242,Bobby Schofield,Jared,6
482373,20279,Fiona O'Shaughnessy,Mother,7
482373,2041321,Stephanie Arcila,Hernandez,8
482373,2812421,Diaana Babnicova,Billie,9
403119,16855,Mandy Moore,Lisa,0
403119,86132,Claire Holt,Kate,1
403119,8654,Matthew Modine,Taylor,2
403119,76795,Chris Johnson,Javier,3
403119,130936,Yani Gellman,Louis,4
403119,1629275,Santiago Segura,Benjamin,5
403119,1769594,Mayra Juárez,Sammie (uncredited),6
403119,1639308,Axel Mansilla,Band Leader,8
346648,17064,Ben Whishaw,Paddington Brown (voice),0
346648,39658,Sally Hawkins,Mary Brown,1
346648,19923,Hugh Bonneville,Henry Brown,2
346648,1304661,Madeleine Harris,Judy Brown,3
346648,1304662,Samuel Joslin,Jonathan Brown,4
346648,477,Julie Walters,Mrs. Bird,5
346648,3291,Hugh Grant,Phoenix Buchanan,6
346648,11356,Imelda Staunton,Aunt Lucy (voice),7
346648,2039,Brendan Gleeson,Knuckles McGinty,8
346648,388,Jim Broadbent,Samuel Gruber,9
395990,62,Bruce Willis,Paul Kersey,0
395990,7132,Vincent D'Onofrio,Frank Kersey,1
395990,14329,Dean Norris,Detective Rains,2
395990,1951,Elisabeth Shue,Lucy Kersey,3
395990,1932304,Camila Morrone,Jordan Kersey,4
395990,1078613,Beau Knapp,Knox,5
395990,55314,Kimberly Elise,Detective Jackson,6
395990,41247,Len Cariou,Ben,7
395990,1292258,Jack Kesy,The Fish,8
395990,98804,Ronnie Gene Blevins,Joe,9
1138194,3291,Hugh Grant,Mr. Reed,0
1138194,1981044,Sophie Thatcher,Sister Barnes,1
1138194,1512280,Chloe East,Sister Paxton,2
1138194,17052,Topher Grace,Elder Kennedy,3
1138194,2019444,Elle Young,Prophet,4
1138194,1834752,Julie Lynn-Mortensen,Pedestrian,5
1138194,4932824,Haylie Hansen,Teenager,6
1138194,1668152,Elle McKinnon,Teenager,7
1138194,4932826,Hanna Huffman,Teenager,8
1138194,1274528,Anesha Bailey,Neighbor,9
804095,1812,Michelle Williams,Mitzi Fabelman,0
804095,17142,Paul Dano,Burt Fabelman,1
804095,19274,Seth Rogen,Benny Loewy,2
804095,1476330,Gabriel LaBelle,Sammy Fabelman,3
804095,3731015,Mateo Zoryan Francis-DeFord,Younger Sammy Fabelman,4
804095,3690404,Keeley Karsten,Natalie Fabelman,5
804095,3690411,Alina Brace,Young Natalie Fabelman,6
804095,1651362,Julia Butters,Reggie Fabelman,7
804095,3690410,Birdie Borria,Younger Reggie Fabelman,8
804095,6167,Judd Hirsch,Uncle Boris,9
812583,8784,Daniel Craig,Benoit Blanc,0
812583,1206334,Josh O'Connor,Fr. Jud Duplenticy,1
812583,515,Glenn Close,Martha Delacroix,2
812583,16851,Josh Brolin,Mons. Jefferson Wicks,3
812583,18973,Mila Kunis,Chief Geraldine Scott,4
812583,17604,Jeremy Renner,Dr. Nat Sharp,5
812583,11703,Kerry Washington,"Vera Draven, Esq.",6
812583,125660,Andrew Scott,Lee Ross,7
812583,1683343,Cailee Spaeny,Simone Vivane,8
812583,1829245,Daryl McCormack,Cy Draven,9
1226578,1094091,Maika Monroe,Agent Lee Harker,0
1226578,2963,Nicolas Cage,Longlegs,1
1226578,56871,Blair Underwood,Agent Carter,2
1226578,3128,Alicia Witt,Ruth Harker,3
1226578,1840725,Michelle Choi-Lee,Agent Browning,4
1226578,1002369,Dakota Daulby,Agent Fisk,5
1226578,4686681,Lauren Acala,Young Lee Harker,6
1226578,934289,Kiernan Shipka,Carrie Anne Camera,7
1226578,4686689,Maïla Hosie,Young Carrie Anne Camera,8
1226578,83445,Jason William Day,Father Camera,9
393457,5292,Denzel Washington,Troy Maxson,0
393457,19492,Viola Davis,Rose Maxson,1
393457,196179,Stephen McKinley Henderson,Jim Bono,2
393457,1607522,Jovan Adepo,Cory Maxson,3
393457,62649,Russell Hornsby,Lyons Maxson,4
393457,34,Mykelti Williamson,Gabriel Maxson,5
393457,1607523,Saniyya Sidney,Raynell Maxson,6
393457,99407,Lesley Boone,Evangelist Preacher,7
393457,1725188,Christopher Mele,Deputy Commissioner,8
393457,134937,Jason Silvis,Garbage Truck Driver,9
339397,44735,Jesse Eisenberg,Bobby Dorfman,0
339397,37917,Kristen Stewart,Vonnie Sybil,1
339397,4495,Steve Carell,Phil Stern,2
339397,59175,Blake Lively,Veronica Hayes,3
339397,7489,Parker Posey,Rad Taylor,4
339397,74541,Corey Stoll,Ben Dorfman,5
339397,124377,Jeannie Berlin,Rose Dorfman,6
339397,25136,Ken Stott,Marty Dorfman,7
339397,221098,Anna Camp,Candy,8
339397,15684,Paul Schneider,Steve,9
937287,505710,Zendaya,Tashi Donaldson,0
937287,1423520,Mike Faist,Art Donaldson,1
937287,1206334,Josh O'Connor,Patrick Zweig,2
937287,3352136,Darnell Appling,Umpire (New Rochelle Final),3
937287,4643864,Bryan Doo,Art's Physiotherapist,4
937287,4643870,Shane T Harris,Art's Security Guard,5
937287,20975,Nada Despotovich,Tashi's Mother,6
937287,4687627,Joan Mcshane,Line Judge (New Rochelle Final),7
937287,1227356,Chris Fowler,TV Sports Commentator (Atlanta 2019),8
937287,4538305,Mary Joe Fernández,TV Sports Commentator (Atlanta 2019),9
438650,3896,Liam Neeson,Nels Coxman,0
438650,1364004,Tom Bateman,Trevor 'Viking' Calcote,1
438650,78797,Tom Jackson,White Bull Legrew,2
438650,4784,Laura Dern,Grace Coxman,3
438650,1829296,Nicholas Holmes,Ryan,4
438650,4730,Emmy Rossum,Kim Dash,5
438650,17941,Domenick Lombardozzi,Mustang,6
438650,87310,Julia Jones,Aya,7
438650,4520,William Forsythe,Brock 'Wingman' Coxman,8
438650,67979,Michael Eklund,Steve 'Speedo' Milliner,9
384677,1059597,Zoey Deutch,Harper Moore,0
384677,83271,Glen Powell,Charlie Young,1
384677,140,Lucy Liu,Kirsten Stevens,2
384677,17637,Taye Diggs,"Richard ""Rick"" Otis",3
384677,1400744,Joan Smalls,Suze,4
384677,449513,Meredith Hagner,Becca,5
384677,1427948,Pete Davidson,Duncan,6
384677,1714925,Jon Rudnitsky,Mike,7
384677,1394997,Tituss Burgess,Creepy Tim,8
384677,929585,Jake Robinson,Golf Guy,9
463272,10730,Rowan Atkinson,Johnny English,0
463272,18182,Olga Kurylenko,Ophelia Bhulatova,1
463272,18025,Ben Miller,Bough,2
463272,7056,Emma Thompson,Prime Minister,3
463272,496470,Jake Lacy,Jason Volta,4
463272,47933,Adam James,Pegasus,5
463272,4391,Charles Dance,Agent Seven,6
463272,5658,Michael Gambon,Agent Five,7
463272,9126,Edward Fox,Agent Nine,8
463272,39185,Kevin Eldon,MI7 Night Duty Agent,9
678512,8767,Jim Caviezel,Tim Ballard,0
678512,23931,Mira Sorvino,Katherine Ballard,1
678512,121718,Bill Camp,Vampiro,2
678512,17689,Gerardo Taracena,El Alacrán,3
678512,29685,Kurt Fuller,John Bryant,4
678512,10963,José Zúñiga,Roberto,5
678512,72968,Eduardo Verástegui,Pablo,6
678512,87954,Scott Haze,Chris,7
678512,3452313,Yessica Borroto Perryman,Giselle / Katy,8
678512,96228,Gary Basaraba,Earl Buchanan,9
361292,118545,Dakota Johnson,Susie,0
361292,3063,Tilda Swinton,Madame Blanc / Dr. Klemperer / Helena Markos,1
361292,1137824,Mia Goth,Sara,2
361292,10255,Angela Winkler,Miss Tanner,3
361292,45195,Ingrid Caven,Miss Vendegast,4
361292,56734,Chloë Grace Moretz,Patricia,5
361292,1314208,Elena Fokina,Olga,6
361292,4529,Sylvie Testud,Miss Griffith,7
361292,66188,Renée Soutendijk,Miss Huller,8
361292,1520917,Christine Leboutte,Miss Balfour,9
399360,113505,Kodi Smit-McPhee,Keda,0
399360,238164,Jóhannes Haukur Jóhannesson,Tau,1
399360,1175170,Marcin Kowalczyk,Sigma,2
399360,92429,Jens Hultén,Xi,3
399360,21430,Natassia Malthe,Rho,4
399360,1375195,Spencer Bogaert,Kappa,5
399360,169778,Mercedes de la Zerda,Nu,6
399360,10839,Leonor Varela,Shaman Woman,7
399360,1502989,Priya Rajaratnam,Huntress (uncredited),8
399360,2095674,Nashon Douglas,Lion Tribe #3 (uncredited),9
508883,2234011,Soma Santoki,Mahito Maki (voice),0
508883,585211,Masaki Suda,Gray Heron (voice),1
508883,58593,Ko Shibasaki,Kiriko (voice),2
508883,2705230,Aimyon,Lady Himi (voice),3
508883,72764,Yoshino Kimura,Natsuko (voice),4
508883,12670,Takuya Kimura,Shoichi Maki (voice),5
508883,548758,Keiko Takeshita,Izumi (voice),6
508883,119244,Jun Fubuki,Utako (voice),7
508883,930413,Sawako Agawa,Eriko (voice),8
508883,1815948,Karen Takizawa,Warawara (voice),9
522162,1047649,Ed Skrein,Lieutenant Richard 'Dick' Best,0
522162,17178,Patrick Wilson,Rear Admiral Edwin T. Layton,1
522162,57755,Woody Harrelson,Admiral Chester W. Nimitz,2
522162,114019,Luke Evans,Commander Wade McClusky,3
522162,16855,Mandy Moore,Anne Best,4
522162,967781,Luke Kleintank,Lieutenant Clarence Earle Dickinson,5
522162,6065,Dennis Quaid,Vice Admiral William 'Bull' Halsey,6
522162,6383,Aaron Eckhart,Lieutenant Colonel Jimmy Doolittle,7
522162,1448516,Keean Johnson,Chief Aviation Radioman James Murray,8
522162,130565,Nick Jonas,Bruno Gaido,9
539885,83002,Jessica Chastain,Ava,0
539885,6949,John Malkovich,Duke,1
539885,4238,Common,Michael,2
539885,72466,Colin Farrell,Simon,3
539885,16935,Geena Davis,Bobbi,4
539885,76999,Jess Weixler,Judy,5
539885,65524,Ioan Gruffudd,Peter,6
539885,2048372,Diana Silvers,Camille,7
539885,6720,Joan Chen,Toni,8
539885,1272901,Efka Kvaraciejus,Alain,9
292011,1294982,Paul Walter Hauser,Richard Jewell,0
292011,65717,Jon Hamm,Tom Shaw,1
292011,8534,Kathy Bates,Bobi Jewell,2
292011,6807,Sam Rockwell,Watson Bryant,3
292011,59315,Olivia Wilde,Kathy Scruggs,4
292011,971329,Nina Arianda,Nadya,5
292011,34457,Ian Gomez,Agent Dan Bennet,6
292011,1470,Wayne Duvall,Richard Rackleff,7
292011,2695,Dylan Kussman,Bruce Hughes,8
292011,65423,Mike Pniewski,Brandon Hamm,9
567189,135651,Michael B. Jordan,John Kelly,0
567189,478,Jamie Bell,Robert Ritter,1
567189,529,Guy Pearce,Thomas Clay,2
567189,1695989,Jodie Turner-Smith,Karen Greer,3
567189,98772,Lauren London,Pam Kelly,4
567189,224197,Brett Gelman,Victor Rykov,5
567189,2256312,Jacob Scipio,Hatchet,6
567189,1292258,Jack Kesy,Thunder,7
567189,91671,Colman Domingo,Pastor West,8
567189,208907,Todd Lasance,Dallas,9
419680,23659,Will Ferrell,Brad,0
419680,13240,Mark Wahlberg,Dusty,1
419680,2461,Mel Gibson,Kurt,2
419680,12074,John Lithgow,Don,3
419680,1817,Linda Cardellini,Sara,4
419680,207606,Alessandra Ambrosio,Karen,5
419680,1552636,Owen Vaccaro,Dylan,6
419680,1512021,Scarlett Estevez,Megan,7
419680,1363621,Didi Costine,Adrianna,8
419680,4451894,Connor Wise,Griffy,9
460458,115150,Kaya Scodelario,Claire Redfield,0
460458,1408809,Hannah John-Kamen,Jill Valentine,1
460458,1223726,Robbie Amell,Chris Redfield,2
460458,1017294,Tom Hopper,Albert Wesker,3
460458,212934,Avan Jogia,Leon Kennedy,4
460458,10825,Donal Logue,Chief Irons,5
460458,2203,Neal McDonough,William Birkin,6
460458,1324591,Lily Gao,Ada Wong,7
460458,74678,Chad Rook,Richard Aiken,8
460458,2551945,Marina Mazepa,Lisa Trevor,9
744275,1753914,Josephine Langford,Tessa Young,0
744275,1114487,Hero Fiennes Tiffin,Hardin Scott,1
744275,86653,Carter Jenkins,Robert Freeman,2
744275,20805,Louise Lombard,Trish Daniels,3
744275,2035329,Chance Perdomo,Landon Gibson,4
744275,20960,Rob Estes,Ken Scott,5
744275,20373,Arielle Kebbel,"Kimberly ""Kim"" Vance",6
744275,32203,Stephen Moyer,Christian Vance,7
744275,23931,Mira Sorvino,Carol Young,8
744275,1845809,Frances Turner,Karen Scott,9
718032,1741367,Alana Haim,Alana Kane,0
718032,2764542,Cooper Hoffman,Gary Valentine,1
718032,2228,Sean Penn,Jack Holden,2
718032,2887,Tom Waits,Rex Blau,3
718032,51329,Bradley Cooper,Jon Peters,4
718032,227564,Benny Safdie,Joel Wachs,5
718032,61263,Skyler Gisondo,Lance Brannigan,6
718032,139309,Mary Elizabeth Ellis,Momma Anita,7
718032,8265,John Michael Higgins,Jerry Frick,8
718032,4003,Christine Ebersole,Lucille Doolittle,9
762509,1763709,Aaron Pierre,Mufasa (voice),0
762509,1344361,Kelvin Harrison Jr.,Taka (voice),1
762509,1074676,Tiffany Boone,Sarabi (voice),2
762509,107529,Kagiso Lediga,Young Rafiki (voice),3
762509,1251835,Preston Nyman,Zazu (voice),4
762509,1680929,Blue Ivy Carter,Kiara (voice),5
762509,51878,John Kani,Rafiki (voice),6
762509,1019,Mads Mikkelsen,Kiros (voice),7
762509,19274,Seth Rogen,Pumbaa (voice),8
762509,973651,Billy Eichner,Timon (voice),9
591273,142115,Kiana Madeira,Deena,0
591273,1547061,Olivia Scott Welch,Samantha Fraser,1
591273,1335308,Benjamin Flores Jr.,Josh,2
591273,2280510,Julia Rehwald,Kate,3
591273,2099497,Fred Hechinger,Simon,4
591273,1903874,Maya Hawke,Heather,5
591273,175583,Charlene Amoia,Rachel Thompson / Sunnyvale Customer,6
591273,1194966,David Thompson,Ryan Torres,7
591273,2969804,Noah Bain Garret,Skull Mask,8
591273,1307543,Darrell Britt-Gibson,Martin,9
969681,1136406,Tom Holland,Peter Parker / Spider-Man,0
969681,505710,Zendaya,MJ,1
969681,103,Mark Ruffalo,Bruce Banner / Hulk,2
969681,19498,Jon Bernthal,Frank Castle / Punisher,3
969681,1649152,Jacob Batalon,Ned Leeds,4
969681,1590797,Sadie Sink,Jean Grey,5
969681,1373737,Florence Pugh,Yelena Belova / Black Widow,6
969681,59693,Liza Colón-Zayas,Detective Jean DeWolff,7
969681,2028037,Tramell Tillman,William 'Bill' Metzger,8
969681,3141,Marisa Tomei,May Parker,9
646389,17276,Gerard Butler,Brodie Torrance,0
646389,450,Mike Colter,Louis Gaspare,1
646389,3417,Tony Goldwyn,Scarsdale,2
646389,1305610,Yoson An,Samuel Dele,3
646389,1365981,Evan Dane Taylor,Datu Junmar,4
646389,85142,Paul Ben-Victor,Terry Hampton,5
646389,1257819,Daniella Pineda,Bonnie Lane,6
646389,2453169,Lilly Krug,Brie Taylor,7
646389,1701014,Kelly Gale,Katie Dhar,8
646389,1736538,Otis Winston,RCMP Officer Knight,9
449562,1813,Anne Hathaway,Josephine Chesterfield,0
449562,221581,Rebel Wilson,Penny Rust,1
449562,136127,Alex Sharp,Thomas Westerburg,2
449562,14329,Dean Norris,Howard Bacon,3
449562,1181329,Timothy Simons,Jeremy,4
449562,222051,Ingrid Oliver,Brigitte Desjardins,5
449562,118617,Nicholas Woodeson,Albert,6
449562,1278487,Hannah Waddingham,Shiraz,7
449562,1625156,Douggie McMeekin,Jason,8
449562,1091324,Rob Delaney,Todd,9
467244,71374,Christian Friedel,Rudolf Höss,0
467244,7152,Sandra Hüller,Hedwig Höss,1
467244,4072267,Johann Karthaus,Claus Höss,2
467244,4452138,Luis Noah Witte,Hans Höss,3
467244,4072269,Nele Ahrensmeier,Inge-Brigit Höss,4
467244,4072268,Lilli Falk,Heideraud Höss,5
467244,4452146,Anastazja Drobniak,Annagret Höss,6
467244,4452147,Cecylia Pekala,Annagret Höss,7
467244,4452144,Kalman Wilson,Annagret Höss,8
467244,4072265,Medusa Knopf,Elfriede,9
476299,128629,Crystal Reed,Beth,0
476299,145755,Mylène Farmer,Pauline,1
476299,1245422,Anastasia Phillips,Vera,2
476299,1331023,Emilia Jones,Young Beth,3
476299,1493223,Taylor Hickson,Young Vera,4
476299,1024492,Rob Archer,Fat Man,5
476299,1148697,Adam Hurtig,Beth's Husband,6
476299,1701243,Alicia Johnston,Cooper,7
476299,1303813,Erik Athavale,Ambulance Paramedic,8
476299,2045112,Kevin Power,Candy Truck Woman,9
458305,17606,Imogen Poots,Gemma,0
458305,44735,Jesse Eisenberg,Tom,1
458305,2011569,Senan Jennings,Young Boy,2
458305,2294600,Éanna Hardwicke,Older Boy,3
458305,28477,Jonathan Aris,Martin,4
458305,5776555,Côme Thiry,Baby,5
458305,2249889,Molly McCann,Molly,6
458305,2315708,Danielle Ryan,School Mom,7
458305,84647,Olga Wehrly,Crying Woman,8
458305,5776557,Fionn Lockett,Boy at TV,9
949423,1137824,Mia Goth,Pearl,0
949423,1785590,David Corenswet,Projectionist,1
949423,33310,Tandi Wright,Ruth,2
949423,67119,Matthew Sunderland,Father,3
949423,3556657,Emma Jenkins-Purro,Mitsy,4
949423,2285548,Alistair Sewell,Howard,5
949423,2614430,Amelia Reid,Margaret,6
949423,2466909,Gabe McDonnell,Woman,7
949423,1339419,Lauren Stewart,Pianist,8
949423,1336161,Todd Rippon,Director,9
619778,82809,Annabelle Wallis,Madison Mitchell,0
619778,593202,Maddie Hasson,Sydney Lake,1
619778,1622199,George Young,Detective Kekoa Shaw,2
619778,536271,Michole Briana White,Detective Regina Moss,3
619778,62547,Susanna Thompson,Jeanne,4
619778,117656,Ingrid Bisu,Winnie,5
619778,26495,Jean Louisa Kelly,Jane Doe,6
619778,105727,Jake Abel,Derek Mitchell,7
619778,28744,Jacqueline McKenzie,Dr. Florence Weaver,8
619778,41517,Christian Clemenson,Dr. Victor Fields,9
602223,57409,Ana de la Reguera,Adela,0
602223,6164,Josh Lucas,Dylan Tucker,1
602223,2098451,Willow Beuoy,Ally,2
602223,207401,Leven Rambin,Harper Tucker,3
602223,883,Will Patton,Caleb Tucker,4
602223,138770,Cassidy Freeman,Emma Kate,5
602223,87265,Tenoch Huerta Mejía,Juan,6
602223,108696,Susie Abromeit,Mrs. Hardin,7
602223,202930,Anthony Molinari,Merc,8
602223,1809025,Alejandro Edda,T.T.,9
565426,1452046,Lana Condor,Lara Jean Song Covey,0
565426,1253353,Noah Centineo,Peter Kavinsky,1
565426,1192274,Jordan Fisher,John Ambrose McClaren,2
565426,1683266,Anna Cathcart,"Katherine ""Kitty"" Song Covey",3
565426,38405,John Corbett,Daniel Covey,4
565426,1224130,Sarayu Blue,Trina Rothschild,5
565426,93377,Janel Parrish,Margot Song Covey,6
565426,1299232,Ross Butler,Trevor Pike,7
565426,1463652,Madeleine Arthur,Christine,8
565426,1783292,Emilija Baranac,Genevieve,9
429300,94185,Shailene Woodley,Tami Oldham,0
429300,237455,Sam Claflin,Richard Sharp,1
429300,218563,Jeffrey Thomas,Peter,2
429300,5533,Elizabeth Hawthorne,Christine,3
429300,1970052,Grace Palmer,Deb,4
429300,2176646,Tami Ashcraft,Herself,5
429300,2176651,Siale Tunoka,Customs Agent,6
429300,2176652,Kael Damlamian,Smiley,7
429300,2176653,Lei-Ming Caine,Outrigger Girl,8
429300,2018631,Neil Andrea,Crewman,9
480414,1817,Linda Cardellini,Anna Tate-Garcia,0
480414,58650,Raymond Cruz,Rafael Olvera,1
480414,18920,Patricia Velásquez,Patricia Alvarez,2
480414,1951452,Roman Christou,Chris Garcia,3
480414,1503744,Jaynee-Lynne Kinchen,Samantha Garcia,4
480414,1538713,Marisol Ramirez,La Llorona,5
480414,11868,Sean Patrick Thomas,Detective Cooper,6
480414,34842,Tony Amendola,Father Perez,7
480414,1951453,Oliver Alexander,Carlos,8
480414,1901967,Aiden Lewandowski,Tomas,9
459151,11006,James Marsden,Tim (voice),0
459151,7447,Alec Baldwin,Boss Baby (Ted) (voice),1
459151,12110,Amy Sedaris,Tina (voice),2
459151,1767250,Ariana Greenblatt,Tabitha (voice),3
459151,4785,Jeff Goldblum,Dr. Armstrong (voice),4
459151,52605,Eva Longoria,Carol (voice),5
459151,1803677,James McGrath,Wizzie (voice),6
459151,78303,Jimmy Kimmel,Grandpa (Ted Sr.) (voice),7
459151,14406,Lisa Kudrow,Grandma (Janice) (voice),8
459151,1368512,Raphael Alejandro,Nathan / Lead Baby Ninja (voice),9
568160,2194388,Kotaro Daigo,Hodaka Morishima (voice),0
568160,2109360,Nana Mori,Hina Amano (voice),1
568160,1255487,Tsubasa Honda,Natsumi Suga (voice),2
568160,2352340,Sakura Kiryu,Nagisa Amano (voice),3
568160,85939,Sei Hiraizumi,Yasui (voice),4
568160,533325,Chieko Baisho,Fumi Tachibana (voice),5
568160,46364,Shun Oguri,Keisuke Suga (voice),6
568160,149894,Yuki Kaji,Takai (voice),7
568160,613,Sumi Shimamoto,Mamiya (voice),8
568160,5166973,Moe Katsuki,Moka Suga (voice),9
776503,1331023,Emilia Jones,Ruby Rossi,0
776503,19797,Marlee Matlin,Jackie Rossi,1
776503,1571661,Troy Kotsur,Frank Rossi,2
776503,239574,Eugenio Derbez,Bernardo Villalobos,3
776503,1539216,Ferdia Walsh-Peelo,Miles,4
776503,1514387,Daniel Durant,Leo Rossi,5
776503,1369336,Amy Forsyth,Gertie,6
776503,4728,Kevin Chapman,Brady,7
776503,935624,John Fiore,Tony Salgado,8
776503,188049,Lonnie Farmer,Arthur,9
634492,118545,Dakota Johnson,Cassandra Webb,0
634492,115440,Sydney Sweeney,Julia Cornwall,1
634492,1428070,Isabela Merced,Anya Corazón,2
634492,1972881,Celeste O'Connor,Mattie Franklin,3
634492,81051,Tahar Rahim,Ezekiel Sims,4
634492,51944,Mike Epps,O'Neil,5
634492,34847,Emma Roberts,Mary Parker,6
634492,36801,Adam Scott,Ben Parker,7
634492,58356,Kerry Bishé,Constance,8
634492,206966,Zosia Mamet,Amaria,9
416477,466505,Kumail Nanjiani,Kumail Nanjiani,0
416477,35028,Zoe Kazan,Emily Gardner,1
416477,18686,Holly Hunter,Beth Gardner,2
416477,15757,Ray Romano,Terry Gardner,3
416477,6217,Anupam Kher,Azmat Nanjiani,4
416477,1809782,Zenobia Shroff,Sharmeen Nanjiani,5
416477,81840,Adeel Akhtar,Naveed Nanjiani,6
416477,115128,Bo Burnham,CJ,7
416477,1093920,Aidy Bryant,Mary,8
416477,1059412,Kurt Braunohler,Chris,9
522931,10859,Ryan Reynolds,Michael Bryce,0
522931,2231,Samuel L. Jackson,Darius Kincaid,1
522931,3136,Salma Hayek Pinault,Sonia Kincaid,2
522931,3131,Antonio Banderas,Aristotle Papdopolous,3
522931,192,Morgan Freeman,Senior,4
522931,81685,Frank Grillo,Bobby O'Neill,5
522931,6692,Caroline Goodall,Crowley,6
522931,155530,Rebecca Front,Therapist,7
522931,118200,Gabriella Wright,Veronika,8
522931,1650566,Alice McMillan,Ailso,9
848326,568657,Sofia Boutella,Kora / Arthelais,0
848326,938,Djimon Hounsou,Titus,1
848326,1047649,Ed Skrein,Atticus Noble,2
848326,91520,Michiel Huisman,Gunnar,3
848326,21688,Bae Doona,Nemesis,4
848326,1313559,Ray Fisher,Darrian Bloodaxe,5
848326,56365,Charlie Hunnam,Kai,6
848326,4173,Anthony Hopkins,Jimmy (voice),7
848326,1564557,Staz Nair,Tarak,8
848326,1278528,Fra Fee,Balisarius,9
418078,33192,Joel Edgerton,Paul,0
418078,984629,Christopher Abbott,Will,1
418078,37158,Carmen Ejogo,Sarah,2
418078,98522,Riley Keough,Kim,3
418078,1344361,Kelvin Harrison Jr.,Travis,4
418078,1752504,Griffin Robert Faulkner,Andrew,5
418078,1375271,David Pendleton,Bud,6
418078,1828602,Mikey,Stanley,7
418078,1423664,Chase Joliet,Man #1,8
418078,122260,Mick O'Rourke,Man #2,9
412656,1136406,Tom Holland,Todd Hewitt,0
412656,1315036,Daisy Ridley,Viola Eade,1
412656,1019,Mads Mikkelsen,Mayor David Prentiss,2
412656,76961,Demián Bichir,Ben Moore,3
412656,35013,David Oyelowo,Aaron,4
412656,200043,Kurt Sutter,Cillian Boyd,5
412656,1765068,Cynthia Erivo,Hildy,6
412656,1254367,Bethany Anne Lind,Karyssa Hewitt,7
412656,130565,Nick Jonas,Davy Prentiss Jr.,8
412656,1472,Ray McKinnon,Matthew,9
549053,1223786,Emilia Clarke,Kate  Andrich,0
549053,1807132,Henry Golding,Tom Webster,1
549053,1620,Michelle Yeoh,Santa,2
549053,7056,Emma Thompson,Petra Andrich,3
549053,82807,Lydia Leonard,Marta Andrich,4
549053,36659,Boris Isaković,Ivan Andrich,5
549053,1631710,Rebecca Root,Dr. Addis,6
549053,222051,Ingrid Oliver,Police Woman Crowley,7
549053,1533579,Laura Evelyn,Police Woman Churchill,8
549053,5699,Patti LuPone,Joyce,9
335796,1456341,Parker Mack,Mikey,0
335796,1024722,Annalise Basso,Paulina Zander,1
335796,53755,Elizabeth Reaser,Alice Zander,2
335796,1883866,Lulu Wilson,Doris Zander,3
335796,9976,Henry Thomas,Father Tom,4
335796,1698606,Halle Charlton,Ellie,5
335796,1505505,Alexis G. Zall,Betty,6
335796,17005,Doug Jones,Marcus,7
335796,932076,Kate Siegel,Jenny Browning,8
335796,36221,Sam Anderson,Mr. Browning,9
539537,454,Michael Peña,Mr. Roarke,0
539537,21045,Maggie Q,Gwen Olsen,1
539537,205307,Lucy Hale,Melanie Cole,2
539537,12132,Michael Rooker,Damon,3
539537,970216,Austin Stowell,Patrick Sullivan,4
539537,1468779,Jimmy O. Yang,Brax Weaver,5
539537,117669,Portia Doubleday,Sloane Maddison,6
539537,1514065,Charlotte McKinney,Chastity,7
539537,78433,Ryan Hansen,J. D. Weaver,8
539537,6858,Mike Vogel,Lieutenant Sullivan,9
629542,6807,Sam Rockwell,Wolf (voice),0
629542,1231717,Marc Maron,Snake (voice),1
629542,1625558,Awkwafina,Tarantula (voice),2
629542,64342,Craig Robinson,Shark (voice),3
629542,1560244,Anthony Ramos,Piranha (voice),4
629542,98103,Richard Ayoade,Professor Marmalade (voice),5
629542,1545693,Zazie Beetz,Diane Foxington (voice),6
629542,24357,Alex Borstein,Police Chief Misty Luggins (voice),7
629542,1576058,Lilly Singh,Tiffany Fluffit (voice),8
629542,85294,Barbara Goodson,Old Lady (voice),9
1304313,1007683,Jack Reynor,Charlie Cannon,0
1304313,1425019,Laia Costa,Larissa Cannon,1
1304313,1952051,May Calamawy,Detective Dalia Zaki,2
1304313,3524429,Natalie Grace,Katie Cannon,3
1304313,2886183,Shylo Molina,Sebastián Cannon,4
1304313,3768556,Billie Roy,Maud Cannon,5
1304313,1029593,Veronica Falcón,Carmen Santiago,6
1304313,1743875,Hayat Kamille,The Magician,7
1304313,1850319,May Elghety,Layla Khalil,8
1304313,3543561,Emily Mitchell,Young Katie Cannon,9
840430,13242,Paul Giamatti,Paul Hunham,0
840430,3918497,Dominic Sessa,Angus Tully,1
840430,1180099,Da'Vine Joy Randolph,Mary Lamb,2
840430,7465,Carrie Preston,Miss Lydia Crane,3
840430,3013234,Brady Hepner,Teddy Kountze,4
840430,3797133,Ian Dolley,Alex Ollerman,5
840430,3650522,Jim Kaplan,Ye-Joon Park,6
840430,1517841,Michael Provost,Jason Smith,7
840430,206902,Andrew Garman,Dr. Hardy Woodrup,8
840430,1745909,Naheem Garcia,Danny,9
581392,83014,Gang Dong-won,Han Jung-seok,0
581392,1244822,Lee Jung-hyun,Min-jung,1
581392,1299244,Lee Re,Joon-yi,2
581392,554945,Kwon Hae-hyo,Kim Noh-in,3
581392,573792,Kim Min-jae,Sergeant Hwang,4
581392,1096458,Koo Kyo-hwan,Captain Seo,5
581392,1793046,Kim Do-yoon,Chul-min,6
581392,1924149,Lee Ye-won,Yu-jin,7
581392,2478781,Kim Kyu-baek,Kim Yi-byung,8
581392,463583,Jang So-yeon,Jung-seok's Sister,9
316023,29222,Zac Efron,Dave Stangle,0
316023,84223,Anna Kendrick,Alice,1
316023,212604,Adam Devine,Mike Stangle,2
316023,119592,Aubrey Plaza,Tatiana,3
316023,1429453,Sam Richardson,Eric,4
316023,17401,Stephen Root,Burt,5
316023,1281758,Sugar Lyn Beard,Jeanie Stangle,6
316023,106730,Branscombe Richmond,Kalani - BBQ Chef,7
316023,1231717,Marc Maron,Randy,8
316023,543505,Jake Johnson,Ronnie,9
14564,1464589,Matilda Lutz,Julia,0
14564,1167375,Alex Roe,Holt Anthony,1
14564,16478,Johnny Galecki,Gabriel Brown,2
14564,7132,Vincent D'Onofrio,Galen Burke,3
14564,221841,Zach Roerig,Carter,4
14564,145836,Aimee Teegarden,Skye Johnston,5
14564,58517,Bonnie Morgan,Samara Morgan,6
14564,1502945,Chuck David Willis,Blue,7
14564,1635137,Patrick Walker,Jamal,8
14564,439253,Laura Slade Wiggins,Faith,9
457335,10980,Daniel Radcliffe,Miles,0
457335,1372369,Samara Weaving,Nix,1
457335,1583307,Natasha Liu Bordizzo,Nova,2
457335,63362,Ned Dennehy,Riktor,3
457335,82666,Rhys Darby,Glenjamin,4
457335,56385,Grant Bowler,Degraves,5
457335,571569,Edwin Wright,Stanton,6
457335,966556,Milo Cawthorne,Hadley,7
457335,1799858,Mark Rowley,Dane,8
457335,2553625,Racheal Ofori,Effie,9
339877,230680,Douglas Booth,Armand Roulin,0
339877,1702761,Robert Gulaczyk,Vincent van Gogh,1
339877,73357,Eleanor Tomlinson,Adeline Ravoux,2
339877,15737,Helen McCrory,Louise Chevalier,3
339877,36592,Saoirse Ronan,Marguerite Gachet,4
339877,40477,Chris O'Dowd,Postman Joseph Roulin,5
339877,26860,John Sessions,Pere Tanguy,6
339877,195930,Jerome Flynn,Paul Gachet,7
339877,207558,Aidan Turner,Boatman,8
339877,1383391,Holly Earl,La Mousmé,9
407436,935701,Rohan Chand,Mowgli,0
407436,3894,Christian Bale,Bagheera (voice),1
407436,112,Cate Blanchett,Kaa (voice),2
407436,71580,Benedict Cumberbatch,Shere Khan (voice),3
407436,2038,Naomie Harris,Nisha (voice),4
407436,1333,Andy Serkis,Baloo (voice),5
407436,3064,Peter Mullan,Akela (voice),6
407436,1007683,Jack Reynor,Brother Wolf (voice),7
407436,1665,Eddie Marsan,Vihaan (voice),8
407436,2441,Tom Hollander,Tabaqui (voice),9
1106739,3292,Nicholas Hoult,Justin Kemp,0
1106739,3051,Toni Collette,Faith Killebrew,1
1106739,18999,J.K. Simmons,Harold,2
1106739,61659,Chris Messina,Eric Resnick,3
1106739,222122,Gabriel Basso,James Michael Sythe,4
1106739,1059597,Zoey Deutch,Allison Crewson,5
1106739,63235,Cedric Yarbrough,Marcus,6
1106739,57451,Leslie Bibb,Denice Aldworth,7
1106739,2628,Kiefer Sutherland,Larry Lasker,8
1106739,33457,Amy Aquino,Judge Thelma Hollub,9
899112,35029,David Harbour,Santa,0
899112,5723,John Leguizamo,Scrooge,1
899112,821,Beverly D'Angelo,Gertrude,2
899112,178634,Alex Hassell,Jason,3
899112,2273501,Alexis Louder,Linda,4
899112,205213,Edi Patterson,Alva,5
899112,55086,Cam Gigandet,Morgan Steel,6
899112,3607144,Leah Brady,Trudy,7
899112,1150197,André Eriksen,Gingerbread,8
899112,32205,Brendan Fletcher,Krampus,9
1084199,1981044,Sophie Thatcher,Iris,0
1084199,1030513,Jack Quaid,Josh,1
1084199,1371509,Lukas Gage,Patrick,2
1084199,2073513,Megan Suri,Kat,3
1084199,210172,Harvey Guillén,Eli,4
1084199,36669,Rupert Friend,Sergey,5
1084199,1998733,Jaboukie Young-White,Teddy,6
1084199,1152011,Matthew J. McCarthy,Sid,7
1084199,212776,Marc Menchaca,Deputy Hendrix,8
1084199,3303063,Woody Fu,Mateo,9
587807,56734,Chloë Grace Moretz,Kayla Forrester,0
587807,454,Michael Peña,Terence Mendoza,1
587807,1226277,Colin Jost,Ben,2
587807,1091324,Rob Delaney,Henry Dubros,3
587807,83586,Ken Jeong,Chef Jackie,4
587807,979599,Pallavi Sharda,Preeta,5
587807,1674734,Jordan Bolger,Cameron,6
587807,1600085,Patsy Ferran,Joy the Bell Girl,7
587807,21127,Bobby Cannavale,Spike (voice),8
587807,1688196,Nicky Jam,Butch (voice),9
747188,17881,Jason Schwartzman,Augie Steenbeck,0
747188,1245,Scarlett Johansson,Midge Campbell,1
747188,31,Tom Hanks,Stanley Zak,2
747188,2954,Jeffrey Wright,General Gibson,3
747188,3063,Tilda Swinton,Dr. Hickenlooper,4
747188,17419,Bryan Cranston,The Host,5
747188,819,Edward Norton,Conrad Earp,6
747188,3490,Adrien Brody,Schubert Green,7
747188,23626,Liev Schreiber,J.J. Kellogg,8
747188,15250,Hope Davis,Sandy Borden,9
303991,131,Jake Gyllenhaal,Davis Mitchell,0
303991,3489,Naomi Watts,Karen Moreno,1
303991,2955,Chris Cooper,Phil Eastwood,2
303991,1538780,Judah Lewis,Chris Moreno,3
303991,1363367,C.J. Wilson,Carl,4
303991,114470,Polly Draper,Margot Eastwood,5
303991,1455784,Malachy Cleary,Davis' Dad,6
303991,10386,Debra Monk,Davis' Mom,7
303991,1196536,Heather Lind,Julia,8
303991,19490,Wass Stevens,Jimmy,9
552178,103,Mark Ruffalo,Robert Bilott,0
552178,1813,Anne Hathaway,Sarah Bilott,1
552178,504,Tim Robbins,Tom Terp,2
552178,8984,Bill Pullman,Harry Dietzler,3
552178,121718,Bill Camp,Wilbur Tennant,4
552178,8536,Victor Garber,Phil Donnelly,5
552178,51544,Mare Winningham,Darlene Kiger,6
552178,1410478,William Jackson Harper,James Ross,7
552178,131871,Louisa Krause,Carla Pfeiffer,8
552178,1213105,Kevin Crowley,Larry Winter,9
364433,76339,Claudio Santamaria,Enzo Ceccotti,0
364433,509344,Luca Marinelli,Zingaro,1
364433,1523981,Ilenia Pastorelli,Alessia,2
364433,120640,Stefano Ambrogi,Sergio,3
364433,1029632,Maurizio Tesei,Biondo,4
364433,1600827,Daniele Trombetti,Tazzina,5
364433,1377527,Francesco Formichetti,Sperma,6
364433,1879859,Joel Sy,Claudietto,7
364433,1343865,Salvatore Esposito,Vincenzo,8
364433,232665,Gianluca Di Gennaro,Antonio,9
648579,2963,Nicolas Cage,Nick Cage / Nicky,0
648579,1253360,Pedro Pascal,Javi Gutierrez,1
648579,21676,Sharon Horgan,Olivia,2
648579,198150,Ike Barinholtz,Martin,3
648579,145326,Alessandra Mastronardi,Gabriela,4
648579,2256312,Jacob Scipio,Carlos,5
648579,1330527,Lily Mo Sheen,Addy Cage,6
648579,41686,Neil Patrick Harris,Richard Fink,7
648579,1230868,Tiffany Haddish,Vivian,8
648579,224870,Paco León,Lucas Gutierrez,9
267193,6730,Sacha Baron Cohen,Kyle 'Nobby' Butcher,0
267193,2983,Mark Strong,Agent Sebastian Graves,1
267193,52848,Isla Fisher,Jodie Figgis,2
267193,955,Penélope Cruz,Rhonda George,3
267193,221581,Rebel Wilson,Dawn Grobham,4
267193,109560,Gabourey Sidibe,Banu,5
267193,82809,Annabelle Wallis,Marianne,6
267193,1205267,Nick Sampson,WHN Newscaster,7
267193,16752,David Harewood,Black Gareth,8
267193,78110,Scott Adkins,Pavel Lukashenko,9
365942,77996,Asa Butterfield,Gardner Elliot,0
365942,52018,Britt Robertson,Tulsa,1
365942,17832,Carla Gugino,Kendra Wyndham,2
365942,64,Gary Oldman,Nathaniel Shepherd,3
365942,90755,Janet Montgomery,Sarah Elliot,4
365942,14592,BD Wong,Tom Chen,5
365942,1670767,Trey Tucker,Harrison Lane,6
365942,1439204,Scott Takeda,Dr. Gary Loh,7
365942,1670749,Adande 'Swoozie' Thorne,Scott Hubbard,8
365942,1260554,Sarah Minnich,Reporter,9
625568,934,Russell Crowe,Man (Tom Cooper),0
625568,1046903,Caren Pistorius,Rachel Flynn,1
625568,1352028,Gabriel Bateman,Kyle Flynn,2
625568,22125,Jimmi Simpson,Andy,3
625568,1685880,Austin P. McKenzie,Fred,4
625568,2477513,Juliene Joyner,Mary,5
625568,1181328,Stephen Louis Grush,Leo,6
625568,139553,Anne Leighton,Deborah Haskell,7
625568,20582,Michael Papajohn,Homer,8
625568,555652,Lucy Faust,Rosie,9
663712,1882502,Lauren LaVera,Sienna Shaw,0
663712,1880016,David Howard Thornton,Art the Clown,1
663712,2787720,Elliott Fullam,Jonathan Shaw,2
663712,3383606,Sarah Voigt,Barbara,3
663712,3790695,Kailey Hyman,Brooke,4
663712,1202687,Casey Hartnett,Allie,5
663712,2119066,Charlie McElveen,Jeff,6
663712,2807731,Amelie McLain,The Little Pale Girl,7
663712,3750570,Johnath Davis,Ricky,8
663712,1676771,Samantha Scaffidi,Victoria Heyes,9
384680,3894,Christian Bale,Captain Joseph J. Blocker,0
384680,10882,Rosamund Pike,Rosalee Quaid,1
384680,15853,Wes Studi,Chief Yellow Hawk,2
384680,88124,Jesse Plemons,Lieutenant Rudy Kidder,3
384680,33527,Adam Beach,Black Hawk,4
384680,51792,Rory Cochrane,Master Sergeant Thomas Metz,5
384680,3064,Peter Mullan,Lieutenant Colonel Ross McCowan,6
384680,6914,Scott Wilson,Cyrus Lounde,7
384680,220448,Paul Anderson,Corporal Tommy Thomas,8
384680,1190668,Timothée Chalamet,Private Philippe DeJardin,9
290512,17605,Idris Elba,Dr. Ben Bass,0
290512,204,Kate Winslet,Alex Martin,1
290512,20212,Dermot Mulroney,Mark Robertson,2
290512,2222,Beau Bridges,Walter,3
290512,1087584,Linda Sorensen,Pamela,4
290512,1826633,Mercy Myrdal,Sarah Bass,5
290512,1948756,Dania Nassar,Mrs. Qabbani,6
290512,146294,Vincent Gale,Airline Customer Service,7
290512,112645,Marci T. House,Airline Representative,8
290512,208677,Lee Majdoub,Translator,9
931285,1372,Karl Urban,Johnny Cage,0
931285,2168270,Adeline Rudolph,Kitana,1
931285,1525689,Ludi Lin,Liu Kang,2
931285,136347,Jessica McNamee,Sonya Blade,3
931285,1510237,Martyn Ford,Shao Kahn,4
931285,189230,Josh Lawson,Kano,5
931285,1859934,Tati Gabrielle,Jade,6
931285,51684,Mehcad Brooks,Jax Briggs,7
931285,13275,Tadanobu Asano,Lord Raiden,8
931285,101015,Chin Han,Shang Tsung,9
968051,527313,Taissa Farmiga,Sister Irene,0
968051,5529,Anna Popplewell,Kate,1
968051,566080,Jonas Bloquet,Maurice Theriault,2
968051,1344344,Storm Reid,Sister Debra,3
968051,3607815,Katelyn Rose Downey,Sophie,4
968051,2490509,Léontine d'Oncieu,Simone,5
968051,4033927,Anouk Darwin Homewood,Céleste,6
968051,3589497,Sarah Pachoud,Emily,7
968051,162413,Suzanne Bertish,Madame Laurent,8
968051,87287,Bonnie Aarons,The Demon Nun / Valak,9
483906,1019,Mads Mikkelsen,Duncan Vizla,0
483906,67599,Vanessa Hudgens,Camille,1
483906,26723,Katheryn Winnick,Vivian,2
483906,180924,Inga Cadranel,Regina,3
483906,1997524,Fei Ren,Hilde,4
483906,229396,Ruby O. Fee,Sindy,5
483906,26209,Matt Lucas,Blut,6
483906,112692,Robert Maillet,Karl,7
483906,1494851,Anthony Grant,Facundo,8
483906,1451899,Josh Cruddas,Alexei,9
332210,62861,Andy Samberg,Junior (voice),0
332210,972599,Katie Crown,Tulip (voice),1
332210,7090,Kelsey Grammer,Hunter (voice),2
332210,4491,Jennifer Aniston,Sarah Gardner (voice),3
332210,15232,Ty Burrell,Henry Gardner (voice),4
332210,1360088,Anton Starkman,Nate Gardner (voice),5
332210,298410,Keegan-Michael Key,Alpha Wolf (voice),6
332210,291263,Jordan Peele,Beta Wolf (voice),7
332210,120720,Stephen Kramer Glickman,Pigeon Toady (voice),8
332210,11160,Danny Trejo,Jasper (voice),9
581600,13240,Mark Wahlberg,Spenser,0
581600,1447932,Winston Duke,Hawk,1
581600,1903,Alan Arkin,Henry,2
581600,96316,Iliza Shlesinger,Cissy Davis,3
581600,33241,Michael Gaston,Captain Boylan,4
581600,71913,Bokeem Woodbine,Driscoll,5
581600,1231717,Marc Maron,Wayne Cosgrove,6
581600,97446,James DuMont,Bentwood,7
581600,1821863,Post Malone,'Squeeb',8
581600,13023,Colleen Camp,Betty,9
428449,1893,Casey Affleck,C,0
428449,108916,Rooney Mara,M,1
428449,1852189,McColm Cephas Jr.,Little Boy,2
428449,1852188,Kenneisha Thompson,Doctor,3
428449,1319845,Grover Coulson,Man in Wheelchair,4
428449,1160977,Liz Cardenas,Linda,5
428449,71885,Barlow Jacobs,Gentleman Caller,6
428449,1285852,Richard Krause,Mover,7
428449,3053911,Dagger Salazar,Mover,8
428449,1716511,Sonia Acevedo,Maria,9
522212,135651,Michael B. Jordan,Bryan Stevenson,0
522212,60073,Brie Larson,Eva Ansley,1
522212,134,Jamie Foxx,Walter McMillian,2
522212,1371398,O'Shea Jackson Jr.,Anthony Ray Hinton,3
522212,28847,Rafe Spall,Tommy Champan,4
522212,1281250,Rob Morgan,Herbert Richardson,5
522212,1462,Tim Blake Nelson,Ralph Myers,6
522212,51456,Rhoda Griffis,Judge Pamela Bachab,7
522212,1507385,J. Alphonse Nicholson,Henry Davis,8
522212,935721,Karan Kendrick,Minnie McMillian,9
763285,131,Jake Gyllenhaal,Danny Sharp,0
763285,1639847,Yahya Abdul-Mateen II,Will Sharp,1
763285,1222992,Eiza González,Cam Thompson,2
763285,39520,Garret Dillahunt,Captain Monroe,3
763285,39213,Keir O'Donnell,FBI Agent Anson Clark,4
763285,1898600,Jackson White,Officer Zach,5
763285,126337,Olivia Stambouliah,Lieutenant Dhazghig,6
763285,2042908,Moses Ingram,Amy Sharp,7
763285,1660946,Colin Woodell,EMT Scott,8
763285,123587,Cedric Sanders,Officer Mark,9
481084,25072,Oscar Isaac,Gomez Addams (voice),0
481084,6885,Charlize Theron,Morticia Addams (voice),1
481084,56734,Chloë Grace Moretz,Wednesday Addams (voice),2
481084,1442069,Finn Wolfhard,Pugsley Addams (voice),3
481084,208519,Nick Kroll,Uncle Fester (voice),4
481084,19767,Snoop Dogg,Cousin Itt (voice),5
481084,73931,Bette Midler,Grandma (voice),6
481084,19,Allison Janney,Margaux Needler (voice),7
481084,519,Martin Short,Grandpa Frump (voice),8
481084,11514,Catherine O'Hara,Grandma Frump (voice),9
401469,19492,Viola Davis,Veronica Rawlings,0
401469,17647,Michelle Rodriguez,Linda,1
401469,1133349,Elizabeth Debicki,Alice,2
401469,1765068,Cynthia Erivo,Belle,3
401469,72466,Colin Farrell,Jack Mulligan,4
401469,3087,Robert Duvall,Tom Mulligan,5
401469,3896,Liam Neeson,Harry Rawlings,6
401469,226366,Brian Tyree Henry,Jamal Manning,7
401469,206919,Daniel Kaluuya,Jatemme Manning,8
401469,526,Lukas Haas,David,9
804150,41292,Keri Russell,Sari,0
804150,71375,Alden Ehrenreich,Eddie,1
804150,1371398,O'Shea Jackson Jr.,Daveed,2
804150,11477,Ray Liotta,Syd,3
804150,17490,Isiah Whitlock Jr.,Bob,4
804150,1704640,Brooklynn Prince,Dee Dee,5
804150,1721268,Christian Convery,Henry,6
804150,452,Margo Martindale,Ranger Liz,7
804150,204815,Jesse Tyler Ferguson,Peter,8
804150,571418,Kristofer Hivju,Olaf,9
347375,13240,Mark Wahlberg,James Silva,0
347375,62220,Lauren Cohan,Alice Kerr,1
347375,113732,Iko Uwais,Li Noor,2
347375,6949,John Malkovich,Bishop,3
347375,997887,Ronda Rousey,Sam Snow,4
347375,11067,Terry Kinney,Johnny Porter,5
347375,52863,Carlo Alban,William Douglas III,6
347375,1685881,Emily Skeggs,MIT,7
347375,1044954,Sam Medina,Axel,8
347375,428440,Poorna Jagannathan,Dorothy Brady,9
280217,73457,Chris Pratt,Emmet Brickowski / Rex Dangervest (voice),0
280217,9281,Elizabeth Banks,Wyldstyle / Lucy (voice),1
280217,21200,Will Arnett,Batman (voice),2
280217,1230868,Tiffany Haddish,Queen Watevra Wa'Nabi (voice),3
280217,968367,Stephanie Beatriz,General Mayhem / Sweet Mayhem (voice),4
280217,88029,Alison Brie,Unikitty / Ultrakatty (voice),5
280217,17039,Nick Offerman,MetalBeard (voice),6
280217,95101,Charlie Day,Benny (voice),7
280217,52792,Maya Rudolph,Mom,8
280217,23659,Will Ferrell,President Business / Dad,9
369557,1539216,Ferdia Walsh-Peelo,"Conor ""Cosmo"" Lalor",0
369557,86232,Lucy Boynton,Raphina,1
369557,1007683,Jack Reynor,Brendan Lalor,2
369557,1570231,Ben Carolan,Darren,3
369557,1539217,Mark McKenna,Eamon,4
369557,1198869,Kelly Thornton,Ann Lalor,5
369557,33394,Maria Doyle Kennedy,Penny Lalor,6
369557,49735,Aidan Gillen,Robert Lalor,7
369557,1570235,Ian Kenny,Barry,8
369557,1570232,Percy Chamburuka,Ngig,9
502416,6944,Octavia Spencer,Sue Ann,0
502416,3196,Juliette Lewis,Erica,1
502416,2048372,Diana Silvers,Maggie,2
502416,1355176,McKaley Miller,Haley,3
502416,1453680,Corey Fogelmanis,Andy,4
502416,114019,Luke Evans,Ben Hawkins,5
502416,1735641,Gianni Paolo,Chaz,6
502416,1032439,Dante Brown,Darrell,7
502416,55789,Tate Taylor,Officer Grainger,8
502416,1294,Missi Pyle,Mercedes,9
539972,27428,Aaron Taylor-Johnson,Sergei Kravinoff / Kraven the Hunter,0
539972,1437491,Ariana DeBose,Calypso Ezili,1
539972,2099497,Fred Hechinger,Dmitri Kravinoff,2
539972,4941,Alessandro Nivola,Aleksei Sytsevich,3
539972,984629,Christopher Abbott,The Foreigner,4
539972,934,Russell Crowe,Nikolai Kravinoff,5
539972,238130,Yuri Kolokolnikov,Semyon Chorney,6
539972,1313583,Levi Miller,Young Sergei,7
539972,1546022,Tom Reed,Bert,8
539972,1840063,Billy Barratt,Young Dmitri,9
696374,1312450,Melanie Zanetti,Julianne Mitchell,0
696374,544002,Giulio Berruti,Gabriel Emerson,1
696374,73659,Kurt McKinney,Tom Mitchell,2
696374,1188681,Agnes Albright,Paulina,3
696374,2595115,Margaux Brooke,Christa Peterson,4
696374,1326237,Ned Van Zandt,Professor Jeremy Martin,5
696374,1314554,Vanessa Kai,Dr. Ling,6
696374,6436335,Zach Holden,Aaron Webster,7
399402,17276,Gerard Butler,Captain Joe Glass,0
399402,64,Gary Oldman,CJCS Charles Donnegan,1
399402,10881,Toby Stephens,Bill Beaman,2
399402,4238,Common,RA John Fisk,3
399402,1817,Linda Cardellini,Jane Norquist,4
399402,55411,David Gyasi,Cob Wallach,5
399402,35231,Gabriel Chavarria,Jimenez,6
399402,93031,Ryan McPartlin,Matt Johnstone,7
399402,205149,Carter MacIntyre,XO Brian Edwards,8
399402,987572,Zane Holtz,Paul Martinelli,9
774752,73457,Chris Pratt,Peter Quill / Star-Lord,0
774752,543530,Dave Bautista,Drax,1
774752,543261,Karen Gillan,Nebula,2
774752,139820,Pom Klementieff,Mantis,3
774752,12835,Vin Diesel,Groot (voice),4
774752,51329,Bradley Cooper,Rocket (voice),5
774752,51663,Sean Gunn,Kraglin,6
774752,1528191,Rhett Miller,Bzermikitokolok,7
774752,2083088,Murry Hammond,Alien Band (Kortolbookalia),8
774752,2083089,Ken Bethea,Alien Band (Sliyavastojoo),9
951491,2144,Tobin Bell,John Kramer,0
951491,2138,Shawnee Smith,Amanda Young,1
951491,559207,Synnøve Macody Lund,Cecilia Pederson,2
951491,57340,Steven Brand,Parker Sears,3
951491,2153290,Renata Vaca,Gabriela,4
951491,2412563,Joshua Okamoto,Diego,5
951491,2692952,Octavio Hinojosa Martínez,Mateo,6
951491,1417288,Paulette Hernández,Valentina,7
951491,4274741,Jorge Briseño,Carlos,8
951491,36055,Costas Mandylor,Hoffman,9
376866,524,Natalie Portman,Jackie Kennedy,0
376866,133,Peter Sarsgaard,Robert Kennedy,1
376866,45400,Greta Gerwig,Nancy Tuckerman,2
376866,8289,Billy Crudup,The Journalist,3
376866,5049,John Hurt,The Priest,4
376866,20766,Richard E. Grant,Bill Walton,5
376866,1441919,Caspar Phillipson,John Fitzgerald Kennedy,6
376866,5151,Beth Grant,Lady Bird Johnson,7
376866,3911,John Carroll Lynch,Lyndon B. Johnson,8
376866,7133,Max Casella,Jack Valenti,9
446791,1812,Michelle Williams,Gail Harris,0
446791,13240,Mark Wahlberg,Fletcher Chase,1
446791,290,Christopher Plummer,Jean Paul Getty,2
446791,1440574,Charlie Plummer,John Paul Getty III,3
446791,17497,Romain Duris,Cinquanta,4
446791,16327,Timothy Hutton,Oswald Hinge,5
446791,1637129,Charlie Shotwell,John Paul Getty III (Age 7),6
446791,1235008,Andrew Buchan,John Paul Getty II,7
446791,27643,Marco Leonardi,Saverio Mammoliti,8
446791,1947024,Giuseppe Bonifati,Giovanni Iacovoni,9
1265609,64295,Alan Ritchson,81,0
1265609,1388314,Stephan James,7,1
1265609,4377249,Blake Richardson,15,2
1265609,6065,Dennis Quaid,Sheridan,3
1265609,65344,Esai Morales,Torres,4
1265609,224181,Jai Courtney,Squad Leader,5
1265609,4099372,Alex King,44,6
1265609,1251875,Keiynan Lonsdale,60,7
1265609,5208267,Jack Patten,109,8
1265609,1217765,James Beaufort,23,9
523139,2034922,Laysla De Oliveira,Becky DeMuth,0
523139,127281,Harrison Gilbertson,Travis McKean,1
523139,2425244,Avery Whitted,Cal DeMuth,2
523139,1915546,Will Buie Jr.,Tobin Humboldt,3
523139,17178,Patrick Wilson,Ross Humboldt,4
523139,87020,Rachel Wilson,Natalie Humboldt,5
523139,103967,Tiffany Helm,Gas Attendant,6
666277,1260481,Greta Lee,Nora,0
666277,1387126,Teo Yoo,Hae Sung,1
666277,37154,John Magaro,Arthur,2
666277,2309873,Moon Seung-ah,Young Nora,3
666277,3888559,Leem Seung-min,Young Hae Sung,4
666277,109646,Yoon Ji-hye,Nora's Mom,5
666277,1258630,Choi Won-young,Nora's Dad,6
666277,1696022,An Min-young,Hae Sung's Mom,7
666277,1998038,Seo Yeon-woo,Young Si Young,8
666277,2519070,Chang Ki-ha,Hae Sung's Friend 1,9
484718,776,Eddie Murphy,Prince Akeem / Clarence / Saul / Randy Watson,0
484718,44994,Arsenio Hall,Semmi / Morris / Reverend Brown / Baba,1
484718,1488960,Jermaine Fowler,Lavelle Junson,2
484718,168452,Leslie Jones,Mary Junson,3
484718,56903,Tracy Morgan,Uncle Reem,4
484718,1884703,KiKi Layne,Meeka,5
484718,155783,Shari Headley,Lisa,6
484718,10814,Wesley Snipes,General Izzi,7
484718,15152,James Earl Jones,King Jaffe Joffer,8
484718,22384,John Amos,Cleo McDowell,9
329833,7399,Ben Stiller,Derek Zoolander,0
329833,887,Owen Wilson,Hansel,1
329833,23659,Will Ferrell,Jacobim Mugatu,2
329833,955,Penélope Cruz,Valentina Valencia,3
329833,41091,Kristen Wiig,Alexanya Atoz,4
329833,61110,Fred Armisen,VIP,5
329833,1180698,Kyle Mooney,Don Atari,6
329833,63,Milla Jovovich,Katinka,7
329833,15286,Christine Taylor,Matilda Jeffries,8
329833,15009,Justin Theroux,Evil DJ,9
964980,1892,Matt Damon,Sonny Vaccaro,0
964980,23532,Jason Bateman,Rob Strasser,1
964980,880,Ben Affleck,Phil Knight,2
964980,61659,Chris Messina,David Falk,3
964980,19492,Viola Davis,Deloris Jordan,4
964980,156405,Julius Tennon,James Jordan,5
964980,3968886,Damian Young,Michael Jordan,6
964980,66,Chris Tucker,Howard White,7
964980,1232599,Matthew Maher,Peter Moore,8
964980,63764,Gustaf Skarsgård,Horst Dassler,9
527435,1696017,Darby Camp,Kate Pierce,0
527435,1538780,Judah Lewis,Teddy Pierce,1
527435,6856,Kurt Russell,Santa Claus,2
527435,5921,Martin Roach,Dave Poveda,3
527435,1181327,Lamorne Morris,Mikey Jameson,4
527435,70696,Kimberly Williams-Paisley,Claire Pierce,5
527435,62692,Oliver Hudson,Doug Pierce,6
527435,76528,Tony Nappo,Charlie Plummer,7
527435,1579806,Vella Lovell,Wendy,8
527435,88620,Lauren Collins,Woman at Another Table,9
400710,27578,Elliot Page,Courtney,0
400710,8688,Diego Luna,Ray,1
400710,19961,Nina Dobrev,Marlo,2
400710,1205278,James Norton,Jamie,3
400710,1253355,Kiersey Clemons,Sophia,4
400710,117525,Beau Mirchoff,Brad Mauser,5
400710,52116,Wendy Raquel Robinson,Sophia's Mother,6
400710,2628,Kiefer Sutherland,Dr. Barry Wolfson,7
400710,1704781,Madison Brydges,Tessa,8
400710,1704786,Jacob Soley,Alex,9
724495,19492,Viola Davis,Nanisca,0
724495,2286339,Thuso Mbedu,Nawi,1
724495,1360281,Lashana Lynch,Izogie,2
724495,1851642,Sheila Atim,Amenza,3
724495,236695,John Boyega,King Ghezo,4
724495,1674734,Jordan Bolger,Malik,5
724495,1114487,Hero Fiennes Tiffin,Santo Ferreira,6
724495,2015187,Jimmy Odukoya,Oba Ade,7
724495,2538481,Masali Baduza,Fumbe,8
724495,2455272,Jayme Lawson,Shante,9
372343,17288,Michael Fassbender,Harry Hole,0
372343,933238,Rebecca Ferguson,Katrine Bratt,1
372343,4273,Charlotte Gainsbourg,Rakel,2
372343,47068,Jonas Karlsson,Mathias,3
372343,1853977,Michael Yates,Oleg,4
372343,20523,Ronan Vibert,Gunnar Hagen,5
372343,18999,J.K. Simmons,Arve Støp,6
372343,5576,Val Kilmer,Rafto,7
372343,93236,David Dencik,Vetlesen,8
372343,13014,Toby Jones,DC Svenson,9
475303,1190668,Timothée Chalamet,Gatsby Welles,0
475303,18050,Elle Fanning,Ashleigh Enright,1
475303,77948,Selena Gomez,Chan Tyrell,2
475303,9642,Jude Law,Ted Davidoff,3
475303,8688,Diego Luna,Francisco Vega,4
475303,23626,Liev Schreiber,Roland Pollard,5
475303,15556,Rebecca Hall,Connie,6
475303,225377,Griffin Newman,Josh,7
475303,1156913,Kelly Rohrbach Walton,Terry,8
475303,1325961,Suki Waterhouse,Tiffani,9
454992,18973,Mila Kunis,Audrey,0
454992,1240487,Kate McKinnon,Morgan,1
454992,15009,Justin Theroux,Drew,2
454992,209326,Sam Heughan,Sebastian,3
454992,1627501,Lolly Adefope,Tess,4
454992,1308934,Dustin Demri-Burns,Viktor,5
454992,552252,Hasan Minhaj,Duffer,6
454992,1759677,Mirjam Novak,Verne,7
454992,1165008,Kev Adams,Bitteauto Driver Lukas,8
454992,12214,Gillian Anderson,Wendy,9
701387,54693,Emma Stone,Michelle,0
701387,88124,Jesse Plemons,Teddy,1
701387,5212114,Aidan Delbis,Don,2
701387,1400595,Stavros Halkias,Casey,3
701387,5588,Alicia Silverstone,Sandy,4
701387,5105206,J. Carmen Galindez Barrera,Ricky / Security Guard,5
701387,5105205,Marc T. Lewis,Tony,6
701387,4986018,Vanessa Eng,Corey,7
701387,2978859,Cedric Dumornay,Chris,8
701387,5446529,Momma Cherri,Tina,9
615665,34847,Emma Roberts,Sloane,0
615665,972356,Luke Bracey,Jackson,1
615665,52775,Kristin Chenoweth,Aunt Susan,2
615665,3713,Frances Fisher,Elaine,3
615665,1350469,Andrew Bachelor,Neil,4
615665,964971,Manish Dayal,Faarooq,5
615665,2205,Jessica Capshaw,Abby,6
615665,1424111,Alex Moffat,Peter,7
615665,1550779,Cynthy Wu,Liz,8
615665,1300650,Jake Manley,York,9
507076,568657,Sofia Boutella,Selva,0
507076,2041838,Romain Guillermic,David,1
507076,2037046,Souheila Yacoub,Lou,2
507076,2134233,Kiddy Smile,Daddy,3
507076,2041840,Claude-Emmanuelle Gajan-Maull,Emmanuelle,4
507076,2134242,Giselle Palmer,Gazelle,5
507076,2041839,Taylor Kastle,Taylor,6
507076,2041843,Thea Carla Schøtt,Psyche,7
507076,2041844,Sharleen Temple,Ivana,8
507076,2041845,Lea Vlamos,Eva,9
371645,4783,Sam Neill,Hec,0
371645,1139349,Julian Dennison,Ricky,1
371645,1288797,Rima Te Wiata,Bella,2
371645,15298,Rachel House,Paula,3
371645,1622074,Tioreore Ngatai-Melbourne,Kahu,4
371645,89843,Oscar Kightley,Andy,5
371645,1153004,Stan Walker,Ron,6
371645,1334712,Mike Minogue,Joe,7
371645,939388,Cohen Holloway,Hugh,8
371645,82666,Rhys Darby,Psycho Sam,9
433310,212604,Adam Devine,Noah Ashby,0
433310,109513,Alexandra Daddario,Avery Martin,1
433310,444211,Shelley Hennig,Carrie Grey,2
433310,1350469,Andrew Bachelor,Max,3
433310,1223726,Robbie Amell,Ethan,4
433310,181701,Dean J. West,Phil,5
433310,1116629,Tony Cavalero,Angus Young,6
433310,2018477,Delfeayo Marsalis,Danny,7
433310,1673071,Daryn Kahn,Drunk Hulk,8
433310,1862768,Peter Jaymes Jr.,Chad,9
682507,2230991,Daisy Edgar-Jones,Kya Clark,0
682507,1369329,Taylor John Smith,Tate Walker,1
682507,1716493,Harris Dickinson,Chase Andrews,2
682507,11064,David Strathairn,Tom Milton,3
682507,61084,Michael Hyatt,Mabel,4
682507,1246618,Sterling Macer Jr.,Jumpin',5
682507,3284240,Logan Macrae,Jodie Clark,6
682507,42905,Bill Kelly,Sheriff Jackson,7
682507,999605,Ahna O'Reilly,Ma,8
682507,39520,Garret Dillahunt,Pa,9
294272,1422517,Oakes Fegley,Pete,0
294272,18997,Bryce Dallas Howard,Grace,1
294272,8210,Wes Bentley,Jack,2
294272,1372,Karl Urban,Gavin,3
294272,1423519,Oona Laurence,Natalie,4
294272,4135,Robert Redford,Mr. Meacham,5
294272,17490,Isiah Whitlock Jr.,Sheriff Gene Dentler,6
294272,31365,John Kassir,Elliot the Dragon (voice),7
294272,1291961,Marcus Henderson,Woodrow,8
294272,1435850,Aaron Jackson,Abner,9
379170,71580,Benedict Cumberbatch,Sherlock Holmes,0
379170,7060,Martin Freeman,Dr. John Watson,1
379170,1218303,Una Stubbs,Mrs. Hudson,2
379170,11278,Rupert Graves,DI Lestrade,3
379170,34546,Mark Gatiss,Mycroft Holmes,4
379170,125660,Andrew Scott,Professor Moriarty,5
379170,1244469,Louise Brealey,Molly Hooper,6
379170,199522,Amanda Abbington,Mary Watson,7
379170,28477,Jonathan Aris,Anderson,8
379170,1484835,Yasmine Akram,Janine Donlevy,9
505192,123739,Lily Franky,Osamu Shibata,0
505192,100766,Sakura Ando,Nobuyo Shibata,1
505192,1130611,Mayu Matsuoka,Aki Shibata,2
505192,1977956,Kairi Jo,Shota Shibata,3
505192,1980043,Miyu Sasaki,Yuri,4
505192,43663,Kirin Kiki,Hatsue Shibata,5
505192,1116510,Sosuke Ikematsu,4 Ban-san,6
505192,553939,Naoto Ogata,Yuzuru Shibata,7
505192,932012,Yōko Moriguchi,Yoko Shibata,8
505192,1161474,Yuki Yamada,Yasu Hojo,9
599975,1368507,Elizabeth Lail,Quinn Harris,0
599975,1216004,Jordan Calloway,Matt Monroe,1
599975,1379123,Talitha Eliana Bateman,Jordan Harris,2
599975,56857,Peter Facinelli,Dr. Sullivan,3
599975,546850,Dillon Lane,Evan,4
599975,28414,Matt Letscher,Charlie,5
599975,1238012,Tom Segura,Derek,6
599975,3132,Lana McKissack,Rachel,7
599975,1080862,Anne Winters,Courtney,8
599975,83600,Tichina Arnold,Nurse Amy,9
537116,37625,Andrew Garfield,Jonathan Larson,0
537116,1253199,Alexandra Shipp,Susan Wilson,1
537116,110505,Robin de Jesús,Michael,2
537116,1518933,Michaela Jaé Rodriguez,Carolyn,3
537116,131362,Ben Levi Ross,Freddy,4
537116,1178529,Jonathan Marc Sherman,Ira Weitzman,5
537116,67599,Vanessa Hudgens,Karessa Johnson,6
537116,1437547,Joshua Henry,Roger Bart,7
537116,11367,Bradley Whitford,Stephen Sondheim,8
537116,80415,Judith Light,Rosa Stevens,9
318121,22226,Paul Rudd,Ben Benjamin,0
318121,104561,Craig Roberts,Trevor Conklin,1
318121,77948,Selena Gomez,Dot,2
318121,49971,Jennifer Ehle,Elsa Conklin,3
318121,1306314,Megan Ferguson,Peaches,4
318121,143017,Frederick Weller,Bob Richardson,5
318121,1285382,Julia Denton,Janet,6
318121,1758144,Alex Huff,Jodi Benjamin,7
318121,1758143,Samantha Huskey,Kaitlin,8
318121,1708834,Bill Murphey,Mike,9
602734,2632,Chris Rock,Zeke Banks,0
602734,2978,Max Minghella,William Schenk,1
602734,2231,Samuel L. Jackson,Marcus Banks,2
602734,84457,Marisol Nichols,Angie Garza,3
602734,166518,Dan Petronijevic,Marv Bozwick,4
602734,82136,Richard Zeppieri,Detective Fitch,5
602734,1694260,Patrick McManus,Peter Dunleavy,6
602734,2663771,Ali Johnson,Jeannie Lewis,7
602734,133252,Zoie Palmer,Kara Boswick,8
602734,76101,Dylan Roberts,Sergeant Morgey,9
463821,70851,Jack Black,Jonathan Barnavelt,0
463821,112,Cate Blanchett,Florence Zimmerman,1
463821,1552636,Owen Vaccaro,Lewis Barnavelt,2
463821,6677,Kyle MacLachlan,Isaac Izard,3
463821,87932,Renée Elise Goldsberry,Selena Izard,4
463821,13023,Colleen Camp,Mrs. Hanchett,5
463821,1444880,Sunny Suljic,Tarby Corrigan,6
463821,1078608,Lorenza Izzo,Mother,7
463821,2004111,Braxton Bjerken,Woody Mingo,8
463821,2010434,Vanessa Anne Williams,Rose Rita Pottinger,9
606856,5293,Willem Dafoe,Leonhard Seppala,0
606856,86034,Julianne Nicholson,Constance Seppala,1
606856,32887,Christopher Heyerdahl,George Maynard,2
606856,97416,Richard Dormer,Dr. Curtis Welch,3
606856,43933,Adrien Dorval,Bill Clark,4
606856,2521595,Madeline Wickins,Sally Burdett,5
606856,154647,Michael Greyeyes,Amituk,6
606856,2001539,Nive Nielsen,Atiqtalik,7
606856,1238110,Nikolai Nikolaeff,Dan Murphy,8
606856,123453,Thorbjørn Harr,Charlie Olsen,9
585216,1353827,Taylor Russell,Zoey Davis,0
585216,116088,Logan Miller,Ben Miller,1
585216,1789788,Lillah Indya Moore,Brianna Collier,2
585216,208782,Holland Roden,Rachel Ellis,3
585216,1263515,Thomas Cocquerel,Nathan,4
585216,1498616,Carlito Olivero,Theo,5
585216,22063,James Frain,Henry / Puzzlemaker,6
585216,77517,Isabelle Fuhrman,Claire,7
585216,212154,Deborah Ann Woll,Amanda Harper,8
585216,1139816,Tanya van Graan,Sonya (uncredited),9
58431,1016168,Lily James,Elizabeth Bennet,0
58431,32987,Sam Riley,Fitzwilliam Darcy,1
58431,54738,Jack Huston,George Wickham,2
58431,234982,Bella Heathcote,Jane Bennet,3
58431,230680,Douglas Booth,Charles Bingley,4
58431,136532,Matt Smith,Parson Collins,5
58431,4391,Charles Dance,Mr. Bennet,6
58431,17286,Lena Headey,Lady Catherine de Bourgh,7
58431,1325961,Suki Waterhouse,Kitty Bennet,8
58431,1155473,Emma Greenwell,Caroline Bingley,9
760161,77517,Isabelle Fuhrman,Esther / Leena,0
760161,12041,Julia Stiles,Tricia Albright,1
760161,58014,Rossif Sutherland,Allen Albright,2
760161,60719,Hiro Kanagawa,Detective Donnan,3
760161,2563029,Matthew Finlan,Gunnar Albright,4
760161,3623133,Samantha Walkes,Dr. Segar,5
760161,55616,David Lawrence Brown,Dr. Novotny,6
760161,1923452,Lauren Cochrane,Officer Leahy,7
760161,2404548,Gwendolyn Collins,Anna,8
760161,1661385,Kristen Sawatzky,Federica,9
796499,16808,Matthias Schweighöfer,Ludwig Dieter,0
796499,1251069,Nathalie Emmanuel,Gwendoline,1
796499,229396,Ruby O. Fee,Korina,2
796499,1403559,Stuart Martin,Brad Cage,3
796499,2037501,Guz Khan,Rolph,4
796499,129765,Jonathan Cohen,Delacroix,5
796499,1767809,Noemie Nakai,Beatrix,6
796499,11248,Christian Steyer,Hans Wagner,7
796499,1781390,Dan Bradford,Big Tough Guy,8
796499,1984784,Tonya Graves,Basement McGee,9
319888,1303037,Taron Egerton,Eddie Edwards,0
319888,6968,Hugh Jackman,Bronson Peary,1
319888,4690,Christopher Walken,Warren Sharp,2
319888,1198895,Ania Sowinski,Carrie,3
319888,105563,Mads Sjøgård Pettersen,Erik Moberg,4
319888,43451,Iris Berben,Petra,5
319888,4817924,Tom Costello,Eddie (10 years old),6
319888,70518,Jo Hartley,Janette,7
319888,20056,Keith Allen,Terry,8
319888,203147,Dickon Tolson,UK Doctor,9
1327819,1308818,Piper Curda,Mabel (voice),0
1327819,452205,Bobby Moynihan,King George (voice),1
1327819,65717,Jon Hamm,Mayor Jerry Generazzo (voice),2
1327819,11074,Kathy Najimy,Dr. Sam (voice),3
1327819,54697,Dave Franco,Insect King (voice),4
1327819,1653235,Eduardo Franco,Loaf (voice),5
1327819,1625231,Aparna Nancherla,Nisha (voice),6
1327819,1798896,Tom Law,Tom Lizard (voice),7
1327819,1429453,Sam Richardson,Conner (voice),8
1327819,1695631,Melissa Villaseñor,Ellen (voice),9
339967,1813,Anne Hathaway,Gloria,0
339967,58224,Jason Sudeikis,Oscar,1
339967,970216,Austin Stowell,Joel,2
339967,1462,Tim Blake Nelson,Garth,3
339967,221018,Dan Stevens,Tim,4
339967,1562430,Hannah Cheramy,Young Gloria,5
339967,1807685,Nathan Ellison,Young Oscar,6
339967,1778590,Sarah Surh,Mother,7
339967,2136895,Haeun Hannah Cho,Little Girl,8
339967,2640686,Joe Costa,Old Man,9
146198,1893,Casey Affleck,Chris Allen,0
146198,5294,Chiwetel Ejiofor,Michael Atwood,1
146198,53650,Anthony Mackie,Marcus Belmont,2
146198,204,Kate Winslet,Irina Vlaslov,3
146198,57755,Woody Harrelson,Sergeant Detective Jeffrey Allen,4
146198,84497,Aaron Paul,Gabe Welch,5
146198,5365,Clifton Collins Jr.,Jorge Rodriguez,6
146198,4886,Norman Reedus,Russel Welch,7
146198,20374,Teresa Palmer,Michelle Allen,8
146198,39390,Michael Kenneth Williams,Sweet Pea,9
1314481,1813,Anne Hathaway,Andy,0
1314481,5064,Meryl Streep,Miranda,1
1314481,5081,Emily Blunt,Emily,2
1314481,2283,Stanley Tucci,Nigel,3
1314481,11181,Kenneth Branagh,Stuart,4
1314481,15009,Justin Theroux,Benji,5
1314481,140,Lucy Liu,Sasha,6
1314481,10580,Tracie Thoms,Lily,7
1314481,1192389,Tibor Feldman,Irv,8
1314481,107770,B.J. Novak,Jay,9
1081003,2046128,Milly Alcock,Supergirl,0
1081003,4186628,Eve Ridley,Ruthye,1
1081003,73381,Matthias Schoenaerts,Krem,2
1081003,117642,Jason Momoa,Lobo,3
1081003,38582,David Krumholtz,Zor-El,4
1081003,130414,Emily Beecham,Alura In-Ze,5
1081003,1785590,David Corenswet,Superman,6
1081003,1411379,Kadiff Kirwan,Bomar Vran,7
1081003,2031926,Thalissa Teixeira,Mareck Vran,8
1081003,1211873,Ferdinand Kingsley,Elias Knoll,9
1100782,240724,Naomi Scott,Skye Riley,0
1100782,14892,Rosemarie DeWitt,Elizabeth Riley,1
1100782,1371509,Lukas Gage,Lewis,2
1100782,3535991,Miles Gutierrez-Riley,Joshua,3
1100782,31514,Peter Jacobson,Morris,4
1100782,60960,Ray Nicholson,Paul Hudson,5
1100782,1308373,Dylan Gelula,Gemma,6
1100782,557579,Raúl Castillo,Darius,7
1100782,59219,Kyle Gallner,Joel,8
1100782,69597,Drew Barrymore,Drew Barrymore,9
1114513,5530,James McAvoy,Paddy,0
1114513,1110405,Mackenzie Davis,Louise Dalton,1
1114513,59233,Scoot McNairy,Ben Dalton,2
1114513,1323109,Aisling Franciosi,Ciara,3
1114513,2556026,Alix West Lefler,Agnes Dalton,4
1114513,4646395,Dan Hough,Ant,5
1114513,2188560,Kris Hitchen,Mike,6
1114513,3120512,Motaz Malhees,Muhjid,7
1114513,1194835,Jakob Højlev Jørgensen,Torsten,8
940551,466505,Kumail Nanjiani,Mack Mallard (voice),0
940551,9281,Elizabeth Banks,Pam Mallard (voice),1
940551,1736671,Caspar Jennings,Dax Mallard (voice),2
940551,4031156,Tresi Gazal,Gwen Mallard (voice),3
940551,1625558,Awkwafina,Chump (voice),4
940551,10556,Carol Kane,Erin (voice),5
940551,298410,Keegan-Michael Key,Delroy (voice),6
940551,518,Danny DeVito,Uncle Dan (voice),7
940551,139075,David Mitchell,GooGoo (voice),8
940551,1428070,Isabela Merced,Kim (voice),9
483184,1699129,Marcello Fonte,Marcello,0
483184,131630,Edoardo Pesce,Simoncino,1
483184,132849,Nunzia Schiano,Simoncino's Mother,2
483184,128456,Adamo Dionisi,Franco,3
483184,1078993,Francesco Acquaroli,"Francesco, Video Lottery Owner",4
483184,2124842,Alida Baldari Calabria,Alida,5
483184,119351,Gianluca Gobbi,Restaurant Owner,6
483184,128761,Laura Pizzirani,Alida's Mother,7
483184,2124843,Giancarlo Porcacchia,Gasparone,8
483184,1034714,Aniello Arena,Police Inspector,9
465136,1265629,Angourie Rice,Rhiannon / A,0
465136,1029934,Justice Smith,Justin / A,1
465136,1427480,Jeni Ross,Amy / A,2
465136,1485770,Lucas Jade Zumann,Nathan / A,3
465136,3549485,Rory McDonald,David / A,4
465136,1183993,Katie Douglas,Megan / A,5
465136,1649152,Jacob Batalon,James / A,6
465136,1730687,Ian Alexander,Vic / A,7
465136,1753913,Sean Jones,George / A,8
465136,74539,Colin Ford,Xavier / A,9
591274,1590797,Sadie Sink,Ziggy Berman,0
591274,1568101,Emily Rudd,Cindy Berman,1
591274,35027,Ryan Simpkins,Alice,2
591274,1939736,McCabe Slye,Tommy Slater,3
591274,94098,Gillian Jacobs,C. Berman / Adult Ziggy,4
591274,142115,Kiana Madeira,Deena,5
591274,1335308,Benjamin Flores Jr.,Josh,6
591274,1437571,Ted Sutherland,Young Nick Goode,7
591274,3153598,Meghan Packer,TV Anchor,8
591274,1480027,Matthew Zuk,Mayor Will Goode,9
446893,84223,Anna Kendrick,Poppy (voice),0
446893,12111,Justin Timberlake,Branch (voice),1
446893,1260038,Ron Funches,Cooper (voice),2
446893,1453801,Rachel Bloom,Barb (voice),3
446893,55466,James Corden,Biggie (voice),4
446893,155488,Kelly Clarkson,Delta Dawn (voice),5
446893,1708542,Anderson .Paak,Prince D (voice),6
446893,6807,Sam Rockwell,Hickory (voice),7
446893,130151,George Clinton,King Quincy (voice),8
446893,84933,Mary J. Blige,Queen Essence (voice),9
559907,76788,Dev Patel,Gawain,0
559907,227454,Alicia Vikander,Lady / Essel,1
559907,33192,Joel Edgerton,Lord,2
559907,20275,Sarita Choudhury,Mother,3
559907,16702,Sean Harris,King,4
559907,71083,Kate Dickie,Queen,5
559907,1290466,Barry Keoghan,Scavenger,6
559907,1672504,Erin Kellyman,Winifred,7
559907,202032,Ralph Ineson,Green Knight,8
559907,2538010,Emilie Hetland,First Thief,9
345938,65731,Sam Worthington,Mack Phillips,0
345938,6944,Octavia Spencer,Papa / Elouisa,1
345938,74428,Tim McGraw,Willie,2
345938,1251785,Aviv Alush,Jesus,3
345938,1818135,Sumire,Sarayu,4
345938,8329,Radha Mitchell,Nan Phillips,5
345938,6804,Graham Greene,Male Papa,6
345938,119251,Gage Munroe,Josh Phillips,7
345938,223126,Megan Charpentier,Kate Phillips,8
345938,1110009,Lane Edwards,Officer Dalton,9
556803,67599,Vanessa Hudgens,Stacy De Novo / Margaret Delacourt,0
556803,1097967,Sam Palladio,Edward Wyndham,1
556803,1107810,Nick Sagar,Kevin Richards,2
556803,2177881,Alexa Adeosun,Olivia Richards,3
556803,1231689,Suanne Braun,Donatelli,4
556803,1470134,Mark Fleischmann,Frank,5
556803,3902,Sara Stewart,Caroline Wyndham,6
556803,1228249,Pavel Douglas,George Wyndham,7
556803,1278559,Amy Griffiths,Brianna,8
556803,83550,Robin Soans,Kindly Man,9
500682,1269,Kevin Costner,Frank Hamer,0
500682,57755,Woody Harrelson,Manny Gault,1
500682,8534,Kathy Bates,Ma Ferguson,2
500682,3911,John Carroll Lynch,Lee Simmons,3
500682,1142720,Thomas Mann,Deputy Ted Hinton,4
500682,170153,Dean Denton,Deputy Bob Alcorn,5
500682,21165,Kim Dickens,Gladys Hamer,6
500682,6573,William Sadler,Henry Barrow,7
500682,6951,W. Earl Brown,Ivy Methvin,8
500682,931771,David Furr,Detective John Quinn,9
339692,12795,Nikolaj Coster-Waldau,Jacob 'Money' Harlon,0
339692,41556,Omari Hardwick,Kutcher,1
339692,19498,Jon Bernthal,Frank 'Shotgun',2
339692,25703,Lake Bell,Kate Harlon,3
339692,1041440,Emory Cohen,Howie,4
339692,52886,Jeffrey Donovan,Bottles,5
339692,7497,Holt McCallany,Jerry 'The Beast' Manning,6
339692,333,Evan Jones,Chopper,7
339692,1350469,Andrew Bachelor,Tony,8
339692,4589,Benjamin Bratt,Sanchez,9
458594,9278,Jennifer Garner,Riley North,0
458594,17487,John Gallagher Jr.,Detective Stan Carmichael,1
458594,40543,John Ortiz,Detective Moises Beltran,2
458594,937009,Juan Pablo Raba,Diego Garcia,3
458594,209196,Annie Ilonzeh,FBI Agent Lisa Inman,4
458594,212689,Jeff Hephner,Chris North,5
458594,1709047,Cailey Fleming,Carly North,6
458594,1215759,Eddie Shin,FBI Agent Li,7
458594,5384,Method Man,Narcotics Detective Barker,8
458594,74047,Tyson Ritter,Homeless Sam,9
1198994,53714,Rachel McAdams,Linda Liddle,0
1198994,527393,Dylan O'Brien,Bradley Preston,1
1198994,4477127,Edyll Ismail,Zuri,2
1198994,109438,Xavier Samuel,Donovan,3
1198994,352,Dennis Haysbert,Franklin,4
1198994,145248,Chris Pang,Chase,5
1198994,1743358,Thaneth Warakulnukroh,Boat Captain,6
1198994,1446431,Emma Raimi,River,7
1198994,1485593,Kristy Best,Polly Perera,8
1198994,2300917,Francesca Waters,Barbara,9
967847,1172108,Mckenna Grace,Phoebe Spengler,0
967847,22226,Paul Rudd,Gary Grooberson,1
967847,1308445,Carrie Coon,Callie Spengler,2
967847,1442069,Finn Wolfhard,Trevor Spengler,3
967847,707,Dan Aykroyd,Ray Stantz,4
967847,466505,Kumail Nanjiani,Nadeem,5
967847,10872,Patton Oswalt,Dr. Hubert Wartzki,6
967847,1972881,Celeste O'Connor,Lucky,7
967847,2357412,Logan Kim,Podcast,8
967847,112742,Emily Alyn Lind,Melody,9
632357,47296,Jeffrey Dean Morgan,Gerry Fenn,0
632357,2067034,Cricket Brown,Alice,1
632357,6573,William Sadler,Father Hagan,2
632357,221944,Katie Aselton,Natalie Gates,3
632357,2130,Cary Elwes,Bishop Gyles,4
632357,647347,Diogo Morgado,Delgarde,5
632357,50588,Bates Wilder,Geary,6
632357,2551945,Marina Mazepa,Mary of Elnor,7
632357,87194,Christine Adams,Monica Slade,8
632357,1732327,Dustin Tucker,Dan Walsh,9
552524,3988423,Maia Kealoha,Lilo,0
552524,3025125,Sydney Agudong,Nani,1
552524,66193,Chris Sanders,Stitch (voice),2
552524,58225,Zach Galifianakis,Jumba,3
552524,141034,Billy Magnussen,Pleakley,4
552524,24047,Courtney B. Vance,Cobra Bubbles,5
552524,59401,Amy Hill,Tūtū,6
552524,13445,Tia Carrere,Mrs. Kekoa,7
552524,4022587,Kaipo Dudoit,David,8
552524,1278487,Hannah Waddingham,Grand Councilwoman (voice),9
500840,88124,Jesse Plemons,Jake,0
500840,1498158,Jessie Buckley,Young Woman,1
500840,3051,Toni Collette,Mother,2
500840,11207,David Thewlis,Father,3
500840,19752,Guy Boyd,Janitor,4
500840,2311924,Hadley Robinson,Laurey / Tulsey Town Girl 1,5
500840,1695508,Gus Birney,Aunt Eller / Tulsey Town Girl 2,6
500840,1473432,Abby Quinn,Tulsey Town Girl 3,7
500840,1157294,Colby Minifie,Yvonne,8
500840,1450636,Anthony Grasso,Diner Manager,9
755566,134,Jamie Foxx,Bud Jablonski,0
755566,54697,Dave Franco,Seth,1
755566,1583307,Natasha Liu Bordizzo,Heather,2
755566,22122,Meagan Good,Jocelyn Jablonski,3
755566,2796490,Zion Broadnax,Paige Jablonski,4
755566,19767,Snoop Dogg,Big John Elliott,5
755566,144275,Karla Souza,Audrey San Fernando,6
755566,81388,Steve Howey,Mike Nazarian,7
755566,78110,Scott Adkins,Diran Nazarian,8
755566,53,Peter Stormare,Troy,9
390062,10980,Daniel Radcliffe,Yossi,0
390062,558466,Alex Russell,Kevin,1
390062,3491,Thomas Kretschmann,Karl,2
390062,1509682,Joel Jackson,Marcus,3
390062,1661479,Yasmin Kassim,Kina,4
390062,1488797,Luis Jose Lopez,Tico,5
390062,1186659,Lily Sullivan,Amie,6
390062,12210,Jacek Koman,Yossi's Father,7
390062,1184801,Angie Milliken,Yossi's Mother,8
390062,8398,John Bluthal,Uncle Nissim,9
399019,72466,Colin Farrell,Corporal McBurney,0
399019,2227,Nicole Kidman,Miss Martha,1
399019,205,Kirsten Dunst,Edwina,2
399019,18050,Elle Fanning,Alicia,3
399019,1423519,Oona Laurence,Amy,4
399019,1265629,Angourie Rice,Jane,5
399019,1666059,Addison Riecke,Marie,6
399019,1701694,Emma Howard,Emily,7
399019,31528,Wayne Péré,Captain,8
399019,2960347,Matt Story,Confederate Soldier,9
800815,3894,Christian Bale,Augustus Landor,0
800815,10982,Harry Melling,Edgar Allan Poe,1
800815,86232,Lucy Boynton,Lea Marquis,2
800815,13014,Toby Jones,Dr. Daniel Marquis,3
800815,16358,Simon McBurney,Captain Hitchcock,4
800815,9191,Timothy Spall,Superintendent Thayer,5
800815,3087,Robert Duvall,Jean-Pepe,6
800815,2399836,Harry Lawtey,Artemus Marquis,7
800815,12214,Gillian Anderson,Julia Marquis,8
800815,4273,Charlotte Gainsbourg,Patsy,9
868759,16828,Chris Evans,Cole Turner,0
868759,224513,Ana de Armas,Sadie Rhodes,1
868759,3490,Adrien Brody,Leveque,2
868759,1324443,Mike Moh,Wagner,3
868759,12110,Amy Sedaris,Mom,4
868759,15455,Tate Donovan,Dad,5
868759,1462,Tim Blake Nelson,Borislov,6
868759,935235,Marwan Kenzari,Marco,7
868759,63279,Anna Deavere Smith,Claudia Yates,8
868759,1376782,Lizze Broadway,Mattie Turner,9
426543,851784,Mackenzie Foy,Clara Stahlbaum,0
426543,1972476,Jayden Fowora-Knight,Captain Phillip Hoffman,1
426543,1599393,Tom Sweet,Fritz Stahlbaum,2
426543,116,Keira Knightley,Sugar Plum Fairy,3
426543,15735,Helen Mirren,Mother Ginger,4
426543,192,Morgan Freeman,Drosselmeyer,5
426543,239574,Eugenio Derbez,Hawthorne,6
426543,15576,Matthew Macfadyen,Benjamin Stahlbaum,7
426543,20766,Richard E. Grant,Shiver,8
426543,577645,Sergei Polunin,Sweets Cavalier,9
938614,83854,David Dastmalchian,Jack Delroy,0
938614,187400,Laura Gordon,June Ross-Mitchell,1
938614,62486,Ian Bliss,Carmichael Haig,2
938614,230609,Fayssal Bazzi,Christou,3
938614,2554414,Ingrid Torelli,Lilly D'Abo,4
938614,3964519,Rhys Auteri,Gus McConnell,5
938614,127734,Georgina Haig,Madeleine Piper,6
938614,1228907,Josh Quong Tart,Leo Fiske,7
938614,187494,Steve Mouzakis,Szandor D'Abo,8
938614,1535052,Paula Arundell,Diane,9
629176,2532098,Javon Walton,Sam Cleary,0
629176,16483,Sylvester Stallone,Joe Smith,1
629176,1026947,Dascha Polanco,Tiffany Cleary,2
629176,57412,Moisés Arias,Reza,3
629176,90060,Pilou Asbæk,Cyrus,4
629176,3120144,Sophia Tatum,Sil,5
629176,41089,Martin Starr,Albert Casler,6
629176,16506,Henry G. Sanders,Arthur Holloway,7
629176,2546338,Jared Odrick,Farshad,8
629176,1569986,Abraham Clinkscales,Jace,9
384682,23532,Jason Bateman,Josh Parker,0
384682,4491,Jennifer Aniston,Carol Vanstone,1
384682,51990,T.J. Miller,Clay Vanstone,2
384682,1240487,Kate McKinnon,Mary,3
384682,1226302,Jillian Bell,Trina,4
384682,503103,Vanessa Bayer,Allison,5
384682,24047,Courtney B. Vance,Walter Davis,6
384682,81364,Olivia Munn,Tracey Hughes,7
384682,52997,Rob Corddry,Jeremy,8
384682,1036288,Abbey Lee,Savannah,9
470044,561869,Amandla Stenberg,Starr Carter,0
470044,35705,Regina Hall,Lisa Carter,1
470044,62649,Russell Hornsby,Maverick Carter,2
470044,1680339,KJ Apa,Chris Bryant,3
470044,4238,Common,Uncle Carlos,4
470044,53650,Anthony Mackie,King,5
470044,1377458,Algee Smith,Khalil Harris,6
470044,1397605,Lamar Johnson,Seven Carter,7
470044,1455336,Issa Rae,April Ofrah,8
470044,1152083,Sabrina Carpenter,Hailey Grant,9
461130,1223726,Robbie Amell,Connor Reed,0
461130,76110,Stephen Amell,Garrett,1
461130,5937,Kari Matchett,Mary Reed,2
461130,2482346,Penny Eizenga,Receptionist,3
461130,133921,Lawrence Bayne,Big Joe,4
461130,1470382,Jai Jai Jones,Travis,5
461130,1020687,Alex Mallari Jr.,Rainer,6
461130,55589,Shaun Benson,Dixon,7
461130,61697,Sung Kang,Park,8
461130,56262,Aaron Abrams,Davis,9
374416,114366,Checco Zalone,Checco,0
374416,1608972,Eleonora Giovanardi,Valeria,1
374416,70234,Sonia Bergamasco,Dottoressa Sironi,2
374416,92095,Ludovica Modugno,Caterina,3
374416,228158,Maurizio Micheli,Peppino,4
374416,482503,Paolo Pierobon,Ricercatore Scientifico,5
374416,80230,Lino Banfi,Senatore Binetto,6
374416,78697,Antonino Bruschetta,Ministro Magno,7
374416,1879935,Azzurra Martino,Penelope,8
374416,1879936,Lilia Perno,Suocera di Checco,9
649609,3292,Nicholas Hoult,Renfield,0
649609,2963,Nicolas Cage,Dracula,1
649609,1625558,Awkwafina,Rebecca,2
649609,222121,Ben Schwartz,Tedward Lobo,3
649609,21041,Shohreh Aghdashloo,Bellafrancesca Lobo,4
649609,1561268,Brandon Scott Jones,Mark,5
649609,94432,Adrian Martinez,Chris,6
649609,1218266,Camille Chen,Kate,7
649609,1217650,Bess Rous,Caitlyn,8
649609,1303873,Jenna Kanell,Carol,9
460885,2963,Nicolas Cage,Red Miller,0
460885,127558,Andrea Riseborough,Mandy Bloom,1
460885,3900,Linus Roache,Jeremiah Sand,2
460885,63362,Ned Dennehy,Brother Swan,3
460885,933272,Olwen Fouéré,Mother Marlene,4
460885,3901,Richard Brake,The Chemist,5
460885,1103,Bill Duke,Caruthers,6
460885,1431545,Line Pillet,Sister Lucy,7
460885,1969627,Clément Baronnet,Brother Klopek,8
460885,1861146,Alexis Julemont,Brother Hanker,9
431530,18973,Mila Kunis,Amy Mitchell,0
431530,40462,Kristen Bell,Kiki,1
431530,17696,Kathryn Hahn,Carla Dunkler,2
431530,11870,Christine Baranski,Ruth Mitchell,3
431530,4038,Susan Sarandon,Isis Dunkler,4
431530,57854,Cheryl Hines,Sandy,5
431530,19487,Jay Hernandez,Jessie Harkness,6
431530,1222596,Justin Hartley,Ty Swindle,7
431530,8212,Peter Gallagher,Hank Mitchell,8
431530,1423519,Oona Laurence,Jane Mitchell,9
535292,172069,Chadwick Boseman,Andre Davis,0
535292,23459,Sienna Miller,Frankie Burns,1
535292,18999,J.K. Simmons,Captain Matt McKenna,2
535292,1388314,Stephan James,Michael Trujillo,3
535292,60900,Taylor Kitsch,Ray Jackson,4
535292,65827,Keith David,Deputy Chief Spencer,5
535292,2957,Alexander Siddig,Adi,6
535292,163731,Louis Cancelmi,Bush,7
535292,118388,Victoria Cartagena,Yolanda,8
535292,1255388,Gary Carr,Hawk,9
1439930,19498,Jon Bernthal,Frank Castle,0
1439930,212154,Deborah Ann Woll,Karen Page,1
1439930,555252,Jason R. Moore,Curtis Hoyle,2
1439930,80415,Judith Light,Ma,3
1439930,968851,Kelli Barrett,Maria Castle,4
1439930,74957,Andre Royo,Dre,5
1439930,1218156,John Douglas Thompson,Old Vet,6
1439930,6194326,Colton Hill,Colton Hill,7
1439930,6194324,Nick Koumalatsos,Nick Koumalatsos,8
1439930,5243473,Addie Bernthal,Lisa,9
402897,884,Steve Buscemi,Nikita Khrushchev,0
402897,57461,Simon Russell Beale,Lavrenti Beria,1
402897,4175,Jeffrey Tambor,Georgy Malenkov,2
402897,11355,Jason Isaacs,Field Marshal Zhukov,3
402897,383,Michael Palin,Vyacheslav Molotov,4
402897,36669,Rupert Friend,Vasily Stalin,5
402897,127558,Andrea Riseborough,Svetlana Stalin,6
402897,17484,Dermot Crowley,Lazar Kaganovich,7
402897,34900,Paul Whitehouse,Anastas Mikoyan,8
402897,75074,Paul Chahidi,Nicolai Bulganin,9
431580,1181303,Chloe Bennet,Yi (voice),0
431580,1181320,Albert Tsai,Peng (voice),1
431580,1926,Suzy Eddie Izzard,Burnish (voice),2
431580,1280881,Tenzing Norgay Trainor,Jin (voice),3
431580,1453790,Joseph Izzo,Everest (voice),4
431580,34490,Sarah Paulson,Dr. Zara (voice),5
431580,10075,Tsai Chin,Nai Nai (voice),6
431580,1874099,Michelle Wong,Yi’s Mom (voice),7
431580,936666,Rich Dietl,Goon Leader (voice),8
431580,20904,James Hong,Yak Leader (voice),9
375366,1611984,Sennia Nanua,Melanie,0
375366,59620,Gemma Arterton,Helen Justineau,1
375366,14887,Paddy Considine,Sgt. Eddie Parks,2
375366,515,Glenn Close,Dr. Caroline Caldwell,3
375366,1611987,Fisayo Akinade,Kieran Gallagher,4
375366,20699,Anamaria Marinca,Dr. Selkirk,5
375366,1108724,Anthony Welsh,Dillon,6
375366,1886300,Joe Lomas,Joe,7
375366,1361876,Dominique Tipper,Devani,8
375366,1733484,Eli Lane,Kenny,9
581726,13240,Mark Wahlberg,Evan McCauley,0
581726,5294,Chiwetel Ejiofor,Bathurst 2020,1
581726,1282054,Sophie Cookson,Nora Brightman,2
581726,111683,Jason Mantzoukas,Artisan,3
581726,36669,Rupert Friend,Bathurst 1985,4
581726,13014,Toby Jones,Porter,5
581726,527393,Dylan O'Brien,Treadway,6
581726,238164,Jóhannes Haukur Jóhannesson,Kovic,7
581726,1232690,Liz Carr,Garrick,8
581726,1399750,Kae Alexander,Trace,9
1111873,1373659,Melissa Barrera,Joey,0
1111873,221018,Dan Stevens,Frank,1
1111873,2442117,Alisha Weir,Abigail,2
1111873,1962720,William Catlett,Rickles,3
1111873,221192,Kathryn Newton,Sammy,4
1111873,79072,Kevin Durand,Peter,5
1111873,2352372,Angus Cloud,Dean,6
1111873,4808,Giancarlo Esposito,Lambert,7
1111873,1247,Matthew Goode,Father,8
433498,56365,Charlie Hunnam,Henri 'Papillon' Charrière,0
433498,17838,Rami Malek,Louis Dega,1
433498,8399,Christopher Fairbank,Jean Castili,2
433498,933271,Eve Hewson,Nennete,3
433498,126171,Michael Socha,Julot,4
433498,1446565,Brian Vernel,Guittou,5
433498,1443861,Nicholas Asbury,Commandant,6
433498,79560,Louisa Pili,Clara,7
433498,1470500,Antonio de la Cruz,Tribouillard,8
433498,1871889,Andre Flynn,Galgani,9
520663,9273,Amy Adams,Anna Fox,0
520663,64,Gary Oldman,Alistair Russell,1
520663,53650,Anthony Mackie,Ed Fox,2
520663,2099497,Fred Hechinger,Ethan Russell,3
520663,986808,Wyatt Russell,David Winter,4
520663,226366,Brian Tyree Henry,Detective Little,5
520663,10431,Jennifer Jason Leigh,Jane Russell 2,6
520663,979432,Jeanine Serralles,Detective Norelli,7
520663,2187715,Mariah Bozeman,Olivia Fox,8
520663,1231,Julianne Moore,Jane Russell 1 (Katie),9
484468,78124,François Civil,Chanteraide,0
484468,78423,Omar Sy,D'Orsi,1
484468,2406,Mathieu Kassovitz,Alfost,2
484468,89626,Reda Kateb,Grandchamp,3
484468,894116,Paula Beer,Diana,4
484468,431148,Alexis Michalik,Second SNLE-B2R,5
484468,34259,Jean-Yves Berteloot,Commander CIRA,6
484468,579211,Damien Bonnard,Navigation officer SNLE,7
484468,1407367,Pierre Cévaër,Sonar watchman SNA,8
484468,1380406,Sébastien Libessart,Cadet SNA,9
1317288,1190668,Timothée Chalamet,Marty Mauser,0
1317288,12052,Gwyneth Paltrow,Kay Stone,1
1317288,1972166,Odessa A'zion,Rachel Mizler,2
1317288,1240877,Kevin O'Leary,Milton Rockwell,3
1317288,1133834,"Tyler, The Creator",Wally,4
1317288,53122,Fran Drescher,Rebecca Mauser,5
1317288,39104,Abel Ferrara,Ezra Mishkin,6
1317288,1041440,Emory Cohen,Ira Mizler,7
1317288,1454942,Géza Röhrig,Béla Kletzki,8
1317288,5848473,Koto Kawaguchi,Koto Endo,9
439015,1255570,Julia Goldani Telles,Hallie,0
439015,125025,Joey King,Wren,1
439015,1449596,Jaz Sinclair,Chloe,2
439015,111090,Javier Botet,Slender Man,3
439015,1024722,Annalise Basso,Katie,4
439015,1856780,Alex Fitzalan,Tom,5
439015,1468597,Taylor Richardson,Lizzie,6
439015,180425,Jessica Blank,Hallie's Mom,7
439015,108774,Michael Reilly Burke,Hallie's Dad,8
439015,4728,Kevin Chapman,Mr. Jensen,9
331313,65717,Jon Hamm,Tim Jones,0
331313,52848,Isla Fisher,Karen Gaffney,1
331313,58225,Zach Galifianakis,Jeff Gaffney,2
331313,90633,Gal Gadot,Natalie Jones,3
331313,10872,Patton Oswalt,Bruce Springstein / Scorpion,4
331313,59841,Matt Walsh,Dan Craverston,5
331313,207250,Maribeth Monroe,Meg Craverston,6
331313,14721,Kevin Dunn,Carl Pronger,7
331313,1465325,Jona Xiao,Stacey Chung,8
331313,1509745,Ming Zhao,Scorpion's Girlfriend,9
1007757,135651,Michael B. Jordan,Ollie (voice),0
1007757,36594,Juno Temple,Ivy (voice),1
1007757,56903,Tracy Morgan,Boogle / Firewolf (voice),2
1007757,5726,Cedric the Entertainer,Caloo (voice),3
1007757,95517,Justina Machado,Calli (voice),4
1007757,41565,Nate Torrence,Lodd (voice),5
1007757,4663666,Camden Brooks,Young Ollie (voice),6
1007757,1934645,Táta Vega,Grandma / Mrs. Dung Beetle (voice),7
1007757,3411764,Ambika Mod,Violet (voice),8
1007757,1627501,Lolly Adefope,Lily (voice),9
449924,1341,Donnie Yen,Ip Man,0
449924,1800792,Wu Yue,Wan Zong Hua,1
449924,83633,Vanness Wu,Hartman Wu,2
449924,78110,Scott Adkins,Barton Geddes,3
449924,65966,Kent Cheng Jak-Si,Bob,4
449924,1173223,Danny Chan,Bruce Lee,5
449924,1240871,Ngo Ka-Nin,Leung Gun,6
449924,1957064,Chris Collins,Colin Frater,7
449924,2487703,Vanda Margraf,Wan Yonah,8
449924,240155,Lo Meng,Master Law,9
1084244,3234,Joan Cusack,Jessie (voice),0
1084244,31,Tom Hanks,Woody (voice),1
1084244,12898,Tim Allen,Buzz Lightyear (voice),2
1084244,81200,Conan O'Brien,Smarty Pants (voice),3
1084244,5374940,Scarlett Spears,Bonnie (voice),4
1084244,1260481,Greta Lee,Lilypad (voice),5
1084244,206869,Shelby Rabara,Snappy (voice),6
1084244,1881140,Mykal-Michelle Harris,Blaze (voice),7
1084244,64342,Craig Robinson,Atlas (voice),8
1084244,19487,Jay Hernandez,Bonnie’s Dad (voice),9
437557,41087,Leslie Mann,Lisa Decker,0
437557,56446,John Cena,Mitchell,1
437557,198150,Ike Barinholtz,Hunter,2
437557,221192,Kathryn Newton,Julie Decker,3
437557,1803287,Geraldine Viswanathan,Kayla,4
437557,1803286,Gideon Adlon,Sam,5
437557,1685831,Ramona Young,Angelica,6
437557,27103,Graham Phillips,Austin,7
437557,1157292,Miles Robbins,Connor Aldridge,8
437557,1389727,Jimmy Bellinger,Chad,9
467938,1464589,Matilda Lutz,Jen,0
467938,220990,Kevin Janssens,Richard,1
467938,1607019,Vincent Colombe,Stan,2
467938,1795276,Guillaume Bouchède,Dimitri,3
467938,583689,Jean-Louis Tribes,Roberto,4
467938,2325006,Barbara Gateau,Richard's Wife (voice),5
467938,1920887,Avant Strangel,TV Soap Opera Actor (voice) (uncredited),6
293670,1155298,Kwak Do-won,Jong-goo,0
293670,68903,Hwang Jung-min,Il-gwang,1
293670,1263930,Chun Woo-hee,Moo-myeong,2
293670,2541,Jun Kunimura,The Stranger,3
293670,1681260,Kim Hwan-hee,Hyo-jin,4
293670,1112238,Heo Jin,Mother-in-Law,5
293670,463583,Jang So-yeon,Jong-goo's Wife,6
293670,1793046,Kim Do-yoon,Yang Yi-sam,7
293670,1203792,Cho Han-chul,Detective,8
293670,115294,Son Kang-gook,Oh Sung-bok,9
460668,440414,Amy Schumer,Renee Bennett,0
460668,1812,Michelle Williams,Avery LeClair,1
460668,1017294,Tom Hopper,Grant LeClair,2
460668,509193,Rory Scovel,Ethan,3
460668,94432,Adrian Martinez,Mason,4
460668,1186505,Emily Ratajkowski,Mallory,5
460668,1093920,Aidy Bryant,Vivian,6
460668,60928,Busy Philipps,Jane,7
460668,27964,Lauren Hutton,Lily LeClair,8
460668,1395348,Sasheer Zamata,Tasha,9
1311031,1256603,Natsuki Hanae,Tanjiro Kamado (voice),0
1311031,9705,Takahiro Sakurai,Giyu Tomioka (voice),1
1311031,81244,Akira Ishida,Akaza (voice),2
1311031,119145,Hiro Shimono,Zenitsu Agatsuma (voice),3
1311031,1253008,Yoshimasa Hosoya,Kaigaku (voice),4
1311031,221773,Saori Hayami,Shinobu Kocho (voice),5
1311031,93803,Mamoru Miyano,Doma (voice),6
1311031,1452028,Reina Ueda,Kanao Tsuyuri (voice),7
1311031,1221114,Yuichi Nakamura,Keizo (voice),8
1311031,1691384,Lynn,Koyuki (voice),9
440161,4764,John C. Reilly,Eli Sisters,0
440161,73421,Joaquin Phoenix,Charlie Sisters,1
440161,131,Jake Gyllenhaal,John Morris,2
440161,53240,Riz Ahmed,Hermann Kermit Warm,3
440161,1631710,Rebecca Root,Mayfield,4
440161,1331652,Allison Tolman,Girl Mayfield Saloon,5
440161,585,Rutger Hauer,The Commodore,6
440161,10556,Carol Kane,Mrs Sisters,7
440161,1077835,Patrice Cossonneau,Blount,8
440161,2120252,Zac Abbott,Blount Guy Dying,9
1084736,145121,Pierre Niney,Edmond Dantès / The Count of Monte Cristo,0
1084736,910944,Bastien Bouillon,Fernand de Morcerf,1
1084736,123989,Anaïs Demoustier,Mercédès Herrera,2
1084736,93532,Laurent Lafitte,Gérard de Villefort,3
1084736,17839,Pierfrancesco Favino,Abbé Faria,4
1084736,56404,Patrick Mille,Danglars,5
1084736,125839,Vassili Schneider,Albert de Morcerf,6
1084736,3551190,Julien de Saint Jean,Andrea Cavalcanti,7
1084736,1021689,Anamaria Vartolomei,Haydée,8
1084736,1261727,Julie de Bona,Victoria,9
454639,1425934,Nicholas Galitzine,Adam / He-Man,0
454639,1721740,Camila Mendes,Teela,1
454639,17605,Idris Elba,Duncan,2
454639,7499,Jared Leto,Skeletor,3
454639,88029,Alison Brie,Evil-Lyn,4
454639,238164,Jóhannes Haukur Jóhannesson,Fisto,5
454639,2483272,Jon Xue Zhang,Ram Man,6
454639,2418119,Sam C. Wilson,Trap Jaw,7
454639,17648,James Purefoy,King Randor,8
454639,115679,Charlotte Riley,Queen Marlena,9
397422,1245,Scarlett Johansson,Jess,0
397422,1226302,Jillian Bell,Alice,1
397422,37153,Zoë Kravitz,Blair,2
397422,1325716,Ilana Glazer,Frankie,3
397422,1240487,Kate McKinnon,Pippa,4
397422,1607044,Paul W. Downs,Peter,5
397422,1102453,Ryan Cooper,Jay,6
397422,15232,Ty Burrell,Pietro,7
397422,3416,Demi Moore,Lea,8
397422,12798,Enrique Murciano,Detective Ruiz,9
645886,18277,Sandra Bullock,Ruth Slater,0
645886,19492,Viola Davis,Liz Ingram,1
645886,7132,Vincent D'Onofrio,John Ingram,2
645886,19498,Jon Bernthal,Blake,3
645886,19576,Richard Thomas,Michael Malcolm,4
645886,58643,Linda Emond,Rachel Malcolm,5
645886,1323109,Aisling Franciosi,Katherine Malcolm,6
645886,2059734,Emma Nelson,Emily Malcolm,7
645886,1560340,Will Pullen,Steve Whelan,8
645886,4729,Tom Guiry,Keith Whelan,9
1038392,17178,Patrick Wilson,Ed Warren,0
1038392,21657,Vera Farmiga,Lorraine Warren,1
1038392,3011652,Mia Tomlinson,Judy Warren,2
1038392,1452045,Ben Hardy,Tony Spera,3
1038392,1355139,Rebecca Calder,Janet Smurl,4
1038392,3839198,Tilly Walker,Carin Smurl,5
1038392,51120,Elliot Cowan,Jack Smurl,6
1038392,979807,Shannon Kook,Drew Thomas,7
1038392,80619,Steve Coulter,Father Gordon,8
1038392,3042998,Kíla Lord Cassidy,Heather Smurl,9
370755,1023139,Adam Driver,Paterson,0
370755,229932,Golshifteh Farahani,Laura,1
370755,1223718,Rizwan Manji,Donny,2
370755,8689,Barry Shabaka Henley,Doc,3
370755,1410478,William Jackson Harper,Everett,4
370755,1650121,Chasten Harmon,Marie,5
370755,5384,Method Man,Method Man,6
370755,1650140,Dominic Liriano,Boy on Bus 1,7
370755,1650148,Jaden Michael,Boy on Bus 2,8
370755,1650159,Trevor Parham,Sam,9
614696,572225,Yoo Ah-in,Oh Joon-woo,0
614696,1156197,Park Shin-hye,Kim Yoo-bin,1
614696,1586567,Lee Hyun-wook,Lee Sang-chul,2
614696,2260416,Jin So-yeon,Elena Kim,3
614696,927755,Kim Hak-sun,Joon-woo's Father,4
614696,2776202,So Hee-jung,Joon-woo's Mother,5
614696,2414743,Joo Bo-bi,Joon-woo's Sister,6
614696,1572347,Jeon Bae-soo,Masked Man,7
614696,2772781,Lee Chae-kyung,Masked Man's Wife,8
614696,2173679,Oh Hye-won,Police Officer,9
585511,1684452,Eva Noblezada,Sam (voice),0
585511,11108,Simon Pegg,Bob (voice),1
585511,6352,Jane Fonda,Dragon (voice),2
585511,2395,Whoopi Goldberg,Captain (voice),3
585511,235767,Colin O'Donoghue,Gerry (voice),4
585511,1488961,Lil Rel Howery,Marvin (voice),5
585511,1471841,Flula Borg,Jeff the Unicorn (voice),6
585511,7907,John Ratzenberger,Rootie (voice),7
585511,2437734,Adelynn Spoon,Hazel (voice),8
585511,15761,Grey DeLisle,Mrs. Rivera / Saorise / Penny Depot Boss (voice),9
614479,17181,Ty Simpkins,Dalton Lambert,0
614479,17178,Patrick Wilson,Josh Lambert,1
614479,3704264,Sinclair Daniel,Chris Winslow,2
614479,765,Hiam Abbass,Professor Armagan,3
614479,208524,Andrew Astor,Foster Lambert,4
614479,118076,David Call,Smash Face / Ben Burton,5
614479,80619,Steve Coulter,Carl,6
614479,3651651,Peter Dager,Nick the Dick,7
614479,9827,Rose Byrne,Renai Lambert,8
614479,7401,Lin Shaye,Elise Rainier,9
324670,18473,James Badge Dale,Clyne,0
324670,1246,Emily Mortimer,Fran Madison,1
324670,84754,Gonzalo Menendez,Captain Marco Cabrera,2
324670,94864,Max Martini,Maj. Sessions,3
324670,77164,Ryan Robbins,Sgt. Comstock,4
324670,21089,Bruce Greenwood,General Orland,5
324670,175690,Jimmy Akingbola,Sgt. Steve McFadden,6
324670,25730,Brian Caspe,Outpost Tech,7
324670,59671,Clayne Crawford,Sgt. Toll,8
324670,973998,Ursula Parker,Sari,9
245703,335,Michael Shannon,Roy Tomlin,0
245703,1274508,Jaeden Martell,Alton Meyer,1
245703,33192,Joel Edgerton,Lucas,2
245703,205,Kirsten Dunst,Sarah Tomlin,3
245703,1023139,Adam Driver,Agent Sevier,4
245703,60875,David Jensen,Elden,5
245703,9880,Sam Shepard,Calvin Meyer,6
245703,87954,Scott Haze,Levi,7
245703,1133063,Dana Gourrier,Sharon Davison,8
245703,167564,Paul Sparks,Agent Miller,9
533642,1352028,Gabriel Bateman,Andy,0
533642,119592,Aubrey Plaza,Karen,1
533642,2,Mark Hamill,Chucky (voice),2
533642,226366,Brian Tyree Henry,Mike,3
533642,21561,Tim Matheson,Henry Kaslan,4
533642,2237623,Beatrice Kitsos,Falyn,5
533642,1641955,Ty Consiglio,Pugg,6
533642,2237625,Marlon Kazadi,Omar,7
533642,4095,David James Lewis,Shane,8
533642,149486,Carlease Burke,Doreen,9
736526,1394758,Ine Marie Wilmann,Nora Tidemann,0
736526,225810,Kim S. Falck-Jørgensen,Andreas Isaksen,1
736526,105563,Mads Sjøgård Pettersen,Kristoffer,2
736526,107542,Gard B. Eidsvold,Tobias Tidemann,3
736526,67004,Anneke von der Lippe,Prime Minister Berit Moberg,4
736526,73548,Fridtjov Såheim,Minister of Defence Frederick Markussen,5
736526,19899,Dennis Storhøi,Chief of Defence General Sverre Lunde,6
736526,3783386,Karoline Viktoria Sletteng Garvang,Sigrid Hodne,7
736526,3800183,Yusuf Toosh Ibra,Amir,8
736526,3783387,Ameli Olving Sælevik,Unge Nora Tidemann,9
614409,1452046,Lana Condor,Lara Jean Song Covey,0
614409,1253353,Noah Centineo,Peter Kavinsky,1
614409,93377,Janel Parrish,Margot Song Covey,2
614409,1683266,Anna Cathcart,"Katherine ""Kitty"" Song Covey",3
614409,1299232,Ross Butler,Trevor Pike,4
614409,1463652,Madeleine Arthur,Christine,5
614409,1783292,Emilija Baranac,Genevieve,6
614409,1850803,Trezzo Mahoro,Lucas James,7
614409,1224130,Sarayu Blue,Trina Rothschild,8
614409,38405,John Corbett,Daniel Covey,9
616820,8944,Jamie Lee Curtis,Laurie,0
616820,1511997,Andi Matichak,Allyson,1
616820,1267684,James Jude Courtney,The Shape,2
616820,1196041,Rohan Campbell,Corey,3
616820,883,Will Patton,Frank,4
616820,180300,Jesse C. Boyd,Officer Mulaney,5
616820,1551547,Michael Barbieri,Terry,6
616820,3740402,Destiny Mone,Stacy,7
616820,3740404,Joey Harris,Margo,8
616820,3740408,Marteen,Billy,9
351211,1223879,James Allen McCune,James Donahue,0
351211,1486488,Callie Hernandez,Lisa Arlington,1
351211,1232689,Brandon Scott,Peter Jones,2
351211,1618066,Corbin Reid,Ashley Bennett,3
351211,1181426,Valorie Curry,Talia,4
351211,86046,Wes Robinson,Lane,5
351211,26851,Heather Donahue,Heather (archive footage),6
1197306,976,Jason Statham,Levon Cade,0
1197306,973,Jason Flemyng,Wolo Kolisnyk,1
1197306,17817,Merab Ninidze,Yuri,2
1197306,1011106,Maximilian Osinski,Dimi Kolisnyk,3
1197306,950125,Cokey Falkow,Dougie,4
1197306,454,Michael Peña,Joe Garcia,5
1197306,35029,David Harbour,Gunny Lefferty,6
1197306,1862014,Noemi Gonzalez,Carla Garcia,7
1197306,3953574,Arianna Rivas,Jenny Garcia,8
1197306,3651199,Isla Gie,Merry Cade,9
475210,587020,Theo James,Will,0
475210,2178,Forest Whitaker,Tom,1
475210,159962,Kat Graham,Samantha,2
475210,58356,Kerry Bishé,Meg,3
475210,1554188,Grace Dove,Ricki,4
475210,225411,Mark O'Brien,Jeremiah,5
475210,74615,Nicole Ari Parker,Paula Sutherland,6
475210,74366,Nancy Sorel,Sonographer,7
475210,2085990,Anett Rumanoczky,Flight Attendant,8
475210,2085991,Cheryl Gensiorek,Airport Bar Woman,9
614911,1461,George Clooney,Augustine Lofthouse,0
614911,72855,Felicity Jones,Sully,1
614911,35013,David Oyelowo,Adewole,2
614911,2424535,Caoilinn Springall,Iris,3
614911,3497,Kyle Chandler,Mitchell,4
614911,76961,Demián Bichir,Sanchez,5
614911,1074676,Tiffany Boone,Maya,6
614911,1088620,Sophie Rundle,Jean,7
614911,119586,Ethan Peck,Young Augustine,8
614911,55538,Tim Russ,Mason Mosley,9
482321,1774679,Jack Dylan Grazer,Barney (voice),0
482321,58225,Zach Galifianakis,Ron (voice),1
482321,27105,Ed Helms,Graham (voice),2
482321,39187,Olivia Colman,Donka (voice),3
482321,1091324,Rob Delaney,Andrew (voice),4
482321,1029934,Justice Smith,Marc (voice),5
482321,2309874,Kylie Cantrall,Savannah (voice),6
482321,1634120,Ricardo Hurtado,Rich (voice),7
482321,1504903,Cullen McCarthy,Noah (voice),8
482321,1373681,Ava Morse,Ava (voice),9
591275,142115,Kiana Madeira,Sarah Fier / Deena,0
591275,1335308,Benjamin Flores Jr.,Henry / Josh,1
591275,1547061,Olivia Scott Welch,Hannah Miller / Samantha Fraser,2
591275,219960,Ashley Zukerman,Solomon Goode / Nick Goode,3
591275,1307543,Darrell Britt-Gibson,Martin,4
591275,3144526,Elizabeth Scopel,'Real' Sarah Fier,5
591275,1381393,Randy Havens,George Fier,6
591275,2280510,Julia Rehwald,Lizzie / Kate,7
591275,1480027,Matthew Zuk,Elijah Goode / Mayor Will Goode,8
591275,2099497,Fred Hechinger,Isaac / Simon,9
521777,1277188,Jacob Tremblay,Max,0
521777,2177190,Keith L. Williams,Lucas,1
521777,2239159,Brady Noon,Thor,2
521777,1782117,Molly Gordon,Hannah,3
521777,1984116,Midori Francis,Lily,4
521777,2362044,Izaac Wang,Soren,5
521777,1274210,Millie Davis,Brixlee,6
521777,96529,Josh Caras,Benji,7
521777,62831,Will Forte,Max's Dad,8
521777,1761118,Mariessa Portelance,Max's Mom,9
739405,976,Jason Statham,Orson Fortune,0
739405,119592,Aubrey Plaza,Sarah Fidel,1
739405,2130,Cary Elwes,Nathan,2
739405,3291,Hugh Grant,Greg Simmonds,3
739405,2299,Josh Hartnett,Danny Francesco,4
739405,2934629,Bugzy Malone,JJ,5
739405,1665,Eddie Marsan,Knighton,6
739405,109833,Peter Ferdinando,Mike,7
739405,2640820,Nicholas Facey,John,8
739405,1297438,Lourdes Faberes,Emilia,9
429415,454,Michael Peña,Peter,0
429415,51988,Lizzy Caplan,Alice,1
429415,969140,Israel Broussard,Miles,2
429415,450,Mike Colter,David,3
429415,55583,Lex Shrapnel,Ray,4
429415,105838,Emma Booth,Samantha,5
429415,1538417,Amelia Crouch,Hanna,6
429415,1560380,Erica Tremblay,Lucy,7
429415,1829985,Lilly Aspell,Megan,8
429415,1389927,Dan Cade,Hoyt,9
799583,73968,Henry Cavill,Maj. Gus March-Phillips,0
799583,1222992,Eiza González,Marjorie Stewart,1
799583,64295,Alan Ritchson,Anders Lassen - 'The Danish Hammer',2
799583,1807132,Henry Golding,Freddy 'The Buzz' Alvarez,3
799583,2130,Cary Elwes,Brigadier Gubbins - 'M',4
799583,61363,Alex Pettyfer,Capt. Geoffrey Appleyard,5
799583,1114487,Hero Fiennes Tiffin,Henry Hayes,6
799583,205923,Babs Olusanmokun,Richard Heron,7
799583,1844,Til Schweiger,Heinrich Luhr,8
799583,1014931,Freddie Fox,Lt. Cmdr. Ian Fleming,9
529216,130260,Adriana Ugarte,Vera Roy,0
529216,1308586,Chino Darín,Inspector Leira,1
529216,19024,Javier Gutiérrez,Ángel Prieto,2
529216,1340020,Álvaro Morte,David Ortiz,3
529216,226431,Nora Navas,Clara Medina,4
529216,1179659,Miquel Fernández,Aitor Medina,5
529216,33410,Clara Segura,Hilda Weiss,6
529216,225130,Mima Riera,María Lasarte,7
529216,938080,Aina Clotet,Úrsula,8
529216,1062016,Albert Pérez,Román,9
976893,18056,Koji Yakusho,Hirayama,0
976893,1015822,Tokio Emoto,Takashi,1
976893,4011271,Arisa Nakano,Niko,2
976893,3086230,Aoi Yamada,Aya,3
976893,79457,Yumi Aso,Keiko,4
976893,1630770,Sayuri Ishikawa,Mama,5
976893,33134,Tomokazu Miura,Tomoyama,6
976893,136191,Min Tanaka,Homeless,7
976893,4500897,Miyako Tanaka,Old Lady with Brush,8
976893,2212955,Ron Mizuma,Businessman,9
1079091,59175,Blake Lively,Lily Bloom,0
1079091,88675,Justin Baldoni,Ryle Kincaid,1
1079091,213001,Jenny Slate,Allysa,2
1079091,1855143,Brandon Sklenar,Atlas Corrigan,3
1079091,552252,Hasan Minhaj,Marshall,4
1079091,9013,Kevin McKidd,Andrew Bloom,5
1079091,26930,Amy Morton,Jenny Bloom,6
1079091,1388470,Alex Neustaedter,Young Atlas Corrigan,7
1079091,5141572,Isabela Ferrer,Young Lily Bloom,8
1079091,2256,Robert Clohessy,Sheriff,9
727745,125025,Joey King,Elle Evans,0
727745,518627,Joel Courtney,Lee Flynn,1
727745,2034418,Jacob Elordi,Noah Flynn,2
727745,21625,Molly Ringwald,Mrs. Flynn,3
727745,2648891,Taylor Zakhar Perez,Marco Peña,4
727745,1412941,Meganne Young,Rachel,5
727745,1399526,Maisie Richardson-Sellers,Chloe Winthrop,6
727745,1386160,Stephen Jennings,Mr. Evans,7
727745,2034421,Carson White,Brad,8
727745,190626,Morné Visser,Mr. Flynn,9
840705,1537686,Naomi Ackie,Frida,0
840705,38673,Channing Tatum,Slater,1
840705,61178,Alia Shawkat,Jess,2
840705,2224,Christian Slater,Vic,3
840705,35548,Simon Rex,Cody,4
840705,1371297,Adria Arjona,Sarah,5
840705,9640,Haley Joel Osment,Tom,6
840705,3514776,Liz Caribel Sierra,Camilla,7
840705,3560034,Levon Hawke,Lucas,8
840705,2599167,Trew Mullen,Heather,9
463684,14343,Rene Russo,Rhodora Haze,0
463684,131,Jake Gyllenhaal,Morf Vandewalt,1
463684,118034,Zawe Ashton,Josephina,2
463684,90451,Tom Sturridge,Jon Dondon,3
463684,3051,Toni Collette,Gretchen,4
463684,1039011,Natalia Dyer,Coco,5
463684,1652371,Daveed Diggs,Damrish,6
463684,141034,Billy Magnussen,Bryson,7
463684,6949,John Malkovich,Piers,8
463684,1226197,Mig Macario,Cloudio,9
1034541,1882502,Lauren LaVera,Sienna Shaw,0
1034541,1880016,David Howard Thornton,Art the Clown,1
1034541,1676771,Samantha Scaffidi,Victoria Heyes,2
1034541,2787720,Elliott Fullam,Jonathan Shaw,3
1034541,37405,Margaret Anne Florence,Jessica,4
1034541,65769,Bryce Johnson,Greg,5
1034541,1452953,Alexa Blair Robertson,Mia,6
1034541,3743767,Antonella Rose,Gabby,7
1034541,3250317,Mason Mecartea,Cole,8
1034541,2829463,Krsy Fox,Jennifer,9
974950,8691,Zoe Saldaña,Rita,0
974950,1505938,Karla Sofía Gascón,Emilia / Manitas,1
974950,77948,Selena Gomez,Jessi,2
974950,983710,Adriana Paz,Epifanía,3
974950,25616,Edgar Ramírez,Gustavo Brun,4
974950,6696,Mark Ivanir,Wasserman,5
974950,3337577,Eduardo Aladro,Berlinger,6
974950,4725740,Emiliano Hasan,Gabriel Mendoza,7
974950,4759023,Gaël Murguia-Fur,Angel,8
974950,4759024,Tirso Pietriga,Diego,9
638974,19292,Adam Sandler,Nick Spitz,0
638974,4491,Jennifer Aniston,Audrey Spitz,1
638974,2983,Mark Strong,Miller,2
638974,19119,Mélanie Laurent,Claudette,3
638974,1695989,Jodie Turner-Smith,Countess Sekou,4
638974,51878,John Kani,Colonel Ulenga,5
638974,1848809,Kuhoo Verma,Saira,6
638974,37627,Dany Boon,Inspector Delacroix,7
638974,81840,Adeel Akhtar,The Maharajah,8
638974,944099,Enrique Arce,Francisco,9
337674,17882,Isabelle Huppert,Michèle,0
337674,93532,Laurent Lafitte,Patrick,1
337674,7276,Anne Consigny,Anna,2
337674,48576,Charles Berling,Richard,3
337674,118178,Virginie Efira,Rebecca,4
337674,26165,Judith Magre,Irène,5
337674,7803,Christian Berkel,Robert,6
337674,566080,Jonas Bloquet,Vincent,7
337674,1288047,Alice Isaaz,Josie,8
337674,146342,Vimala Pons,Hélène,9
635910,1154054,Corey Hawkins,Clemens,0
635910,1323109,Aisling Franciosi,Anna,1
635910,83854,David Dastmalchian,Wojchek,2
635910,111090,Javier Botet,Dracula / Nosferatu,3
635910,15498,Liam Cunningham,Captain Eliot,4
635910,1656685,Chris Walley,Abrams,5
635910,1224010,Jon Jon Briones,Joseph,6
635910,80507,Stefan Kapičić,Olgaren,7
635910,1291166,Martin Furulund,Larsen,8
635910,1238110,Nikolai Nikolaeff,Petrofsky,9
517814,2084595,Zain Al Rafeea,Zain,0
517814,2084596,Yordanos Shifera,Rahil,1
517814,2084597,Boluwatife Treasure Bankole,Yonas,2
517814,2084599,Kawsar Al Haddad,Souad,3
517814,2084600,Fadi Kamel Yousef,Selim,4
517814,2084602,Cedra Izzam,Sahar,5
517814,2226542,Alaa Chouchnieh,Aspro,6
517814,1880669,Elias Khoury,The Judge,7
517814,53431,Nadine Labaki,Nadine,8
517814,2084601,Nour el Husseini,Assaad,9
342473,18050,Elle Fanning,Felicie (voice),0
342473,122889,Dane DeHaan,Victor (voice),1
342473,232006,Nat Wolff,Victor (US version),2
342473,1239482,Carly Rae Jepsen,Odette (voice),3
342473,1483976,Maddie Ziegler,Camille Le Haut (voice),4
342473,14639,Mel Brooks,Luteau (US version),5
342473,12487,Julie Khaner,Regine Le Haut (voice),6
342473,170369,Terrence Scammell,Merante / Postman (voice),7
342473,12983,Joe Sheridan,Director of Opera (voice),8
342473,1209880,Tamir Kapelian,Rudolph / Mathurin (voice),9
843527,1813,Anne Hathaway,Solène,0
843527,1425934,Nicholas Galitzine,Hayes,1
843527,3307906,Ella Rubin,Izzy,2
843527,174514,Annie Mumolo,Tracy,3
843527,81316,Reid Scott,Daniel,4
843527,1869253,Perry Mattfeld,Eva,5
843527,2712164,Jordan Aaron Hall,Zeke,6
843527,4574592,Mathilda Gianopoulos,Georgia,7
843527,2461728,Meg Millidge,Claire,8
843527,2450847,Cheech Manohar,Jeremy,9
376290,83002,Jessica Chastain,Madeline Elizabeth Sloane,0
376290,2983,Mark Strong,Rodolfo Vittorio Schmidt,1
376290,1216606,Gugu Mbatha-Raw,Esme Manucharian,2
376290,17486,Alison Pill,Jane Molloy,3
376290,72873,Michael Stuhlbarg,Pat Connors,4
376290,496470,Jake Lacy,Forde,5
376290,5352,David Wilson Barnes,Daniel Posner,6
376290,19152,Dylan Baker,Jon O'Neill,7
376290,43243,Raoul Bhaneja,R.M. Dutton,8
376290,14905,Chuck Shamata,Bill Sanford,9
726759,1303037,Taron Egerton,Henk Rogers,0
726759,931253,Nikita Efremov,Alexey Pajitnov,1
726759,1466773,Sofia Lebedeva,Sasha,2
726759,1727213,Anthony Boyle,Kevin Maxwell,3
726759,11280,Ben Miles,Howard Lincoln,4
726759,1155715,Ken Yamamura,Minoru Arakawa,5
726759,1679513,Igor Grabuzov,Valentin Trifonov,6
726759,235858,Oleg Stefan,Belikov,7
726759,1502347,Ayane Nagabuchi,Akemi Rogers,8
726759,10883,Rick Yune,Bank Manager,9
318781,10990,Emma Watson,Lena,0
318781,3872,Daniel Brühl,Daniel,1
318781,6283,Michael Nyqvist,Paul Schäfer,2
318781,90764,Richenda Carey,Gisela,3
318781,1080195,Vicky Krieps,Ursel,4
318781,1694291,Jeanne Werner,Doro,5
318781,167831,Julian Ovenden,Roman,6
318781,11951,August Zirner,German Ambassador,7
318781,49056,Martin Wuttke,Niels Biedermann,8
318781,116362,César Bordón,Manuel Contreras,9
301804,7517,Kate Bosworth,Jessie,0
301804,1277188,Jacob Tremblay,Cody,1
301804,11155,Thomas Jane,Mark,2
301804,49425,Annabeth Gish,Natalie,3
301804,101847,Lance E. Nichols,Detective,4
301804,128628,Scottie Thompson,Teacher,5
301804,6066,Dash Mihok,Whelan,6
301804,155934,Jay Karnes,Peter,7
301804,1186839,Kyla Deaver,Annie,8
301804,572407,Courtney Bell,Andrea,9
513310,81685,Frank Grillo,Roy Pulver,0
513310,2461,Mel Gibson,Colonel Clive Ventor,1
513310,3489,Naomi Watts,Jemma Wells,2
513310,39125,Will Sasso,Brett,3
513310,82809,Annabelle Wallis,Alice,4
513310,108693,Sheaun McKinney,Dave,5
513310,115500,Selina Lo,Guan Yin,6
513310,1620,Michelle Yeoh,Dai Feng,7
513310,83586,Ken Jeong,Chef Jake,8
513310,956385,Meadow Williams,Pam,9
447362,120724,Jaden Smith,Daryn,0
447362,1289968,Cara Delevingne,Isabelle,1
447362,9777,Cuba Gooding Jr.,Xavier,2
447362,1260036,Chris D'Elia,Phil,3
447362,1795840,JT Neal,Sammy,4
447362,1684024,Stony Blyden,Kiran,5
447362,229,Peter MacNeill,James Maxwell,6
447362,150,RZA,Ron,7
447362,9781,Nia Long,Catherine,8
447362,1292576,Michelle Giroux,Amanda,9
556678,1397778,Anya Taylor-Joy,Emma Woodhouse,0
556678,137108,Johnny Flynn,George Knightley,1
556678,1206334,Josh O'Connor,Mr. Elton,2
556678,1371041,Callum Turner,Frank Churchill,3
556678,1137824,Mia Goth,Harriet Smith,4
556678,62965,Miranda Hart,Miss Bates,5
556678,2440,Bill Nighy,Mr. Woodhouse,6
556678,11278,Rupert Graves,Mr. Weston,7
556678,1475127,Gemma Whelan,Miss Taylor / Mrs. Weston,8
556678,1121198,Amber Anderson,Jane Fairfax,9
579047,6968,Hugh Jackman,Nicolas 'Nick' Bannister,0
579047,933238,Rebecca Ferguson,Mae,1
579047,9030,Thandiwe Newton,Emily 'Watts' Sanders,2
579047,7248,Cliff Curtis,Cyrus Booth,3
579047,78883,Marina de Tavira,Tamara Sylvan,4
579047,64436,Daniel Wu,Saint Joe,5
579047,1375499,Mojean Aria,Sebastian Sylvan,6
579047,16841,Brett Cullen,Walter Sylvan,7
579047,76511,Natalie Martinez,Avery Castillo,8
579047,85143,Angela Sarafyan,Elsa Carine,9
330483,239996,Benjamin Walker,Travis Parker,0
330483,20374,Teresa Palmer,Gabby Holland,1
330483,11825,Maggie Grace,Stephanie Parker,2
330483,109513,Alexandra Daddario,Monica,3
330483,11824,Tom Welling,Ryan McCarthy,4
330483,29934,Brett Rice,Dr. McCarthy,5
330483,935722,Brad James,Ben,6
330483,180300,Jesse C. Boyd,Matt,7
330483,1576808,Noree Victoria,Liz,8
330483,963547,Anna Enger Ritch,Megan,9
775996,53650,Anthony Mackie,Leo,0
775996,1837297,Damson Idris,Harp,1
775996,91494,Enzo Cilenti,Miller,2
775996,130414,Emily Beecham,Sofiya,3
775996,50217,Michael Kelly,Eckhart,4
775996,2267919,Kristina Tonteri-Young,Bale,5
775996,2067955,Brady Dowad,Bigfoot,6
775996,125719,Henry Garrett,Brydon,7
775996,1471612,Alexandra Szucs,Female Bank Worker,8
775996,2938556,Gábor Krausz,Vasili,9
369192,54693,Emma Stone,Billie Jean King,0
369192,4495,Steve Carell,Bobby Riggs,1
369192,127558,Andrea Riseborough,Marilyn Barnett,2
369192,7404,Sarah Silverman,Gladys Heldman,3
369192,8984,Bill Pullman,Jack Kramer,4
369192,1951,Elisabeth Shue,Priscilla Riggs,5
369192,10697,Alan Cumming,Ted Tinling,6
369192,970216,Austin Stowell,Larry King,7
369192,29020,Eric Christian Olsen,Lornie Kuhle,8
369192,118752,Natalie Morales,Rosie Casals,9
581032,31,Tom Hanks,Captain Jefferson Kyle Kidd,0
581032,1756490,Helena Zengel,Johanna Leonberger,1
581032,1175743,Michael Angelo Covino,Almay,2
581032,1472,Ray McKinnon,Simon Boudlin,3
581032,51544,Mare Winningham,Doris Boudlin,4
581032,126713,Elizabeth Marvel,Mrs. Gannett,5
581032,2099497,Fred Hechinger,John Calley,6
581032,121718,Bill Camp,Mr. Branholme,7
581032,1295668,Thomas Francis Murphy,Mr. Farley,8
581032,1602747,Gabriel Ebert,Benjamin Farley,9
1029575,13240,Mark Wahlberg,Dan Morgan,0
1029575,11705,Michelle Monaghan,Jessica Morgan,1
1029575,21045,Maggie Q,Gwen,2
1029575,1533987,Zoe Colletti,Nina Morgan,3
1029575,1818455,Van Crosby,Kyle Morgan,4
1029575,8785,Ciarán Hinds,McCaffrey,5
1029575,1593387,Kellen Boyle,Cyrus,6
1029575,5419,Saïd Taghmaoui,Augie,7
1029575,1224596,Felicia Pearson,Toothpick,8
1029575,123812,Lateef Crowder,Neck Tattoo,9
381719,55466,James Corden,Peter Rabbit (voice),0
381719,9827,Rose Byrne,Beatrix 'Bea' Potter / Jemima Puddle-Duck (voice),1
381719,93210,Domhnall Gleeson,Thomas McGregor / Mr. Jeremy Fisher (voice),2
381719,234352,Margot Robbie,Flopsy Rabbit / Narrator (voice),3
381719,1133349,Elizabeth Debicki,Mopsy Rabbit (voice),4
381719,1315036,Daisy Ridley,Cottontail Rabbit (voice),5
381719,143271,Colin Moody,Benjamin Bunny (voice),6
381719,4783,Sam Neill,Mr. McGregor / Tommy Brock (voice),7
381719,17352,Marianne Jean-Baptiste,Harrods General Manager,8
381719,125564,Felix Williamson,Derek,9
625450,2398197,Ava Michelle,Jodi Kreyman,0
625450,1152083,Sabrina Carpenter,Harper Kreyman,1
625450,18324,Steve Zahn,Richie Kreyman,2
625450,971299,Griffin Gluck,Jack Dunkleman,3
625450,2406554,Clara Wilsey,Kimmy Sticher,4
625450,1512122,Paris Berelc,Liz,5
625450,113867,Angela Kinsey,Helanie Kreyman,6
625450,2408001,Bria Condon,Krystal Spitz,7
625450,2406550,Luke Eisner,Stig Mohlin,8
625450,2117083,Anjelika Washington,Fareeda,9
382322,34947,Kevin Conroy,Batman (voice),0
382322,2,Mark Hamill,The Joker (voice),1
382322,15762,Tara Strong,Barbara Gordon / Batgirl (voice),2
382322,6719,Ray Wise,Commissioner Gordon (voice),3
382322,31531,John DiMaggio,Francesco (voice),4
382322,130081,Robin Atkin Downes,Detective Bullock (voice),5
382322,58511,Brian George,Alfred (voice),6
382322,1541380,JP Karliak,Reese (voice),7
382322,1373048,Andrew Kishino,Murray (voice),8
382322,19508,Nolan North,Mitch (voice),9
1035259,3896,Liam Neeson,Frank Drebin Jr.,0
1035259,6736,Pamela Anderson,Beth Davenport,1
1035259,1294982,Paul Walter Hauser,Ed Hocken Jr.,2
1035259,6413,Danny Huston,Richard Cane,3
1035259,30485,CCH Pounder,Chief Davis,4
1035259,79072,Kevin Durand,Sig Gustafson,5
1035259,1700631,Liza Koshy,Detective Barnes,6
1035259,2568575,Eddie Yu,Detective Park,7
1035259,143261,Michael Beasley,Detective Taylor,8
1035259,2669816,Moses Jones,Not Nordberg Jr.,9
965150,2326151,Paul Mescal,Calum,0
965150,3515419,Frankie Corio,Sophie,1
965150,3635399,Brooklyn Toulson,Michael,2
965150,1290029,Celia Rowlson-Hall,Adult Sophie,3
965150,1514178,Sally Messham,Belinda,4
965150,3635397,Ayşe Parlak,Teen Girl 1,5
965150,3635398,Sophia Lamanova,Teen Girl 2,6
965150,2304140,Spike Fearn,Olly,7
965150,3562265,Harry Perdios,Toby,8
965150,3757250,Frank Corio,Ocean Park Father,9
457136,36592,Saoirse Ronan,Mary Stuart,0
457136,234352,Margot Robbie,Queen Elizabeth I,1
457136,1334638,Jack Lowden,Lord Darnley,2
457136,20049,David Tennant,John Knox,3
457136,529,Guy Pearce,William Cecil,4
457136,97576,Gemma Chan,Bess of Hardwick,5
457136,1256215,James McArdle,"James, Earl of Moray",6
457136,1100144,Ismael Cruz Cordova,David Rizzio,7
457136,16628,Martin Compston,Earl of Bothwell,8
457136,1496392,Joe Alwyn,Robert Dudley,9
724209,90633,Gal Gadot,Rachel Stone,0
724209,1254583,Jamie Dornan,Parker,1
724209,1108120,Alia Bhatt,Keya Dhawan,2
724209,2598,Sophie Okonedo,Nomad,3
724209,16808,Matthias Schweighöfer,Jack of Hearts,4
724209,1534392,Paul Ready,Bailey,5
724209,564035,Jing Lusi,Yang,6
724209,91494,Enzo Cilenti,Mulvaney,7
724209,2532090,Joe Reisig,Lars Monroe,8
724209,2216848,Luca Fiamenghi,Casanova,9
458220,12111,Justin Timberlake,Eddie Palmer,0
458220,2897867,Ryder Allen,Sam,1
458220,36594,Juno Temple,Shelly,2
458220,1519512,Alisha Wainwright,Maggie Hayes,3
458220,35515,June Squibb,Vivian Palmer,4
458220,68763,Dean Winters,Jerry,5
458220,203734,Wynn Everett,Lucille Coles,6
458220,180300,Jesse C. Boyd,Tommy Coles,7
458220,1628087,Charmin Lee,Judge Ellen Antheem,8
458220,1393311,Jake Brennan,Jake,9
646207,3896,Liam Neeson,Mike McCann,0
646207,1654001,Amber Midthunder,Tantoo,1
646207,55174,Marcus Thomas,John 'Gurty' McCann,2
646207,7497,Holt McCallany,Lampard,3
646207,2975,Laurence Fishburne,Goldenrod,4
646207,42206,Matt McCoy,General Manager Sickle,5
646207,1584347,Martin Sensmeier,Miner Cody,6
646207,76234,Matt Salinger,CEO Thomason,7
646207,1896599,BJ Verot,Washington,8
646207,1106200,Bradley Sawatzky,VP Operations Tager,9
660120,1576786,Renate Reinsve,Julie,0
660120,71610,Anders Danielsen Lie,Aksel,1
660120,1083266,Herbert Nordrum,Eivind,2
660120,574243,Hans Olav Brenner,Ole Magnus,3
660120,1479227,Helene Bjørneby,Karianne,4
660120,99056,Vidar Sandem,Per Harald,5
660120,1479362,Maria Grazia Di Meo,Sunniva,6
660120,3267200,Lasse Gretland,Kristoffer,7
660120,3267201,Karen Røise Kielland,Tone,8
660120,2108561,Marianne Krogh,Eva,9
798645,83271,Glen Powell,Ben Richards,0
798645,91671,Colman Domingo,Bobby T.,1
798645,72095,Lee Pace,Evan McCone,2
798645,16851,Josh Brolin,Dan Killian,3
798645,3905,William H. Macy,Molie,4
798645,39995,Michael Cera,Elton Perrakis,5
798645,1331023,Emilia Jones,Amelia Williams,6
798645,1339627,Daniel Ezra,Bradley,7
798645,2455272,Jayme Lawson,Sheila Richards,8
798645,52601,Sean Hayes,Gary Greenbacks,9
299054,976,Jason Statham,Lee Christmas,0
299054,62644,50 Cent,"Drew ""Easy Day"" Farrell",1
299054,19537,Megan Fox,Gina,2
299054,16644,Dolph Lundgren,Gunner Jensen,3
299054,57207,Tony Jaa,Decha,4
299054,113732,Iko Uwais,Rahmat,5
299054,1271,Andy Garcia,Marsh,6
299054,16483,Sylvester Stallone,Barney Ross,7
299054,74748,Randy Couture,Toll Road,8
299054,2256312,Jacob Scipio,Galan,9
454640,58224,Jason Sudeikis,Red (voice),0
454640,54415,Josh Gad,Chuck (voice),1
454640,62862,Danny McBride,Bomb (voice),2
454640,168452,Leslie Jones,Zeta (voice),3
454640,19278,Bill Hader,Leonard (voice),4
454640,1453801,Rachel Bloom,Silver (voice),5
454640,1625558,Awkwafina,Courtney (voice),6
454640,1225953,Sterling K. Brown,Garry (voice),7
454640,239574,Eugenio Derbez,Glenn (voice),8
454640,1230868,Tiffany Haddish,Debbie (voice),9
519010,3131,Antonio Banderas,Salvador Mallo,0
519010,102228,Asier Etxeandia,Alberto Crespo,1
519010,19803,Leonardo Sbaraglia,Federico Delgado,2
519010,226431,Nora Navas,Mercedes,3
519010,25257,Julieta Serrano,Old Jacinta,4
519010,955,Penélope Cruz,Jacinta,5
519010,2231204,César Vicente,Eduardo,6
519010,2231203,Asier Flores,Young Salvador,7
519010,953,Cecilia Roth,Zulema,8
519010,101401,Susi Sánchez,Pious Woman from Paterna,9
395991,16851,Josh Brolin,Eric Marsh,0
395991,996701,Miles Teller,Brendan 'Donut' McDonough,1
395991,1229,Jeff Bridges,Duane Steinbrink,2
395991,6161,Jennifer Connelly,Amanda Marsh,3
395991,18473,James Badge Dale,Jesse Steed,4
395991,60900,Taylor Kitsch,Christopher MacKenzie,5
395991,558466,Alex Russell,Andrew Ashcraft,6
395991,1533,Andie MacDowell,Marvel Steinbrink,7
395991,22128,Geoff Stults,Travis Turbyfill,8
395991,60076,Thad Luckinbill,Scott Norris,9
553604,3896,Liam Neeson,Tom Dolan,0
553604,61114,Kate Walsh,Annie Wilkins,1
553604,224181,Jai Courtney,John Nivens,2
553604,52886,Jeffrey Donovan,Sean Meyers,3
553604,1560244,Anthony Ramos,Ramon Hall,4
553604,418,Robert Patrick,Samuel Baker,5
553604,1291890,Jasmine Cephas Jones,Beth Hall,6
553604,2049531,Devon Diep,Cute Nurse,7
553604,2924475,Herlin Navarro,Hotel Housekeeper,8
553604,4376370,James Milord,Delivery Guy,9
787752,2230991,Daisy Edgar-Jones,Noa,0
787752,60898,Sebastian Stan,Steve,1
787752,2135069,Jojo T. Gibbs,Mollie,2
787752,1021684,Charlotte Le Bon,Ann,3
787752,1030512,Dayo Okeniyi,Paul,4
787752,1689089,Andrea Bang,Penny,5
787752,110475,Brett Dier,Chad,6
787752,3400259,Alina Maris,Melissa,7
787752,222562,William Belleau,Man,8
787752,3309871,Lachlan Quarmby,Instructor,9
1151031,1840063,Billy Barratt,Andy,0
1151031,39658,Sally Hawkins,Laura,1
1151031,3253214,Mischa Heywood,Cathy,2
1151031,4741316,Jonah Wren Phillips,Oliver,3
1151031,216979,Stephen Phillips,Phil,4
1151031,1560405,Sally-Anne Upton,Wendy,5
1151031,4741323,Sora Wong,Piper,6
1151031,5012628,Kathryn Adams,Anna,7
1151031,4222366,Brian Godfrey,Ivan,8
1151031,1811482,Brendan Bacon,Anton,9
870028,880,Ben Affleck,Christian Wolff,0
870028,19498,Jon Bernthal,Braxton,1
870028,182272,Cynthia Addai-Robinson,Marybeth Medina,2
870028,18999,J.K. Simmons,Ray King,3
870028,5397272,Allison Robertson,Justine,4
870028,1257565,Alison Wright,Justine (voice),5
870028,1257819,Daniella Pineda,Anaïs,6
870028,75264,Robert Morgan,Burke,7
870028,1058027,Grant Harvey,Cobb,8
870028,67206,Andrew Howard,Batu,9
302156,1269,Kevin Costner,Jerico Stewart,0
302156,64,Gary Oldman,Quaker Wells,1
302156,2176,Tommy Lee Jones,Dr. Franks,2
302156,90633,Gal Gadot,Jill Pope,3
302156,59860,Alice Eve,Marta Lynch,4
302156,10859,Ryan Reynolds,Bill Pope,5
302156,10692,Michael Pitt,Jan Strook - The Dutchman,6
302156,31384,Jordi Mollà,Xavier Heimdahl,7
302156,43202,Antje Traue,Elsa Mueller,8
302156,78110,Scott Adkins,Pete Greensleeves,9
445629,1373737,Florence Pugh,Saraya 'Paige' Knight,0
445629,17286,Lena Headey,Julia 'Sweet Saraya' Knight,1
445629,11109,Nick Frost,Patrick 'Rowdy Ricky' Knight,2
445629,4937,Vince Vaughn,Hutch Morgan,3
445629,1334638,Jack Lowden,Zak 'Zodiac' Knight,4
445629,18918,Dwayne Johnson,Dwayne 'The Rock' Johnson,5
445629,1531459,Thea Trinidad,AJ Lee,6
445629,1300637,Aqueela Zoll,Kirsten,7
445629,39189,Stephen Merchant,Hugh,8
445629,1836,Julia Davis,Daphne,9
604079,2764542,Cooper Hoffman,Raymond Garraty #47,0
604079,2761308,David Jonsson,Peter McVries #23,1
604079,1446466,Garrett Wareing,Billy Stebbins #38,2
604079,3033265,Ben Wang,Hank Olson #46,3
604079,2362672,Tut Nyuot,Arthur Baker #6,4
604079,1440574,Charlie Plummer,Gary Barkovitch #5,5
604079,3395594,Jordan Gonzalez,Richard Harkness #49,6
604079,3238101,Joshua Odjick,Collie Parker #48,7
604079,2,Mark Hamill,The Major,8
604079,2054851,Roman Griffin Davis,Curly #7,9
1318447,6885,Charlize Theron,Sasha,0
1318447,1303037,Taron Egerton,Ben,1
1318447,8783,Eric Bana,Tommy,2
1318447,145245,Caitlin Stasey,Leah,3
1318447,2933227,Bessie Holland,Cashier,4
1318447,1245420,Zachary Garred,Sean,5
1318447,1046893,Matt Whelan,Hunter,6
1318447,1240306,Rob Carlton,2nd Hunter,7
1318447,126579,Aaron Pedersen,Park Ranger,8
1318447,1928966,Duncan Fellows,Dad,9
1306368,1892,Matt Damon,Lieutenant Dane Dumars,0
1306368,880,Ben Affleck,Detective Sergeant J.D. Byrne,1
1306368,964679,Teyana Taylor,Detective Numa Baptistie,2
1306368,215055,Steven Yeun,Detective Mike Ro,3
1306368,5887,Catalina Sandino Moreno,Detective Lolo Salazar,4
1306368,2542319,Sasha Calle,Desiree 'Desi' Lopez Molina,5
1306368,3497,Kyle Chandler,DEA Agent Mateo 'Matty' Nix,6
1306368,78110,Scott Adkins,FBI Agent Del Byrne,7
1306368,2271371,Daisuke Tsuji,FBI Agent Logan Casiano,8
1306368,21316,Nestor Carbonell,Major Thom Vallejo,9
491480,2185240,Maxwell Simba,William Kamkwamba,0
491480,5294,Chiwetel Ejiofor,Trywell Kamkwamba,1
491480,132429,Aïssa Maïga,Agnes Kamkwamba,2
491480,2185247,Lily Banda,Annie Kamkwamba,3
491480,1212803,Joseph Marcell,Chief Wembe,4
491480,1496037,Lemogang Tsipa,Mike Kachigunda,5
491480,2256549,Philbert Falakeza,Gilbert Wimbe,6
491480,517103,Noma Dumezweni,Edith Sikelo,7
491480,2256555,Khalani Makunje,Daniel Ngwata,8
491480,1442881,Robert Agengo,Jeremiah Kamkwamba,9
486131,2231,Samuel L. Jackson,John Shaft,0
486131,198847,Jessie T. Usher,JJ Shaft,1
486131,35705,Regina Hall,Maya Babanikos,2
486131,1253199,Alexandra Shipp,Sasha Arias,3
486131,6487,Richard Roundtree,"John Shaft, Sr.",4
486131,2547617,Jordan Preston Carter,Young JJ,5
486131,2240797,Nyah Marie Johnson,Young Sasha,6
486131,1224390,Matt Lauria,Major Gary Cutworth,7
486131,39389,Titus Welliver,Special Agent Vietti,8
486131,5384,Method Man,Freddie P.,9
615643,215055,Steven Yeun,Jacob,0
615643,1057068,Han Ye-ri,Monica,1
615643,1080935,Youn Yuh-jung,Soonja,2
615643,883,Will Patton,Paul,3
615643,2476742,Alan Kim,David,4
615643,2476741,Noel Kate Cho,Anne,5
615643,97391,Darryl Cox,Mr. Harlan,6
615643,2527851,Esther Moon,Mrs. Oh,7
615643,1486237,Ben Hall,Dowsing Dan,8
615643,126199,Eric Starkey,Randy Boomer,9
551804,221192,Kathryn Newton,Millie Kessler,0
551804,4937,Vince Vaughn,The Butcher,1
551804,1972881,Celeste O'Connor,Nyla Chones,2
551804,1910668,Misha Osherovich,Josh Detmer,3
551804,231241,Uriah Shelton,Booker Strode,4
551804,2447483,Mitchell Hoog,Evan,5
551804,1691808,Dana Drori,Charlene Kessler,6
551804,1939686,Carter Glade,Tobin,7
551804,58771,Katie Finneran,Coral Kessler,8
551804,2394,Alan Ruck,Mr. Bernardi,9
578701,11701,Angelina Jolie,Hannah Faber,0
578701,1980651,Finn Little,Connor Casserly,1
578701,19498,Jon Bernthal,Ethan Sawyer,2
578701,3292,Nicholas Hoult,Patrick Blackwell,3
578701,49735,Aidan Gillen,Jack Blackwell,4
578701,4177,Jake Weber,Owen Casserly,5
578701,1935340,Medina Senghore,Allison Sawyer,6
578701,80602,Tyler Perry,Arthur,7
578701,57155,Boots Southerland,Sheriff,8
578701,62645,Tory Kittles,Ryan,9
329440,58502,Natalie Dormer,Sara / Jess Price,0
329440,111801,Eoin Macken,Rob,1
329440,183048,Stephanie Vogt,Valerie,2
329440,1777418,Osamu Tanpopo,Homeless Man,3
329440,1777419,Yasuo Tobishima,Sushi Chef,4
329440,1777420,Ibuki Kaneda,Mei (Schoolgirl),5
329440,1522259,Akiko Iwase,Head Teacher,6
329440,1522255,Kikuo Ichikawa,Businessman,7
329440,1522256,Noriko Sakura,Mayumi,8
329440,1388891,Jozef Aoki,Visitor Center Morgue Man,9
441701,1757602,Sandra Escacena,Verónica,0
441701,1757603,Bruna González,Lucía,1
441701,1757605,Claudia Placer,Irene,2
441701,1757606,Iván Chavero,Antoñito,3
441701,24976,Ana Torrent,Ana,4
441701,226724,Consuelo Trujillo,Sister Muerte,5
441701,1876220,Ángela Fabián,Rosa,6
441701,1712994,Carla Campra,Diana,7
441701,1153755,Chema Adeva,Romero,8
441701,1679552,Miranda Gas,Rodríguez,9
623491,1538780,Judah Lewis,Cole Johnson,0
623491,974169,Jenna Ortega,Phoebe Atwell,1
623491,1223726,Robbie Amell,Max,2
623491,112742,Emily Alyn Lind,Melanie,3
623491,1350469,Andrew Bachelor,John,4
623491,98285,Bella Thorne,Allison,5
623491,1107297,Hana Mae Lee,Sonya,6
623491,77089,Ken Marino,Archie,7
623491,57451,Leslie Bibb,Phyliss,8
623491,588231,Chris Wylde,Juan,9
425972,7060,Martin Freeman,Andy,0
425972,2045329,Simone Landers,Thoomi,1
425972,75711,Anthony Hayes,Vic,2
425972,51671,Susie Porter,Kay,3
425972,1046903,Caren Pistorius,Lorraine,4
425972,110008,Kris McQuade,Etta,5
425972,2045328,Natasha Wanganeen,Josie,6
425972,586097,Bruce R. Carter,Willie,7
425972,53023,David Gulpilil,Daku,8
425972,81332,Andy Rodoreda,River Father,9
1273221,9562,Marlon Wayans,Shorty / 'Joe' / 'Tiffany' / Count Brolock,0
1273221,35690,Shawn Wayans,Ray,1
1273221,1772,Anna Faris,Cindy,2
1273221,35705,Regina Hall,Brenda,3
1273221,1502916,Olivia Rose Keegan,Sara,4
1273221,3027150,Cameron Scott Roberts,Jack,5
1273221,1932318,Savannah Lee Nassif,Tuesday,6
1273221,1001946,Sydney Park,DEI,7
1273221,1741333,Gregg Wayans,Brad,8
1273221,4762373,Benny Zielke,Jess,9
538362,1395660,Alessandro Borghi,Stefano Cucchi,0
538362,128426,Max Tortora,Giovanni Cucchi,1
538362,69489,Jasmine Trinca,Ilaria Cucchi,2
538362,1312428,Milvia Marigliano,Rita Calore,3
538362,2126785,Elisa Casavecchia,Giulia,4
538362,2126787,Aurora Casavecchia,Giulia,5
538362,928933,Mauro Conte,Carabiniere Arresto #1,6
538362,1693394,Walter Nestola,Carabiniere Arresto #2,7
538362,1896791,Davide Petrucci,Carabiniere Arresto #3,8
538362,2093488,Paolo D Bovani,Carabiniere Arresto #4,9
213681,58225,Zach Galifianakis,David Ghantt,0
213681,887,Owen Wilson,Steve Chambers,1
213681,41091,Kristen Wiig,Kelly Campbell,2
213681,1240487,Kate McKinnon,Jandice,3
213681,168452,Leslie Jones,Agent Scanlon,4
213681,58224,Jason Sudeikis,Mike McKinney,5
213681,139309,Mary Elizabeth Ellis,Michelle Chambers,6
213681,77089,Ken Marino,Doug,7
213681,1696148,Karsten Friske,Cort Chambers,8
213681,1696149,Dallas Edwards,Ken Chambers,9
664469,3894,Christian Bale,Burt Berendsen,0
664469,234352,Margot Robbie,Valerie Voze,1
664469,1117313,John David Washington,Harold Woodman,2
664469,4941,Alessandro Nivola,Detective Hiltz,3
664469,127558,Andrea Riseborough,Beatrice Vandenheuvel,4
664469,1397778,Anya Taylor-Joy,Libby Voze,5
664469,2632,Chris Rock,Milton King,6
664469,73381,Matthias Schoenaerts,Detective Lem Getweiler,7
664469,335,Michael Shannon,Henry Norcross,8
664469,12073,Mike Myers,Paul Canterbury,9
486947,41903,Jakob Cedergren,Asger Holm,0
486947,1923199,Jessica Dinnage,Iben (voice),1
486947,141879,Omar Shargawi,Rashid (voice),2
486947,1923200,Johan Olsen,Michael (voice),3
486947,1433475,Jacob Lohmann,Bo (voice),4
486947,1825589,Katinka Evers-Jahnsen,Mathilde (voice),5
486947,1923201,Jeanette Lindbæk,North Zealand Shift Chief (voice),6
486947,1616206,Simon Bennebjerg,Junkie (voice),7
486947,34867,Laura Bro,Journalist (voice),8
486947,41905,Morten Suurballe,Man at Skælbækgade Street (voice),9
491584,572225,Yoo Ah-in,Lee Jong-su,0
491584,215055,Steven Yeun,Ben,1
491584,1937533,Jeon Jong-seo,Shin Hae-mi,2
491584,2043067,Kim Soo-kyung,Yeon-ju,3
491584,1703282,Choe Seung-ho,Lee Yong-seok,4
491584,240948,Moon Sung-keun,Lawyer,5
491584,1107744,Min Bok-gi,Judge,6
491584,2133919,Ban Hye-ra,Jong-su's Mother,7
491584,2204431,Cha Mi-kyung,Hae-mi's Mother,8
491584,2133921,Lee Bong-ryeon,Hae-mi's Sister,9
407451,1344344,Storm Reid,Meg Murry,0
407451,13309,Oprah Winfrey,Mrs. Which,1
407451,368,Reese Witherspoon,Mrs. Whatsit,2
407451,125167,Mindy Kaling,Mrs. Who,3
407451,1313583,Levi Miller,Calvin O'Keefe,4
407451,1704256,Deric McCabe,Charles Wallace Murry,5
407451,62064,Chris Pine,Dr. Alex Murry,6
407451,1216606,Gugu Mbatha-Raw,Dr. Kate Murry,7
407451,58225,Zach Galifianakis,The Happy Medium,8
407451,1257205,Rowan Blanchard,Veronica Kiley,9
399366,146750,George MacKay,Jack Marrowbone,0
399366,1397778,Anya Taylor-Joy,Allie,1
399366,1448222,Charlie Heaton,Billy Marrowbone,2
399366,1137824,Mia Goth,Jane Marrowbone,3
399366,1675329,Matthew Stagg,Sam Marrowbone,4
399366,1675330,Nicola Harrison,"Rose Marrowbone, Mother",5
399366,1390505,Kyle Soller,Tom Porter,6
399366,27678,Tom Fisher,"Simon Fairbairn, Father",7
399366,1976937,Myra Kathryn Pearse,Molly,8
399366,72308,Paul Jesson,Doctor,9
829557,2511949,Anna-Maria Sieklucka,Laura Torricelli,0
829557,2349355,Michele Morrone,Massimo Torricelli / Adriano Torricelli,1
829557,3090060,Simone Susinna,Marcelo 'Nacho' Matos,2
829557,1637039,Magdalena Lamparska,Olga,3
829557,1616974,Otar Saralidze,Domenico,4
829557,934801,Natasza Urbańska,Anna,5
829557,275949,Ramón Langa,Don Fernando Matos,6
829557,259737,Ewa Kasprzyk,Klara,7
829557,1573532,Dariusz Jakubowski,Tomasz,8
829557,1192152,Tomasz Mandes,Tommaso,9
774825,11108,Simon Pegg,Buck (voice),0
774825,1240645,Vincent Tong,Crash (voice),1
774825,3332754,Aaron Harris,Eddie (voice),2
774825,929511,Utkarsh Ambudkar,Orson (voice),3
774825,95517,Justina Machado,Zee (or whatever her name is) (voice),4
774825,2504206,Sean Kenin,Manny (voice),5
774825,95200,Dominique Jennings,Ellie (voice),6
774825,2016862,Jake Green,Sid (voice),7
774825,203048,Skyler Stone,Diego (voice),8
774825,1225964,Theodore Borders,Additional Voices (voice),9
1290821,976,Jason Statham,Mason,0
1290821,4088089,Bodhi Rae Breathnach,Jesse,1
1290821,1537686,Naomi Ackie,Roberta,2
1290821,1670,Daniel Mays,Booth,3
1290821,17477,Harriet Walter,Prime Minister Fordham,4
1290821,2440,Bill Nighy,Manafort,5
1290821,1563431,Michael Shaeffer,Uncle,6
1290821,1233545,Anna Crilly,Haneron,7
1290821,237087,Eugenia Caruso,Shop Clerk,8
1290821,1389549,Céline Buckens,Maddison,9
499701,1428070,Isabela Merced,Dora,0
499701,1826682,Jeff Wahlberg,Diego,1
499701,1109111,Madeleine Madden,Sammy,2
499701,239574,Eugenio Derbez,Alejandro Gutierrez,3
499701,454,Michael Peña,Cole - Dora's Father,4
499701,52605,Eva Longoria,Elena,5
499701,1121,Benicio del Toro,Swiper (voice),6
499701,2110964,Madelyn Miranda,Dora (6 years),7
499701,1836114,Malachi Barton,Diego (6 years),8
499701,23680,Dee Bradley Baker,Animal Vocalizations (voice),9
642885,73931,Bette Midler,Winifred Sanderson,0
642885,520,Sarah Jessica Parker,Sarah Sanderson,1
642885,11074,Kathy Najimy,Mary Sanderson,2
642885,1842860,Whitney Peak,Becca,3
642885,2381442,Belissa Escobedo,Izzy,4
642885,2129491,Lilia Buckingham,Cassie,5
642885,1798797,Froy Gutierrez,Mike,6
642885,1429453,Sam Richardson,Gilbert,7
642885,17005,Doug Jones,Billy Butcherson,8
642885,25147,Tony Hale,Mayor / Reverend Traske,9
437586,1444880,Sunny Suljic,Stevie,0
437586,77795,Katherine Waterston,Dabney,1
437586,1105079,Lucas Hedges,Ian,2
437586,2003784,Na-kel Smith,Ray,3
437586,2126003,Olan Prenatt,Fuckshit,4
437586,2126005,Gio Galicia,Ruben,5
437586,2092052,Ryder McLaughlin,Fourth Grade,6
437586,1497557,Alexa Demie,Estee,7
437586,2202492,Fig Camila Abner,Angela,8
437586,2003785,Liana Perlich,Teresa,9
716612,37917,Kristen Stewart,Diana,0
716612,9191,Timothy Spall,Major Alistair Gregorys,1
716612,3262411,Jack Nielen,William,2
716612,3262412,Freddie Spry,Harry,3
716612,1287084,Jack Farthing,Charles,4
716612,16702,Sean Harris,Darren,5
716612,134699,Stella Gonet,The Queen,6
716612,49487,Richard Sammel,Prince Philip,7
716612,42998,Elizabeth Berrington,Princess Anne,8
716612,1116106,Lore Stefanek,Queen Mother,9
325789,17419,Bryan Cranston,Robert Mazur,0
325789,9824,Diane Kruger,Kathy Ertz,1
325789,5723,John Leguizamo,Emir Abreu,2
325789,1670,Daniel Mays,Frankie,3
325789,4589,Benjamin Bratt,Roberto Alcaino,4
325789,39388,Amy Ryan,Bonni Tischler,5
325789,3623,Elena Anaya,Gloria Alcaino,6
325789,225610,Joseph Gilgun,Dominic,7
325789,1394384,Gino Picciano,Banker,8
325789,10672,Art Malik,Akbar Bilgrami,9
585245,1696017,Darby Camp,Emily Elizabeth,0
585245,212285,Jack Whitehall,Casey,1
585245,2362044,Izaac Wang,Owen Yu,2
585245,8930,John Cleese,Mr. Bridwell,3
585245,25147,Tony Hale,Zack Tieran,4
585245,58563,David Alan Grier,Packard,5
585245,55259,Paul Rodríguez,Sanchez,6
585245,52117,Horatio Sanz,Raul,7
585245,7055,Sienna Guillory,Maggie,8
585245,4810,Rosie Perez,Lucille,9
656690,2750818,Tristan Harris,Self,0
656690,4485926,Jeff Seibert,Self,1
656690,4485928,Bailey Richardson,Self,2
656690,4485929,Joe Toscano,Self,3
656690,4485930,Sandy Parakilas,Self,4
656690,4485931,Guillaume Chaslot,Self,5
656690,1482613,Lynn Fox,Self,6
656690,4485935,Aza Raskin,Self,7
656690,4485936,Alex Roetter,Self,8
656690,3253528,Tim Kendall,Self,9
504253,1318732,Mahiro Takasugi,Haruki Shiga (voice),0
504253,1691384,Lynn,Sakura Yamauchi (voice),1
504253,1287794,Yukiyo Fujii,Kyoko Takimoto (voice),2
504253,1492992,Yuma Uchida,Takahiro (voice),3
504253,115301,Jun Fukushima,Issei Miyata (voice),4
504253,34923,Atsuko Tanaka,Haruki's Mother (voice),5
504253,62318,Shin-ichiro Miki,Haruki's Father (voice),6
504253,237304,Emi Wakui,Sakura's Mother (voice),7
504253,2409932,Nanami Atsugi,Hospital Announcement (voice),8
504253,2864076,Kazuya Saji,Father of the Boy and Girl (voice),9
395458,1892,Matt Damon,Gardner Lodge,0
395458,1231,Julianne Moore,Margaret Lodge / Rose,1
395458,1590759,Noah Jupe,Nicky Lodge,2
395458,25072,Oscar Isaac,Bud Cooper,3
395458,2891225,Landon Gordon,Kid on Bike,4
395458,1377670,Glenn Fleshler,Ira Sloan,5
395458,178634,Alex Hassell,Louis,6
395458,157031,Karimah Westbrook,Mrs. Mayers,7
395458,1622084,Tony Espinosa,Andy Mayers,8
395458,96228,Gary Basaraba,Uncle Mitch,9
416234,15735,Helen Mirren,Sarah Winchester,0
416234,76512,Jason Clarke,Dr. Eric Price,1
416234,235416,Sarah Snook,Marian Marriott,2
416234,1478135,Finn Scicluna-O'Prey,Henry Marriott,3
416234,1421699,Emm Wiseman,Nancy,4
416234,2911015,Alana Fagan,Partially Dressed Lady #1,5
416234,2911016,Rebecca Makar,Partially Dressed Lady #2,6
416234,152548,Tyler Coppin,Arthur Gates,7
416234,68321,Michael Carman,Frank,8
416234,59117,Angus Sampson,John Hansen,9
916224,1564419,Nanoka Hara,Suzume Iwato (voice),0
916224,1256882,Hokuto Matsumura,Souta Munakata (voice),1
916224,110058,Eri Fukatsu,Tamaki Iwato (voice),2
916224,1018944,Shota Sometani,Minoru Okabe (voice),3
916224,1732483,Sairi Ito,Rumi Ninomiya (voice),4
916224,3661042,Kotone Hanase,Chika Amabe (voice),5
916224,119143,Kana Hanazawa,Tsubame Iwato (voice),6
916224,228527,Matsumoto Hakuō II,Hitsujiro Munakata (voice),7
916224,225730,Ryunosuke Kamiki,Tomoya Serizawa (voice),8
916224,3936012,Ann Yamane,Daijin (voice),9
810693,77927,Megumi Ogata,Yuta Okkotsu (voice),0
810693,119143,Kana Hanazawa,Rika Orimoto (voice),1
810693,1221114,Yuichi Nakamura,Satoru Gojo (voice),2
810693,9705,Takahiro Sakurai,Suguru Geto (voice),3
810693,1281498,Mikako Komatsu,Maki Zen'in (voice),4
810693,1254052,Koki Uchiyama,Toge Inumaki (voice),5
810693,90567,Tomokazu Seki,Panda (voice),6
810693,1678,Mitsuo Iwata,Kiyotaka Ijichi (voice),7
810693,1120525,Takaya Kuroda,Masamichi Yaga (voice),8
810693,1781175,Risae Matsuda,Mimiko Hasaba (voice),9
614560,64,Gary Oldman,Herman Mankiewicz,0
614560,71070,Amanda Seyfried,Marion Davies,1
614560,112561,Lily Collins,Rita Alexander,2
614560,3229,Arliss Howard,Louis B. Mayer,3
614560,207442,Tom Pelphrey,Joseph Mankiewicz,4
614560,5421,Sam Troughton,John Houseman,5
614560,1211873,Ferdinand Kingsley,Irving Thalberg,6
614560,89822,Tuppence Middleton,Sara Mankiewicz,7
614560,52891,Tom Burke,Orson Welles,8
614560,33528,Joseph Cross,Charles Lederer,9
385103,62831,Will Forte,Shaggy Rogers (voice),0
385103,13240,Mark Wahlberg,Blue Falcon (voice),1
385103,11355,Jason Isaacs,Dick Dastardly (voice),2
385103,180486,Gina Rodriguez,Velma Dinkley (voice),3
385103,29222,Zac Efron,Fred Jones (voice),4
385103,71070,Amanda Seyfried,Daphne Blake (voice),5
385103,1253355,Kiersey Clemons,Dee Dee Skyes (voice),6
385103,83586,Ken Jeong,Dynomutt (voice),7
385103,56903,Tracy Morgan,Captain Caveman (voice),8
385103,15831,Frank Welker,Scooby-Doo / Pterodactyl (voice),9
511809,1159982,Ansel Elgort,Tony,0
511809,2217977,Rachel Zegler,María,1
511809,1437491,Ariana DeBose,Anita,2
511809,2225865,David Alvarez,Bernardo,3
511809,1423520,Mike Faist,Riff,4
511809,175829,Brian d'Arcy James,Officer Krupke,5
511809,74541,Corey Stoll,Lieutenant Schrank,6
511809,13299,Rita Moreno,Valentina,7
511809,2269067,Josh Rivera,Chino,8
511809,1636954,Ana Isabelle,Rosalía,9
424781,1200864,LaKeith Stanfield,Cassius Green,0
424781,62561,Tessa Thompson,Detroit,1
424781,1488960,Jermaine Fowler,Salvador,2
424781,41556,Omari Hardwick,Mr. _______,3
424781,53256,Terry Crews,Sergio,4
424781,1436999,Kate Berlant,Diana DeBauchery,5
424781,1069833,Michael X. Sommers,Johnny,6
424781,2047,Danny Glover,Langston,7
424781,215055,Steven Yeun,Squeeze,8
424781,53807,Armie Hammer,Steve Lift,9
323675,55638,Kevin Hart,Ben Barber,0
323675,9778,Ice Cube,James Payton,1
323675,81364,Olivia Munn,Maya,2
323675,110742,Tika Sumpter,Angela Payton,3
323675,83586,Ken Jeong,AJ,4
323675,8169,Tyrese Gibson,Mayfield,5
323675,65196,Nadine Velazquez,Tasha,6
323675,4589,Benjamin Bratt,Antonio Pope,7
323675,83271,Glen Powell,Troy,8
323675,109561,Sherri Shepherd,Cori,9
1007734,59410,Bob Odenkirk,Hutch Mansell,0
1007734,935,Connie Nielsen,Becca Mansell,1
1007734,40543,John Ortiz,Wyatt Martin,2
1007734,3492,Colin Hanks,Sheriff Abel,3
1007734,150,RZA,Harry Mansell,4
1007734,5414,Colin Salmon,The Barber,5
1007734,1062,Christopher Lloyd,David Mansell,6
1007734,4430,Sharon Stone,Lendina,7
1007734,9452,Daniel Bernhardt,Kartoush,8
1007734,2593447,Paisley Cadorath,Sammy Mansell,9
1022796,1437491,Ariana DeBose,Asha (voice),0
1022796,62064,Chris Pine,King Magnifico (voice),1
1022796,21088,Alan Tudyk,Valentino (voice),2
1022796,1001536,Angelique Cabral,Queen Amaya (voice),3
1022796,8536,Victor Garber,Sabino (voice),4
1022796,1546282,Natasha Rothwell,Sakina (voice),5
1022796,1519596,Jennifer Kumiyama,Dahlia (voice),6
1022796,210172,Harvey Guillén,Gabo (voice),7
1022796,3782649,Niko Vargas,Hal (voice),8
1022796,55089,Evan Peters,Simon (voice),9
848538,73968,Henry Cavill,Argylle,0
848538,18997,Bryce Dallas Howard,Elly Conway,1
848538,6807,Sam Rockwell,Aidan Wilde,2
848538,17419,Bryan Cranston,Director Ritter,3
848538,11514,Catherine O'Hara,Ruth,4
848538,568657,Sofia Boutella,Saba Al-Badr,5
848538,1959397,Dua Lipa,Lagrange,6
848538,1437491,Ariana DeBose,Keira,7
848538,56446,John Cena,Wyatt,8
848538,2231,Samuel L. Jackson,Alfie,9
565028,1639847,Yahya Abdul-Mateen II,Anthony McCoy,0
565028,970219,Teyonah Parris,Brianna Cartwright,1
565028,91671,Colman Domingo,William Burke,2
565028,221980,Nathan Stewart-Jarrett,Troy Cartwright,3
565028,2393781,Kyle Kaminsky,Grady Smith,4
565028,543193,Vanessa Williams,Anne-Marie McCoy,5
565028,1563458,Brian King,Clive Privler,6
565028,2551727,Miriam Moss,Jerrika,7
565028,143714,Rebecca Spence,Finley Stephens,8
565028,2185770,Carl Clemons-Hopkins,Jameson,9
417320,1098962,Dove Cameron,Mal,0
417320,1331457,Sofia Carson,Evie,1
417320,75041,Cameron Boyce,Carlos,2
417320,121868,Booboo Stewart,Jay,3
417320,80613,China Anne McClain,Uma,4
417320,1421398,Brenna D'Amico,Jane,5
417320,1421393,Mitchell Hope,Ben,6
417320,1729496,Thomas Doherty,Harry,7
417320,1098664,Dylan Playfair,Gil,8
417320,1683266,Anna Cathcart,Dizzy,9
271969,54738,Jack Huston,Judah Ben-Hur,0
271969,20286,Toby Kebbell,Messala Severus,1
271969,17289,Rodrigo Santoro,Jésus Christ,2
271969,192,Morgan Freeman,Sheik Ilderim,3
271969,142213,Nazanin Boniadi,Esther,4
271969,8786,Ayelet Zurer,Naomi Ben-Hur,5
271969,90060,Pilou Asbæk,Pontius Pilate,6
271969,515628,Sofia Black-D'Elia,Tirzah Ben-Hur,7
271969,935235,Marwan Kenzari,Drusus,8
271969,57412,Moisés Arias,Dismas,9
617505,19292,Adam Sandler,Hubie Dubois,0
617505,32895,Kevin James,Sgt. Steve Downey,1
617505,31171,Julie Bowen,Violet Valentine,2
617505,11477,Ray Liotta,Mr. Landolfa,3
617505,884,Steve Buscemi,Walter Lambert,4
617505,60949,Rob Schneider,Richie Hartman,5
617505,52792,Maya Rudolph,Mrs. Hennessey,6
617505,51857,Tim Meadows,Mr. Lester Hennessey,7
617505,19654,Michael Chiklis,Father Dave,8
617505,35515,June Squibb,Hubie's Mom,9
425274,44735,Jesse Eisenberg,J. Daniel Atlas,0
425274,3918497,Dominic Sessa,Bosco,1
425274,1767250,Ariana Greenblatt,June,2
425274,1029934,Justice Smith,Charlie,3
425274,10882,Rosamund Pike,Veronika Vanderberg,4
425274,57755,Woody Harrelson,Merritt McKinney,5
425274,54697,Dave Franco,Jack Wilder,6
425274,52848,Isla Fisher,Henley Reeves,7
425274,51988,Lizzy Caplan,Lula,8
425274,192,Morgan Freeman,Thaddeus Bradley,9
635731,2963,Nicolas Cage,Rob Feld,0
635731,934281,Alex Wolff,Amir,1
635731,55257,Adam Arkin,Darius,2
635731,3125984,Nina Belforte,Charlotte,3
635731,79734,Gretchen Corbett,Mac,4
635731,942560,Dalene Young,Jezebel,5
635731,2087317,Darius Pierce,Edgar,6
635731,1700997,Elijah Ungvary,Scratch,7
635731,1102514,Brian Sutherland,Drunk Man,8
635731,41253,David Knell,Finway,9
722778,2431166,Filippo Scotti,Fabietto Schisa,0
722778,72782,Toni Servillo,Saverio Schisa,1
722778,116532,Teresa Saponangelo,Maria Schisa,2
722778,119172,Luisa Ranieri,Patrizia,3
722778,2672369,Marlon Joubert,Marchino Schisa,4
722778,124624,Massimiliano Gallo,Franco,5
722778,2406108,Betti Pedrazzi,Baronessa Focale,6
722778,35104,Renato Carpentieri,Alfredo,7
722778,1132233,Enzo De Caro,San Gennaro,8
722778,2185017,Sofya Gershevich,Yulia,9
760741,17605,Idris Elba,Dr. Nate Daniels,0
760741,1438277,Leah Sava Jeffries,Norah Daniels,1
760741,1877835,Iyana Halley,Meredith Daniels,2
760741,82191,Sharlto Copley,Martin Battles,3
760741,2073065,Martin Munro,Kees,4
760741,3668443,Liyabuya Gongo,Cut Offs,5
760741,1138169,Daniel Hadebe,Abduya,6
760741,3171983,Thapelo Sebogodi,Camo,7
760741,3668444,Mduduzi Mavimbela,Poacher Mizozi,8
760741,2387578,Chris Gxalaba,Poacher Mizozi,9
501907,29528,Matthew Rhys,Lloyd Vogel,0
501907,31,Tom Hanks,Fred Rogers,1
501907,2955,Chris Cooper,Jerry Vogel,2
501907,155228,Susan Kelechi Watson,Andrea Vogel,3
501907,171472,Maryann Plunkett,Joanne Rogers,4
501907,15029,Enrico Colantoni,Bill Isler,5
501907,20623,Wendy Makkena,Dorothy Vogel,6
501907,16859,Tammy Blanchard,Lorraine Vogel,7
501907,206410,Noah Harpster,Todd,8
501907,2220239,Carmen Cusack,Margy Whitmer,9
549509,3490,Adrien Brody,László Tóth,0
549509,72855,Felicity Jones,Erzsébet Tóth,1
549509,529,Guy Pearce,Harrison Lee Van Buren Sr,2
549509,1496392,Joe Alwyn,Harry Lee,3
549509,1055230,Raffey Cassidy,Zsófia,4
549509,1137823,Stacy Martin,Maggie Lee,5
549509,4812,Isaach de Bankolé,Gordon,6
549509,4941,Alessandro Nivola,Attila,7
549509,235125,Ariane Labed,Older Zsófia,8
549509,1338019,Michael Epp,Jim Simpson,9
626735,38673,Channing Tatum,Jackson Briggs,0
626735,3376396,Aavi Haas,Deli Manager,1
626735,2092052,Ryder McLaughlin,Deli Teenager,2
626735,1387665,Luke Forbes,Ranger Jones,3
626735,3255984,Darren Keilan,Ranger Lucas,4
626735,3304753,Eric Urbiztondo,Sergeant Riley Rodriguez,5
626735,3116821,Darin Keith Martin,Sergeant Turner,6
626735,3376382,Justin Louis Weiss,Corporal Dickerson,7
626735,4741,Cayden Boyd,Corporal Levitz,8
626735,1539711,Devin White,Fort Lewis MP,9
615469,74568,Chris Hemsworth,Steve Abnesti,0
615469,996701,Miles Teller,Jeff,1
615469,59017,Jurnee Smollett-Bell,Lizzy,2
615469,3085653,Mark Paguio,Mark Verlaine,3
615469,1057485,Tess Haubrich,Heather,4
615469,2514298,BeBe Bettencourt,Emma,5
615469,24898,Nathan Jones,Rogan,6
615469,1184801,Angie Milliken,Sarah,7
615469,2896645,Ron Smyck,Dave,8
615469,1634567,Joey Vieira,Miguel,9
777443,1356210,Millie Bobby Brown,Michelle,0
777443,73457,Chris Pratt,Keats,1
777443,690,Ke Huy Quan,Dr. Amherst / P.C (voice),2
777443,1206,Jason Alexander,Ted / Wingman,3
777443,1945369,Woody Norman,Christopher,4
777443,4808,Giancarlo Esposito,Colonel Bradbury / The Marshall,5
777443,2283,Stanley Tucci,Ethan Skate,6
777443,57755,Woody Harrelson,Mr. Peanut (voice),7
777443,53650,Anthony Mackie,Herman (voice),8
777443,1248,Brian Cox,Popfly (voice),9
300673,62064,Chris Pine,Bernie Webber,0
300673,1893,Casey Affleck,Ray Sybert,1
300673,11107,Ben Foster,Richard Livesey,2
300673,8783,Eric Bana,Daniel Cluff,3
300673,302165,Holliday Grainger,Miriam Webber,4
300673,40543,John Ortiz,Wallace Quirey,5
300673,59219,Kyle Gallner,Andy Fitzgerald,6
300673,37154,John Magaro,Ervin Maske,7
300673,95047,Graham McTavish,Frank Fauteux,8
300673,53259,Michael Raymond-James,D.A. Brown,9
1325734,505710,Zendaya,Emma,0
1325734,11288,Robert Pattinson,Charlie,1
1325734,1741367,Alana Haim,Rachel,2
1325734,1639848,Mamoudou Athie,Mike,3
1325734,1599899,Hailey Benton Gates,Misha,4
1325734,1303156,Sydney Lemmon,Pauline,5
1325734,1049916,Hannah Gross,Alice,6
1325734,1724137,Anna Baryshnikov,Sam,7
1325734,2482808,Jordyn Curet,Young Emma,8
1325734,71889,Michael Abbott Jr.,Blake,9
334524,10297,Matthew McConaughey,Kenny Wells,0
334524,18997,Bryce Dallas Howard,Kay,1
334524,25616,Edgar Ramírez,Michael Acosta,2
334524,1181329,Timothy Simons,Jackson,3
334524,57428,Michael Landes,Binkert,4
334524,825,Stacy Keach,Clive Coleman,5
334524,19538,Rachael Taylor,Rachel Hill,6
334524,21089,Bruce Greenwood,Mark Hancock,7
334524,8977,Craig T. Nelson,Kenny Wells,8
334524,74541,Corey Stoll,Brian Woolf,9
454293,55638,Kevin Hart,Teddy,0
454293,1230868,Tiffany Haddish,Carrie,1
454293,71403,Rob Riggle,Mackenzie,2
454293,71530,Romany Malco,Jaylen,3
454293,1213573,Taran Killam,Stewart,4
454293,25382,Megalyn Echikunwoke,Lisa,5
454293,90534,Al Madrigal,Luis,6
454293,25884,Mary Lynn Rajskub,Theresa,7
454293,65827,Keith David,Gerald,8
454293,1080862,Anne Winters,Mila,9
416144,76788,Dev Patel,Arjun,0
416144,53807,Armie Hammer,David,1
416144,142213,Nazanin Boniadi,Zahra,2
416144,1280060,Tilda Cobham-Hervey,Sally,3
416144,6217,Anupam Kher,Chef Hemant Oberoi,4
416144,11355,Jason Isaacs,Vasili Orchevsky,5
416144,1768799,Suhail Nayyar,Abdullah,6
416144,1439718,Amandeep Singh,Imran,7
416144,2345270,Manoj Mehra,Houssam,8
416144,2345271,Dinesh Kumar,Rashid,9
401246,150802,Claes Bang,Christian,0
401246,32798,Elisabeth Moss,Anne,1
401246,17287,Dominic West,Julian,2
401246,236696,Terry Notary,Oleg,3
401246,1441512,Christopher Læssø,Michael,4
401246,1987168,Lise Stephenson Engström,Daughter,5
401246,1987169,Lilianne Mardon,Daughter,6
401246,1632467,Marina Schiptjenko,Elna,7
401246,1727567,Annica Liljeblad,Sonja,8
401246,1987170,Elijandro Edouard,Boy with Letter,9
539681,18918,Dwayne Johnson,Krypto the Superdog / Anubis / Black Adam (voice),0
539681,55638,Kevin Hart,Ace the Bat-Hound (voice),1
539681,17697,John Krasinski,Clark Kent / Superman (voice),2
539681,6384,Keanu Reeves,Bruce Wayne / Batman (voice),3
539681,1240487,Kate McKinnon,Lulu (voice),4
539681,503103,Vanessa Bayer,PB (voice),5
539681,10871,Natasha Lyonne,Merton (voice),6
539681,8688,Diego Luna,Chip (voice),7
539681,1624816,Jameela Jamil,Diana Prince / Wonder Woman (voice),8
539681,1231717,Marc Maron,Lex Luthor (voice),9
396806,2296,Clive Owen,Sal Frieland,0
396806,71070,Amanda Seyfried,The Girl,1
396806,10132,Colm Feore,Charles Gattis,2
396806,225411,Mark O'Brien,Cyrus Frear,3
396806,47953,Sonya Walger,Kristen,4
396806,86237,Joe Pingue,Lester Goodman,5
396806,94958,Iddo Goldberg,Joseph Kenik,6
396806,2137378,Afiya Bennett,Ima Aug,7
396806,3112254,Morgan Allen,Iri Aug,8
396806,2137399,Jeffrey Men,Chen Sheng Lu,9
634528,3896,Liam Neeson,Jim,0
634528,2419575,Jacob Perez,Miguel,1
634528,26723,Katheryn Winnick,Sarah,2
634528,589722,Teresa Ruiz,Rosa,3
634528,2133918,Sean A. Rosales,Hernando,4
634528,1711699,Jose Vasquez,Isidro,5
634528,937009,Juan Pablo Raba,Maurico,6
634528,2090180,Alfredo Quiroz,Carlos,7
634528,1488519,Antonio Leyba,Rigo,8
634528,85419,Dylan Kenin,Randall,9
532639,24045,Joseph Gordon-Levitt,Jiminy Cricket (voice),0
532639,31,Tom Hanks,Geppetto,1
532639,2382044,Benjamin Evan Ainsworth,Pinocchio (voice),2
532639,933640,Angus Wright,Signore Rizzi,3
532639,1765068,Cynthia Erivo,Blue Fairy,4
532639,1851642,Sheila Atim,Signora Vitelli,5
532639,11478,Lorraine Bracco,Sofia the Seagull (voice),6
532639,298410,Keegan-Michael Key,'Honest' John (voice),7
532639,1470911,Jamie Demetriou,Headmaster,8
532639,7541,Giuseppe Battiston,Stromboli,9
398929,1186076,Philippe Lacheau,Grégory Van Huffel,0
398929,146630,Élodie Fontan,Florence Martin,1
398929,1291810,Julien Arruti,Augustin,2
398929,1186075,Tarek Boudali,Mehdi,3
398929,136761,Nathalie Baye,Marlène Martin,4
398929,59031,Didier Bourdon,Gérard Martin,5
398929,1562547,Nawell Madani,Cynthia Bellini,6
398929,1077538,Medi Sadoun,"Garcia, Gypsy",7
398929,76825,Vincent Desagnat,Romain,8
398929,1744894,Alice Dufour,Clara,9
407448,236695,John Boyega,Melvin Dismukes,0
407448,93491,Will Poulter,Philip Krauss,1
407448,53650,Anthony Mackie,Greene,2
407448,1377458,Algee Smith,Larry Reed,3
407448,213395,Hannah Murray,Julie Ann,4
407448,1115984,Jason Mitchell,Carl Cooper,5
407448,77078,Malcolm David Kelley,Michael Clark,6
407448,1007683,Jack Reynor,Demens,7
407448,1394235,Ben O'Toole,Flynn,8
407448,512316,Jacob Latimore,Fred Temple,9
1087891,17838,Rami Malek,Heller,0
1087891,7497,Holt McCallany,Director Moore,1
1087891,165424,Danny Sapani,Caleb,2
1087891,993774,Rachel Brosnahan,Sarah,3
1087891,72873,Michael Stuhlbarg,Schiller,4
1087891,2975,Laurence Fishburne,Henderson,5
1087891,86034,Julianne Nicholson,Director O'Brien,6
1087891,147056,Caitríona Balfe,Inquiline,7
1087891,19498,Jon Bernthal,The Bear,8
1087891,94432,Adrian Martinez,Carlos,9
597891,17628,Mary Elizabeth Winstead,Kate,0
597891,2417570,Miku Martineau,Ani,1
597891,57755,Woody Harrelson,Varrick,2
597891,13275,Tadanobu Asano,Renji,3
597891,2541,Jun Kunimura,Kijima,4
597891,1391420,MIYAVI,Jojima,5
597891,91520,Michiel Huisman,Stephen,6
597891,2210389,Mari Yamamoto,Kanako,7
597891,3176961,Hirotaka Renge,Specialist,8
597891,1736757,Kazuya Tanabe,Shinzo,9
560057,1372,Karl Urban,Jacob Holland (voice),0
560057,2127280,Zaris-Angel Hator,Maisie Brumble (voice),1
560057,15440,Jared Harris,Captain Crow (voice),2
560057,17352,Marianne Jean-Baptiste,Sarah Sharpe (voice),3
560057,3463959,Benjamin Plessala,Child 1 (voice),4
560057,3412706,Somali Rose,Child 2 (voice),5
560057,3348450,Kaya McLean,Child 3 (voice),6
560057,2100240,Davis Pak,Child 4 / Village Boy (voice),7
560057,1471378,Helen Sadler,Ms. Merino / Matron / Cart Driver (voice),8
560057,571567,Xana Tang,Lea the Lookout (voice),9
568620,1807132,Henry Golding,Snake Eyes,0
568620,1658375,Andrew Koji,Tommy / Storm Shadow,1
568620,1168128,Haruka Abe,Akiko,2
568620,1042728,Úrsula Corberó,The Baroness,3
568620,1372369,Samara Weaving,Scarlett,4
568620,1082509,Takehiro Hira,Kenta,5
568620,1075864,Eri Ishida,Sen,6
568620,113732,Iko Uwais,Hard Master,7
568620,68278,Peter Mensah,Blind Master,8
568620,1517254,Steven Allerick,Father,9
548473,2963,Nicolas Cage,Nathan Gardner,0
548473,20810,Joely Richardson,Theresa Gardner,1
548473,1463652,Madeleine Arthur,Lavinia Gardner,2
548473,1344869,Elliot Knight,Ward Phillips,3
548473,63208,Tommy Chong,Ezra,4
548473,558927,Brendan Meyer,Benny Gardner,5
548473,2047847,Julian Hilliard,Jack Gardner,6
548473,216366,Josh C. Waller,Sheriff Pierce,7
548473,69225,Q'orianka Kilcher,Mayor Tooma,8
548473,2230828,Melissa Nearman,Reporter,9
760883,1058633,Peri Baumeister,Nadja,0
760883,2844329,Carl Anton Koch,Elias,1
760883,45540,Kais Setti,Farid,2
760883,16811,Alexander Scheer,Eightball,3
760883,10862,Dominic Purcell,Berg,4
760883,95047,Graham McTavish,Col. Alan Drummond,5
760883,141876,Roland Møller,Karl,6
760883,1285754,Chidi Ajufo,Curtiz,7
760883,2025506,Rebecca Dyson-Smith,Sergeant Karen Brown,8
760883,36323,Leonie Brill,Julia Berger,9
698687,74568,Chris Hemsworth,Orion Pax / Optimus Prime (voice),0
698687,226366,Brian Tyree Henry,D-16 / Megatron (voice),1
698687,1245,Scarlett Johansson,Elita-1 (voice),2
698687,298410,Keegan-Michael Key,B-127 (voice),3
698687,65717,Jon Hamm,Sentinel Prime (voice),4
698687,884,Steve Buscemi,Starscream (voice),5
698687,2975,Laurence Fishburne,Alpha Trion (voice),6
698687,171997,Vanessa Liguori,Airachnid (voice),7
698687,2204260,Jon Bailey,Soundwave (voice),8
698687,1375036,Jason Konopisos-Alvarez,Shockwave / Guard 2 (voice),9
475430,1996905,Ferdia Shaw,Artemis Fowl II,0
475430,72466,Colin Farrell,Artemis Fowl I,1
475430,1726976,Lara McDonnell,Captain Holly Short,2
475430,54415,Josh Gad,Mulch Diggums,3
475430,1996906,Tamara Smart,Juliet Butler,4
475430,43547,Nonso Anozie,Butler,5
475430,1394375,Joshua McGuire,Briar Cudgeon,6
475430,5309,Judi Dench,Commander Root,7
475430,1069504,Nikesh Patel,Foaly,8
475430,40311,Adrian Scarborough,The Goblin Chief,9
1195506,1030513,Jack Quaid,Nate,0
1195506,1654001,Amber Midthunder,Sherry,1
1195506,60960,Ray Nicholson,Simon,2
1195506,1660452,Betty Gabriel,Mincy,3
1195506,59841,Matt Walsh,Coltraine,4
1195506,1649152,Jacob Batalon,Roscoe,5
1195506,228372,Conrad Kemp,Andre,6
1195506,2387576,Evan Hengst,Ben,7
1195506,1587571,Craig Jackson,Nigel,8
1195506,168924,Lou Beatty Jr.,Earl,9
974635,83271,Glen Powell,Gary Johnson,0
974635,1371297,Adria Arjona,Madison Figueroa Masters,1
974635,1552436,Austin Amelio,Jasper,2
974635,75318,Retta,Claudette,3
974635,3890899,Sanjay Rao,Phil,4
974635,1551382,Molly Bernard,Alicia,5
974635,1734935,Evan Holtzman,Ray,6
974635,557804,Gralen Bryant Banks,Sargeant Hank,7
974635,99224,Mike Markoff,Craig,8
974635,1998577,Bryant Carroll,Walt,9
583406,206919,Daniel Kaluuya,Fred Hampton,0
583406,1200864,LaKeith Stanfield,Bill O'Neal,1
583406,88124,Jesse Plemons,Roy Mitchell,2
583406,1676520,Dominique Fishback,Deborah Johnson,3
583406,1152019,Ashton Sanders,Jimmy Palmer,4
583406,1377458,Algee Smith,Jake Winters,5
583406,1307543,Darrell Britt-Gibson,Bobby Rush,6
583406,1488961,Lil Rel Howery,Wayne,7
583406,2133996,Dominique Thorne,Judy Harmon,8
583406,8349,Martin Sheen,J. Edgar Hoover,9
1272837,5469,Ralph Fiennes,Dr. Kelson,0
1272837,5107934,Alfie Williams,Spike,1
1272837,85065,Jack O'Connell,Sir Jimmy Crystal,2
1272837,1672504,Erin Kellyman,Jimmy Ink,3
1272837,1344320,Chi Lewis-Parry,Samson,4
1272837,5518922,Connor Newall,Jimmy Shite,5
1272837,5514148,Maura Bird,Jimmy Jones,6
1272837,3916722,Ghazi Al Ruffai,Jimmy Snake,7
1272837,4502181,Robert Rhodes,Jimmy Jimmy,8
1272837,2290611,Emma Laird,Jimmima,9
630240,5443,Vincent Lindon,Vincent,0
630240,2418333,Agathe Rousselle,Alexia / Adrien,1
630240,1144473,Garance Marillier,Justine,2
630240,2934453,Laïs Salameh,Rayane,3
630240,3173736,Mara Cissé,Jeantet,4
630240,2474911,Marin Judas,Charrier,5
630240,2463389,Diong-Kéba Tacu,Sissoko,6
630240,1689510,Myriem Akheddiou,Adrien's Mother,7
630240,146438,Bertrand Bonello,Alexia's Father,8
630240,1591902,Céline Carrère,Alexia's Mother,9
454227,62064,Chris Pine,"Robert Bruce, Earl of Carrick",0
454227,27428,Aaron Taylor-Johnson,"James Douglas, Lord of Douglas",1
454227,1373737,Florence Pugh,Elizabeth Burgh,2
454227,1371049,Billy Howle,"Edward, Prince of Wales",3
454227,55585,Sam Spruell,"Aymer de Valence, Earl of Pembroke",4
454227,2220,Tony Curran,"Angus Og Macdonald, Lord of Islay",5
454227,208296,Callan Mulvey,"John III Comyn, Lord of Badenoch",6
454227,2467,James Cosmo,Robert Bruce Senior,7
454227,8435,Stephen Dillane,King Edward I of England,8
454227,1102427,Steven Cree,Sir Christopher Seton,9
527261,2283,Stanley Tucci,Hugh Andrews,0
527261,934289,Kiernan Shipka,Ally Andrews,1
527261,502,Miranda Otto,Kelly Andrews,2
527261,59794,Kate Trotter,Lynn,3
527261,38405,John Corbett,Glenn,4
527261,1144353,Kyle Breitkopf,Jude Andrews,5
527261,1844055,Dempsey Bryk,Rob,6
527261,63814,Billy MacLellan,The Reverend,7
527261,2285914,Chris Whitby,Man with Shotgun,8
527261,5942,Barbara Gordon,Woman with Shotgun,9
447273,2217977,Rachel Zegler,Snow White,0
447273,90633,Gal Gadot,Evil Queen,1
447273,1869968,Andrew Burnap,Jonathan,2
447273,2914688,Andrew Barth Feldman,Dopey / Narrator (voice),3
447273,3555,Jeremy Swift,Doc (voice),4
447273,4030,Martin Klebba,Grumpy (voice),5
447273,19978,Jason Kravits,Sneezy (voice),6
447273,1931568,George Salazar,Happy (voice),7
447273,1394997,Tituss Burgess,Bashful (voice),8
447273,1653354,Andy Grotelueschen,Sleepy (voice),9
412105,98285,Bella Thorne,Holly Viola,0
412105,934243,Halston Sage,Alison Hewitt,1
412105,1369329,Taylor John Smith,Tyler Hanson,2
412105,135409,Brigid Brannagh,Corinne Viola,3
412105,1428143,Nash Grier,Gil,4
412105,2208,Kathryn Morris,Mrs. Hewitt,5
412105,70696,Kimberly Williams-Paisley,Mrs. Hanson,6
412105,55899,Rhys Wakefield,Chase,7
412105,1172107,Yasmine Al-Bustami,Melinda,8
412105,1267375,Anna Akana,Lydia,9
556694,3063,Tilda Swinton,Alithea,0
556694,17605,Idris Elba,The Djinn,1
556694,3549226,Erdil Yaşaroğlu,Professor Günhan,2
556694,2606660,Sabrina Elba,British Council Lady / The Watcher,3
556694,1182880,Sarah Houbolt,Airport Djinn,4
556694,1734532,Seyithan Özdemir,Pale Djinn,5
556694,3553907,Aamito Lagum,The Queen of Sheba,6
556694,1926537,Nicolas Mouawad,King Solomon,7
556694,1425008,Ece Yüksel,Gulten,8
556694,2200413,Matteo Bocelli,Prince Mustafa,9
777270,3232669,Jude Hill,Buddy,0
777270,1254583,Jamie Dornan,Pa,1
777270,147056,Caitríona Balfe,Ma,2
777270,3065081,Lewis McAskie,Will,3
777270,5309,Judi Dench,Granny,4
777270,8785,Ciarán Hinds,Pop,5
777270,1726976,Lara McDonnell,Moira,6
777270,228866,Colin Morgan,Billy Clanton,7
777270,56101,Gerard Horan,Mackie,8
777270,1709739,Josie Walker,Auntie Violet,9
453201,1956664,Ray Corasani,Ayoub,0
453201,1956663,Spencer Stone,Spencer,1
453201,1861739,Anthony Sadler,Anthony,2
453201,1956662,Alek Skarlatos,Alek,3
453201,20750,Judy Greer,Joyce Eskel,4
453201,51856,Jenna Fischer,Heidi Skarlatos,5
453201,1975195,William Jennings,Young Spencer,6
453201,1975196,Paul-Mikél Williams,Young Anthony,7
453201,1668151,Bryce Gheisar,Young Alek,8
453201,539,Thomas Lennon,Principal Michael Akers,9
522924,1269,Kevin Costner,Enzo (voice),0
522924,16501,Milo Ventimiglia,Denny Swift,1
522924,71070,Amanda Seyfried,"Avery ""Eve"" Swift",2
522924,2072566,Ryan Kiera Armstrong,Zoë Swift,3
522924,1693439,Lily Dodsworth-Evans,17-Year-Old Zoë,4
522924,1461441,Ian Lake,Mike,5
522924,42993,Martin Donovan,Maxwell,6
522924,1907,Kathy Baker,Trish,7
522924,1493226,McKinley Belcher III,Mark Finn,8
522924,1558027,Andres Joseph,Tony,9
646097,1763709,Aaron Pierre,Terry Richmond,0
646097,25129,Don Johnson,Chief Sandy Burnne,1
646097,1285,AnnaSophia Robb,Summer McBride,2
646097,1041440,Emory Cohen,Officer Steve Lann,3
646097,62562,David Denman,Officer Evan Marston,4
646097,1392647,Oscar Gale,Skinny Guard,5
646097,45398,Steve Zissis,Elliot,6
646097,3684804,Daniel Chung,Ken,7
646097,16584,Dana Lee,Mr. Liu,8
646097,1619544,C.J. LeBlanc,Mike Simmons,9
341006,17487,John Gallagher Jr.,Mike Milch,0
341006,3417,Tony Goldwyn,Barry Norris,1
341006,1371297,Adria Arjona,Leandra Flores,2
341006,11885,John C. McGinley,Wendell Dukes,3
341006,53936,Melonie Díaz,Dany Wilkins,4
341006,12132,Michael Rooker,Bud Melks,5
341006,1180979,Josh Brener,Keith McLure,6
341006,61527,Owain Yeoman,Terry Winters,7
341006,51663,Sean Gunn,Marty Espenscheid,8
341006,159261,Brent Sexton,Vince Agostino,9
406761,1038,Jodie Foster,Jean Thomas / Nurse,0
406761,1225953,Sterling K. Brown,Sherman / Waikiki,1
406761,568657,Sofia Boutella,Nice,2
406761,4785,Jeff Goldblum,"Orian ""Wolf King"" Franklin / Niagara",3
406761,226366,Brian Tyree Henry,Lev / Honolulu,4
406761,213001,Jenny Slate,Officer Morgan Daniels,5
406761,17306,Zachary Quinto,Crosby Franklin,6
406761,95101,Charlie Day,Acapulco,7
406761,543530,Dave Bautista,Everest,8
406761,41561,Kenneth Choi,Buke,9
1086747,501,Dakota Fanning,Mina / Lucy,0
1086747,1335315,Georgina Campbell,Ciara,1
1086747,933272,Olwen Fouéré,Madeline,2
1086747,2710312,Oliver Finnegan,Daniel,3
1086747,231666,Alistair Brammer,John,4
1086747,28743,John Lynch,Kilmartin,5
1086747,19997,Siobhan Hewlett,Mina's Mother,6
1086747,4753648,Hannah Dargan,Young Mina,7
1086747,4753649,Emily Dargan,Young Lucy,8
1086747,4272046,Joel Figueroa,Darwin (voice),9
1041613,115440,Sydney Sweeney,Sister Cecilia,0
1041613,1340020,Álvaro Morte,Father Sal Tedeschi,1
1041613,1355967,Simona Tabasco,Sister Mary,2
1041613,1822392,Benedetta Porcaroli,Sister Gwen,3
1041613,128227,Giorgio Colangeli,Cardinal Franco Merola,4
1041613,1510167,Dora Romano,Mother Superior,5
1041613,4606018,Giulia Heathfield Di Renzi,Sister Isabelle,6
1041613,128225,Giampiero Judica,Doctor Gallo,7
1041613,2406108,Betti Pedrazzi,Sister Francesca,8
1041613,1899664,Giuseppe Lo Piccolo,Deacon Enzo,9
489925,122851,Elsie Fisher,Kayla Day,0
489925,52419,Josh Hamilton,Mark Day,1
489925,1375796,Emily Robinson,Olivia,2
489925,1614459,Jake Ryan,Gabe,3
489925,1375795,Daniel Zolghadri,Riley,4
489925,2099497,Fred Hechinger,Trevor,5
489925,2102052,Imani Lewis,Aniyah,6
489925,1939779,Luke Prael,Aiden,7
489925,1939778,Catherine Oliviere,Kennedy,8
489925,2102053,Nora Mullins,Steph,9
467660,120932,Claire Foy,Sawyer Valentini,0
467660,26852,Joshua Leonard,David Strine,1
467660,1099717,Jay Pharoah,Nate Hoffman,2
467660,36594,Juno Temple,Violet,3
467660,1033252,Aimee Mullins,Ashley Brighterhouse,4
467660,27563,Amy Irving,Angela Valentini,5
467660,1890500,Sarah Stiles,Jill,6
467660,940418,Marc Kudisch,Bank Manager,7
467660,1660946,Colin Woodell,Mark,8
467660,20318,Myra Lucretia Taylor,Counselor,9
818397,3896,Liam Neeson,Alex Lewis,0
818397,529,Guy Pearce,Vincent Serra,1
818397,1371819,Taj Atwal,Linda Amistead,2
818397,234070,Harold Torres,Hugo Marquez,3
818397,56650,Ray Fearon,Special Agent Gerald Nussbaum,4
818397,28782,Monica Bellucci,Davana Sealman,5
818397,56614,Ray Stevenson,Detective Danny Mora,6
818397,3465530,Mia Sanchez,Beatriz Leon,7
818397,3465529,Daniel de Bourg,Willam Borden,8
818397,3465526,Natalie Anderson,Maryanne Borden,9
524251,9994,Helen Hunt,Jackie Harper,0
524251,4602,Jon Tenney,Greg Harper,1
524251,1586047,Owen Teague,Alec Travers,2
524251,1538780,Judah Lewis,Connor Harper,3
524251,1524899,Libe Barer,Mindy,4
524251,37937,Gregory Alan Williams,Detective Spitzky,5
524251,33655,Erika Alexander,Lieutenant Davis,6
524251,131006,Sam Trammell,Todd,7
524251,106140,Jeremy Gladen,Tommy Braun,8
524251,1460711,Allison Gabriel,Officer Grace Caleb,9
619979,880,Ben Affleck,Vic Van Allen,0
619979,224513,Ana de Armas,Melinda Van Allen,1
619979,72638,Tracy Letts,Don Wilson,2
619979,1488961,Lil Rel Howery,Grant,3
619979,6066,Dash Mihok,Jonas Fernandez,4
619979,168877,Finn Wittrock,Tony Cameron,5
619979,210824,Kristen Connolly,Kelly Wilson,6
619979,2034418,Jacob Elordi,Charlie De Lisle,7
619979,52478,Rachel Blanchard,Kristin Peterson,8
619979,1405285,Michael Braun,Jeff Peterson,9
632727,2035239,Sarah Yarkin,Melody,0
632727,122851,Elsie Fisher,Lila,1
632727,172254,Mark Burnham,Leatherface,2
632727,512316,Jacob Latimore,Dante,3
632727,1288730,Moe Dunford,Richter,4
632727,933272,Olwen Fouéré,Sally Hardesty,5
632727,2101949,Jessica Allain,Catherine,6
632727,1626572,Nell Hudson,Ruth,7
632727,2506,Alice Krige,Mrs. Mc.,8
632727,10207,William Hope,Sheriff,9
505058,1660946,Colin Woodell,Matias O'Brien,0
505058,1660452,Betty Gabriel,Nari Jemisin,1
505058,1369367,Rebecca Rittenhouse,Serena Lange,2
505058,1331950,Andrew Lees,Damon Horton,3
505058,934246,Connor Del Rio,Aj Williams,4
505058,1514385,Stephanie Nogueras,Amaya DeSoto,5
505058,1977655,Savira Windyani,Lexx Putri,6
505058,1367249,Chelsea Alden,Kelly,7
505058,1371546,Alexa Mansour,Erica Dunne,8
505058,1682509,Bryan Adrian,Jack,9
316152,10297,Matthew McConaughey,Newton Knight,0
316152,1216606,Gugu Mbatha-Raw,Rachel,1
316152,932967,Mahershala Ali,Moses Washington,2
316152,41292,Keri Russell,Serena Knight,3
316152,1171570,Jacob Lofland,Daniel,4
316152,144160,Sean Bridgers,Sumrall,5
316152,1126405,Brad Carter,Lieutenant Barbour,6
316152,1078610,Jane McNeill,Miss Ellie,7
316152,68180,Gary Grubbs,Prosecuting Attorney,8
316152,1173099,Christopher Berry,Jasper,9
309886,2461,Mel Gibson,John Link,0
309886,990393,Erin Moriarty,Lydia,1
309886,3905,William H. Macy,Kirby Curtis,2
309886,2536,Michael Parks,Preacher,3
309886,1142720,Thomas Mann,Jason,4
309886,8688,Diego Luna,Jonah,5
309886,46814,Dale Dickey,Cherise,6
309886,30488,Miguel Sandoval,Arturo Rios,7
309886,1701546,Lori Dillen,Sheila,8
309886,1105711,Richard Cabral,Joker,9
791177,1353827,Taylor Russell,Maren,0
791177,1190668,Timothée Chalamet,Lee,1
791177,40900,Mark Rylance,Sully,2
791177,2895589,Anna Cobb,Kayla,3
791177,459980,André Holland,Maren's Father,4
791177,64141,David Gordon Green,Brad,5
791177,72873,Michael Stuhlbarg,Jake,6
791177,69055,Jessica Harper,Barbara Kerns,7
791177,2838,Chloë Sevigny,Janelle,8
791177,3505223,Kendle Coffey,Sherry,9
579974,148037,N.T. Rama Rao Jr.,Komaram Bheem,0
579974,147023,Ram Charan,Alluri Sitarama Raju,1
579974,2462673,Olivia Morris,Jennifer 'Jenny' Buxton,2
579974,56614,Ray Stevenson,Scott Buxton,3
579974,739,Alison Doody,Cassandra Buxton,4
579974,42803,Ajay Devgn,Alluri Venkatarama Raju,5
579974,1108120,Alia Bhatt,Sita,6
579974,585397,Samuthirakani,Alluri Venkateshwarulu,7
579974,3482249,Twinkle Sharma,Malli,8
579974,145628,Shriya Saran,Alluri Sarojini,9
639720,1709047,Cailey Fleming,Bea,0
639720,10859,Ryan Reynolds,Cal,1
639720,17697,John Krasinski,Dad / Marshmallow (voice),2
639720,10981,Fiona Shaw,Grandmother,3
639720,4495,Steve Carell,Blue (voice),4
639720,1023483,Phoebe Waller-Bridge,Blossom (voice),5
639720,20959,Louis Gossett Jr.,Lewis (voice),6
639720,2476742,Alan Kim,Benjamin,7
639720,59693,Liza Colón-Zayas,Janet,8
639720,452205,Bobby Moynihan,Jeremy,9
1236153,73457,Chris Pratt,Chris Raven,0
1236153,933238,Rebecca Ferguson,Judge Maddox,1
1236153,3119545,Kali Reis,Jacqueline 'Jaq' Diallo,2
1236153,1164259,Kylie Rogers,Britt Raven,3
1236153,1293892,Chris Sullivan,Rob Nelson,4
1236153,1583044,Jeff Pierre,Patrick Burke,5
1236153,82809,Annabelle Wallis,Nicole Raven,6
1236153,21660,Rafi Gavron,Holt Charles,7
1236153,41561,Kenneth Choi,Ray Vale,8
1236153,18053,Jamie McBride,Dan Vogel,9
406994,1385063,Olivia DeJonge,Ashley,0
406994,1313583,Levi Miller,Luke,1
406994,1198286,Ed Oxenbould,Garrett,2
406994,1612186,Aleks Mikic,Ricky,3
406994,1525047,Dacre Montgomery,Jeremy,4
406994,9657,Patrick Warburton,Robert Lerner,5
406994,12519,Virginia Madsen,Deandra Lerner,6
406994,1935671,Alexandra Matusko,Scary Movie Girl,7
406994,1935672,Georgia Holland,Scary Movie Girl,8
406994,1935673,Beau Andre,The Mangler,9
283378,56542,Addison Timlin,Lucinda Price,0
283378,225692,Jeremy Irvine,Daniel Grigori,1
283378,18066,Juliet Aubrey,Doreen Price,2
283378,127281,Harrison Gilbertson,Cam Briel,3
283378,1345418,Lola Kirke,Penn Van-Syckle Lockwood,4
283378,1345419,Hermione Corfield,Gabrielle Givens,5
283378,1070886,Daisy Head,Arriane Alter,6
283378,217053,Sianoa Smit-McPhee,Molly Zane,7
283378,20810,Joely Richardson,Ms Sophia Bliss,8
283378,1145665,Malachi Kirby,Roland Sparks,9
338189,16790,Gaspard Ulliel,Louis,0
338189,136761,Nathalie Baye,Martine,1
338189,1925,Vincent Cassel,Antoine,2
338189,8293,Marion Cotillard,Catherine,3
338189,121529,Léa Seydoux,Suzanne,4
338189,1267396,Antoine Desrochers,Pierre Jolicoeur,5
338189,1850850,William Boyce Blanchette,Louis (age 15),6
338189,1293485,Sasha Samar,Taxi Driver,7
338189,1650716,Arthur Couillard,Little Boy on the Airplane,8
338189,59616,Patricia Tulasne,Air Hostess,9
442062,1559689,Jeremy Ray Taylor,Sonny,0
442062,1597855,Madison Iseman,Sarah,1
442062,1723995,Caleel Harris,Sam,2
442062,971877,Mick Wingert,Slappy (voice),3
442062,63234,Wendi McLendon-Covey,Kathy,4
442062,83586,Ken Jeong,Mr. Chu,5
442062,51382,Chris Parnell,Walter,6
442062,145539,Bryce Cass,Tyler,7
442062,1668667,Peyton Wich,Tommy Madigan,8
442062,155783,Shari Headley,Mrs. Carter,9
614930,2343267,Micah Abbey,Donatello (voice),0
614930,3127719,Shamon Brown Jr.,Michelangelo (voice),1
614930,1696351,Nicolas Cantu,Leonardo (voice),2
614930,2239159,Brady Noon,Raphael (voice),3
614930,2195140,Ayo Edebiri,April O'Neil (voice),4
614930,52792,Maya Rudolph,Cynthia Utrom (voice),5
614930,56446,John Cena,Rocksteady (voice),6
614930,19274,Seth Rogen,Bebop (voice),7
614930,9827,Rose Byrne,Leatherhead (voice),8
614930,1971031,Natasia Demetriou,Wingnut (voice),9
396461,37625,Andrew Garfield,Sam,0
396461,98522,Riley Keough,Sarah,1
396461,17052,Topher Grace,Bar Buddy,2
396461,1486488,Callie Hernandez,Millicent Sevence,3
396461,79025,Don McManus,Final Man,4
396461,74961,Jeremy Bobb,Songwriter,5
396461,453,Riki Lindhome,Actress,6
396461,52801,Patrick Fischler,Comic Fan,7
396461,206966,Zosia Mamet,Troy,8
396461,22125,Jimmi Simpson,Allen,9
1301421,6968,Hugh Jackman,George Hardy,0
1301421,85139,Nicholas Braun,Officer Tim Derry,1
1301421,1425934,Nicholas Galitzine,Elliot Matthews,2
1301421,1782117,Molly Gordon,Rebecca Hampstead,3
1301421,15886,Julia Louis-Dreyfus,Lily (voice),4
1301421,17419,Bryan Cranston,Sebastian (voice),5
1301421,40477,Chris O'Dowd,Mopple (voice),6
1301421,35705,Regina Hall,Cloud (voice),7
1301421,2387,Patrick Stewart,Sir Ritchfield (voice),8
1301421,1668004,Bella Ramsey,Zora (voice),9
463257,10959,Shia LaBeouf,Tyler,0
463257,1633770,Zack Gottsagen,Zak,1
463257,118545,Dakota Johnson,Eleanor,2
463257,19159,Thomas Haden Church,Salt Water Redneck,3
463257,16861,John Hawkes,Duncan,4
463257,6905,Bruce Dern,Carl,5
463257,19498,Jon Bernthal,Mark,6
463257,1391409,Yelawolf,Ratboy,7
463257,1193431,Wayne Dehart,Blind Jasper John,8
463257,79027,Aurelian Smith Jr.,Sam,9
506574,1098962,Dove Cameron,Mal,0
506574,1331457,Sofia Carson,Evie,1
506574,1331456,Sarah Jeffery,Audrey,2
506574,75041,Cameron Boyce,Carlos,3
506574,80613,China Anne McClain,Uma,4
506574,121868,Booboo Stewart,Jay,5
506574,1421398,Brenna D'Amico,Jane,6
506574,1421393,Mitchell Hope,Ben,7
506574,1207024,Zachary Gibson,Doug,8
506574,1098664,Dylan Playfair,Gil,9
446894,38673,Channing Tatum,Migo (voice),0
446894,55466,James Corden,Percy Patterson (voice),1
446894,505710,Zendaya,Meechee (voice),2
446894,4238,Common,Stonekeeper (voice),3
446894,107379,LeBron James,Gwangi (voice),4
446894,518,Danny DeVito,Dorgle (voice),5
446894,180486,Gina Rodriguez,Kolka (voice),6
446894,118372,Yara Shahidi,Brenda (voice),7
446894,1656032,Ely Henry,Flem (voice),8
446894,1304335,Jimmy Tatro,Thorp (voice),9
512895,62561,Tessa Thompson,Lady (voice),0
512895,15009,Justin Theroux,Tramp (voice),1
512895,1253355,Kiersey Clemons,Darling,2
512895,1142720,Thomas Mann,Jim Dear,3
512895,55398,Ashley Jensen,Jock (voice),4
512895,30082,Benedict Wong,Bull (voice),5
512895,1005852,Janelle Monáe,Peg (voice),6
512895,111513,Yvette Nicole Brown,Aunt Sarah,7
512895,1457999,Arturo Castro,Joe,8
512895,94432,Adrian Martinez,Elliott,9
452832,10297,Matthew McConaughey,Baker Dill,0
452832,1813,Anne Hathaway,Karen Zariakas,1
452832,76512,Jason Clarke,Frank Zariakas,2
452832,2882,Diane Lane,Constance,3
452832,938,Djimon Hounsou,Duke,4
452832,239271,Jeremy Strong,Reid Miller,5
452832,2262875,Charlotte Butler,Lois,6
452832,1384871,David Butler,Jack,7
452832,1967020,Rafael Sayegh,Patrick,8
452832,2457675,Michael Richard,Ron,9
522518,19838,Marg Helgenberger,Hannah Montgomery,0
522518,92572,Betty Gilpin,Gloria Mitchell,1
522518,1530941,Henry Lau,Trent,2
522518,220236,Kathryn Prescott,"Clarity June ""CJ"" Mitchell",3
522518,6065,Dennis Quaid,Ethan Montgomery,4
522518,54415,Josh Gad,Bailey / Molly / Big Dog / Max (voice),5
522518,1360010,Abby Ryder Fortson,Young CJ,6
522518,2785418,Emma Volk,Toddler CJ,7
522518,1397359,Ian Chen,Young Trent,8
522518,1300650,Jake Manley,Shane,9
1071215,18352,Patrick Dempsey,Sheriff Eric Newlon,0
1071215,2300122,Nell Verlaque,Jessica Wright,1
1071215,2773990,Addison Rae,Gabriella Hearts,2
1071215,1914958,Milo Manheim,Ryan Baker,3
1071215,2444677,Jalen Thomas Brooks,Bobby Di Stasi,4
1071215,1746412,Tomaso Sanelli,Evan Fletcher,5
1071215,1802602,Jenna Warren,Yulia,6
1071215,2561203,Gabriel Davenport,Claude Dybing,7
1071215,42711,Ty Olsson,Mitch Collins,8
1071215,11150,Gina Gershon,Amanda Collins,9
377264,51072,Kate Mara,Lee Weathers,0
377264,1397778,Anya Taylor-Joy,Morgan,1
377264,13014,Toby Jones,Dr. Simon Ziegler,2
377264,1223793,Rose Leslie,Dr. Amy Menser,3
377264,467645,Boyd Holbrook,Skip Vronsky,4
377264,1620,Michelle Yeoh,Dr. Lui Cheng,5
377264,10431,Jennifer Jason Leigh,Dr. Kathy Grieff,6
377264,13242,Paul Giamatti,Dr. Alan Shapiro,7
377264,1866472,Michael Yare,Ted Brenner,8
377264,1293892,Chris Sullivan,Dr. Darren Finch,9
1228710,1253360,Pedro Pascal,The Mandalorian,0
1228710,206905,Jeremy Allen White,Rotta (voice),1
1228710,10205,Sigourney Weaver,Colonel Ward,2
1228710,946854,Brendan Wayne,The Mandalorian Suit Performer,3
1228710,123812,Lateef Crowder,The Mandalorian Stunt Performer,4
1228710,571562,Steve Blum,Zeb Orrelios (voice),5
1228710,1323612,Jonny Coyne,Lord Janu,6
1228710,92617,Matthew Willig,Hogsbreth,7
1228710,1032,Martin Scorsese,Hugo Durant (voice),8
1228710,164208,Hemky Madera,Commander Baro,9
734265,19961,Nina Dobrev,Natalie Bauer,0
734265,1468779,Jimmy O. Yang,Josh Lin,1
734265,2000335,Darren Barnet,Tag,2
734265,77155,James Saito,Bob Lin,3
734265,88168,Rebecca Staab,Barb Lin,4
734265,232499,Harry Shum Jr.,Owen Lin,5
734265,1363394,Mikaela Hoover,Chelsea Lin,6
734265,440439,Matty Finochio,Lee,7
734265,2489841,Heather McMahan,Kerry,8
734265,2034429,Fletcher Donovan,Eric,9
530382,467645,Boyd Holbrook,Locke,0
530382,217055,Cleopatra Coleman,Rya,1
530382,53820,Michael C. Hall,Holt,2
530382,71913,Bokeem Woodbine,Maddox,3
530382,1498646,Sarah Dugdale,Amy (18/27),4
530382,1809540,Rudi Dharmalingam,Naveen Rao,5
530382,1365769,Rachel Keller,Jean,6
530382,2420303,Quincy Kirkwood,Amy (9),7
530382,1687879,Philippa Domville,Arleen,8
530382,76528,Tony Nappo,Clark,9
504562,819,Edward Norton,Lionel Essrog,0
504562,62,Bruce Willis,Frank Minna,1
504562,1216606,Gugu Mbatha-Raw,Laura Rose,2
504562,7447,Alec Baldwin,Moses Randolph,3
504562,5293,Willem Dafoe,Paul Randolph,4
504562,21127,Bobby Cannavale,Tony Vermonte,5
504562,1956,Cherry Jones,Gabby Horowitz,6
504562,39390,Michael Kenneth Williams,Trumpet Man,7
504562,41087,Leslie Mann,Julia Minna,8
504562,824,Ethan Suplee,Gilbert Coney,9
424121,221018,Dan Stevens,Thomas Richardson,0
424121,3968,Michael Sheen,Malcolm Howe,1
424121,86232,Lucy Boynton,Andrea,2
424121,185460,Mark Lewis Jones,Quinn,3
424121,81260,Bill Milner,Jeremy,4
424121,1633001,Kristine Froseth,Ffion,5
424121,71084,Paul Higgins,Frank,6
424121,51,Richard Elfyn,Charles,7
424121,2148751,Catrin Aaron,Elaine,8
424121,2148889,John Weldon,Lonely Passenger,9
323677,1388314,Stephan James,Jesse Owens,0
323677,58224,Jason Sudeikis,Larry Snyder,1
323677,1181358,Eli Goree,Dave Albritton,2
323677,1228356,Shanice Banton,Ruth Solomon,3
323677,23229,Carice van Houten,Leni Riefenstahl,4
323677,16940,Jeremy Irons,Avery Brundage,5
323677,227,William Hurt,Jeremiah Mahoney,6
323677,5847,David Kross,"Carl ""Luz"" Long",7
323677,20696,Jonathan Higgins,Dean Cromwell,8
323677,2220,Tony Curran,Lawson Robertson,9
315011,1098600,Hiroki Hasegawa,Rando Yaguchi,0
315011,588403,Yutaka Takenouchi,Hideki Akasaka : Special Advisor to the Prime Minister,1
315011,224664,Satomi Ishihara,Kayoko Ann Patterson : US special envoy,2
315011,120690,Kengo Kora,Yusuke Shimura : Secretary of Rando,3
315011,1502395,Satoru Matsuo,Syuichi Izumi : Policy Research Council Vice Chairman,4
315011,130654,Mikako Ichikawa,Hiromi Ogashira : Ministry of the Environment Nature,5
315011,87662,Issey Takahashi,"Ryu Yasuda : Ministry of Education, Culture, Sports, Science and Technology, Research / Promotion Bureau Director",6
315011,13256,Kanji Tsuda,"Fumiya Mori : Ministry of Health, Labour and Welfare / Research and Development Division Director",7
315011,58608,Shinya Tsukamoto,Kunio Hazama : Jouhoku University Associate professor,8
315011,1405926,Toru Nomaguchi,Tachikawa : Agency for Natural Resources and Energy / Electricity and Gas Industry Department Director,9
614933,16866,Jennifer Lopez,Atlas Shepherd,0
614933,1489211,Simu Liu,Harlan Shepherd,1
614933,1225953,Sterling K. Brown,Colonel Elias Banks,2
614933,1970662,Gregory James Cohan,Smith (voice) / Dhiib Pilot,3
614933,1432064,Abraham Popoola,Casca Decius,4
614933,177231,Lana Parrilla,Val Shepherd,5
614933,2983,Mark Strong,General Jake Boothe,6
614933,3314044,Briella Guiza,Young Atlas Shepherd,7
614933,2504388,Adia Smith-Eriksson,Ranger West,8
614933,2071572,Logan Hunt,Ranger Hughes,9
389053,19292,Adam Sandler,Max Kessler,0
389053,60950,David Spade,Charlie,1
389053,52851,Paula Patton,Heather,2
389053,17696,Kathryn Hahn,Becca,3
389053,32907,Nick Swardson,Bob,4
389053,59841,Matt Walsh,Shecky,5
389053,56105,Renée Taylor,Mrs. Kessler,6
389053,1328,Sean Astin,Ted-O,7
389053,1214835,Natasha Leggero,Nikki,8
389053,40481,Luis Guzmán,Jorge the Shooter Boy,9
432068,28281,Jean-Pierre Bacri,Max,0
432068,54291,Gilles Lellouche,James,1
432068,16922,Jean-Paul Rouve,Guy,2
432068,992623,Vincent Macaigne,Julien,3
432068,544681,Alban Ivanov,Samy,4
432068,149989,Eye Haïdara,Adèle,5
432068,142689,Suzanne Clément,Josiane,6
432068,1141,Hélène Vincent,Pierre's Mother,7
432068,1159954,Benjamin Lavernhe,Pierre,8
432068,72946,Judith Chemla,Héléna,9
533533,7499,Jared Leto,Ares,0
533533,1260481,Greta Lee,Eve Kim,1
533533,55089,Evan Peters,Julian Dillinger,2
533533,12214,Gillian Anderson,Elisabeth Dillinger,3
533533,1695989,Jodie Turner-Smith,Athena,4
533533,1229,Jeff Bridges,Kevin Flynn,5
533533,552252,Hasan Minhaj,Ajay Singh,6
533533,1457999,Arturo Castro,Seth Flores,7
533533,37089,Cameron Monaghan,Caius,8
533533,1066284,Sarah Desjardins,Erin,9
618344,127712,Matt Ryan,John Constantine (voice),0
618344,3035,Jerry O'Connell,Clark Kent / Superman (voice),1
618344,527313,Taissa Farmiga,Rachel Roth / Raven (voice),2
618344,183812,Jason O'Mara,Bruce Wayne / Batman (voice),3
618344,5916,Rosario Dawson,Diana Prince / Wonder Woman (voice),4
618344,1164238,Stuart Allan,Damian Wayne / Robin (voice),5
618344,11008,Rebecca Romijn,Lois Lane (voice),6
618344,11678,Rainn Wilson,Lex Luthor (voice),7
618344,19384,Tony Todd,Darkseid (voice),8
618344,50266,Shemar Moore,Victor Stone / Cyborg (voice),9
