tmdbId,person_id,name,character,order
278,504,Tim Robbins,Andy Dufresne,0
278,192,Morgan Freeman,Ellis Boyd 'Red' Redding,1
278,4029,Bob Gunton,Warden Norton,2
278,6573,William Sadler,Heywood,3
278,6574,Clancy Brown,Captain Byron T. Hadley,4
278,6575,Gil Bellows,Tommy,5
278,6577,James Whitmore,Brooks Hatlen,6
278,6576,Mark Rolston,Bogs Diamond,7
278,12645,Jeffrey DeMunn,1946 D.A.,8
278,92119,Larry Brandenburg,Skeet,9
13,31,Tom Hanks,Forrest Gump,0
13,32,Robin Wright,Jenny Curran,1
13,33,Gary Sinise,Lieutenant Dan Taylor,2
13,35,Sally Field,Mrs. Gump,3
13,34,Mykelti Williamson,Bubba Blue,4
13,37821,Michael Conner Humphreys,Young Forrest Gump,5
13,204997,Hanna Hall,Young Jenny Curran,6
13,9640,Haley Joel Osment,Forrest Junior,7
13,6751,Siobhan Fallon Hogan,School Bus Driver,8
13,3817610,Rebecca Williams,Nurse at Park Bench,9
680,8891,John Travolta,Vincent Vega,0
680,2231,Samuel L. Jackson,Jules Winnfield,1
680,139,Uma Thurman,Mia Wallace,2
680,62,Bruce Willis,Butch Coolidge,3
680,10182,Ving Rhames,Marsellus Wallace,4
680,1037,Harvey Keitel,The Wolf,5
680,7036,Eric Stoltz,Lance,6
680,3129,Tim Roth,Pumpkin,7
680,99,Amanda Plummer,Honey Bunny,8
680,2319,Maria de Medeiros,Fabienne,9
603,6384,Keanu Reeves,Neo,0
603,2975,Laurence Fishburne,Morpheus,1
603,530,Carrie-Anne Moss,Trinity,2
603,1331,Hugo Weaving,Agent Smith,3
603,9364,Gloria Foster,Oracle,4
603,532,Joe Pantoliano,Cypher,5
603,9372,Marcus Chong,Tank,6
603,7244,Julian Arahanga,Apoc,7
603,9374,Matt Doran,Mouse,8
603,9376,Belinda McClory,Switch,9
274,1038,Jodie Foster,Clarice Starling,0
274,4173,Anthony Hopkins,Dr. Hannibal Lecter,1
274,349,Scott Glenn,Jack Crawford,2
274,15854,Ted Levine,Jame Gumb,3
274,16293,Anthony Heald,Dr. Frederick Chilton,4
274,31649,Brooke Smith,Catherine Martin,5
274,6930,Diane Baker,Senator Ruth Martin,6
274,51864,Kasi Lemmons,Ardelia Mapp,7
274,13936,Frankie Faison,Barney,8
274,3801,Tracey Walter,Lamar,9
11,2,Mark Hamill,Luke Skywalker,0
11,3,Harrison Ford,Han Solo,1
11,4,Carrie Fisher,Princess Leia Organa,2
11,5,Peter Cushing,Grand Moff Tarkin,3
11,12248,Alec Guinness,"Obi-Wan ""Ben"" Kenobi",4
11,6,Anthony Daniels,C-3PO,5
11,130,Kenny Baker,R2-D2,6
11,24343,Peter Mayhew,Chewbacca,7
11,24342,David Prowse,Darth Vader (performer),8
11,15152,James Earl Jones,Darth Vader (voice) (uncredited),9
550,819,Edward Norton,Narrator,0
550,287,Brad Pitt,Tyler Durden,1
550,1283,Helena Bonham Carter,Marla Singer,2
550,7470,Meat Loaf,Robert Paulson,3
550,7499,Jared Leto,Angel Face,4
550,7471,Zach Grenier,Richard Chesler (Regional Manager),5
550,7497,Holt McCallany,The Mechanic,6
550,7498,Eion Bailey,Ricky,7
550,7472,Richmond Arquette,Intern at Hospital,8
550,7219,David Andrews,Thomas at Remaining Men Together,9
329,4783,Sam Neill,Grant,0
329,4784,Laura Dern,Ellie,1
329,4785,Jeff Goldblum,Malcolm,2
329,4786,Richard Attenborough,Hammond,3
329,4789,Bob Peck,Muldoon,4
329,4790,Martin Ferrero,Gennaro,5
329,14592,BD Wong,Wu,6
329,4787,Joseph Mazzello,Tim,7
329,4788,Ariana Richards,Lex,8
329,2231,Samuel L. Jackson,Arnold,9
424,3896,Liam Neeson,Oskar Schindler,0
424,2282,Ben Kingsley,Itzhak Stern,1
424,5469,Ralph Fiennes,Amon Goeth,2
424,6692,Caroline Goodall,Emilie Schindler,3
424,6693,Jonathan Sagall,Poldek Pfefferberg,4
424,6368,Embeth Davidtz,Helen Hirsch,5
424,6694,Małgorzata Gebel,Viktoria Klonowska,6
424,6695,Shmuel Levy,Wilek Chilowicz,7
424,6696,Mark Ivanir,Marcel Goldberg,8
424,6697,Béatrice Macola,Ingrid,9
120,109,Elijah Wood,Frodo,0
120,1327,Ian McKellen,Gandalf,1
120,110,Viggo Mortensen,Aragorn,2
120,1328,Sean Astin,Sam,3
120,65,Ian Holm,Bilbo,4
120,882,Liv Tyler,Arwen,5
120,113,Christopher Lee,Saruman,6
120,48,Sean Bean,Boromir,7
120,1329,Billy Boyd,Pippin,8
120,1330,Dominic Monaghan,Merry,9
1891,2,Mark Hamill,Luke Skywalker,0
1891,3,Harrison Ford,Han Solo,1
1891,4,Carrie Fisher,Princess Leia,2
1891,3799,Billy Dee Williams,Lando Calrissian,3
1891,6,Anthony Daniels,C-3PO,4
1891,24342,David Prowse,Darth Vader,5
1891,24343,Peter Mayhew,Chewbacca,6
1891,130,Kenny Baker,R2-D2,7
1891,7908,Frank Oz,Yoda (Voice),8
1891,12248,Alec Guinness,Obi-Wan Kenobi,9
197,2461,Mel Gibson,William Wallace,0
197,2462,Catherine McCormack,Murron MacClannough,1
197,1957,Sophie Marceau,Princess Isabelle,2
197,2463,Patrick McGoohan,King Edward,3
197,2464,Angus Macfadyen,Robert the Bruce,4
197,2039,Brendan Gleeson,Hamish Campbell,5
197,2465,James Robinson,Young William Wallace,6
197,2467,James Cosmo,Campbell,7
197,2468,Sean McGinley,MacClannough,8
197,2469,Gerda Stevenson,Mother MacClannough,9
862,31,Tom Hanks,Woody (voice),0
862,12898,Tim Allen,Buzz Lightyear (voice),1
862,7167,Don Rickles,Mr. Potato Head (voice),2
862,12899,Jim Varney,Slinky Dog (voice),3
862,12900,Wallace Shawn,Rex (voice),4
862,7907,John Ratzenberger,Hamm (voice),5
862,8873,Annie Potts,Bo Peep (voice),6
862,1116442,John Morris,Andy (voice),7
862,12901,Erik von Detten,Sid (voice),8
862,12133,Laurie Metcalf,Mrs. Davis (voice),9
280,1100,Arnold Schwarzenegger,The Terminator,0
280,2713,Linda Hamilton,Sarah Connor,1
280,820,Edward Furlong,John Connor,2
280,418,Robert Patrick,T-1000,3
280,2716,Earl Boen,Dr. Silberman,4
280,3977,Joe Morton,Miles Dyson,5
280,3978,S. Epatha Merkerson,Tarissa Dyson,6
280,3979,Castulo Guerra,Enrique Salceda,7
280,3980,Danny Cooksey,Tim,8
280,3981,Jenette Goldstein,Janelle Voight,9
629,9045,Stephen Baldwin,McManus,0
629,5168,Gabriel Byrne,Keaton,1
629,1121,Benicio del Toro,Fenster,2
629,7166,Kevin Pollak,Hockney,3
629,1979,Kevin Spacey,Verbal,4
629,9046,Chazz Palminteri,Dave Kujan,5
629,4935,Pete Postlethwaite,Kobayashi,6
629,2179,Suzy Amis,Edie Finneran,7
629,4808,Giancarlo Esposito,Jack Baer,8
629,6486,Dan Hedaya,Jeff Rabin,9
1892,2,Mark Hamill,Luke Skywalker,0
1892,3,Harrison Ford,Han Solo,1
1892,4,Carrie Fisher,Princess Leia,2
1892,3799,Billy Dee Williams,Lando Calrissian,3
1892,6,Anthony Daniels,C-3PO,4
1892,24343,Peter Mayhew,Chewbacca,5
1892,28235,Sebastian Shaw,Anakin Skywalker,6
1892,27762,Ian McDiarmid,The Emperor,7
1892,7908,Frank Oz,Yoda (voice),8
1892,15152,James Earl Jones,Darth Vader (voice),9
121,109,Elijah Wood,Frodo,0
121,1327,Ian McKellen,Gandalf,1
121,110,Viggo Mortensen,Aragorn,2
121,1328,Sean Astin,Sam,3
121,1333,Andy Serkis,Gollum,4
121,655,John Rhys-Davies,Gimli / Treebeard (voice),5
121,114,Orlando Bloom,Legolas,6
121,1369,Bernard Hill,Théoden,7
121,502,Miranda Otto,Éowyn,8
121,1330,Dominic Monaghan,Merry,9
122,109,Elijah Wood,Frodo,0
122,1327,Ian McKellen,Gandalf,1
122,110,Viggo Mortensen,Aragorn,2
122,1328,Sean Astin,Sam,3
122,1333,Andy Serkis,Gollum / Smeagol,4
122,1330,Dominic Monaghan,Merry,5
122,1329,Billy Boyd,Pippin,6
122,1381,John Noble,Denethor,7
122,1371,David Wenham,Faramir,8
122,502,Miranda Otto,Éowyn,9
85,3,Harrison Ford,Indiana Jones,0
85,650,Karen Allen,Marion Ravenwood,1
85,652,Paul Freeman,Dr. René Belloq,2
85,655,John Rhys-Davies,Sallah,3
85,653,Ronald Lacey,Major Arnold Toht,4
85,659,Wolf Kahler,Colonel Dietrich,5
85,660,Anthony Higgins,Gobler,6
85,656,Denholm Elliott,Dr. Marcus Brody,7
85,658,Alfred Molina,Satipo,8
85,661,Vic Tablian,Barranca / Monkey Man,9
238,3084,Marlon Brando,Don Vito Corleone,0
238,1158,Al Pacino,Michael Corleone,1
238,3085,James Caan,Sonny Corleone,2
238,3087,Robert Duvall,Tom Hagen,3
238,3086,Richard S. Castellano,Clemenza,4
238,3092,Diane Keaton,Kay Adams,5
238,3094,Talia Shire,Connie Corleone Rizzi,6
238,3095,Gianni Russo,Carlo Rizzi,7
238,3088,Sterling Hayden,Captain McCluskey,8
238,3142,John Marley,Jack Woltz,9
14,1979,Kevin Spacey,Lester Burnham,0
14,516,Annette Bening,Carolyn Burnham,1
14,2155,Thora Birch,Jane Burnham,2
14,8210,Wes Bentley,Ricky Fitts,3
14,8211,Mena Suvari,Angela Hayes,4
14,8212,Peter Gallagher,Buddy Kane,5
14,19,Allison Janney,Barbara Fitts,6
14,2955,Chris Cooper,Colonel Fitts,7
14,2154,Scott Bakula,Jim Olmeyer,8
14,8213,Sam Robards,Jim Berkley,9
807,192,Morgan Freeman,Somerset,0
807,287,Brad Pitt,Mills,1
807,12052,Gwyneth Paltrow,Tracy,2
807,12055,John Cassini,Officer Davis,3
807,30487,Peter Crombie,Dr. O'Neill,4
807,38951,Reg E. Cathey,Dr. Santiago,5
807,8655,R. Lee Ermey,Police Captain,6
807,12054,Daniel Zacapa,Detective Taylor at First Murder,7
807,12047,Andrew Kevin Walker,Dead Man at 1st Crime Scene,8
807,1583695,George Christy,Workman at Door of Somerset's Office,9
105,521,Michael J. Fox,Marty McFly,0
105,1062,Christopher Lloyd,Emmett Brown,1
105,1064,Crispin Glover,George McFly,2
105,1063,Lea Thompson,Lorraine Baines,3
105,1066,Claudia Wells,Jennifer Parker,4
105,1065,Thomas F. Wilson,Biff Tannen,5
105,1067,Marc McClure,Dave McFly,6
105,1068,Wendie Jo Sperber,Linda McFly,7
105,1069,George DiCenzo,Sam Baines,8
105,1070,Frances Lee McCain,Stella Baines,9
155,3894,Christian Bale,Bruce Wayne,0
155,1810,Heath Ledger,Joker,1
155,6383,Aaron Eckhart,Harvey Dent,2
155,3895,Michael Caine,Alfred,3
155,1579,Maggie Gyllenhaal,Rachel,4
155,64,Gary Oldman,Gordon,5
155,192,Morgan Freeman,Lucius Fox,6
155,53651,Monique Gabriela Curnen,Ramirez,7
155,57597,Ron Dean,Wuertz,8
155,2037,Cillian Murphy,Scarecrow,9
857,31,Tom Hanks,Captain Miller,0
857,3197,Tom Sizemore,Sergeant Horvath,1
857,12833,Edward Burns,Private Reiben,2
857,12834,Barry Pepper,Private Jackson,3
857,6163,Adam Goldberg,Private Mellish,4
857,12835,Vin Diesel,Private Caparzo,5
857,1771,Giovanni Ribisi,T/4 Medic Wade,6
857,4654,Jeremy Davies,Corporal Upham,7
857,1892,Matt Damon,Private Ryan,8
857,12836,Ted Danson,Captain Hamill,9
275,3910,Frances McDormand,Marge Gunderson,0
275,3905,William H. Macy,Jerry Lundegaard,1
275,884,Steve Buscemi,Carl Showalter,2
275,53,Peter Stormare,Gaear Grimsrud,3
275,3907,Harve Presnell,Wade Gustafson,4
275,3911,John Carroll Lynch,Norm Gunderson,5
275,3906,Kristin Rudrüd,Jean Lundegaard,6
275,155861,Bruce Bohne,Lou,7
275,4024,Steve Reevis,Shep Proudfoot,8
275,4025,Steve Park,Mike Yanagita,9
27205,6193,Leonardo DiCaprio,Dom Cobb,0
27205,24045,Joseph Gordon-Levitt,Arthur,1
27205,3899,Ken Watanabe,Saito,2
27205,2524,Tom Hardy,Eames,3
27205,27578,Elliot Page,Ariadne,4
27205,95697,Dileep Rao,Yusuf,5
27205,2037,Cillian Murphy,"Robert Fischer, Jr.",6
27205,13022,Tom Berenger,Peter Browning,7
27205,8293,Marion Cotillard,Mal Cobb,8
27205,4935,Pete Postlethwaite,Maurice Fischer,9
98,934,Russell Crowe,Maximus,0
98,73421,Joaquin Phoenix,Commodus,1
98,935,Connie Nielsen,Lucilla,2
98,936,Oliver Reed,Proximo,3
98,194,Richard Harris,Marcus Aurelius,4
98,937,Derek Jacobi,Gracchus,5
98,938,Djimon Hounsou,Juba,6
98,939,David Schofield,Falco,7
98,940,John Shrapnel,Gaius,8
98,941,Tomas Arana,Quintus,9
602,2888,Will Smith,Capt. Steven Hiller,0
602,8984,Bill Pullman,President Thomas J. Whitmore,1
602,4785,Jeff Goldblum,David Levinson,2
602,1581,Mary McDonnell,Marilyn Whitmore,3
602,6167,Judd Hirsch,Julius Levinson,4
602,1162,Robert Loggia,General William Grey,5
602,1811,Randy Quaid,Russell Casse,6
602,8985,Margaret Colin,Constance Spano,7
602,8986,James Rebhorn,Albert Nimzicki,8
602,7420,Harvey Fierstein,Marty Gilbert,9
5503,3,Harrison Ford,Richard Kimble,0
5503,2176,Tommy Lee Jones,Samuel Gerard,1
5503,532,Joe Pantoliano,Cosmo Renfro,2
5503,1924,Jeroen Krabbé,Charles Nichols,3
5503,43774,Daniel Roebuck,Biggs,4
5503,29051,L. Scott Caldwell,Poole,5
5503,43772,Tom Wood,Newman,6
5503,57597,Ron Dean,Detective Kelly,7
5503,86576,Joseph F. Kosala,Detective Rosetti,8
5503,43773,Andreas Katsulas,Frederick Sykes,9
745,62,Bruce Willis,Malcolm Crowe,0
745,9640,Haley Joel Osment,Cole Sear,1
745,3051,Toni Collette,Lynn Sear,2
745,11616,Olivia Williams,Anna Crowe,3
745,4940,Trevor Morgan,Tommy Tammisimo,4
745,2680,Donnie Wahlberg,Vincent Gray,5
745,52861,Peter Anthony Tambakis,Darren,6
745,11619,Jeffrey Zubernis,Bobby,7
745,11621,Bruce Norris,Stanley Cunningham,8
745,10694,Glenn Fitzgerald,Sean,9
568,31,Tom Hanks,Jim Lovell,0
568,2053,Bill Paxton,Fred Haise,1
568,4724,Kevin Bacon,Jack Swigert,2
568,33,Gary Sinise,Ken Mattingly,3
568,228,Ed Harris,Gene Kranz,4
568,8183,Kathleen Quinlan,Marilyn Lovell,5
568,8184,Mary Kate Schellhardt,Barbara Lovell,6
568,8185,Emily Ann Lloyd,Susan Lovell,7
568,8186,Miko Hughes,Jeffrey Lovell,8
568,8187,Max Elliott Slade,Jay Lovell,9
63,62,Bruce Willis,James Cole,0
63,289,Madeleine Stowe,Dr. Kathryn Railly,1
63,287,Brad Pitt,Jeffrey Goines,2
63,290,Christopher Plummer,Dr. Goines,3
63,52,David Morse,Dr. Peters,4
63,288,Jon Seda,Jose,5
63,22227,Christopher Meloni,Lt. Halperin,6
63,1318900,Joey Perillo,Detective Franki,7
63,64908,LisaGay Hamilton,Teddy,8
63,11154,Matt Ross,Bee,9
808,12073,Mike Myers,Shrek / Blind Mouse (voice),0
808,776,Eddie Murphy,Donkey (voice),1
808,6941,Cameron Diaz,Princess Fiona (voice),2
808,12074,John Lithgow,Lord Farquaad (voice),3
808,1925,Vincent Cassel,Monsieur Hood (voice),4
808,12075,Peter Dennis,Ogre Hunter (voice),5
808,12076,Clive Pearse,Ogre Hunter (voice),6
808,12077,Jim Cummings,Captain of the Guards (voice),7
808,12078,Bobby Block,Baby Bear (voice),8
808,12098,Chris Miller,Geppetto / Magic Mirror (voice),9
77,529,Guy Pearce,Leonard,0
77,530,Carrie-Anne Moss,Natalie,1
77,532,Joe Pantoliano,Teddy,2
77,534,Mark Boone Junior,Burt,3
77,535,Russ Fega,Waiter,4
77,536,Jorja Fox,Leonard's Wife,5
77,537,Stephen Tobolowsky,Sammy,6
77,538,Harriet Sansom Harris,Mrs. Jankis,7
77,539,Thomas Lennon,Doctor,8
77,540,Callum Keith Rennie,Dodd,9
8587,4756,Matthew Broderick,Simba (voice),0
8587,20005,Moira Kelly,Nala (voice),1
8587,16940,Jeremy Irons,Scar (voice),2
8587,78729,Nathan Lane,Timon (voice),3
8587,69415,Ernie Sabella,Pumbaa (voice),4
8587,15152,James Earl Jones,Mufasa (voice),5
8587,8294,Robert Guillaume,Rafiki (voice),6
8587,10730,Rowan Atkinson,Zazu (voice),7
8587,2395,Whoopi Goldberg,Shenzi (voice),8
8587,11159,Cheech Marin,Banzai (voice),9
489,1892,Matt Damon,Will Hunting,0
489,2157,Robin Williams,Sean Maguire,1
489,880,Ben Affleck,Chuckie Sullivan,2
489,1640,Stellan Skarsgård,Gerald Lambeau,3
489,6613,Minnie Driver,Skylar,4
489,1893,Casey Affleck,Morgan O'Mally,5
489,6614,Cole Hauser,Billy McBride,6
489,6623,Vik Sahay,MIT Student,7
489,6615,John Mighton,Tom,8
489,6616,Rachel Majorowski,Krystyn,9
812,15827,Scott Weinger,Aladdin (voice),0
812,2157,Robin Williams,Genie / Peddler (voice),1
812,15829,Linda Larkin,Jasmine (voice),2
812,15830,Jonathan Freeman,Jafar (voice),3
812,15832,Gilbert Gottfried,Iago (voice),4
812,15833,Douglas Seale,Sultan (voice),5
812,15831,Frank Welker,Abu / Cave of Wonders / Rajah (voice),6
812,228428,Brad Caleb Kane,Aladdin (singing voice),7
812,15838,Lea Salonga,Jasmine (singing voice),8
812,15834,Bruce Adler,Peddler (singing voice),9
268,2232,Michael Keaton,Batman / Bruce Wayne,0
268,514,Jack Nicholson,Joker / Jack Napier,1
268,326,Kim Basinger,Vicki Vale,2
268,4040,Robert Wuhl,Alexander Knox,3
268,3798,Pat Hingle,Commissioner Gordon,4
268,3799,Billy Dee Williams,Harvey Dent,5
268,3796,Michael Gough,Alfred,6
268,3785,Jack Palance,Grissom,7
268,3800,Jerry Hall,Alicia,8
268,3801,Tracey Walter,Bob the Goon,9
22,85,Johnny Depp,Jack Sparrow,0
22,118,Geoffrey Rush,Barbossa,1
22,114,Orlando Bloom,Will Turner,2
22,116,Keira Knightley,Elizabeth Swann,3
22,1709,Jack Davenport,Norrington,4
22,378,Jonathan Pryce,Governor Weatherby Swann,5
22,1710,Lee Arenberg,Pintel,6
22,1711,Mackenzie Crook,Ragetti,7
22,1712,Damian O'Hare,Lt. Gillette,8
22,1713,Giles New,Murtogg,9
607,2176,Tommy Lee Jones,Kay,0
607,2888,Will Smith,Jay,1
607,9625,Linda Fiorentino,Laurel,2
607,7132,Vincent D'Onofrio,Edgar,3
607,9626,Rip Torn,Zed,4
607,4252,Tony Shalhoub,Jeebs,5
607,6751,Siobhan Fallon Hogan,Beatrice,6
607,9628,Mike Nussbaum,Gentle Rosenburg,7
607,9629,Jon Gries,Van Driver,8
607,9630,Sergio Calderón,Jose,9
1637,6384,Keanu Reeves,Jack Traven,0
1637,2778,Dennis Hopper,Howard Payne,1
1637,18277,Sandra Bullock,Annie,2
1637,3977,Joe Morton,Capt. McMahon,3
1637,8447,Jeff Daniels,Harry,4
1637,2394,Alan Ruck,Stephens,5
1637,2683,Glenn Plummer,Jaguar Owner,6
1637,3205,Richard Lineback,Norwood,7
1637,5151,Beth Grant,Helen,8
1637,12056,Hawthorne James,Sam,9
36955,1100,Arnold Schwarzenegger,Harry,0
36955,8944,Jamie Lee Curtis,Helen,1
36955,74036,Tom Arnold,Gib,2
36955,2053,Bill Paxton,Simon,3
36955,13445,Tia Carrere,Juno,4
36955,10672,Art Malik,Aziz,5
36955,13446,Eliza Dushku,Dana,6
36955,31511,Grant Heslov,Faisil,7
36955,10017,Charlton Heston,Spencer Trilby,8
36955,116907,Marshall Manesh,Khaled,9
218,1100,Arnold Schwarzenegger,Terminator,0
218,2712,Michael Biehn,Kyle Reese,1
218,2713,Linda Hamilton,Sarah Connor,2
218,1818,Paul Winfield,Traxler,3
218,2714,Lance Henriksen,Vukovich,4
218,2717,Rick Rossovich,Matt,5
218,2715,Bess Motta,Ginger,6
218,2716,Earl Boen,Silberman,7
218,102441,Dick Miller,Pawnshop Clerk,8
218,65001,Shawn Schepps,Nancy,9
2493,2130,Cary Elwes,Westley,0
2493,32,Robin Wright,The Princess Bride,1
2493,25503,Mandy Patinkin,Inigo Montoya,2
2493,14541,Chris Sarandon,Prince Humperdinck,3
2493,13524,Christopher Guest,Count Rugen,4
2493,12900,Wallace Shawn,Vizzini,5
2493,25504,André Roussimoff,Fezzik,6
2493,2223,Fred Savage,The Grandson,7
2493,2314,Peter Falk,The Grandfather,8
2493,18266,Peter Cook,The Impressive Clergyman,9
581,1269,Kevin Costner,Lieutenant Dunbar,0
581,1581,Mary McDonnell,Stands With A Fist,1
581,6804,Graham Greene,Kicking Bird,2
581,7853,Rodney A. Grant,Wind In His Hair,3
581,7862,Floyd 'Red Crow' Westerman,Ten Bears,4
581,7863,Tantoo Cardinal,Black Shawl,5
581,7866,Robert Pastorelli,Timmons,6
581,7867,Charles Rocket,Lieutenant Elgin,7
581,7868,Maury Chaykin,Major Fambrough,8
581,7869,Jimmy Herman,Stone Calf,9
137,1532,Bill Murray,Phil Connors,0
137,1533,Andie MacDowell,Rita Hanson,1
137,1534,Chris Elliott,Larry,2
137,537,Stephen Tobolowsky,Ned Ryerson,3
137,1535,Brian Doyle-Murray,Buster Green,4
137,1536,Marita Geraghty,Nancy Taylor,5
137,1537,Angela Paton,Mme Lancaster,6
137,1538,Rick Ducommun,Gus,7
137,1539,Rick Overton,Ralph,8
137,1540,Robin Duke,Doris the Waitress,9
762,10722,Graham Chapman,King Arthur / Voice of God / Middle Head / Hiccoughing Guard,0
762,8930,John Cleese,Second Swallow-Savvy Guard / The Black Knight / Peasant 3 / Sir Launcelot the Brave / Taunting French Guard / Tim the Enchanter,1
762,10713,Eric Idle,Dead Collector / Peasant 1 / Sir Robin the Not-Quite-So-Brave-as-Sir Launcelot / First Swamp Castle Guard / Concorde / Roger the Shrubber / Brother Maynard,2
762,280,Terry Gilliam,Patsy / Green Knight / Old Man from Scene 24 (Bridgekeeper) / Sir Bors / Animator / Gorilla Hand,3
762,10707,Terry Jones,Dennis's Mother / Sir Bedevere / Left Head / Prince Herbert / Voice of Cartoon Scribe,4
762,383,Michael Palin,First Swallow-Savvy Guard / Dennis / Peasant 2 / Right Head / Sir Galahad the Pure / Narrator / King of Swamp Castle / Brother Maynard's Brother / Leader of The Knights Who Say NI!,5
762,149979,Connie Booth,The Witch,6
762,10733,Carol Cleveland,Zoot / Dingo,7
762,70624,Neil Innes,First Monk / Singing Minstrel / Page Crushed by the Rabbit / Peasant #4,8
762,18760,Bee Duffell,Old Crone,9
89,3,Harrison Ford,Indiana Jones,0
89,738,Sean Connery,Professor Henry Jones,1
89,656,Denholm Elliott,Marcus Brody,2
89,739,Alison Doody,Elsa,3
89,655,John Rhys-Davies,Sallah,4
89,740,Julian Glover,Walter Donovan,5
89,741,River Phoenix,Young Indy,6
89,742,Michael Byrne,Vogel,7
89,743,Kevork Malikyan,Kazım,8
89,744,Robert Eddison,Grail Knight,9
78,3,Harrison Ford,Deckard,0
78,585,Rutger Hauer,Batty,1
78,586,Sean Young,Rachael,2
78,587,Edward James Olmos,Gaff,3
78,588,M. Emmet Walsh,Bryant,4
78,589,Daryl Hannah,Pris,5
78,590,William Sanderson,Sebastian,6
78,591,Brion James,Leon,7
78,592,Joe Turkel,Tyrell,8
78,593,Joanna Cassidy,Zhora,9
12,13,Albert Brooks,Marlin (voice),0
12,14,Ellen DeGeneres,Dory (voice),1
12,12,Alexander Gould,Nemo (voice),2
12,5293,Willem Dafoe,Gill (voice),3
12,118,Geoffrey Rush,Nigel (voice),4
12,18,Brad Garrett,Bloat (voice),5
12,19,Allison Janney,Peach (voice),6
12,6168,Austin Pendleton,Gurgle (voice),7
12,17401,Stephen Root,Bubbles (voice),8
12,14723,Vicki Lewis,Deb / Flo (voice),9
585,1230,John Goodman,Sullivan (voice),0
585,7904,Billy Crystal,Mike (voice),1
585,7905,Mary Gibbs,Boo (voice),2
585,884,Steve Buscemi,Randall (voice),3
585,5563,James Coburn,Waternoose (voice),4
585,7906,Jennifer Tilly,Celia (voice),5
585,10,Bob Peterson,Roz (voice),6
585,7907,John Ratzenberger,Yeti (voice),7
585,7908,Frank Oz,Jeff Fungus (voice),8
585,7884,Daniel Gerson,Needleman / Smitty (voice),9
597,6193,Leonardo DiCaprio,Jack Dawson,0
597,204,Kate Winslet,Rose DeWitt Bukater,1
597,1954,Billy Zane,Cal Hockley,2
597,8534,Kathy Bates,Molly Brown,3
597,3713,Frances Fisher,Ruth DeWitt Bukater,4
597,8535,Gloria Stuart,Old Rose,5
597,2053,Bill Paxton,Brock Lovett,6
597,1369,Bernard Hill,Captain Smith,7
597,2076,David Warner,Spicer Lovejoy,8
597,8536,Victor Garber,Thomas Andrews,9
562,62,Bruce Willis,John McClane,0
562,4566,Alan Rickman,Hans Gruber,1
562,7674,Alexander Godunov,Karl,2
562,7673,Bonnie Bedelia,Holly Gennaro McClane,3
562,7672,Reginald VelJohnson,Al Powell,4
562,7675,Paul Gleason,Dwayne Robinson,5
562,7677,De'voreaux White,Argyle,6
562,7676,William Atherton,Richard Thornburg,7
562,7678,Hart Bochner,Harry Ellis,8
562,4995,James Shigeta,Joseph Yoshinobu Takagi,9
348,4139,Tom Skerritt,Dallas,0
348,10205,Sigourney Weaver,Ripley,1
348,5047,Veronica Cartwright,Lambert,2
348,5048,Harry Dean Stanton,Brett,3
348,5049,John Hurt,Kane,4
348,65,Ian Holm,Ash,5
348,5050,Yaphet Kotto,Parker,6
348,5051,Bolaji Badejo,Alien,7
348,5052,Helen Horton,Mother (voice),8
24,139,Uma Thurman,The Bride,0
24,140,Lucy Liu,O-Ren Ishii,1
24,2535,Vivica A. Fox,Vernita Green,2
24,589,Daryl Hannah,Elle Driver,3
24,141,David Carradine,Bill,4
24,147,Michael Madsen,Budd,5
24,2539,Julie Dreyfus,Sofie Fatale,6
24,2538,Chiaki Kuriyama,Gogo Yubari,7
24,2537,Sonny Chiba,Hattori Hanzo,8
24,240171,Gordon Liu,Johnny Mo,9
510,514,Jack Nicholson,Randle Patrick McMurphy,0
510,1370,Brad Dourif,Billy Bibbit,1
510,7071,Louise Fletcher,Nurse Mildred Ratched,2
510,518,Danny DeVito,Martini,3
510,7072,William Redfield,Dale Harding,4
510,7077,Scatman Crothers,Orderly Turkle,5
510,1062,Christopher Lloyd,Max Taber,6
510,68301,Will Sampson,Chief Bromden,7
510,7075,Dean R. Brooks,Dr. John Spivey,8
510,7073,Michael Berryman,Ellis,9
38,206,Jim Carrey,Joel Barish,0
38,204,Kate Winslet,Clementine Kruczynski,1
38,205,Kirsten Dunst,Mary,2
38,103,Mark Ruffalo,Stan,3
38,109,Elijah Wood,Patrick,4
38,207,Tom Wilkinson,Dr. Mierzwiak,5
38,209,Jane Adams,Carrie,6
38,212,David Cross,Rob,7
38,77013,Deirdre O'Connell,Hollis,8
38,130840,Thomas Jay Ryan,Frank,9
37165,206,Jim Carrey,Truman Burbank,0
37165,350,Laura Linney,Meryl Burbank / Hannah Gill,1
37165,11315,Noah Emmerich,Marlon / Louis Coltrane,2
37165,11317,Natascha McElhone,Lauren Garland / Sylvia,3
37165,11318,Holland Taylor,Angela Montclair / Alanis Montclair,4
37165,228,Ed Harris,Christof,5
37165,13242,Paul Giamatti,Simeon,6
37165,6579,Brian Delate,Walter Moore / Kirk Burbank,7
37165,23119,Peter Krause,Lawrence,8
37165,116898,Blair Slater,Young Truman,9
500,1037,Harvey Keitel,Mr. White / Larry Dimmick,0
500,3129,Tim Roth,Mr. Orange / Freddy Newandyke,1
500,147,Michael Madsen,Mr. Blonde / Vic Vega,2
500,2969,Chris Penn,"""Nice Guy"" Eddie Cabot",3
500,884,Steve Buscemi,Mr. Pink,4
500,6937,Lawrence Tierney,Joe Cabot,5
500,6938,Randy Brooks,Detective Holdaway,6
500,3206,Kirk Baltz,Officer Marvin Nash,7
500,6939,Edward Bunker,Mr. Blue,8
500,138,Quentin Tarantino,Mr. Brown,9
194,2405,Audrey Tautou,Amélie Poulain,0
194,2406,Mathieu Kassovitz,Nino Quincampoix,1
194,2407,Rufus,Raphaël Poulain,2
194,2410,Serge Merlin,Raymond Dufayel,3
194,2408,Jamel Debbouze,Lucien,4
194,2411,Clotilde Mollet,Gina,5
194,1654,Claire Maurier,Suzanne,6
194,2412,Isabelle Nanty,Georgette,7
194,2413,Dominique Pinon,Joseph,8
194,2414,Artus de Penguern,Hipolito,9
240,1158,Al Pacino,Don Michael Corleone,0
240,3087,Robert Duvall,Tom Hagen,1
240,3092,Diane Keaton,Kay Corleone,2
240,380,Robert De Niro,Vito Corleone,3
240,3096,John Cazale,Frederico 'Fredo' Corleone,4
240,3094,Talia Shire,Constanzia 'Connie' Corleone,5
240,3171,Lee Strasberg,Hyman Roth,6
240,3172,Michael V. Gazzo,Frank Pentangeli,7
240,3173,G.D. Spradlin,Senator Pat Geary,8
240,3174,Richard Bright,Al Neri,9
954,500,Tom Cruise,Ethan Hunt,0
954,10127,Jon Voight,Jim Phelps,1
954,4885,Emmanuelle Béart,Claire,2
954,15319,Henry Czerny,Kittridge,3
954,1003,Jean Reno,Krieger,4
954,10182,Ving Rhames,Luther,5
954,5470,Kristin Scott Thomas,Sarah Davies,6
954,13333,Vanessa Redgrave,Max,7
954,14593,Ingeborga Dapkūnaitė,Hannah,8
954,15322,Valentina Yakunina,Drunken Female IMF Agent,9
3049,206,Jim Carrey,Ace Ventura,0
3049,14405,Courteney Cox,Melissa,1
3049,586,Sean Young,Einhorn,2
3049,31004,Tone Loc,Emilio,3
3049,1223629,Dan Marino,Dan Marino,4
3049,31005,Noble Willingham,Riddle,5
3049,31006,Troy Evans,Podacter,6
3049,21082,Raynor Scheine,Woodstock,7
3049,1646,Udo Kier,Camp,8
3049,4692,Frank Adonis,Vinnie,9
769,380,Robert De Niro,James Conway,0
769,11477,Ray Liotta,Henry Hill,1
769,4517,Joe Pesci,Tommy DeVito,2
769,11478,Lorraine Bracco,Karen Hill,3
769,7004,Paul Sorvino,Paul Cicero,4
769,11480,Frank Sivero,Frankie Carbone,5
769,11482,Tony Darrow,Sonny Bunz,6
769,5170,Mike Starr,Frenchy,7
769,7164,Frank Vincent,Billy Batts,8
769,11479,Chuck Low,Morris Kessler,9
101,1003,Jean Reno,Léon Montana,0
101,524,Natalie Portman,Mathilda Lando,1
101,64,Gary Oldman,Norman Stansfield,2
101,1004,Danny Aiello,Old Tony,3
101,1005,Peter Appel,Agent Malky,4
101,1010,Michael Badalucco,Mathilda's Father,5
101,13420,Ellen Greene,Mathilda's Mother,6
101,138401,Frank Senger,Fatman,7
101,122230,Elizabeth Regen,Mathilda's Sister,8
101,977543,Carl J. Matusovich,Mathilda's Brother,9
272,3894,Christian Bale,Bruce Wayne / Batman,0
272,3895,Michael Caine,Alfred,1
272,3896,Liam Neeson,Ducard,2
272,3897,Katie Holmes,Rachel Dawes,3
272,64,Gary Oldman,Jim Gordon,4
272,2037,Cillian Murphy,Dr. Jonathan Crane,5
272,207,Tom Wilkinson,Carmine Falcone,6
272,585,Rutger Hauer,Earle,7
272,3899,Ken Watanabe,Ra's al Ghul,8
272,534,Mark Boone Junior,Flass,9
9806,8977,Craig T. Nelson,Bob Parr / Mr. Incredible (voice),0
9806,18686,Holly Hunter,Helen Parr / Elastigirl (voice),1
9806,59361,Sarah Vowell,Violet Parr (voice),2
9806,59360,Spencer Fox,Dashiell 'Dash' Parr (voice),3
9806,11662,Jason Lee,Buddy Pine / Syndrome (voice),4
9806,2231,Samuel L. Jackson,Lucius Best / Frozone (voice),5
9806,7430,Elizabeth Peña,Mirage (voice),6
9806,59358,Eli Fucile,Jack-Jack Parr (voice),7
9806,59359,Maeve Andrews,Jack-Jack Parr (voice),8
9806,7087,Brad Bird,Edna 'E' Mode (voice),9
10020,62050,Paige O'Hara,Belle (voice),0
10020,15048,Robby Benson,Beast (voice),1
10020,108055,Richard White,Gaston (voice),2
10020,725,Jerry Orbach,Lumiere (voice),3
10020,28010,David Ogden Stiers,Cogsworth (voice),4
10020,14730,Angela Lansbury,Mrs. Potts (voice),5
10020,170970,Rex Everhart,Maurice (voice),6
10020,75599,Jesse Corti,Lefou (voice),7
10020,145151,Bradley Pierce,Chip (voice),8
10020,25627,Hal Smith,Philippe (voice),9
161,1461,George Clooney,Danny Ocean,0
161,287,Brad Pitt,Rusty Ryan,1
161,1271,Andy Garcia,Terry Benedict,2
161,1892,Matt Damon,Linus Caldwell,3
161,1204,Julia Roberts,Tess Ocean,4
161,1893,Casey Affleck,Virgil Malloy,5
161,1894,Scott Caan,Turk Malloy,6
161,1896,Don Cheadle,Basher Tarr,7
161,827,Elliott Gould,Reuben Tishkoff,8
161,1898,Eddie Jemison,Livingston Dell,9
453,934,Russell Crowe,John Nash,0
453,6161,Jennifer Connelly,Alicia Nash,1
453,228,Ed Harris,William Parcher,2
453,6162,Paul Bettany,Charles Herman,3
453,290,Christopher Plummer,Dr. Rosen,4
453,6163,Adam Goldberg,Richard Sol,5
453,6164,Josh Lucas,Martin Hansen,6
453,6165,Anthony Rapp,Bender,7
453,6166,Jason Gray-Stanford,Ainsley Neilson,8
453,6167,Judd Hirsch,Helinger,9
601,9976,Henry Thomas,Elliott,0
601,69597,Drew Barrymore,Gertie,1
601,9978,Robert MacNaughton,Michael,2
601,9979,Peter Coyote,Keys,3
601,62001,Dee Wallace,Mary,4
601,23764,Erika Eleniak,Pretty Girl,5
601,9980,K.C. Martel,Greg,6
601,2878,C. Thomas Howell,Tyler,7
601,9981,Sean Frye,Steve,8
601,9982,David M. O'Dell,Schoolboy,9
18,62,Bruce Willis,Korben Dallas,0
18,63,Milla Jovovich,Leeloo,1
18,64,Gary Oldman,Zorg,2
18,65,Ian Holm,Cornelius,3
18,66,Chris Tucker,Ruby Rhod,4
18,8395,Luke Perry,Billy,5
18,591,Brion James,General Munro,6
18,8396,Tommy Lister Jr.,President Lindberg,7
18,7400,Lee Evans,Fog,8
18,8397,Charlie Creed-Miles,David,9
36657,6968,Hugh Jackman,Logan / Wolverine,0
36657,2387,Patrick Stewart,Xavier,1
36657,1327,Ian McKellen,Magneto,2
36657,10696,Famke Janssen,Jean Grey,3
36657,11006,James Marsden,Cyclops,4
36657,4587,Halle Berry,Storm,5
36657,10690,Anna Paquin,Rogue,6
36657,9832,Tyler Mane,Sabretooth,7
36657,11007,Ray Park,Toad,8
36657,11008,Rebecca Romijn,Mystique,9
854,206,Jim Carrey,Stanley Ipkiss / The Mask,0
854,20899,Peter Riegert,Mitch Kellaway,1
854,11803,Peter Greene,Dorian Tyrrell,2
854,1219,Amy Yasbeck,Peggy Brandt,3
854,53402,Richard Jeni,Charlie Schumaker,4
854,53403,Orestes Matacena,Niko,5
854,53400,Tim Bagley,Irv,6
854,42168,Nancy Fish,Mrs. Peenman,7
854,53401,Johnny Williams,Burt,8
854,38951,Reg E. Cathey,Freeze,9
10681,670,Ben Burtt,WALL·E / M-O (voice),0
10681,72754,Elissa Knight,EVE (voice),1
10681,60074,Jeff Garlin,Captain (voice),2
10681,20753,Fred Willard,"Shelby Forthright, BnL CEO",3
10681,7907,John Ratzenberger,John (voice),4
10681,11074,Kathy Najimy,Mary (voice),5
10681,10205,Sigourney Weaver,Ship's Computer (voice),6
10681,24358,Lori Alan,Additional Voices (voice),7
10681,78317,Bob Bergen,Additional Voices (voice),8
10681,167295,John Cygan,Additional Voices (voice),9
788,2157,Robin Williams,Daniel Hillard / Mrs. Doubtfire,0
788,35,Sally Field,Miranda Hillard,1
788,8987,Lisa Jakub,Lydia Hillard,2
788,11716,Matthew Lawrence,Chris Hillard,3
788,11717,Mara Wilson,Natalie Hillard,4
788,517,Pierce Brosnan,Stu,5
788,10360,Robert Prosky,Mr. Lundy,6
788,11718,Anne Haney,Mrs. Sellner,7
788,7420,Harvey Fierstein,Frank,8
788,11719,Scott Capurro,Jack,9
114,1204,Julia Roberts,Vivian Ward,0
114,1205,Richard Gere,Edward Lewis,1
114,1208,Ralph Bellamy,James Morse,2
114,1206,Jason Alexander,Philip Stuckey,3
114,1212,Laura San Giacomo,Kit De Luca,4
114,1210,Héctor Elizondo,The Hotel Manager,5
114,747,Alex Hyde-White,David Morse,6
114,1219,Amy Yasbeck,Elizabeth Stuckey,7
114,1209,Elinor Donahue,Bridget,8
114,1220,Judith Baldwin,Susan,9
73,819,Edward Norton,Derek,0
73,820,Edward Furlong,Danny,1
73,821,Beverly D'Angelo,Doris,2
73,823,Jennifer Lien,Davina,3
73,824,Ethan Suplee,Seth,4
73,826,Fairuza Balk,Stacey,5
73,822,Avery Brooks,Sweeney,6
73,827,Elliott Gould,Murray,7
73,825,Stacy Keach,Cameron,8
73,829,William Russ,Dennis,9
497,31,Tom Hanks,Paul Edgecomb,0
497,52,David Morse,Brutus 'Brutal' Howell,1
497,5149,Bonnie Hunt,Jan Edgecomb,2
497,61981,Michael Clarke Duncan,John Coffey,3
497,2505,James Cromwell,Warden Hal Moores,4
497,2169,Michael Jeter,Eduard Delacroix,5
497,6804,Graham Greene,Arlen Bitterbuck,6
497,6806,Doug Hutchison,Percy Wetmore,7
497,6807,Sam Rockwell,'Wild Bill' Wharton,8
497,12834,Barry Pepper,Dean Stanton,9
679,10205,Sigourney Weaver,Ripley,0
679,10206,Carrie Henn,Newt,1
679,2712,Michael Biehn,Corporal Hicks,2
679,781,Paul Reiser,Burke,3
679,2714,Lance Henriksen,Bishop,4
679,2053,Bill Paxton,Private Hudson,5
679,10207,William Hope,Lieutenant Gorman,6
679,3981,Jenette Goldstein,Private Vasquez,7
679,10208,Al Matthews,Sergeant Apone,8
679,6576,Mark Rolston,Private Drake,9
640,6193,Leonardo DiCaprio,Frank Abagnale Jr.,0
640,31,Tom Hanks,Carl Hanratty,1
640,4690,Christopher Walken,Frank Abagnale,2
640,8349,Martin Sheen,Roger Strong,3
640,136761,Nathalie Baye,Paula Abagnale,4
640,9273,Amy Adams,Brenda Strong,5
640,9274,James Brolin,Jack Barnes,6
640,1990,Brian Howe,Earl Amdursky,7
640,9275,Frank John Hughes,Tom Fox,8
640,9276,Steve Eastin,Paul Morgan,9
694,514,Jack Nicholson,Jack Torrance,0
694,10409,Shelley Duvall,Wendy Torrance,1
694,10410,Danny Lloyd,Danny,2
694,7077,Scatman Crothers,Hallorann,3
694,10411,Barry Nelson,Ullman,4
694,694,Philip Stone,Grady,5
694,592,Joe Turkel,Lloyd,6
694,10412,Anne Jackson,Doctor,7
694,16504,Tony Burton,Durkin,8
694,1413939,Lia Beldam,Young Woman in Bath,9
557,2219,Tobey Maguire,Spider-Man / Peter Parker,0
557,5293,Willem Dafoe,Green Goblin / Norman Osborn,1
557,205,Kirsten Dunst,Mary Jane Watson,2
557,17051,James Franco,Harry Osborn,3
557,19153,Cliff Robertson,Ben Parker,4
557,18998,Rosemary Harris,May Parker,5
557,18999,J.K. Simmons,J. Jonah Jameson,6
557,20580,Joe Manganiello,Flash Thompson,7
557,19468,Gerry Becker,Maximilian Fargas,8
557,5502,Bill Nunn,Joseph 'Robbie' Robertson,9
1572,62,Bruce Willis,John McClane,0
1572,16940,Jeremy Irons,Simon,1
1572,2231,Samuel L. Jackson,Zeus Carver,2
1572,17351,Larry Bryggman,Chief Walter Cobb,3
1572,6804,Graham Greene,Joe Lambert,4
1572,141747,Anthony Peck,Ricky Walsh,5
1572,91421,Nicholas Wyman,Mathias Targo,6
1572,34395,Kevin Chamberlin,Charles Weiss,7
1572,13023,Colleen Camp,Connie Kowalski,8
1572,45337,Sam Phillips,Katya,9
180,500,Tom Cruise,Chief John Anderton,0
180,72466,Colin Farrell,Danny Witwer,1
180,2206,Samantha Morton,Agatha,2
180,2201,Max von Sydow,Director Lamar Burgess,3
180,2207,Lois Smith,Dr. Iris Hineman,4
180,53,Peter Stormare,Dr. Solomon Eddie,5
180,1462,Tim Blake Nelson,Gideon,6
180,2202,Steve Harris,Jad,7
180,2208,Kathryn Morris,Lara Clarke,8
180,24173,Mike Binder,Leo Crow,9
620,1532,Bill Murray,Dr. Peter Venkman,0
620,707,Dan Aykroyd,Dr. Raymond Stantz,1
620,1524,Harold Ramis,Dr. Egon Spengler,2
620,10205,Sigourney Weaver,Dana Barrett,3
620,8872,Rick Moranis,Louis Tully,4
620,8874,Ernie Hudson,Winston Zeddemore,5
620,8873,Annie Potts,Janine Melnitz,6
620,7676,William Atherton,Walter Peck,7
620,8875,David Margulies,Mayor,8
620,562314,Slavitza Jovan,Gozer,9
1893,3896,Liam Neeson,Qui-Gon Jinn,0
1893,3061,Ewan McGregor,Obi-Wan Kenobi,1
1893,524,Natalie Portman,Padmé Amidala,2
1893,33196,Jake Lloyd,Anakin Skywalker,3
1893,27762,Ian McDiarmid,Senator Palpatine,4
1893,33190,Pernilla August,Shmi Skywalker,5
1893,31923,Oliver Ford Davies,Governor Sio Bibble,6
1893,31925,Hugh Quarshie,Captain Panaka,7
1893,33197,Ahmed Best,Jar Jar Binks,8
1893,6,Anthony Daniels,C-3PO (voice),9
2501,1892,Matt Damon,Jason Bourne,0
2501,679,Franka Potente,Marie Helena Kreutz,1
2501,2955,Chris Cooper,Alexander Conklin,2
2501,2296,Clive Owen,The Professor,3
2501,1248,Brian Cox,Ward Abbott,4
2501,31164,Adewale Akinnuoye-Agbaje,Nykwana Wombosi,5
2501,32458,Gabriel Mann,Danny Zorn,6
2501,12041,Julia Stiles,Nicky Parsons,7
2501,27740,Walton Goggins,Research Tech,8
2501,52419,Josh Hamilton,Research Tech,9
393,139,Uma Thurman,Beatrix Kiddo / The Bride / 'Black Mamba' / Mommy,0
393,141,David Carradine,Bill 'Snake Charmer',1
393,589,Daryl Hannah,Elle Driver 'California Mountain Snake',2
393,147,Michael Madsen,Budd 'Sidewinder',3
393,240171,Gordon Liu,Johnny Mo / Pai Mei,4
393,2536,Michael Parks,Earl McGraw / Esteban Vihaio,5
393,6585,Perla Haney-Jardine,B.B.,6
393,2535,Vivica A. Fox,Vernita Green 'Copperhead',7
393,4026,Ambrosia Kelley,Nikki,8
393,87312,James Parks,Edgar McGraw,9
157336,10297,Matthew McConaughey,Cooper,0
157336,1813,Anne Hathaway,Brand,1
157336,3895,Michael Caine,Professor Brand,2
157336,83002,Jessica Chastain,Murph,3
157336,1893,Casey Affleck,Tom,4
157336,8210,Wes Bentley,Doyle,5
157336,17052,Topher Grace,Getty,6
157336,851784,Mackenzie Foy,Murph (10 Yrs.),7
157336,9560,Ellen Burstyn,Murph (older),8
157336,12074,John Lithgow,Donald,9
9802,738,Sean Connery,John Patrick Mason,0
9802,2963,Nicolas Cage,Dr. Stanley Goodspeed,1
9802,228,Ed Harris,"Brigadier General Francis X. Hummel, USMC",2
9802,34691,John Spencer,FBI Director James Womack,3
9802,52,David Morse,Major Tom Baxter,4
9802,4520,William Forsythe,Special Agent Ernest Paxton,5
9802,2712,Michael Biehn,Commander Charles Anderson,6
9802,169586,Vanessa Marcil,Carla Pestalozzi,7
9802,11885,John C. McGinley,Marine Captain Hendrix,8
9802,10000,Gregory Sporleder,Captain Frye,9
185,56890,Malcolm McDowell,Alex,0
185,2264,Patrick Magee,Mr. Alexander,1
185,2272,Carl Duering,Dr. Brodsky,2
185,2267,Michael Bates,Chief Guard,3
185,2268,Warren Clarke,Dim,4
185,2270,James Marcus,Georgie,5
185,2271,Michael Tarn,Pete,6
185,2274,Miriam Karlin,Catlady,7
185,2265,Adrienne Corri,Mrs. Alexander,8
185,2276,Sheila Raynor,Mum,9
8467,206,Jim Carrey,Lloyd Christmas,0
8467,8447,Jeff Daniels,Harry Dunne,1
8467,34485,Lauren Holly,Mary Swanson,2
8467,8437,Teri Garr,Helen Swanson,3
8467,7867,Charles Rocket,Nicholas Andre,4
8467,76131,Karen Duffy,J.P. Shay,5
8467,5170,Mike Starr,Joe Mentaliano,6
8467,44042,Felton Perry,Detective Dale,7
8467,153459,Hank Brandt,Karl Swanson,8
8467,1074689,Brad Lockerman,Bobby,9
103,380,Robert De Niro,Travis Bickle,0
103,1038,Jodie Foster,Iris,1
103,1036,Cybill Shepherd,Betsy,2
103,1037,Harvey Keitel,Sport,3
103,1039,Peter Boyle,Wizard,4
103,1040,Leonard Harris,Charles Palantine,5
103,13,Albert Brooks,Tom,6
103,1041,Diahnne Abbott,Concession Girl,7
103,1042,Frank Adu,Angry Black Man,8
103,2561,Victor Argo,Melio,9
1726,3223,Robert Downey Jr.,Tony Stark,0
1726,18288,Terrence Howard,Rhodey,1
1726,1229,Jeff Bridges,Obadiah Stane,2
1726,12052,Gwyneth Paltrow,Pepper Potts,3
1726,57451,Leslie Bibb,Christine Everhart,4
1726,17857,Shaun Toub,Yinsen,5
1726,57452,Faran Tahir,Raza,6
1726,9048,Clark Gregg,Agent Coulson,7
1726,17200,Bill Smitrovich,General Gabriel,8
1726,173810,Sayed Badreya,Abu Bakaar,9
14160,68812,Ed Asner,Carl Fredricksen (voice),0
14160,290,Christopher Plummer,Charles Muntz (voice),1
14160,80676,Jordan Nagai,Russell (voice),2
14160,10,Bob Peterson,Dug / Alpha (voice),3
14160,18792,Delroy Lindo,Beta (voice),4
14160,7960,Jerome Ranft,Gamma (voice),5
14160,7907,John Ratzenberger,Construction Foreman Tom (voice),6
14160,84490,David Kaye,Newsreel Announcer (voice),7
14160,84491,Elie Docter,Young Ellie (voice),8
14160,84492,Jeremy Leary,Young Carl (voice),9
115,1229,Jeff Bridges,The Dude,0
115,1230,John Goodman,Walter Sobchak,1
115,1231,Julianne Moore,Maude Lebowski,2
115,884,Steve Buscemi,Donny,3
115,1232,David Huddleston,The Big Lebowski,4
115,1233,Philip Seymour Hoffman,Brandt,5
115,1234,Tara Reid,Bunny Lebowski,6
115,1235,Philip Moon,Treehorn Thug,7
115,1236,Mark Pellegrino,Treehorn Thug,8
115,53,Peter Stormare,Nihilist,9
492,3036,John Cusack,Craig Schwartz,0
492,6941,Cameron Diaz,Lotte Schwartz,1
492,6949,John Malkovich,John Horatio Malkovich,2
492,2229,Catherine Keener,Maxine Lund,3
492,863,Orson Bean,Dr. Lester,4
492,5960,Mary Kay Place,Floris,5
492,6951,W. Earl Brown,First J.M. Inc. Customer,6
492,52930,Carlos Jacott,Larry the Agent,7
492,1542,Willie Garson,Guy in Restaurant,8
492,6947,Byrne Piven,Captain Mertin,9
9598,58136,Christine Cavanaugh,Babe (voice),0
9598,6199,Miriam Margolyes,Fly (voice),1
9598,52699,Danny Mann,Ferdinand (voice),2
9598,1331,Hugo Weaving,Rex (voice),3
9598,35109,Miriam Flynn,Maa (voice),4
9598,2505,James Cromwell,Farmer Hoggett,5
9598,45586,Magda Szubanski,Esme Hoggett,6
9598,6035,Russi Taylor,Cat (voice),7
9598,24368,Roscoe Lee Browne,Narrator (voice),8
9598,1080206,Evelyn Krape,Old Ewe (voice),9
62,245,Keir Dullea,Dr. David Bowman,0
62,246,Gary Lockwood,Dr. Frank Poole,1
62,247,William Sylvester,Dr. Heywood Floyd,2
62,253,Douglas Rain,HAL 9000 (voice),3
62,248,Daniel Richter,Moonwatcher,4
62,249,Leonard Rossiter,Dr. Andrei Smyslov,5
62,250,Margaret Tyzack,Elena,6
62,251,Robert Beatty,Dr. Ralph Halvorsen,7
62,252,Sean Sullivan,Dr. Roy Michaels,8
62,4461547,Frank W. Miller,Mission Controller (voice),9
141,131,Jake Gyllenhaal,Donnie Darko,0
141,20089,Jena Malone,Gretchen Ross,1
141,1582,James Duval,Frank,2
141,69597,Drew Barrymore,Karen Pomeroy,3
141,5151,Beth Grant,Kitty Farmer,4
141,1579,Maggie Gyllenhaal,Elizabeth Darko,5
141,1581,Mary McDonnell,Rose Darko,6
141,1578,Holmes Osborne,Eddie Darko,7
141,13526,Noah Wyle,Prof. Kenneth Monnitoff,8
141,9594,Katharine Ross,Dr. Lilian Thurman,9
664,9994,Helen Hunt,Jo,0
664,2053,Bill Paxton,Bill,1
664,9995,Jami Gertz,Melissa,2
664,2130,Cary Elwes,Jonas,3
664,2207,Lois Smith,Aunt Meg,4
664,1233,Philip Seymour Hoffman,Dusty,5
664,2394,Alan Ruck,Rabbit,6
664,9996,Sean Whalen,Sanders,7
664,9997,Scott Thomson,Preacher,8
664,5010,Todd Field,Beltzer,9
627,3061,Ewan McGregor,Renton,0
627,1125,Ewen Bremner,Spud,1
627,9012,Jonny Lee Miller,Sick Boy,2
627,9013,Kevin McKidd,Tommy,3
627,18023,Robert Carlyle,Begbie,4
627,9015,Kelly Macdonald,Diane,5
627,3064,Peter Mullan,Swanney,6
627,2467,James Cosmo,Renton's Father,7
627,9016,Eileen Nicholas,Renton's Mother,8
627,1837,Susan Vidler,Allison,9
414,5576,Val Kilmer,Batman / Bruce Wayne,0
414,2176,Tommy Lee Jones,Harvey Two-Face / Harvey Dent,1
414,206,Jim Carrey,Riddler / Edward Nygma,2
414,2227,Nicole Kidman,Dr. Chase Meridian,3
414,5577,Chris O'Donnell,Robin / Dick Grayson,4
414,3796,Michael Gough,Alfred Pennyworth,5
414,3798,Pat Hingle,Commissioner Gordon,6
414,69597,Drew Barrymore,Sugar,7
414,5578,Debi Mazar,Spice,8
414,4887,Joe Grifasi,Bank Guard,9
1422,6193,Leonardo DiCaprio,Billy,0
1422,1892,Matt Damon,Colin,1
1422,514,Jack Nicholson,Costello,2
1422,13240,Mark Wahlberg,Dignam,3
1422,8349,Martin Sheen,Queenan,4
1422,5538,Ray Winstone,Mr. French,5
1422,21657,Vera Farmiga,Madolyn,6
1422,18471,Anthony Anderson,Brown,7
1422,7447,Alec Baldwin,Ellerby,8
1422,18472,Kevin Corrigan,Cousin Sean,9
2164,13548,James Spader,Dr. Daniel Jackson,0
2164,6856,Kurt Russell,Colonel Jonathan 'Jack' O'Neil,1
2164,228173,Jaye Davidson,Ra,2
2164,22137,Viveca Lindfors,Catherine,3
2164,22138,Alexis Cruz,Skaara,4
2164,15441,Mili Avital,Sha'uri,5
2164,18917,Erick Avari,Kasuf,6
2164,4942,John Diehl,Lieutenant Kawalsky,7
2164,938,Djimon Hounsou,Horus,8
2164,22139,Carlos Lauchu,Anubis,9
752,524,Natalie Portman,Evey,0
752,1331,Hugo Weaving,V / William Rookwood,1
752,9029,Stephen Rea,Finch,2
752,11275,Stephen Fry,Deitrich,3
752,5049,John Hurt,Adam Sutler,4
752,11276,Tim Pigott-Smith,Creedy,5
752,11278,Rupert Graves,Dominic,6
752,11279,Roger Allam,Lewis Prothero,7
752,11280,Ben Miles,Dascomb,8
752,11281,Sinéad Cusack,Delia Surridge,9
19995,65731,Sam Worthington,Jake Sully,0
19995,8691,Zoe Saldaña,Neytiri,1
19995,10205,Sigourney Weaver,Dr. Grace Augustine,2
19995,32747,Stephen Lang,Colonel Miles Quaritch,3
19995,17647,Michelle Rodriguez,Trudy Chacon,4
19995,1771,Giovanni Ribisi,Parker Selfridge,5
19995,59231,Joel David Moore,Norm Spellman,6
19995,30485,CCH Pounder,Mo'at,7
19995,15853,Wes Studi,Eytukan,8
19995,10964,Laz Alonso,Tsu'Tey,9
16869,287,Brad Pitt,LT. Aldo Raine,0
16869,19119,Mélanie Laurent,Shosanna,1
16869,27319,Christoph Waltz,COL. Hans Landa,2
16869,16847,Eli Roth,SGT. Donny Donowitz,3
16869,17288,Michael Fassbender,LT. Archie Hicox,4
16869,9824,Diane Kruger,Bridget von Hammersmark,5
16869,3872,Daniel Brühl,Fredrick Zoller,6
16869,1844,Til Schweiger,SGT. Hugo Stiglitz,7
16869,32823,Gedeon Burkhard,CPL. Wilhelm Wicki,8
16869,51636,Jacky Ido,Marcel,9
671,10980,Daniel Radcliffe,Harry Potter,0
671,10989,Rupert Grint,Ron Weasley,1
671,10990,Emma Watson,Hermione Granger,2
671,194,Richard Harris,Albus Dumbledore,3
671,10993,Tom Felton,Draco Malfoy,4
671,4566,Alan Rickman,Severus Snape,5
671,1923,Robbie Coltrane,Hagrid,6
671,10978,Maggie Smith,Professor McGonagall,7
671,10983,Richard Griffiths,Uncle Vernon Dursley,8
671,10985,Ian Hart,Professor Quirrell / Voldemort (voice),9
771,11510,Macaulay Culkin,Kevin,0
771,4517,Joe Pesci,Harry,1
771,11511,Daniel Stern,Marv,2
771,11512,John Heard,Peter,3
771,66288,Roberts Blossom,Marley,4
771,11514,Catherine O'Hara,Kate,5
771,11515,Angela Goethals,Linnie,6
771,11516,Devin Ratray,Buzz,7
771,11517,Gerry Bamman,Uncle Frank,8
771,11518,Hillary Wolf,Megan,9
9377,4756,Matthew Broderick,Ferris Bueller,0
9377,2394,Alan Ruck,Cameron Frye,1
9377,29091,Mia Sara,Sloane Peterson,2
9377,4004,Jeffrey Jones,Ed Rooney,3
9377,722,Jennifer Grey,Jeanie Bueller,4
9377,74276,Cindy Pickett,Katie Bueller,5
9377,90198,Lyman Ward,Tom Bueller,6
9377,3202,Edie McClurg,"Grace, School Secretary",7
9377,6952,Charlie Sheen,Boy in Police Station,8
9377,131667,Ben Stein,Economics Teacher,9
146,1619,Chow Yun-Fat,Li Mu Bai,0
146,1620,Michelle Yeoh,Yu Shu Lien,1
146,1339,Zhang Ziyi,Jen,2
146,1622,Chang Chen,Lo,3
146,1623,Lung Sihung,Sir Te,4
146,1624,Cheng Pei-pei,Jade Fox,5
146,1625,Li Fazeng,Governor Yu,6
146,1626,Gao Xian,Bo,7
146,1627,Hai Yan,Madame Yu,8
146,1628,Wang Deming,Tsai,9
129,19587,Rumi Hiiragi,Chihiro (voice),0
129,19588,Miyu Irino,Haku (voice),1
129,19589,Mari Natsuki,Yubaba / Zeniba (voice),2
129,19590,Takashi Naito,Father (voice),3
129,19591,Yasuko Sawaguchi,Mother (voice),4
129,19592,Tatsuya Gashuin,Aogaeru (voice),5
129,225730,Ryunosuke Kamiki,Boh (voice),6
129,19594,Yumi Tamai,Rin (voice),7
129,40450,Yo Oizumi,Bandai Frog (voice),8
129,554423,Koba Hayashi,River Spirit (voice),9
380,4483,Dustin Hoffman,Raymond Babbitt,0
380,500,Tom Cruise,Charlie Babbitt,1
380,3124,Valeria Golino,Susanna,2
380,2211,Gerald R. Molen,Dr. Bruner,3
380,5145,Jack Murdock,John Mooney,4
380,5146,Michael D. Roberts,Vern,5
380,5147,Ralph Seymour,Lenny,6
380,5148,Lucinda Jenney,Iris,7
380,5149,Bonnie Hunt,Sally Dibbs,8
380,5150,Kim Robillard,Small Town Doctor,9
1124,6968,Hugh Jackman,Robert Angier,0
1124,3894,Christian Bale,Alfred Borden,1
1124,3895,Michael Caine,Cutter,2
1124,15555,Piper Perabo,Julia McCullough,3
1124,15556,Rebecca Hall,Sarah,4
1124,1245,Scarlett Johansson,Olivia Wenscombe,5
1124,1580598,Samantha Mahurin,Jess,6
1124,7487,David Bowie,Tesla,7
1124,1333,Andy Serkis,Alley,8
1124,177765,Daniel Davis,Judge,9
2118,1979,Kevin Spacey,Jack Vincennes,0
2118,934,Russell Crowe,Wendell 'Bud' White,1
2118,529,Guy Pearce,Edmund 'Ed' Exley,2
2118,2505,James Cromwell,Dudley Smith,3
2118,326,Kim Basinger,Lynn Bracken,4
2118,518,Danny DeVito,Sid Hudgens,5
2118,11064,David Strathairn,Pierce Patchett,6
2118,12122,Ron Rifkin,D.A. Ellis Loew,7
2118,6110,Graham Beckel,Dick Stensland,8
2118,42715,Amber Smith,Susan Lefferts,9
935,12446,Peter Sellers,Group Capt. Lionel Mandrake / President Merkin Muffley / Dr. Strangelove,0
935,862,George C. Scott,General 'Buck' Turgidson,1
935,3088,Sterling Hayden,Brigadier General Jack D. Ripper,2
935,4966,Keenan Wynn,Colonel Bat Guano,3
935,14253,Slim Pickens,"Major ""King"" Kong",4
935,6600,Peter Bull,Botschafter De Sadesky,5
935,15152,James Earl Jones,Lt. Lothar Zogg,6
935,126354,Tracy Reed,Miss Scott,7
935,12485,Jack Creley,Mr. Staines,8
935,1332529,Frank Berry,Lt. Dietrich,9
863,31,Tom Hanks,Woody (voice),0
863,12898,Tim Allen,Buzz Lightyear (voice),1
863,3234,Joan Cusack,Jessie (voice),2
863,7090,Kelsey Grammer,Prospector (voice),3
863,7167,Don Rickles,Mr. Potato Head (voice),4
863,12899,Jim Varney,Slinky Dog (voice),5
863,12900,Wallace Shawn,Rex (voice),6
863,7907,John Ratzenberger,Hamm (voice),7
863,8873,Annie Potts,Bo Peep (voice),8
863,4201,Wayne Knight,Al McWhiggin (voice),9
252,3462,Peter Ostrum,Charlie,0
252,3460,Gene Wilder,Willy Wonka,1
252,3461,Jack Albertson,Grandpa Joe,2
252,3473,Diana Sowle,Mrs. Bucket,3
252,3463,Roy Kinnear,Mr. Salt,4
252,3464,Julie Dawn Cole,Veruca Salt,5
252,3467,Leonard Stone,Mr. Beauregarde,6
252,3468,Denise Nickerson,Violet Beauregarde,7
252,3469,Nora Denney,Mrs. Teevee,8
252,3470,Paris Themmen,Mike Teevee,9
28,8349,Martin Sheen,Captain Benjamin Willard,0
28,3084,Marlon Brando,Colonel Walter Kurtz,1
28,8351,Frederic Forrest,Jay 'Chef' Hicks,2
28,8354,Albert Hall,Chief Phillips,3
28,2975,Laurence Fishburne,Tyrone 'Clean' Miller,4
28,8350,Sam Bottoms,Lance B. Johnson,5
28,3087,Robert Duvall,Lieutenant Colonel Bill Kilgore,6
28,3173,G.D. Spradlin,General Corman,7
28,3,Harrison Ford,Colonel,8
28,8346,Jerry Ziesmer,"Jerry, Civilian",9
107,976,Jason Statham,Turkish,0
107,1116,Alan Ford,Brick Top,1
107,1115,Stephen Graham,Tommy,2
107,287,Brad Pitt,Mickey O'Neil,3
107,1117,Dennis Farina,Avi,4
107,1119,Robbie Gee,Vinny,5
107,1120,Lennie James,Sol,6
107,1121,Benicio del Toro,Franky Four Fingers,7
107,1118,Rade Šerbedžija,Boris The Blade,8
107,980,Vinnie Jones,Bullet Tooth Tony,9
600,8654,Matthew Modine,Pvt. Joker,0
600,2059,Adam Baldwin,Animal Mother,1
600,7132,Vincent D'Onofrio,Pvt. Pyle,2
600,8655,R. Lee Ermey,Gny. Sgt. Hartman,3
600,8656,Dorian Harewood,Eightball,4
600,8657,Kevyn Major Howard,Rafterman,5
600,3229,Arliss Howard,Pvt. Cowboy,6
600,8658,Ed O'Ross,Lt. Touchdown,7
600,8659,John Terry,Lt. Lockhart,8
600,8660,Kieron Jecchinis,Crazy Earl,9
710,517,Pierce Brosnan,James Bond,0
710,48,Sean Bean,Alec Trevelyan,1
710,10695,Izabella Scorupco,Natalya Simonova,2
710,10696,Famke Janssen,Xenia Onatopp,3
710,10671,Joe Don Baker,Jack Wade,4
710,5309,Judi Dench,M,5
710,1923,Robbie Coltrane,Valentin Zukovsky,6
710,10698,Tchéky Karyo,Dmitri Mishkin,7
710,3757,Gottfried John,Colonel Ourumov,8
710,10697,Alan Cumming,Boris Grishenko,9
251,723,Patrick Swayze,Sam Wheat,0
251,3416,Demi Moore,Molly Jensen,1
251,2395,Whoopi Goldberg,Oda Mae Brown,2
251,3417,Tony Goldwyn,Carl Bruner,3
251,3418,Vincent Schiavelli,Subway Ghost,4
251,3432,Rick Aviles,Willie Lopez,5
251,943665,Martina Deignan,Rose,6
251,2507349,Rick Kleber,Mover,7
251,3433,Phil Leeds,Emergency Room Ghost,8
251,3420,Armelia McQueen,Oda Mae's Sister,9
8358,31,Tom Hanks,Chuck Noland,0
8358,9994,Helen Hunt,Kelly Frears,1
8358,12538,Nick Searcy,Stan,2
8358,15899,Jenifer Lewis,Becca Twig,3
8358,148122,Geoffrey Blake,Maynard Graham,4
8358,55437,Peter Von Berg,Yuri,5
8358,38026,Chris Noth,Jerry Lovett,6
8358,55433,Lari White,Bettina Peterson,7
8358,20220,Elden Henson,Elden Madden,8
8358,28168,Timothy Stack,Morgan Stockton,9
289,4110,Humphrey Bogart,Rick Blaine,0
289,4111,Ingrid Bergman,Ilsa Lund,1
289,4112,Paul Henreid,Victor Laszlo,2
289,4113,Claude Rains,Captain Louis Renault,3
289,3001,Conrad Veidt,Major Heinrich Strasser,4
289,4114,Sydney Greenstreet,Signor Ferrari,5
289,2094,Peter Lorre,Ugarte,6
289,94110,S.Z. Sakall,Carl,7
289,4116,Madeleine Lebeau,Yvonne,8
289,4117,Dooley Wilson,Sam,9
858,5344,Meg Ryan,Annie Reed,0
858,31,Tom Hanks,Sam Baldwin,1
858,12928,Ross Malinger,Jonah Baldwin,2
858,8984,Bill Pullman,Walter,3
858,12929,Rosie O'Donnell,Becky,4
858,12932,Barbara Garrick,Victoria,5
858,3026,Rob Reiner,Jay,6
858,12930,Gaby Hoffmann,Jessica,7
858,12931,Rita Wilson,Suzy,8
858,8536,Victor Garber,Greg,9
68718,134,Jamie Foxx,Django Freeman,0
68718,27319,Christoph Waltz,Dr. King Schultz,1
68718,6193,Leonardo DiCaprio,Calvin J. Candie,2
68718,11703,Kerry Washington,Broomhilda von Shaft,3
68718,2231,Samuel L. Jackson,Stephen,4
68718,27740,Walton Goggins,Billy Crash,5
68718,27770,Dennis Christopher,Leonide Moguy,6
68718,1736,James Remar,Butch Pooch / Ace Speck,7
68718,1067187,David Steen,Mr. Stonesipher,8
68718,1133063,Dana Gourrier,Cora,9
628,500,Tom Cruise,Lestat,0
628,287,Brad Pitt,Louis,1
628,3131,Antonio Banderas,Armand,2
628,2224,Christian Slater,Malloy,3
628,9029,Stephen Rea,Santiago,4
628,205,Kirsten Dunst,Claudia,5
628,9031,Domiziana Giordano,Madeleine,6
628,9030,Thandiwe Newton,Yvette,7
628,149876,Laure Marsac,Mortal Woman on Stage,8
628,16459,John McConnell,Gambler,9
673,10980,Daniel Radcliffe,Harry Potter,0
673,10989,Rupert Grint,Ron Weasley,1
673,10990,Emma Watson,Hermione Granger,2
673,1923,Robbie Coltrane,Rubeus Hagrid,3
673,5658,Michael Gambon,Albus Dumbledore,4
673,64,Gary Oldman,Sirius Black,5
673,11207,David Thewlis,Remus Lupin,6
673,9191,Timothy Spall,Peter Pettigrew,7
673,4566,Alan Rickman,Severus Snape,8
673,10993,Tom Felton,Draco Malfoy,9
9804,1269,Kevin Costner,Mariner,0
9804,2778,Dennis Hopper,Deacon,1
9804,10478,Jeanne Tripplehorn,Helen,2
9804,53930,Tina Majorino,Enola,3
9804,49832,R. D. Call,Enforcer,4
9804,151943,Gerard Murphy,Nord,5
9804,2169,Michael Jeter,Old Gregor,6
9804,3432,Rick Aviles,Gatesman,7
9804,8335,Kim Coates,Drifter,8
9804,59350,Chaim Jeraffi,Drifter,9
9331,3,Harrison Ford,Jack Ryan,0
9331,5293,Willem Dafoe,John Clark,1
9331,22462,Joaquim de Almeida,Col. Felix V. Cortez,2
9331,15319,Henry Czerny,CIA Deputy Director Robert Ritter,3
9331,1166,Harris Yulin,National Security Advisor James Cutter,4
9331,15417,Donald Moffat,President Bennett,5
9331,30488,Miguel Sandoval,Ernesto Escobedo,6
9331,58650,Raymond Cruz,Domingo Chavez,7
9331,10427,Anne Archer,Dr. Cathy Ryan,8
9331,2155,Thora Birch,Sally Ryan,9
207,2157,Robin Williams,John Keating,0
207,2692,Robert Sean Leonard,Neil Perry,1
207,569,Ethan Hawke,Todd Anderson,2
207,2694,Josh Charles,Knox Overstreet,3
207,2693,Gale Hansen,Charlie Dalton,4
207,2695,Dylan Kussman,Richard Cameron,5
207,2696,Allelon Ruggiero,Steven Meeks,6
207,2697,James Waterston,Gerard Pitts,7
207,2698,Norman Lloyd,Mr. Nolan,8
207,2115,Kurtwood Smith,Mr. Perry,9
9603,5588,Alicia Silverstone,Cher,0
9603,58150,Stacey Dash,Dionne,1
9603,328,Brittany Murphy,Tai,2
9603,22226,Paul Rudd,Josh,3
9603,49002,Donald Faison,Murray,4
9603,58151,Elisa Donovan,Amber,5
9603,33654,Breckin Meyer,Travis,6
9603,23958,Jeremy Sisto,Elton,7
9603,6486,Dan Hedaya,Mel Horowitz,8
9603,75689,Aida Linares,Lucy,9
49026,3894,Christian Bale,Bruce Wayne,0
49026,64,Gary Oldman,Commissioner Gordon,1
49026,2524,Tom Hardy,Bane,2
49026,24045,Joseph Gordon-Levitt,Blake,3
49026,1813,Anne Hathaway,Selina,4
49026,8293,Marion Cotillard,Miranda,5
49026,192,Morgan Freeman,Fox,6
49026,3895,Michael Caine,Alfred,7
49026,8654,Matthew Modine,Foley,8
49026,16607,Alon Aboutboul,Dr. Pavel,9
712,3291,Hugh Grant,Charles,0
712,1533,Andie MacDowell,Carrie,1
712,5470,Kristin Scott Thomas,Fiona,2
712,4001,Simon Callow,Gareth,3
712,10726,James Fleet,Tom,4
712,10727,John Hannah,Matthew,5
712,10729,Charlotte Coleman,Scarlett,6
712,10728,David Bower,David,7
712,13328,Corin Redgrave,Hamish,8
712,10730,Rowan Atkinson,Father Gerald,9
672,10980,Daniel Radcliffe,Harry Potter,0
672,10989,Rupert Grint,Ron Weasley,1
672,10990,Emma Watson,Hermione Granger,2
672,11181,Kenneth Branagh,Gilderoy Lockhart,3
672,13014,Toby Jones,Dobby (voice),4
672,1923,Robbie Coltrane,Rubeus Hagrid,5
672,194,Richard Harris,Albus Dumbledore,6
672,4566,Alan Rickman,Severus Snape,7
672,10993,Tom Felton,Draco Malfoy,8
672,11355,Jason Isaacs,Lucius Malfoy,9
604,6384,Keanu Reeves,Neo,0
604,2975,Laurence Fishburne,Morpheus,1
604,530,Carrie-Anne Moss,Trinity,2
604,1331,Hugo Weaving,Agent Smith,3
604,9575,Jada Pinkett Smith,Niobe,4
604,9364,Gloria Foster,The Oracle,5
604,6195,Harold Perrineau,Link,6
604,28782,Monica Bellucci,Persephone,7
604,9464,Harry Lennix,Commander Lock,8
604,2192,Lambert Wilson,The Merovingian,9
637,4818,Roberto Benigni,Guido,0
637,9235,Nicoletta Braschi,Dora,1
637,9236,Giorgio Cantarini,Giosué,2
637,9237,Giustino Durano,Zio,3
637,9239,Sergio Bini Bustric,Ferruccio,4
637,954,Marisa Paredes,Dora's Mother,5
637,5789,Horst Buchholz,Doctor Lessing,6
637,9240,Lidia Alfonsi,Mrs. Guicciardini,7
637,9242,Giuliana Lojodice,School Principal,8
637,9238,Amerigo Fontani,Rodolfo,9
2108,2880,Emilio Estevez,Andrew Clark,0
2108,21624,Judd Nelson,John Bender,1
2108,21625,Molly Ringwald,Claire Standish,2
2108,1904,Anthony Michael Hall,Brian Johnson,3
2108,12851,Ally Sheedy,Allison Reynolds,4
2108,7675,Paul Gleason,Richard Vernon,5
2108,55554,John Kapelos,Carl,6
2108,1073863,Perry Crawford,Allison's Father,7
2108,1073864,Mary Christian,Brian's Sister,8
2108,57597,Ron Dean,Andy's Father,9
134,1461,George Clooney,Everett,0
134,1241,John Turturro,Pete Hogwallop,1
134,1462,Tim Blake Nelson,Delmar O'Donnell,2
134,1230,John Goodman,Big Dan Teague,3
134,18686,Holly Hunter,Penny,4
134,1465,Chris Thomas King,Tommy Johnson,5
134,1466,Charles Durning,Pappy O'Daniel,6
134,1467,Del Pentecost,Junior O'Daniel,7
134,1010,Michael Badalucco,George Nelson,8
134,1468,J.R. Horne,Pappy's Staff,9
2105,21593,Jason Biggs,Jim Levenstein,0
2105,21594,Chris Klein,Chris 'Oz' Ostreicher,1
2105,21403,Thomas Ian Nicholas,Kevin Meyers,2
2105,21595,Alyson Hannigan,Michelle Flaherty,3
2105,21596,Shannon Elizabeth,Nadia,4
2105,1234,Tara Reid,Victoria 'Vicky' Lathum,5
2105,52480,Eddie Kaye Thomas,Paul Finch,6
2105,57599,Seann William Scott,Steve Stifler,7
2105,26510,Eugene Levy,Jim's Father,8
2105,10871,Natasha Lyonne,Jessica,9
949,1158,Al Pacino,Lt. Vincent Hanna,0
949,380,Robert De Niro,Neil McCauley,1
949,5576,Val Kilmer,Chris Shiherlis,2
949,10127,Jon Voight,Nate,3
949,3197,Tom Sizemore,Michael Cheritto,4
949,6200,Diane Venora,Justine,5
949,15851,Amy Brenneman,Eady,6
949,15852,Ashley Judd,Charlene Shiherlis,7
949,34,Mykelti Williamson,Drucker,8
949,15853,Wes Studi,Casals,9
544,6941,Cameron Diaz,Mary Jensen,0
544,2876,Matt Dillon,Pat Healy,1
544,7399,Ben Stiller,Ted Stroehmann,2
544,7400,Lee Evans,Tucker,3
544,1534,Chris Elliott,Dom Woganowski,4
544,7401,Lin Shaye,Magda,5
544,4175,Jeffrey Tambor,Sully,6
544,7402,Markie Post,Sheila Jensen,7
544,65827,Keith David,Charlie Jensen,8
544,6951,W. Earl Brown,Warren Jensen,9
87,3,Harrison Ford,Indiana Jones,0
87,689,Kate Capshaw,Willie Scott,1
87,690,Ke Huy Quan,Short Round,2
87,691,Amrish Puri,Mola Ram,3
87,693,Roshan Seth,Chattar Lal,4
87,694,Philip Stone,Phillip Blumburtt,5
87,695,Roy Chiao,Lao Che,6
87,696,David Yip,Wu Han,7
87,11397,Ric Young,Kao Kan,8
87,699,Chua Kah Joo,Chen,9
578,6355,Roy Scheider,Brody,0
578,8606,Robert Shaw,Quint,1
578,3037,Richard Dreyfuss,Hooper,2
578,8607,Lorraine Gary,Ellen Brody,3
578,8608,Murray Hamilton,Vaughn,4
578,8555,Carl Gottlieb,Meadows,5
578,8609,Jeffrey Kramer,Hendricks,6
578,8610,Susan Backlinie,Chrissie,7
578,5286,Jonathan Filley,Cassidy,8
578,8591,Ted Grossman,Estuary Victim,9
630,9066,Judy Garland,Dorothy,0
630,9068,Ray Bolger,Scarecrow / Hunk,1
630,9070,Jack Haley,Tin Man / Hickory,2
630,9069,Bert Lahr,Cowardly Lion / Zeke,3
630,9067,Frank Morgan,Oz / Professor Marvel,4
630,9072,Margaret Hamilton,The Wicked Witch of the West / Miss Gulch,5
630,9071,Billie Burke,Glinda,6
630,9073,Clara Blandick,Auntie Em,7
630,8517,Charley Grapewin,Uncle Henry,8
630,1318970,Pat Walshe,Nikko,9
641,9560,Ellen Burstyn,Sara Goldfarb,0
641,7499,Jared Leto,Harry Goldfarb,1
641,6161,Jennifer Connelly,Marion Silver,2
641,9562,Marlon Wayans,Tyrone C. Love,3
641,4443,Christopher McDonald,Tappy Tibbons,4
641,9565,Louise Lasser,Ada,5
641,14548,Marcia Jean Kurtz,Rae,6
641,171117,Janet Sarno,Mrs. Pearlman,7
641,11484,Suzanne Shepherd,Mrs. Scarlini,8
641,1402326,Joanne Gordon,Mrs. Ovadia,9
11324,6193,Leonardo DiCaprio,Teddy Daniels,0
11324,103,Mark Ruffalo,Chuck Aule,1
11324,2282,Ben Kingsley,Dr. Cawley,2
11324,2201,Max von Sydow,Dr. Naehring,3
11324,1812,Michelle Williams,Dolores,4
11324,1246,Emily Mortimer,Rachel 1,5
11324,1276,Patricia Clarkson,Rachel 2,6
11324,17183,Jackie Earle Haley,George Noyce,7
11324,15854,Ted Levine,Warden,8
11324,3911,John Carroll Lynch,Deputy Warden McPherson,9
817,12073,Mike Myers,Austin Powers / Dr. Evil / Fat Bastard,0
817,69122,Heather Graham,Felicity Shagwell,1
817,10987,Verne Troyer,Mini-Me,2
817,13919,Michael York,Basil Exposition,3
817,9208,Robert Wagner,Number Two,4
817,13922,Seth Green,Scott Evil,5
817,13924,Mindy Sterling,Frau Farbissina,6
817,23659,Will Ferrell,Mustafa,7
817,13918,Elizabeth Hurley,Vanessa Kensington,8
817,2879,Rob Lowe,Young Number Two,9
8844,205,Kirsten Dunst,Judy,0
8844,145151,Bradley Pierce,Peter,1
8844,2157,Robin Williams,Alan Parrish,2
8844,5149,Bonnie Hunt,Sarah,3
8844,8537,Jonathan Hyde,Van Pelt / Sam Parrish,4
8844,10739,Bebe Neuwirth,Nora,5
8844,58563,David Alan Grier,Bentley,6
8844,46530,Adam Hann-Byrd,Young Alan,7
8844,1276,Patricia Clarkson,Carol Parrish,8
8844,56523,Laura Bell Bundy,Young Sarah,9
162,85,Johnny Depp,Edward Scissorhands,0
162,1920,Winona Ryder,Kim,1
162,1902,Dianne Wiest,Peg,2
162,1904,Anthony Michael Hall,Jim,3
162,1907,Kathy Baker,Joyce,4
162,1908,Robert Oliveri,Kevin,5
162,1909,Conchata Ferrell,Helen,6
162,1910,Caroline Aaron,Marge,7
162,1911,Dick Anthony Williams,Officer Allen,8
162,1912,O-Lan Jones,Esmeralda,9
1542,17402,Ron Livingston,Peter,0
1542,4491,Jennifer Aniston,Joanna,1
1542,52794,David Herman,Michael Bolton,2
1542,1982,Ajay Naidu,Samir,3
1542,5727,Diedrich Bader,Lawrence,4
1542,17401,Stephen Root,Milton,5
1542,21163,Gary Cole,Bill Lumbergh,6
1542,18262,Richard Riehle,Tom Smykowski,7
1542,104998,Ali Wentworth,Anne,8
1542,105701,Joe Bays,Dom Portwood,9
165,521,Michael J. Fox,Marty McFly / Marty McFly Junior / Marlene McFly,0
165,1062,Christopher Lloyd,Doctor Emmett Brown,1
165,1063,Lea Thompson,Lorraine,2
165,1065,Thomas F. Wilson,Biff Tannen / Griff,3
165,1951,Elisabeth Shue,Jennifer,4
165,1072,James Tolkan,Strickland,5
165,1952,Jeffrey Weissman,George McFly,6
165,1953,Casey Siemaszko,3-D,7
165,1954,Billy Zane,Match,8
165,11673,J.J. Cohen,Skinhead,9
2062,10872,Patton Oswalt,Remy (voice),0
2062,65,Ian Holm,Skinner (voice),1
2062,7962,Lou Romano,Linguini (voice),2
2062,6197,Brian Dennehy,Django (voice),3
2062,21198,Peter Sohn,Emile (voice),4
2062,11390,Peter O'Toole,Anton Ego (voice),5
2062,18,Brad Garrett,Gusteau (voice),6
2062,21197,Janeane Garofalo,Colette (voice),7
2062,21200,Will Arnett,Horst (voice),8
2062,32536,Julius Callahan,Lalo / Francois (voice),9
286217,1892,Matt Damon,Mark Watney,0
286217,83002,Jessica Chastain,Melissa Lewis,1
286217,41091,Kristen Wiig,Annie Montrose,2
286217,8447,Jeff Daniels,"Theodore ""Teddy"" Sanders",3
286217,454,Michael Peña,Rick Martinez,4
286217,48,Sean Bean,Mitch Henderson,5
286217,51072,Kate Mara,Beth Johanssen,6
286217,60898,Sebastian Stan,Chris Beck,7
286217,76547,Aksel Hennie,Alex Vogel,8
286217,5294,Chiwetel Ejiofor,Vincent Kapoor,9
187,62,Bruce Willis,Hartigan,0
187,56731,Jessica Alba,Nancy,1
187,2296,Clive Owen,Dwight,2
187,2295,Mickey Rourke,Marv,3
187,585,Rutger Hauer,Cardinal Roark,4
187,1121,Benicio del Toro,Jackie Boy,5
187,6279,Alexis Bledel,Becky,6
187,147,Michael Madsen,Bob,7
187,6280,Powers Boothe,Senator Roark,8
187,6408,Nick Stahl,Roark Jr. / Yellow Bastard,9
2292,23629,Brian O'Halloran,Dante,0
2292,23630,Jeff Anderson,Randal,1
2292,23631,Marilyn Ghigliotti,Veronica,2
2292,23632,Lisa Spoonauer,Caitlin,3
2292,19302,Jason Mewes,Jay,4
2292,19303,Kevin Smith,Silent Bob,5
2292,20503,Scott Mosier,William the Idiot Manchild / Angry Hockey-Playing Customer / Angry Mourner,6
2292,23634,Scott Schiaffo,Chewlie's Rep,7
2292,3801953,Al Berkowitz,Old Man,8
2292,23633,Walt Flanagan,Woolen Cap Smoker / Egg Man / Offended Customer / Cat-Admiring Bitter Customer,9
6950,4483,Dustin Hoffman,Sam Daniels,0
6950,14343,Rene Russo,Robby Keough,1
6950,192,Morgan Freeman,General Billy Ford,2
6950,1979,Kevin Spacey,Casey Schuler,3
6950,9777,Cuba Gooding Jr.,Major Salt,4
6950,55636,Donald Sutherland,General Donald McClintock,5
6950,18352,Patrick Dempsey,Jimbo Scott,6
6950,47458,Zakes Mokae,Dr. Benjamin Iwabi,7
6950,10649,Malick Bowens,Dr. Raswani,8
6950,52142,Susan Lee Hoffman,Dr. Lisa Aronson,9
193,2387,Patrick Stewart,Captain Jean-Luc Picard,0
193,2388,Jonathan Frakes,Commander William T. Riker,1
193,1213786,Brent Spiner,Lt. Commander Data,2
193,2390,LeVar Burton,Lt. Commander Geordi La Forge,3
193,2391,Michael Dorn,Lt. Commander Worf,4
193,2392,Gates McFadden,Dr. Beverly Crusher,5
193,2393,Marina Sirtis,Counselor Deanna Troi,6
193,1748,William Shatner,Captain James T. Kirk,7
193,56890,Malcolm McDowell,Dr. Tolian Soran,8
193,1751,James Doohan,"Captain Montgomery ""Scotty"" Scott",9
36557,8784,Daniel Craig,James Bond,0
36557,10912,Eva Green,Vesper Lynd,1
36557,1019,Mads Mikkelsen,Le Chiffre,2
36557,5309,Judi Dench,M,3
36557,2954,Jeffrey Wright,Felix Leiter,4
36557,3753,Giancarlo Giannini,Mathis,5
36557,10916,Caterina Murino,Solange,6
36557,10917,Simon Abkarian,Alex Dimitrios,7
36557,4812,Isaach de Bankolé,Steven Obanno,8
36557,2244,Jesper Christensen,Mr. White,9
816,12073,Mike Myers,Austin Powers / Dr. Evil,0
816,13918,Elizabeth Hurley,Vanessa Kensington,1
816,13919,Michael York,Basil Exposition,2
816,13920,Mimi Rogers,Mrs. Kensington,3
816,9208,Robert Wagner,Number Two,4
816,13922,Seth Green,Scott Evil,5
816,13923,Fabiana Udenio,Alotta Fagina,6
816,13924,Mindy Sterling,Frau Farbissina,7
816,23659,Will Ferrell,Mustafa,8
816,13925,Paul Dillon,Patty O'Brien,9
1934,12763,Joseph Fiennes,Will Shakespeare,0
1934,12052,Gwyneth Paltrow,Viola De Lesseps,1
1934,118,Geoffrey Rush,Philip Henslowe,2
1934,207,Tom Wilkinson,Hugh Fennyman,3
1934,5309,Judi Dench,Queen Elizabeth,4
1934,11356,Imelda Staunton,Nurse,5
1934,5472,Colin Firth,Lord Wessex,6
1934,880,Ben Affleck,Ned Alleyn,7
1934,4001,Simon Callow,Tilney,8
1934,20069,Steven Beard,Makepeace,9
1894,17244,Hayden Christensen,Anakin Skywalker,0
1894,3061,Ewan McGregor,Obi-Wan Kenobi,1
1894,524,Natalie Portman,Padmé Amidala,2
1894,113,Christopher Lee,Count Dooku,3
1894,2231,Samuel L. Jackson,Mace Windu,4
1894,7908,Frank Oz,Yoda (voice),5
1894,27762,Ian McDiarmid,Chancellor Palpatine,6
1894,33190,Pernilla August,Shmi Skywalker,7
1894,7242,Temuera Morrison,Jango Fett / Clone Troopers,8
1894,33181,Jimmy Smits,Senator Bail Organa,9
6977,3810,Javier Bardem,Anton Chigurh,0
6977,2176,Tommy Lee Jones,Ed Tom Bell,1
6977,16851,Josh Brolin,Llewelyn Moss,2
6977,57755,Woody Harrelson,Carson Wells,3
6977,9015,Kelly Macdonald,Carla Jean Moss,4
6977,39520,Garret Dillahunt,Wendell,5
6977,41249,Tess Harper,Loretta Bell,6
6977,12852,Barry Corbin,Ellis,7
6977,17401,Stephen Root,Man Who Hires Wells,8
6977,51732,Rodger Boyce,El Paso Sheriff,9
235,3033,Wil Wheaton,Gordie Lachance,0
235,741,River Phoenix,Chris Chambers,1
235,3034,Corey Feldman,Teddy Duchamp,2
235,3035,Jerry O'Connell,Vern Tessio,3
235,2628,Kiefer Sutherland,Ace Merrill,4
235,1953,Casey Siemaszko,Billy Tessio,5
235,3038,Gary Riley,Charlie Hogan,6
235,3039,Bradley Gregg,Eyeball Chambers,7
235,3040,Jason Oliver,Vince Desjardins,8
235,3041,Marshall Bell,Mr. Lachance,9
639,7904,Billy Crystal,Harry Burns,0
639,5344,Meg Ryan,Sally Albright,1
639,4,Carrie Fisher,Marie,2
639,9257,Bruno Kirby,Jess,3
639,9258,Steven Ford,Joe,4
639,9259,Lisa Jane Persky,Alice,5
639,9260,Michelle Nicastro,Amanda,6
639,119884,Gretchen Palmer,Stewardess,7
639,86475,Robert Alan Beuth,Man on Aisle,8
639,1389091,David Burdick,9 Year Old Boy,9
583,10722,Graham Chapman,Wise Man #2 / Brian Cohen / Biggus Dickus,0
583,8930,John Cleese,Wise Man #1 / Reg / Jewish Official / First Centurion / Deadly Dirk / Arthur,1
583,280,Terry Gilliam,Man Even Further Forward / Revolutionary / Jailer / Blood and Thunder Prophet / Frank / Audience Member / Crucifee,2
583,10713,Eric Idle,Mr. Cheeky / Stan 'Loretta' / Harry the Haggler / Culprit Woman / Warris / Intensely Dull Youth / Jailer's Assistant / Otto / Lead Singer Crucifee,3
583,10707,Terry Jones,Mandy Cohen / Colin / Simon the Holy Man / Bob Hoskins / Saintly Passer-by / Alarmed Crucifixion Assistant,4
583,383,Michael Palin,Wise Man #3 / Mr. Big Nose / Francis / Mrs. A / Ex-Leper / Announcer / Ben / Pontius Pilate / Boring Prophet / Eddie / Shoe Follower / Nisus Wettus,5
583,10732,Terence Bayler,Gregory,6
583,10733,Carol Cleveland,Mrs. Gregory,7
583,10734,Kenneth Colley,Jesus,8
583,70624,Neil Innes,A Weedy Samaritan,9
37233,500,Tom Cruise,Mitch McDeere,0
37233,10478,Jeanne Tripplehorn,Abby McDeere,1
37233,193,Gene Hackman,Avery Tolar,2
37233,11066,Hal Holbrook,Oliver Lambert,3
37233,11067,Terry Kinney,Lamar Quinn,4
37233,11065,Wilford Brimley,William Devasher,5
37233,228,Ed Harris,Wayne Tarrance,6
37233,18686,Holly Hunter,Tammy Hemphill,7
37233,11064,David Strathairn,Ray McDeere,8
37233,2048,Gary Busey,Eddie Lomax,9
2898,514,Jack Nicholson,Melvin Udall,0
2898,9994,Helen Hunt,Carol Connelly,1
2898,17141,Greg Kinnear,Simon Bishop,2
2898,9777,Cuba Gooding Jr.,Frank Sachs,3
2898,28778,Shirley Knight,Beverly Connelly,4
2898,10135,Jesse James,Spencer Connelly,5
2898,5586,Yeardley Smith,Jackie Simpson,6
2898,28779,Lupe Ontiveros,Nora Manning,7
2898,22108,Skeet Ulrich,Vincent Lopiano,8
2898,1524,Harold Ramis,Dr. Bettes,9
539,7301,Anthony Perkins,Norman Bates,0
539,7302,Janet Leigh,Marion Crane,1
539,7303,Vera Miles,Lila Crane,2
539,7304,John Gavin,Sam Loomis,3
539,1936,Martin Balsam,Milton Arbogast,4
539,53010,John McIntire,Al Chambers,5
539,14063,Simon Oakland,Fred Richman,6
539,78902,Frank Albertson,Tom Cassidy,7
539,12500,Patricia Hitchcock,Caroline,8
539,3641,Vaughn Taylor,George Lowery,9
558,2219,Tobey Maguire,Spider-Man / Peter Parker,0
558,205,Kirsten Dunst,Mary Jane Watson,1
558,17051,James Franco,Harry Osborn,2
558,658,Alfred Molina,Doc Ock / Otto Octavius,3
558,18998,Rosemary Harris,May Parker,4
558,18999,J.K. Simmons,J. Jonah Jameson,5
558,2517,Donna Murphy,Rosalie Octavius,6
558,19154,Daniel Gillies,John Jameson,7
558,19152,Dylan Baker,Dr. Curt Connors,8
558,5502,Bill Nunn,Joseph 'Robbie' Robertson,9
782,569,Ethan Hawke,Vincent Freeman,0
782,139,Uma Thurman,Irene Cassini,1
782,9642,Jude Law,Jerome Eugene Morrow,2
782,1903,Alan Arkin,Detective Hugo,3
782,11628,Loren Dean,Adult Anton Freeman,4
782,11626,Gore Vidal,Director Josef,5
782,4252,Tony Shalhoub,"""German""",6
782,7502,Ernest Borgnine,Caesar,7
782,56871,Blair Underwood,Geneticist,8
782,3982,Xander Berkeley,Dr. Lamar,9
2503,1892,Matt Damon,Jason Bourne,0
2503,12041,Julia Stiles,Nicky Parsons,1
2503,11064,David Strathairn,Noah Vosen,2
2503,349,Scott Glenn,CIA Director Ezra Kramer,3
2503,14887,Paddy Considine,Simon Ross,4
2503,25616,Edgar Ramírez,Paz,5
2503,3926,Albert Finney,Dr. Albert Hirsch,6
2503,11148,Joan Allen,Pamela Landy,7
2503,27030,Tom Gallop,Tom Cronin,8
2503,17199,Corey Johnson,Conrad Wills,9
861,1100,Arnold Schwarzenegger,Quaid,0
861,10768,Rachel Ticotin,Melina,1
861,4430,Sharon Stone,Lori,2
861,11086,Michael Ironside,Richter,3
861,3041,Marshall Bell,George / Kuato,4
861,790,Michael Champion,Helm,5
861,12887,Mel Johnson Jr.,Benny,6
861,12888,Roy Brocksmith,Dr. Edgemar,7
861,44275,Rosemary Dunsmore,Dr. Lull,8
861,780,Ronny Cox,Cohaagen,9
747,11108,Simon Pegg,Shaun,0
747,11109,Nick Frost,Ed,1
747,11110,Kate Ashfield,Liz,2
747,11111,Lucy Davis,Dianne,3
747,7028,Dylan Moran,David,4
747,47730,Jessica Hynes,Yvonne,5
747,1249,Penelope Wilton,Barbara,6
747,2440,Bill Nighy,Phillip,7
747,7060,Martin Freeman,Declan,8
747,26209,Matt Lucas,Cousin Tom,9
106646,6193,Leonardo DiCaprio,Jordan Belfort,0
106646,21007,Jonah Hill,Donnie Azoff,1
106646,234352,Margot Robbie,Naomi Lapaglia,2
106646,10297,Matthew McConaughey,Mark Hanna,3
106646,3497,Kyle Chandler,Agent Patrick Denham,4
106646,3026,Rob Reiner,Max Belfort,5
106646,19498,Jon Bernthal,Brad,6
106646,15277,Jon Favreau,Manny Riskin,7
106646,56024,Jean Dujardin,Jean Jacques Saurel,8
106646,34901,Joanna Lumley,Aunt Emma,9
9487,21290,Dave Foley,Flik (voice),0
9487,1979,Kevin Spacey,Hopper (voice),1
9487,15886,Julia Louis-Dreyfus,Atta (voice),2
9487,17265,Hayden Panettiere,Dot (voice),3
9487,89784,Phyllis Diller,Queen (voice),4
9487,21125,Richard Kind,Molt (voice),5
9487,11076,David Hyde Pierce,Slim (voice),6
9487,7911,Joe Ranft,Heimlich / Additional Voices (voice),7
9487,5724,Denis Leary,Francis (voice),8
9487,123037,Jonathan Harris,Manny (voice),9
95,62,Bruce Willis,Harry S. Stamper,0
95,879,Billy Bob Thornton,Dan Truman,1
95,880,Ben Affleck,A.J. Frost,2
95,882,Liv Tyler,Grace Stamper,3
95,883,Will Patton,Chick,4
95,884,Steve Buscemi,Rockhound,5
95,886,William Fichtner,Willie Sharp,6
95,887,Owen Wilson,Oscar,7
95,61981,Michael Clarke Duncan,Bear,8
95,53,Peter Stormare,Lev Andropov,9
9390,500,Tom Cruise,Jerry Maguire,0
9390,9137,Renée Zellweger,Dorothy Boyd,1
9390,9777,Cuba Gooding Jr.,Rod Tidwell,2
9390,11164,Kelly Preston,Avery Bishop,3
9390,3035,Jerry O'Connell,Frank Cushman,4
9390,12217,Jay Mohr,Bob Sugar,5
9390,9788,Regina King,Marcee Tidwell,6
9390,5149,Bonnie Hunt,Laurel Boyd,7
9390,67778,Jonathan Lipnicki,Ray Boyd,8
9390,3230,Todd Louiso,Chad the Nanny,9
118340,73457,Chris Pratt,Peter Quill,0
118340,8691,Zoe Saldaña,Gamora,1
118340,543530,Dave Bautista,Drax,2
118340,12835,Vin Diesel,Groot (voice),3
118340,51329,Bradley Cooper,Rocket (voice),4
118340,72095,Lee Pace,Ronan,5
118340,12132,Michael Rooker,Yondu Udonta,6
118340,543261,Karen Gillan,Nebula,7
118340,938,Djimon Hounsou,Korath,8
118340,4764,John C. Reilly,Corpsman Dey,9
241,57755,Woody Harrelson,Mickey Knox,0
241,3196,Juliette Lewis,Mallory Knox,1
241,3223,Robert Downey Jr.,Wayne Gale,2
241,2176,Tommy Lee Jones,Warden Dwight McClusky,3
241,3197,Tom Sizemore,Det. Jack Scagnetti,4
241,3198,Rodney Dangerfield,Mallory's Dad,5
241,3202,Edie McClurg,Mallory's Mom,6
241,15440,Jared Harris,London Boy,7
241,3203,Russell Means,Old Indian,8
241,3208,Maria Pitillo,Deborah,9
24428,3223,Robert Downey Jr.,Tony Stark / Iron Man,0
24428,16828,Chris Evans,Steve Rogers / Captain America,1
24428,103,Mark Ruffalo,Bruce Banner / The Hulk,2
24428,74568,Chris Hemsworth,Thor,3
24428,1245,Scarlett Johansson,Natasha Romanoff / Black Widow,4
24428,17604,Jeremy Renner,Clint Barton / Hawkeye,5
24428,91606,Tom Hiddleston,Loki,6
24428,9048,Clark Gregg,Agent Phil Coulson,7
24428,71189,Cobie Smulders,Agent Maria Hill,8
24428,1640,Stellan Skarsgård,Selvig,9
153,1532,Bill Murray,Bob Harris,0
153,1245,Scarlett Johansson,Charlotte,1
153,1771,Giovanni Ribisi,John,2
153,1772,Anna Faris,Kelly,3
153,1770,Akiko Takeshita,Ms. Kawasaki,4
153,1773,Kazuyoshi Minamimagoe,Press Agent,5
153,1774,Kazuko Shibata,Press Agent,6
153,1775,Take,Press Agent,7
153,2510694,Ryuichiro Baba,Concierge,8
153,5399776,Akira Yamaguchi,Bellboy,9
1417,16970,Ivana Baquero,Ofelia,0
1417,16972,Sergi López,Capitán Vidal,1
1417,16971,Maribel Verdú,Mercedes,2
1417,17005,Doug Jones,Fauno / Pale Man,3
1417,17006,Ariadna Gil,Carmen,4
1417,3813,Álex Angulo,Dr. Ferreiro,5
1417,17007,Roger Casamajor,Pedro,6
1417,592709,Manolo Solo,Garcés,7
1417,25219,César Vea,Serrano,8
1417,31422,Ivan Massagué,El Tarta,9
1669,738,Sean Connery,Capt. 1st Marko Ramius,0
1669,7447,Alec Baldwin,Dr. Jack Ryan,1
1669,349,Scott Glenn,CDR Bart Mancuso (USS Dallas),2
1669,4783,Sam Neill,Capt. 2nd Vasily Borodin,3
1669,15152,James Earl Jones,Vice ADM James Greer,4
1669,14324,Joss Ackland,Ambassador Andrei Lysenko,5
1669,12518,Richard Jordan,"Dr. Jeffrey Pelt, National Security Advisor",6
1669,22109,Peter Firth,"Capt. 2nd Ivan Putin (Political Officer, Red October)",7
1669,13472,Tim Curry,Dr. Yevgeni Petrov (Red October),8
1669,24047,Courtney B. Vance,Petty Officer Ronald 'Jonesy' Jones (USS Dallas),9
674,10980,Daniel Radcliffe,Harry Potter,0
674,10989,Rupert Grint,Ron Weasley,1
674,10990,Emma Watson,Hermione Granger,2
674,2039,Brendan Gleeson,Alastor 'Mad-Eye' Moody,3
674,5658,Michael Gambon,Albus Dumbledore,4
674,11288,Robert Pattinson,Cedric Diggory,5
674,5469,Ralph Fiennes,Lord Voldemort,6
674,1923,Robbie Coltrane,Rubeus Hagrid,7
674,4566,Alan Rickman,Severus Snape,8
674,20049,David Tennant,Barty Crouch Junior,9
196,521,Michael J. Fox,Marty McFly / Seamus McFly,0
196,1062,Christopher Lloyd,Doctor Emmett Brown,1
196,2453,Mary Steenburgen,Clara Clayton,2
196,1065,Thomas F. Wilson,Buford 'Mad Dog' Tannen / Biff Tannen,3
196,1063,Lea Thompson,Maggie McFly / Lorraine McFly,4
196,1951,Elisabeth Shue,Jennifer,5
196,2454,Matt Clark,Bartender,6
196,15413,Richard Dysart,Barbwire Salesman,7
196,21460,Pat Buttram,Saloon Old Timer,8
196,4316,Harry Carey Jr.,Saloon Old Timer,9
809,12073,Mike Myers,Shrek (voice),0
809,776,Eddie Murphy,Donkey (voice),1
809,6941,Cameron Diaz,Princess Fiona (voice),2
809,5823,Julie Andrews,Queen Lillian (voice),3
809,3131,Antonio Banderas,Puss in Boots (voice),4
809,8930,John Cleese,King Harold (voice),5
809,4757,Rupert Everett,Prince Charming (voice),6
809,12094,Jennifer Saunders,Fairy Godmother (voice),7
809,12106,Aron Warner,Wolf (voice),8
809,12079,Kelly Asbury,Page / Elf / Nobleman / Nobleman's Son (voice),9
9479,531,Danny Elfman,Jack Skellington (singing) / Barrel / Clown with the Tear away Face (voice),0
9479,14541,Chris Sarandon,Jack Skellington (voice),1
9479,11514,Catherine O'Hara,Sally / Shock (voice),2
9479,21282,William Hickey,Dr. Finkelstein (voice),3
9479,13243,Glenn Shadix,Mayor (voice),4
9479,5129,Paul Reubens,Lock (voice),5
9479,95758,Ken Page,Oogie Boogie (voice),6
9479,1495928,Edward Ivory,Santa Claus (voice),7
9479,2011698,Susan McBride,Big Witch / WWD. (voice),8
9479,1383860,Debi Durst,Corpse Kid / Corpse Mom / Small Witch (voice),9
686,1038,Jodie Foster,Ellie Arroway,0
686,10297,Matthew McConaughey,Palmer Joss,1
686,4512,James Woods,Michael Kitz,2
686,5049,John Hurt,S. R. Hadden,3
686,4139,Tom Skerritt,David Drumlin,4
686,886,William Fichtner,Kent,5
686,52,David Morse,Ted Arroway,6
686,9780,Angela Bassett,Rachel Constantine,7
686,148122,Geoffrey Blake,Fisher,8
686,94864,Max Martini,Willie,9
2502,1892,Matt Damon,Jason Bourne,0
2502,679,Franka Potente,Marie Helene Kreutz,1
2502,1248,Brian Cox,Ward Abbott,2
2502,12041,Julia Stiles,Nicky Parsons,3
2502,1372,Karl Urban,Kirill,4
2502,32458,Gabriel Mann,Danny Zorn,5
2502,11148,Joan Allen,Pamela Landy,6
2502,20982,Marton Csokas,Jarda,7
2502,27030,Tom Gallop,Tom Cronin,8
2502,60118,John Bedford Lloyd,Teddy,9
9350,16483,Sylvester Stallone,Gabe Walker,0
9350,12074,John Lithgow,Qualen,1
9350,12132,Michael Rooker,Hal Tucker,2
9350,51580,Janine Turner,Jessie Deighan,3
9350,16937,Rex Linn,Travers,4
9350,6692,Caroline Goodall,Kristel,5
9350,12974,Leon,Kynette,6
9350,51799,Craig Fairbrass,Delmar,7
9350,44178,Gregory Scott Cummins,Ryan,8
9350,111078,Denis Forest,Heldon,9
12405,76788,Dev Patel,Older Jamal,0
12405,76792,Freida Pinto,Older Latika,1
12405,964549,Madhur Mittal,Older Salim,2
12405,72118,Anil Kapoor,Prem,3
12405,85456,Mahesh Manjrekar,Javed,4
12405,76789,Saurabh Shukla,Sergeant Srinivas,5
12405,76793,Irrfan Khan,Police Inspector,6
12405,1296867,Ankur Vikal,Maman,7
12405,52771,Tanay Chheda,Middle Jamal,8
12405,1120194,Ayush Mahesh Khedekar,Youngest Jamal,9
598,8595,Alexandre Rodrigues,Buscapé,0
598,8596,Leandro Firmino,Zé Pequeno / Dadinho,1
598,8597,Phellipe Haagensen,Bené,2
598,8598,Douglas Silva,Dadinho,3
598,8599,Jonathan Haagensen,Cabeleira,4
598,8600,Matheus Nachtergaele,Sandro Cenoura,5
598,5659,Seu Jorge,Mané Galinha,6
598,8601,Jefechander Suplino,Alicate,7
598,8602,Alice Braga,Angélica,8
598,3883645,Emerson Gomes,Barbantinho,9
1642,18277,Sandra Bullock,Angela Bennett,0
1642,18325,Jeremy Northam,Jack Devlin,1
1642,18326,Dennis Miller,Alan Champion,2
1642,6930,Diane Baker,Mrs. Bennett,3
1642,18327,Wendy Gazelle,Imposter,4
1642,18328,Ken Howard,Bergstrom,5
1642,1472,Ray McKinnon,Dale,6
1642,553720,Daniel Schorr,WNN Anchor,7
1642,29051,L. Scott Caldwell,Public Defender,8
1642,15251,Robert Gossett,Ben Phillips,9
856,382,Bob Hoskins,Eddie Valiant,0
856,1062,Christopher Lloyd,Judge Doom,1
856,593,Joanna Cassidy,Dolores,2
856,12826,Charles Fleischer,Roger Rabbit / Benny the Cab / Greasy / Psycho (voice),3
856,3391,Kathleen Turner,Jessica Rabbit (voice) (uncredited),4
856,12827,Stubby Kaye,Marvin Acme,5
856,12828,Alan Tilvern,R.K. Maroon,6
856,12829,Richard LeParmentier,Lt. Santino,7
856,12830,Lou Hirsch,Baby Herman (voice),8
856,12831,Betsy Brantley,Jessica's Performance Model,9
1597,7399,Ben Stiller,Greg Focker,0
1597,380,Robert De Niro,Jack Byrnes,1
1597,10399,Teri Polo,Pam Byrnes,2
1597,10401,Blythe Danner,Dina Byrnes,3
1597,17865,Nicole DeHuff,Debbie Byrnes,4
1597,17866,Jon Abrahams,Denny Byrnes,5
1597,887,Owen Wilson,Kevin Rawley,6
1597,8986,James Rebhorn,Dr. Larry Banks,7
1597,17867,Tom McCarthy,Dr. Bob Banks,8
1597,17868,Phyllis George,Linda Banks,9
8963,5292,Denzel Washington,"Lt. Commander Ronald ""Ron"" Hunter",0
8963,193,Gene Hackman,"Captain Franklin ""Frank"" Ramsey",1
8963,13525,Matt Craven,Lt. Roy Zimmer,2
8963,10477,George Dzundza,Chief of the Boat Cob,3
8963,110,Viggo Mortensen,Lt. Peter 'Weps' Ince,4
8963,4691,James Gandolfini,Lt. Robert 'Bobby' Dougherty,5
8963,27448,Rocky Carroll,Lt. Darik Westergard,6
8963,113387,Jaime Gomez,Officer of the Deck Mahoney,7
8963,154295,Michael Milhoan,Chief of the Watch Hunsicker,8
8963,104503,Scott Burkholder,Tactical Supervising Officer Billy Linkletter,9
773,17141,Greg Kinnear,Richard Hoover,0
773,3051,Toni Collette,Sheryl Hoover,1
773,4495,Steve Carell,Frank Ginsberg,2
773,17142,Paul Dano,Dwayne Hoover,3
773,17140,Abigail Breslin,Olive Hoover,4
773,1903,Alan Arkin,Edwin Hoover,5
773,17419,Bryan Cranston,Stan Grossman,6
773,5151,Beth Grant,Nancy Jenkins,7
773,17421,Wallace Langham,Kirby,8
773,35521,Matt Winston,Pageant MC,9
279,1164,F. Murray Abraham,Antonio Salieri,0
279,3999,Tom Hulce,Wolfgang Amadeus Mozart,1
279,4000,Elizabeth Berridge,Constanze Mozart,2
279,4001,Simon Callow,Emanuel Schikaneder,3
279,4002,Roy Dotrice,Leopold Mozart,4
279,4003,Christine Ebersole,Katerina Cavalieri,5
279,4004,Jeffrey Jones,Emperor Joseph II,6
279,138413,Charles Kay,Count Orsini-Rosenberg,7
279,130,Kenny Baker,Parody Commendatore,8
279,937277,Lisbeth Bartlett,Papagena,9
2064,18277,Sandra Bullock,Lucy Eleanor Moderatz,0
2064,8984,Bill Pullman,Jack Callaghan,1
2064,8212,Peter Gallagher,Peter Callaghan,2
2064,1039,Peter Boyle,Ox Callaghan,3
2064,5251,Jack Warden,Saul,4
2064,5826,Glynis Johns,Elsie,5
2064,21202,Micole Mercurio,Midge Callaghan,6
2064,18192,Jason Bernard,Jerry,7
2064,18313,Michael Rispoli,Joe Jr.,8
2064,18316,Ally Walker,Ashley Bacon,9
813,14416,Robert Hays,Ted Striker,0
813,14415,Julie Hagerty,Elaine Dickinson,1
813,7633,Leslie Nielsen,Dr. Rumack,2
813,14414,Kareem Abdul-Jabbar,Roger Murdock,3
813,2177,Lloyd Bridges,Steve McCroskey,4
813,9111,Peter Graves,Capt. Clarence Oveur,5
813,2493,Robert Stack,Captain Rex Kramer,6
813,14418,Lorna Patterson,Randy,7
813,173263,Jill Whelan,Lisa Davis,8
813,158773,Ann Nelson,Hanging Lady,9
567,854,James Stewart,L.B. Jefferies,0
567,4070,Grace Kelly,Lisa Fremont,1
567,7683,Wendell Corey,Thomas Doyle,2
567,7684,Thelma Ritter,Stella,3
567,7685,Raymond Burr,Lars Thorwald,4
567,7686,Judith Evelyn,Miss Lonelyhearts,5
567,49906,Ross Bagdasarian,Songwriter,6
567,161738,Georgine Darcy,Miss Torso,7
567,121038,Sara Berner,Woman on Fire Escape,8
567,93622,Frank Cady,Man on Fire Escape,9
9273,206,Jim Carrey,Ace Ventura,0
9273,3547,Ian McNeice,Fulton Greenwall,1
9273,4001,Simon Callow,Vincent Cadby,2
9273,57096,Maynard Eziashi,Ouda,3
9273,4029,Bob Gunton,Burton Quinn,4
9273,2598,Sophie Okonedo,The Wachati Princess,5
9273,88059,Tommy Davidson,The Tiny Warrior,6
9273,31164,Adewale Akinnuoye-Agbaje,Hitu,7
9273,93952,Danny Daniels,Wachootoo Witch Doctor,8
9273,1080061,Sam Phillips,Wachootoo Chief,9
1271,17276,Gerard Butler,King Leonidas,0
1271,17286,Lena Headey,Gorgo,1
1271,17287,Dominic West,Theron,2
1271,1371,David Wenham,Dilios/Narrator,3
1271,9831,Vincent Regan,Captain,4
1271,17288,Michael Fassbender,Stelios,5
1271,17292,Tom Wisdom,Astinos,6
1271,17291,Andrew Pleavin,Daxos,7
1271,17290,Andrew Tiernan,Ephialtes,8
1271,17289,Rodrigo Santoro,Xerxes,9
8012,8891,John Travolta,Chili Palmer,0
8012,193,Gene Hackman,Harry Zimm,1
8012,14343,Rene Russo,Karen Flores,2
8012,518,Danny DeVito,Martin Weir,3
8012,1117,Dennis Farina,Ray 'Bones' Barboni,4
8012,18792,Delroy Lindo,Bo Catlett,5
8012,4691,James Gandolfini,Bear,6
8012,9629,Jon Gries,Ronnie Wingate,7
8012,53600,Renee Props,Nicki,8
8012,19839,David Paymer,Leo Devoe,9
17654,82191,Sharlto Copley,Wikus van de Merwe,0
17654,82193,Jason Cope,Christopher Johnson / Grey Bradnam / Trent,1
17654,97599,Nathalie Boltt,Sarah Livingstone - Sociologist,2
17654,230818,Sylvaine Strike,Dr Katrina McKenzie,3
17654,1086505,Elizabeth Mkandawie,Interviewee,4
17654,3495,John Sumner,Les Feldman - MIL Engineer,5
17654,53087,William Allen Young,Dirk Michaels,6
17654,240024,Nick Blake,Francois Moraneu - CIV Engineer Team,7
17654,1029046,Greg Melvill-Smith,Interviewer,8
17654,82190,Robert Hobbs,Ross Pienaar,9
1895,17244,Hayden Christensen,Anakin Skywalker / Darth Vader,0
1895,3061,Ewan McGregor,Obi-Wan Kenobi,1
1895,524,Natalie Portman,Padmé Amidala,2
1895,27762,Ian McDiarmid,Chancellor Palpatine / Darth Sidious,3
1895,2231,Samuel L. Jackson,Mace Windu,4
1895,33181,Jimmy Smits,Senator Bail Organa,5
1895,7908,Frank Oz,Yoda (voice),6
1895,6,Anthony Daniels,C-3PO,7
1895,113,Christopher Lee,Count Dooku,8
1895,15293,Keisha Castle-Hughes,Queen of Naboo,9
4011,7447,Alec Baldwin,Adam,0
4011,16935,Geena Davis,Barbara,1
4011,1920,Winona Ryder,Lydia,2
4011,11514,Catherine O'Hara,Delia,3
4011,4004,Jeffrey Jones,Charles,4
4011,2232,Michael Keaton,Betelgeuse,5
4011,13243,Glenn Shadix,Otho,6
4011,528,Sylvia Sidney,Juno,7
4011,54813,Patrice Martinez,Receptionist,8
4011,10565,Dick Cavett,Bernard,9
36658,6968,Hugh Jackman,Logan / Wolverine,0
36658,2387,Patrick Stewart,Professor Charles Xavier,1
36658,1327,Ian McKellen,Eric Lehnsherr / Magneto,2
36658,11006,James Marsden,Scott Summers / Cyclops,3
36658,1248,Brian Cox,William Stryker,4
36658,10696,Famke Janssen,Jean Grey,5
36658,4587,Halle Berry,Ororo Munroe / Storm,6
36658,10697,Alan Cumming,Kurt Wagner / Nightcrawler,7
36658,11022,Aaron Stanford,John Allerdyce / Pyro,8
36658,11008,Rebecca Romijn,Raven Darkholme / Mystique,9
205596,71580,Benedict Cumberbatch,Alan Turing,0
205596,116,Keira Knightley,Joan Clarke,1
205596,1247,Matthew Goode,Hugh Alexander,2
205596,139549,Rory Kinnear,Detective Robert Nock,3
205596,85718,Allen Leech,John Cairncross,4
205596,213394,Matthew Beard,Peter Hilton,5
205596,4391,Charles Dance,Commander Denniston,6
205596,2983,Mark Strong,Stewart Menzies,7
205596,1362119,James Northcote,Jack Good,8
205596,43034,Tom Goodman-Hill,Sergeant Staehl,9
100,980,Vinnie Jones,Big Chris,0
100,973,Jason Flemyng,Tom,1
100,974,Dexter Fletcher,Soap,2
100,975,Nick Moran,Eddy,3
100,976,Jason Statham,Bacon,4
100,978,Steven Mackintosh,Winston,5
100,984,Nicholas Rowe,J,6
100,985,Nick Marcq,Charles,7
100,986,Charles Forbes,Willie,8
100,987,Lenny McLean,Barry the Baptist,9
7326,27578,Elliot Page,Juno MacGuff,0
7326,39995,Michael Cera,Paulie Bleeker,1
7326,9278,Jennifer Garner,Vanessa Loring,2
7326,23532,Jason Bateman,Mark Loring,3
7326,18999,J.K. Simmons,Mac MacGuff,4
7326,19,Allison Janney,Bren MacGuff,5
7326,52442,Olivia Thirlby,Leah,6
7326,52457,Eileen Pedde,Gerta Rauss,7
7326,11678,Rainn Wilson,Rollo,8
7326,52458,Daniel Clark,Steve Rendazo,9
744,500,Tom Cruise,Maverick,0
744,11084,Kelly McGillis,Charlie,1
744,5576,Val Kilmer,Ice,2
744,11085,Anthony Edwards,Goose,3
744,4139,Tom Skerritt,Viper,4
744,11086,Michael Ironside,Jester,5
744,57082,John Stockwell,Cougar,6
744,11088,Barry Tubb,Wolfman,7
744,2717,Rick Rossovich,Slider,8
744,504,Tim Robbins,Merlin,9
525,7171,John Belushi,'Joliet' Jake Blues,0
525,707,Dan Aykroyd,Elwood Blues,1
525,7172,James Brown,Cleophus James,2
525,7173,Cab Calloway,Curtis,3
525,7174,Ray Charles,Ray,4
525,7175,Aretha Franklin,Mrs. Murphy,5
525,7176,Steve Cropper,Steve 'The Colonel' Cropper,6
525,7177,Donald 'Duck' Dunn,Donald 'Duck' Dunn,7
525,7178,Murphy Dunne,Murphy 'Murph' Dunne,8
525,7179,Willie Hall,Willie 'Too Big' Hall,9
786,8289,Billy Crudup,Russell Hammond,0
786,3910,Frances McDormand,Elaine Miller,1
786,11661,Kate Hudson,Penny Lane,2
786,11662,Jason Lee,Jeff Bebe,3
786,11663,Patrick Fugit,William Miller,4
786,11664,Zooey Deschanel,Anita Miller,5
786,11665,Michael Angarano,Young William,6
786,10690,Anna Paquin,Polexia Aphrodisia,7
786,826,Fairuza Balk,Sapphire,8
786,1284,Noah Taylor,Dick Roswell,9
2280,31,Tom Hanks,Josh,0
2280,20,Elizabeth Perkins,Susan,1
2280,1162,Robert Loggia,MacMillan,2
2280,11512,John Heard,Paul,3
2280,57422,Jared Rushton,Billy,4
2280,16165,Jon Lovitz,Scotty Brennen,5
2280,62123,David Moscow,Young Josh,6
2280,2167,Mercedes Ruehl,Mrs. Baskin,7
2280,29706,Harvey Miller,Personnel Director,8
2280,15453,Debra Jo Rupp,Miss Patterson,9
425,15757,Ray Romano,Manfred 'Manny' (voice),0
425,5723,John Leguizamo,Sid (voice),1
425,5724,Denis Leary,Diego (voice),2
425,5725,Goran Višnjić,Soto (voice),3
425,70851,Jack Black,Zeke (voice),4
425,5726,Cedric the Entertainer,Rhino (voice),5
425,17401,Stephen Root,Rhino / Start (voice),6
425,5727,Diedrich Bader,Saber-Toothed Tiger (voice),7
425,21088,Alan Tudyk,Saber-Toothed Tiger / Freaky Mammal (voice),8
425,60019,Lorri Bagley,Female Sloth (voice),9
754,8891,John Travolta,Sean Archer,0
754,2963,Nicolas Cage,Castor Troy,1
754,11148,Joan Allen,Eve Archer,2
754,4941,Alessandro Nivola,Pollux Troy,3
754,11150,Gina Gershon,Sasha Hassler,4
754,11149,Dominique Swain,Jamie Archer,5
754,11151,Nick Cassavetes,Dietrich Hassler,6
754,3907,Harve Presnell,Victor Lazarro,7
754,10132,Colm Feore,Dr. Malcolm Walsh,8
754,3911,John Carroll Lynch,Prison Guard Walton,9
605,6384,Keanu Reeves,Neo,0
605,2975,Laurence Fishburne,Morpheus,1
605,530,Carrie-Anne Moss,Trinity,2
605,1331,Hugo Weaving,Agent Smith,3
605,9575,Jada Pinkett Smith,Niobe,4
605,9572,Mary Alice,The Oracle,5
605,6195,Harold Perrineau,Link,6
605,52908,Collin Chou,Seraph,7
605,9464,Harry Lennix,Commander Lock,8
605,62486,Ian Bliss,Bane,9
11000,2157,Robin Williams,Armand Goldman,0
11000,193,Gene Hackman,Senator Kevin Keeley,1
11000,78729,Nathan Lane,Albert,2
11000,1902,Dianne Wiest,Louise Keeley,3
11000,5346,Dan Futterman,Val Goldman,4
11000,49148,Calista Flockhart,Barbara Keeley,5
11000,5587,Hank Azaria,Agador,6
11000,11870,Christine Baranski,Katharine Archer,7
11000,77338,Tom McGowan,Harry Radman,8
11000,31511,Grant Heslov,Photographer - National Enquirer,9
2048,2888,Will Smith,Del Spooner,0
2048,18354,Bridget Moynahan,Susan Calvin,1
2048,21088,Alan Tudyk,Sonny (voice),2
2048,2505,James Cromwell,Dr. Alfred Lanning,3
2048,21089,Bruce Greenwood,Lawrence Robertson,4
2048,21090,Adrian Ricard,Granny,5
2048,8687,Chi McBride,Lt. John Bergin,6
2048,21091,Jerry Wasserman,Baldez,7
2048,21092,Fiona Hogan,V.I.K.I. (voice),8
2048,172994,Peter Shinkoda,Chin,9
18785,51329,Bradley Cooper,Phil Wenneck,0
18785,27105,Ed Helms,Stu Price,1
18785,58225,Zach Galifianakis,Alan Garner,2
18785,21180,Justin Bartha,Doug Billings,3
18785,69122,Heather Graham,Jade,4
18785,83585,Sasha Barrese,Tracy Garner,5
18785,4175,Jeffrey Tambor,Sid Garner,6
18785,83586,Ken Jeong,Mr. Chow,7
18785,46074,Rachael Harris,Melissa,8
18785,80757,Mike Tyson,Mike Tyson,9
2649,3392,Michael Douglas,Nicholas Van Orton,0
2649,2228,Sean Penn,Conrad Van Orton,1
2649,13549,Deborah Kara Unger,Christine,2
2649,8986,James Rebhorn,Jim Feingold,3
2649,14849,Peter Donat,Samuel Sutherland,4
2649,14701,Carroll Baker,Ilsa,5
2649,27570,Anna Katarina,Elizabeth,6
2649,12647,Armin Mueller-Stahl,Anson Baer,7
2649,176340,Charles Martinet,Nicholas' Father,8
2649,1075080,Scott Hunter McGuire,Young Nicholas,9
9208,8891,John Travolta,Vic Deakins,0
9208,2224,Christian Slater,Riley Hale,1
9208,20767,Samantha Mathis,Terry Carmichael,2
9208,18792,Delroy Lindo,Colonel Max Wilkins,3
9208,11805,Frank Whaley,Giles Prentice,4
9208,4029,Bob Gunton,Pritchett,5
9208,126418,Howie Long,Kelly,6
9208,12536,Jack Thompson,"Chairman, Joint Chief of Staff",7
9208,2115,Kurtwood Smith,Secretary of Defense Baird,8
9208,6198,Vondie Curtis-Hall,Lt. Colonel Sam Rhodes,9
293660,10859,Ryan Reynolds,Wade / Deadpool,0
293660,54882,Morena Baccarin,Vanessa,1
293660,1047649,Ed Skrein,Ajax,2
293660,51990,T.J. Miller,Weasel,3
293660,78452,Gina Carano,Angel Dust,4
293660,122750,Leslie Uggams,Blind Al,5
293660,1492326,Brianna Hildebrand,Negasonic Teenage Warhead,6
293660,80507,Stefan Kapičić,Colossus (voice),7
293660,1109702,Karan Soni,Dopinder,8
293660,215887,Randal Reeder,Buck,9
9614,19292,Adam Sandler,Happy Gilmore,0
9614,31171,Julie Bowen,Virginia,1
9614,4443,Christopher McDonald,Shooter,2
9614,11794,Frances Bay,Grandma,3
9614,1101,Carl Weathers,Chubbs,4
9614,20818,Allen Covert,Otto,5
9614,53684,Robert Smigel,IRS Agent,6
9614,170802,Bob Barker,Bob Barker,7
9614,10460,Richard Kiel,Mr. Larson,8
9614,17494,Dennis Dugan,Doug Thompson,9
564,18269,Brendan Fraser,Rick O'Connell,0
564,3293,Rachel Weisz,Evelyn Carnahan,1
564,10727,John Hannah,Jonathan Carnahan,2
564,16743,Arnold Vosloo,Imhotep,3
564,18920,Patricia Velásquez,Anck-Su-Namun,4
564,18041,Oded Fehr,Ardeth Bay,5
564,18916,Kevin J. O'Connor,Beni Gabor,6
564,8537,Jonathan Hyde,Allen Chamberlain,7
564,18917,Erick Avari,Terence Bey,8
564,36803,Stephen Dunham,Isaac Henderson,9
429,190,Clint Eastwood,Blondie,0
429,3265,Eli Wallach,Tuco Ramirez,1
429,4078,Lee Van Cleef,Sentenza / Angel Eyes,2
429,5813,Aldo Giuffrè,Alcoholic Union Captain,3
429,5814,Luigi Pistilli,Father Pablo Ramirez,4
429,5815,Rada Rassimov,Maria,5
429,1077276,Enzo Petito,Storekeeper,6
429,1077277,Claudio Scarchilli,Tuco Henchman,7
429,5818,Antonio Casale,Bill Carson / Jackson,8
429,5817,Livio Lorenzon,Baker,9
15,40,Orson Welles,Charles Foster Kane,0
15,7664,Joseph Cotten,Jedediah Leland,1
15,11029,Dorothy Comingore,Susan Alexander Kane,2
15,14518,Ray Collins,Jim W. Gettys,3
15,11028,George Coulouris,Walter Parks Thatcher,4
15,11025,Agnes Moorehead,Mary Kane,5
15,11033,Paul Stewart,Raymond,6
15,11026,Ruth Warrick,Emily Norton Kane,7
15,14364,Erskine Sanford,Herbert Carter,8
15,11030,William Alland,Jerry Thompson/Narrator,9
9800,31,Tom Hanks,Andrew Beckett,0
9800,5292,Denzel Washington,Joe Miller,1
9800,4765,Jason Robards,Charles Wheeler,2
9800,2453,Mary Steenburgen,Belinda Conine,3
9800,3131,Antonio Banderas,Miguel Alvarez,4
9800,32592,Ron Vawter,Bob Seidman,5
9800,25626,Robert Ridgely,Walter Kenton,6
9800,16119,Charles Napier,Judge Garnett,7
9800,1318896,Lisa Summerour,Lisa Miller,8
9800,52057,Obba Babatundé,Jerome Green,9
7443,53328,Julia Sawalha,Ginger (voice),0
7443,2461,Mel Gibson,Rocky (voice),1
7443,11356,Imelda Staunton,Bunty (voice),2
7443,34902,Jane Horrocks,Babs (voice),3
7443,1074137,Lynn Ferguson,Mac (voice),4
7443,8436,Miranda Richardson,Mrs. Tweedy (voice),5
7443,20241,Tony Haygarth,Mr. Tweedy (voice),6
7443,84927,Benjamin Whitrow,Fowler (voice),7
7443,9191,Timothy Spall,Nick (voice),8
7443,65301,Phil Daniels,Fetcher (voice),9
2667,26851,Heather Donahue,Heather Donahue,0
2667,26852,Joshua Leonard,Joshua Leonard,1
2667,26853,Michael C. Williams,Michael Williams,2
2667,3653054,Bob Griffin,Short Fisherman,3
2667,81062,Jim King,Interviewee (uncredited),4
2667,1724341,Sandra Sánchez,Waitress,5
2667,81064,Ed Swanson,Fisherman With Glasses (uncredited),6
2667,3653055,Patricia DeCou,Mary Brown,7
2667,81066,Mark Mason,Man in Yellow Hat (uncredited),8
2667,81067,Susie Gooch,Interviewee with Child (uncredited),9
423,3490,Adrien Brody,Władysław 'Władek' Szpilman,0
423,3491,Thomas Kretschmann,Captain Wilm Hosenfeld,1
423,6637,Frank Finlay,Father,2
423,6638,Maureen Lipman,Mother,3
423,6639,Emilia Fox,Dorota,4
423,6640,Ed Stoppard,Henryk Szpilman,5
423,6641,Julia Rayner,Regina Szpilman,6
423,6642,Jessica Kate Meyer,Halina Szpilman,7
423,6643,Michał Żebrowski,Jurek,8
423,6644,Wanja Mues,SS Slapping Father,9
623,8944,Jamie Lee Curtis,Wanda Gershwitz,0
623,8930,John Cleese,Archie Leach,1
623,8945,Kevin Kline,Otto,2
623,383,Michael Palin,Ken Pile,3
623,8946,Maria Aitken,Wendy,4
623,8947,Tom Georgeson,Georges Thomason,5
623,8948,Cynthia Cleese,Portia,6
623,12658,Patricia Hayes,Mrs. Coady,7
623,10746,Geoffrey Palmer,Judge,8
623,1157036,Mark Elwes,Customer in Jeweler's Shop,9
451,2963,Nicolas Cage,Ben Sanderson,0
451,1951,Elisabeth Shue,Sera,1
451,6104,Julian Sands,Yuri,2
451,6105,Richard Lewis,Peter,3
451,6106,Steven Weber,Marc Nussbaum,4
451,6107,Kim Adams,Sheila,5
451,6108,Emily Procter,Debbie,6
451,6109,Stuart Regen,Man At Bar,7
451,3124,Valeria Golino,Terri,8
451,6110,Graham Beckel,L.A. Bartender,9
1624,206,Jim Carrey,Fletcher Reede,0
1624,16307,Maura Tierney,Audrey Reede,1
1624,18190,Justin Cooper,Max Reede,2
1624,2130,Cary Elwes,Jerry,3
1624,11718,Anne Haney,Greta,4
1624,18191,Amanda Donohoe,Miranda,5
1624,12967,Swoosie Kurtz,Dana Appleton,6
1624,18192,Jason Bernard,Judge Marshall Stevens,7
1624,21858,Krista Allen,Lady in Elevator,8
1624,7906,Jennifer Tilly,Samantha Cole,9
37247,4483,Dustin Hoffman,Ben Braddock,0
37247,10774,Anne Bancroft,Mrs. Robinson,1
37247,9594,Katharine Ross,Elaine Robinson,2
37247,10775,William Daniels,Mr. Braddock,3
37247,8608,Murray Hamilton,Mr. Robinson,4
37247,10776,Elizabeth Wilson,Mrs. Braddock,5
37247,7795,Buck Henry,Room Clerk,6
37247,30050,Brian Avery,Carl Smith,7
37247,94402,Walter Brooke,Mr. McGuire,8
37247,14064,Norman Fell,Mr. McCleery,9
524,380,Robert De Niro,Sam 'Ace' Rothstein,0
524,4430,Sharon Stone,Ginger McKenna,1
524,4517,Joe Pesci,Nicky Santoro,2
524,4512,James Woods,Lester Diamond,3
524,7167,Don Rickles,Billy Sherbert,4
524,7169,Alan King,Andy Stone,5
524,7166,Kevin Pollak,Phillip Green,6
524,8262,L.Q. Jones,Pat Webb,7
524,166789,Dick Smothers,Senator,8
524,7164,Frank Vincent,Frank Marino,9
955,500,Tom Cruise,Ethan Hunt,0
955,15336,Dougray Scott,Sean Ambrose,1
955,9030,Thandiwe Newton,Nyah Hall,2
955,10182,Ving Rhames,Luther Stickell,3
955,12206,Richard Roxburgh,Hugh Stamp,4
955,15337,John Polson,Billy Baird,5
955,2039,Brendan Gleeson,McCloy,6
955,1118,Rade Šerbedžija,Dr. Nekhorvich,7
955,15338,William Mapother,Wallis,8
955,10862,Dominic Purcell,Ulrich,9
4584,7056,Emma Thompson,Elinor Dashwood,0
4584,204,Kate Winslet,Marianne Dashwood,1
4584,4566,Alan Rickman,Colonel Christopher Brandon,2
4584,3291,Hugh Grant,Edward Ferrars,3
4584,9138,Gemma Jones,Mrs. Dashwood,4
4584,16700,Greg Wise,John Willoughby,5
4584,1220119,Elizabeth Spriggs,Mrs. Jennings,6
4584,20769,Imogen Stubbs,Lucy Steele,7
4584,17477,Harriet Walter,Fanny Ferrars Dashwood,8
4584,10726,James Fleet,John Dashwood,9
104,679,Franka Potente,Lola,0
104,677,Moritz Bleibtreu,Manni,1
104,1081,Herbert Knaup,Father,2
104,1082,Nina Petri,Mrs. Hansen,3
104,1083,Armin Rohde,Mr. Schuster,4
104,1084,Joachim Król,Norbert von Au,5
104,1088,Ludger Pistor,Mr. Meier,6
104,142653,Suzanne von Borsody,Ms. Jäger,7
104,3702,Sebastian Schipper,Mike,8
104,3704,Julia Lindig,Doris,9
199,2387,Patrick Stewart,Captain Jean-Luc Picard,0
199,2388,Jonathan Frakes,Commander William T. Riker,1
199,1213786,Brent Spiner,Lieutenant Commander Data,2
199,2390,LeVar Burton,Lieutenant Commander Geordi La Forge,3
199,2391,Michael Dorn,Lieutenant Commander Worf,4
199,2392,Gates McFadden,Commander Beverly Crusher,5
199,2393,Marina Sirtis,Counselor Deanna Troi,6
199,2505,James Cromwell,Dr. Zefram Cochrane,7
199,1981,Alfre Woodard,Lily Sloane,8
199,2506,Alice Krige,Borg Queen,9
941,2461,Mel Gibson,Martin Riggs,0
941,2047,Danny Glover,Roger Murtaugh,1
941,2048,Gary Busey,Mr. Joshua,2
941,14312,Mitchell Ryan,General Peter McAllister,3
941,11784,Tom Atkins,Michael Hunsaker,4
941,14313,Darlene Love,Trish Murtaugh,5
941,14314,Traci Wolfe,Rianne Murtaugh,6
941,14315,Jackie Swanson,Amanda Hunsaker,7
941,14316,Damon Hines,Nick Murtaugh,8
941,14317,Ebonie Smith,Carrie Murtaugh,9
587,3061,Ewan McGregor,Ed Bloom (young),0
587,3926,Albert Finney,Ed Bloom (senior),1
587,8289,Billy Crudup,Will Bloom,2
587,4431,Jessica Lange,Sandra Bloom (senior),3
587,1283,Helena Bonham Carter,Jenny (young & senior) / The Witch,4
587,8291,Alison Lohman,Sandra Bloom (young),5
587,8294,Robert Guillaume,Dr. Bennett (senior),6
587,8293,Marion Cotillard,Josephine,7
587,8295,Matthew McGrory,Karl the Giant,8
587,62562,David Denman,Don Price (age 18-22),9
9327,776,Eddie Murphy,Sherman Klump / Buddy Love / Lance Perkins / Papa Klump / Mama Klump / Grandma Klump / Ernie Klump,0
9327,9575,Jada Pinkett Smith,Carla Purty,1
9327,5563,James Coburn,Harlan Hartley,2
9327,1211,Larry Miller,Dean Richmond,3
9327,4169,Dave Chappelle,Reggie Warrington,4
9327,64343,John Ales,Jason,5
9327,182726,Patricia Wilson,Dean's Secretary,6
9327,59019,Jamal Mixon,"Ernie Klump, Jr.",7
9327,1077909,Nichole McAuley,Fit Woman,8
9327,154874,Hamilton von Watts,Health Instructor,9
389,1936,Martin Balsam,Juror 1,0
389,5247,John Fiedler,Juror 2,1
389,5248,Lee J. Cobb,Juror 3,2
389,5249,E.G. Marshall,Juror 4,3
389,5250,Jack Klugman,Juror 5,4
389,2651,Edward Binns,Juror 6,5
389,5251,Jack Warden,Juror 7,6
389,4958,Henry Fonda,Juror 8,7
389,5252,Joseph Sweeney,Juror 9,8
389,39816,Ed Begley,Juror 10,9
687,4038,Susan Sarandon,Sister Helen Prejean,0
687,2228,Sean Penn,Matthew Poncelet,1
687,10360,Robert Prosky,Hilton Barber,2
687,10361,Raymond J. Barry,Earl Delacroix,3
687,8655,R. Lee Ermey,Clyde Percy,4
687,1989,Celia Weston,Mary Beth Percy,5
687,2207,Lois Smith,Helen's Mother,6
687,6914,Scott Wilson,Chaplain Farley,7
687,10362,Roberta Maxwell,Lucille Poncelet,8
687,452,Margo Martindale,Sister Colleen,9
462,1204,Julia Roberts,Erin Brockovich,0
462,3926,Albert Finney,Ed Masry,1
462,6383,Aaron Eckhart,George,2
462,19838,Marg Helgenberger,Donna Jensen,3
462,1956,Cherry Jones,Pamela Duncan,4
462,26719,Veanne Cox,Theresa Dallavale,5
462,1909,Conchata Ferrell,Brenda,6
462,3801,Tracey Walter,Charles Embry,7
462,9979,Peter Coyote,Kurt Potter,8
462,1214447,Michael Harney,Pete Jensen,9
120467,5469,Ralph Fiennes,M. Gustave,0
120467,1164,F. Murray Abraham,Mr. Moustafa,1
120467,1291350,Tony Revolori,Zero,2
120467,3490,Adrien Brody,Dmitri,3
120467,5293,Willem Dafoe,Jopling,4
120467,8789,Mathieu Amalric,Serge X.,5
120467,4785,Jeff Goldblum,Deputy Kovacs,6
120467,1037,Harvey Keitel,Ludwig,7
120467,9642,Jude Law,Young Author,8
120467,1532,Bill Murray,M. Ivan,9
150540,56322,Amy Poehler,Joy (voice),0
150540,169200,Phyllis Smith,Sadness (voice),1
150540,21125,Richard Kind,Bing Bong (voice),2
150540,19278,Bill Hader,Fear (voice),3
150540,59258,Lewis Black,Anger (voice),4
150540,125167,Mindy Kaling,Disgust (voice),5
150540,1371894,Kaitlyn Dias,Riley (voice),6
150540,2882,Diane Lane,Mom (voice),7
150540,6677,Kyle MacLachlan,Dad (voice),8
150540,196502,Paula Poundstone,Forgetter Paula (voice),9
58,85,Johnny Depp,Jack Sparrow,0
58,114,Orlando Bloom,Will Turner,1
58,116,Keira Knightley,Elizabeth Swann,2
58,1709,Jack Davenport,Norrington,3
58,2440,Bill Nighy,Davy Jones,4
58,378,Jonathan Pryce,Governor Weatherby Swann,5
58,1710,Lee Arenberg,Pintel,6
58,1711,Mackenzie Crook,Ragetti,7
58,2449,Kevin McNally,Gibbs,8
58,1715,David Bailie,Cotton,9
4327,6941,Cameron Diaz,Natalie Cook,0
4327,69597,Drew Barrymore,Dylan Sanders,1
4327,140,Lucy Liu,Alex Munday,2
4327,1532,Bill Murray,John Bosley,3
4327,6807,Sam Rockwell,Eric Knox,4
4327,13472,Tim Curry,Roger Corwin,5
4327,6473,Kelly Lynch,Vivian Wood,6
4327,1064,Crispin Glover,Thin Man,7
4327,24367,John Forsythe,Charlie (voice),8
4327,14407,Matt LeBlanc,Jason Gibbons,9
170,2037,Cillian Murphy,Jim,0
170,2038,Naomie Harris,Selena,1
170,2039,Brendan Gleeson,Frank,2
170,2058,Megan Burns,Hannah,3
170,2040,Christopher Eccleston,Major Henry West,4
170,2050,Noah Huntley,Mark,5
170,68307,Luke Mably,Private Clifton,6
170,2258,Stuart McQuarrie,Seargent Farrell,7
170,63003,Ricci Harnett,Corporal Mitchell,8
170,29237,Leo Bill,Private Jones,9
37799,44735,Jesse Eisenberg,Mark Zuckerberg,0
37799,37625,Andrew Garfield,Eduardo Saverin,1
37799,53807,Armie Hammer,Cameron Winklevoss / Tyler Winklevoss,2
37799,12111,Justin Timberlake,Sean Parker,3
37799,108916,Rooney Mara,Erica Albright,4
37799,2978,Max Minghella,Divya Narendra,5
37799,88123,Brenda Song,Christy Ling,6
37799,928532,Josh Pence,Tyler Winklevoss (Body Double),7
37799,80591,Rashida Jones,Marylin Delpy,8
37799,20211,John Getz,Sy,9
76341,2524,Tom Hardy,Max Rockatansky,0
76341,6885,Charlize Theron,Imperator Furiosa,1
76341,3292,Nicholas Hoult,Nux,2
76341,26060,Hugh Keays-Byrne,Immortan Joe,3
76341,1056053,Josh Helman,Slit,4
76341,24898,Nathan Jones,Rictus Erectus,5
76341,37153,Zoë Kravitz,Toast the Knowing,6
76341,236048,Rosie Huntington-Whiteley,The Splendid Angharad,7
76341,98522,Riley Keough,Capable,8
76341,1036288,Abbey Lee,The Dag,9
13475,62064,Chris Pine,Cadet James T. Kirk,0
13475,17306,Zachary Quinto,Commander Spock,1
13475,1749,Leonard Nimoy,Ambassador Spock,2
13475,8783,Eric Bana,Captain Nero,3
13475,21089,Bruce Greenwood,Captain Christopher Pike,4
13475,1372,Karl Urban,Dr. Leonard 'Bones' McCoy,5
13475,8691,Zoe Saldaña,Lieutenant Nyota Uhura,6
13475,11108,Simon Pegg,Lieutenant Commander Montgomery 'Scotty' Scott,7
13475,68842,John Cho,Lieutenant Hikaru Sulu,8
13475,21028,Anton Yelchin,Ensign Pavel Chekov,9
11450,1241,John Turturro,Herb Stempel,0
11450,52602,Rob Morrow,Dick Goodwin,1
11450,5469,Ralph Fiennes,Charles Van Doren,2
11450,13324,Paul Scofield,Mark Van Doren,3
11450,19839,David Paymer,Dan Enright,4
11450,5587,Hank Azaria,Albert Freedman,5
11450,4443,Christopher McDonald,Jack Barry,6
11450,170954,Johann Carlo,Toby Stempel,7
11450,10776,Elizabeth Wilson,Dorothy Van Doren,8
11450,568531,Allan Rich,Robert Kintner,9
675,10980,Daniel Radcliffe,Harry Potter,0
675,10989,Rupert Grint,Ron Weasley,1
675,10990,Emma Watson,Hermione Granger,2
675,11356,Imelda Staunton,Dolores Umbridge,3
675,1283,Helena Bonham Carter,Bellatrix Lestrange,4
675,1923,Robbie Coltrane,Rubeus Hagrid,5
675,64,Gary Oldman,Sirius Black,6
675,5469,Ralph Fiennes,Lord Voldemort,7
675,5658,Michael Gambon,Albus Dumbledore,8
675,4566,Alan Rickman,Severus Snape,9
563,27763,Casper Van Dien,Johnny D. Rico,0
563,2133,Dina Meyer,Dizzy Flores,1
563,9205,Denise Richards,Carmen Ibañez,2
563,28410,Jake Busey,Private Ace Levy,3
563,41686,Neil Patrick Harris,Colonel Carl Jenkins,4
563,6574,Clancy Brown,Career Sergeant Zim,5
563,11086,Michael Ironside,Lieutenant Jean Rasczak,6
563,41687,Patrick Muldoon,Zander Barcalow,7
563,41688,Seth Gilliam,Private Sugar Watkins,8
563,41689,Rue McClanahan,Biology Teacher,9
767,10980,Daniel Radcliffe,Harry Potter,0
767,10989,Rupert Grint,Ron Weasley,1
767,10990,Emma Watson,Hermione Granger,2
767,388,Jim Broadbent,Horace Slughorn,3
767,5658,Michael Gambon,Albus Dumbledore,4
767,10993,Tom Felton,Draco Malfoy,5
767,4566,Alan Rickman,Severus Snape,6
767,10991,Bonnie Wright,Ginny Weasley,7
767,234924,Jessie Cave,Lavender Brown,8
767,140367,Evanna Lynch,Luna Lovegood,9
12444,10980,Daniel Radcliffe,Harry Potter,0
12444,10990,Emma Watson,Hermione Granger,1
12444,10989,Rupert Grint,Ron Weasley,2
12444,13014,Toby Jones,Dobby (voice),3
12444,1283,Helena Bonham Carter,Bellatrix Lestrange,4
12444,4566,Alan Rickman,Severus Snape,5
12444,5469,Ralph Fiennes,Lord Voldemort,6
12444,2440,Bill Nighy,Rufus Scrimgeour,7
12444,16358,Simon McBurney,Kreacher (voice),8
12444,7026,Rhys Ifans,Xenophilius Lovegood,9
9741,62,Bruce Willis,David Dunn,0
9741,2231,Samuel L. Jackson,Elijah Price,1
9741,32,Robin Wright,Audrey Dunn,2
9741,4012,Spencer Treat Clark,Joseph Dunn,3
9741,33689,Charlayne Woodard,Elijah's Mother,4
9741,19299,Eamonn Walker,Dr. Mathison,5
9741,21474,Leslie Stefanson,Kelly,6
9741,1882245,Johnny Hiram Jamison,Elijah Age 13,7
9741,1882246,Michaelia Carroll,Babysitter,8
9741,102996,Bostin Christopher,Comic Book Clerk,9
9473,34517,Trey Parker,Stan Marsh / Eric Cartman / Gregory / Satan / Mr. Garrison / Mr. Hat / Phillip Niles Argyle / Randy Marsh / Clyde Donovan / Tom - News Reporter / Midget In A Bikini / Canadian Ambassador / Bombardiers / Mr. Mackey / Army General / Ned Gerblanski / Christophe - Ze Mole (or The Mole) / Big Gay Al (singing) / Adolf Hitler / Additional Voices (voice),0
9473,34518,Matt Stone,Kyle Broflovski / Kenny McCormick / Saddam Hussein / Terrance Henry Stoot / Big Gay Al / Ticket Taker / Stuart McCormick / Jimbo Kearn / Gerald Broflovski / Butters Stotch / Additional Voices (voice),1
9473,30695,Mary Kay Bergman,Liane Cartman / Sheila Broflovski / Sharon Marsh / Carol McCormick / Wendy Testaburger / Clitoris / Additional Voices (voice),2
9473,6542,Isaac Hayes,Chef (voice),3
9473,1445164,Jesse Brant Howell,Ike Broflovski (voice),4
9473,1450712,Anthony Cross-Thomas,Ike Broflovski (voice),5
9473,1229781,Franchesca Clifford,Ike Broflovski (voice),6
9473,1229804,Bruce Howell,Man in Theater (voice),7
9473,1395446,Deb Adair,Woman in Theater (voice),8
9473,1229787,Jennifer Howell,Bebe Stevens (voice),9
9739,16483,Sylvester Stallone,John Spartan,0
9739,10814,Wesley Snipes,Simon Phoenix,1
9739,18277,Sandra Bullock,Lt. Lenina Huxley,2
9739,15788,Nigel Hawthorne,Dr. Raymond Cocteau,3
9739,4589,Benjamin Bratt,Alfredo Garcia,4
9739,60949,Rob Schneider,Erwin,5
9739,4029,Bob Gunton,Chief George Earle,6
9739,13243,Glenn Shadix,Associate Bob,7
9739,5724,Denis Leary,Edgar Friendly,8
9739,8854,Bill Cobbs,Zachary Lamb - Aged,9
1954,18976,Ashton Kutcher,Evan Treborn,0
1954,20189,Amy Smart,Kayleigh Miller,1
1954,4766,Melora Walters,Andrea Treborn,2
1954,20220,Elden Henson,Lenny Kagan,3
1954,10128,William Lee Scott,Tommy Miller,4
1954,7036,Eric Stoltz,George Miller,5
1954,824,Ethan Suplee,Thumper,6
1954,33235,Logan Lerman,Evan Treborn age 7,7
1954,43464,John Patrick Amedori,Evan Treborn age 13,8
1954,946171,Irina Gorovaia,Kayleigh age 13,9
75,514,Jack Nicholson,President Dale / Art Land,0
75,515,Glenn Close,Marsha Dale,1
75,516,Annette Bening,Barbara Land,2
75,517,Pierce Brosnan,Donald Kessler,3
75,518,Danny DeVito,Rude Gambler,4
75,519,Martin Short,Jerry Ross,5
75,520,Sarah Jessica Parker,Nathalie Lake,6
75,521,Michael J. Fox,Jason Stone,7
75,522,Rod Steiger,General Decker,8
75,523,Tom Jones,Tom Jones,9
106,1100,Arnold Schwarzenegger,"Major Alan ""Dutch"" Schaefer",0
106,1101,Carl Weathers,Al Dillon,1
106,1109,Kevin Peter Hall,The Predator / Helicopter Pilot,2
106,1102,Elpidia Carrillo,Anna Gonsalves,3
106,1103,Bill Duke,Mac Eliot,4
106,1104,Jesse Ventura,Blain Cooper,5
106,1105,Sonny Landham,Billy Sole,6
106,1106,Richard Chaves,"Jorge ""Poncho"" Ramirez",7
106,1107,R.G. Armstrong,Major General Homer Phillips,8
106,1108,Shane Black,Rick Hawkins,9
829,514,Jack Nicholson,J.J. 'Jake' Gittes,0
829,6450,Faye Dunaway,Evelyn Cross Mulwray,1
829,6593,John Huston,Noah Cross,2
829,12295,Perry Lopez,Lieutenant Lou Escobar,3
829,4521,Burt Young,Curly,4
829,12296,John Hillerman,Russ Yelburton,5
829,12297,Darrell Zwerling,Hollis I. Mulwray,6
829,3556,Roman Polanski,Man with Knife,7
829,6587,Diane Ladd,Ida Sessions,8
829,12299,Richard Bakalyan,Detective Loach,9
9693,2296,Clive Owen,Theo Faron,0
9693,64986,Clare-Hope Ashitey,Kee,1
9693,5294,Chiwetel Ejiofor,Luke,2
9693,1231,Julianne Moore,Julian,3
9693,3895,Michael Caine,Jasper,4
9693,11213,Pam Ferris,Miriam,5
9693,56365,Charlie Hunnam,Patric,6
9693,6413,Danny Huston,Nigel,7
9693,3064,Peter Mullan,Syd,8
9693,81134,Oana Pellea,Marichka,9
1366,16483,Sylvester Stallone,Robert 'Rocky' Balboa,0
1366,3094,Talia Shire,Adrianna 'Adrian' Pennino,1
1366,4521,Burt Young,Paulie Pennino,2
1366,1101,Carl Weathers,Apollo Creed,3
1366,16523,Burgess Meredith,Mickey Goldmill,4
1366,16524,Thayer David,George 'Miles' Jergens,5
1366,16525,Joe Spinell,Tony Gazzo,6
1366,16526,Jimmy Gambina,Mike,7
1366,16527,Bill Baldwin,Fight Announcer,8
1366,16528,Al Silvani,Cut Man,9
4638,11108,Simon Pegg,Nicholas Angel,0
4638,11109,Nick Frost,PC Danny Butterman,1
4638,388,Jim Broadbent,Inspector Frank Butterman,2
4638,14887,Paddy Considine,DS Andy Wainwright,3
4638,28847,Rafe Spall,DC Andy Cartwright,4
4638,39185,Kevin Eldon,Sergeant Tony Fisher,5
4638,39187,Olivia Colman,PC Doris Thatcher,6
4638,24265,Bill Bailey,Sergeant Turner,7
4638,39186,Karl Johnson,PC Bob Walker,8
4638,10669,Timothy Dalton,Simon Skinner,9
2054,3037,Richard Dreyfuss,Glenn Holland,0
2054,21104,Glenne Headly,Iris Holland,1
2054,21105,Jay Thomas,Bill Meister,2
2054,3019,Olympia Dukakis,Principal Jacobs,3
2054,3905,William H. Macy,Vice Principal Gene Wolters,4
2054,3128,Alicia Witt,Gertrude Lang,5
2054,18288,Terrence Howard,Louis Russ,6
2054,39597,Damon Whitaker,Bobby Tidd,7
2054,26495,Jean Louisa Kelly,Rowena Morgan,8
2054,146182,Alexandra Boyd,Sarah Olmstead,9
264660,93210,Domhnall Gleeson,Caleb,0
264660,227454,Alicia Vikander,Ava,1
264660,25072,Oscar Isaac,Nathan,2
264660,1457238,Sonoya Mizuno,Kyoko,3
264660,17199,Corey Johnson,Jay,4
264660,1457239,Claire Selby,Lily,5
264660,1394342,Symara A. Templeman,Jasmine,6
264660,1457240,Gana Bayarsaikhan,Jade,7
264660,1457241,Tiffany Pisani,Katya,8
264660,1394348,Elina Alminas,Amber,9
408,5460,Adriana Caselotti,Snow White (voice) (uncredited),0
408,288940,Lucille La Verne,Queen / Witch (voice) (uncredited),1
408,540747,Harry Stockwell,Prince (voice) (uncredited),2
408,5457,Roy Atwell,Doc (voice) (uncredited),3
408,5462,Pinto Colvig,Sleepy / Grumpy / Dopey (hiccups) (voice) (uncredited),4
408,5465,Otis Harlan,Happy (voice) (uncredited),5
408,364526,Scotty Mattraw,Bashful (voice) (uncredited),6
408,5464,Billy Gilbert,Sneezy (voice) (uncredited),7
408,5461,Eddie Collins,Dopey / Chipmunk and Squirrel Sneezes (voice) (uncredited),8
408,18586,Moroni Olsen,Magic Mirror (voice) (uncredited),9
6479,2888,Will Smith,Robert Neville,0
6479,8602,Alice Braga,Anna Montez,1
6479,49918,Charlie Tahan,Ethan,2
6479,6066,Dash Mihok,Alpha Male,3
6479,53918,Salli Richardson-Whitfield,Zoe Neville,4
6479,49920,Willow Smith,Marley Neville,5
6479,7056,Emma Thompson,Dr. Alice Krippin,6
6479,49921,Darrell Foster,Mike - Military Escort,7
6479,49922,Joanna Numata,Alpha Female,8
6479,964035,Samuel Glen,Military Driver - Jay,9
2756,228,Ed Harris,Virgil 'Bud' Brigman,0
2756,1161,Mary Elizabeth Mastrantonio,Lindsey Brigman,1
2756,2712,Michael Biehn,Lieutenant Hiram Coffey,2
2756,30151,Leo Burmester,Catton ‘Catfish’ De Vries,3
2756,18342,Todd Graff,Alan 'Hippy' Carnes,4
2756,60118,John Bedford Lloyd,Jammer Willis,5
2756,1984,Kimberly Scott,Lisa 'One Night' Standing,6
2756,1534,Chris Elliott,Bendix,7
2756,21757,J.C. Quinn,Arliss 'Sonny' Dawson,8
2756,948563,"Pierce Oliver Brewer, Jr.",Lew Finler,9
9386,190,Clint Eastwood,Frank Horrigan,0
9386,6949,John Malkovich,Mitch Leary,1
9386,14343,Rene Russo,Lilly Raines,2
9386,32597,Dylan McDermott,Al D'Andrea,3
9386,21163,Gary Cole,Bill Watts,4
9386,17874,Fred Thompson,Harry Sargent,5
9386,4251,John Mahoney,Sam Campagna,6
9386,37937,Gregory Alan Williams,Matt Wilder,7
9386,93349,Jim Curley,President,8
9386,1205108,Sally Hughes,First Lady,9
9428,193,Gene Hackman,Royal Tenenbaum,0
9428,5657,Anjelica Huston,Etheline Tenenbaum,1
9428,7399,Ben Stiller,Chas Tenenbaum,2
9428,12052,Gwyneth Paltrow,Margot Tenenbaum,3
9428,36422,Luke Wilson,Richie Tenenbaum,4
9428,887,Owen Wilson,Eli Cash,5
9428,1532,Bill Murray,Raleigh St. Clair,6
9428,2047,Danny Glover,Henry Sherman,7
9428,5950,Seymour Cassel,Dusty,8
9428,8690,Kumar Pallana,Pagoda,9
10528,3223,Robert Downey Jr.,Sherlock Holmes,0
10528,9642,Jude Law,Dr. John Watson,1
10528,53714,Rachel McAdams,Irene Adler,2
10528,2983,Mark Strong,Lord Henry Blackwood,3
10528,1665,Eddie Marsan,Inspector Lestrade,4
10528,112692,Robert Maillet,Dredger,5
10528,11855,Geraldine James,Mrs. Hudson,6
10528,17521,Kelly Reilly,Mary Morstan,7
10528,84865,William Houston,Constable Clark,8
10528,37168,Hans Matheson,Lord Coward,9
10193,31,Tom Hanks,Woody (voice),0
10193,12898,Tim Allen,Buzz Lightyear (voice),1
10193,3234,Joan Cusack,Jessie (voice),2
10193,7167,Don Rickles,Mr. Potato Head (voice),3
10193,12900,Wallace Shawn,Rex (voice),4
10193,7907,John Ratzenberger,Hamm (voice),5
10193,61964,Estelle Harris,Mrs. Potato Head (voice),6
10193,21485,Blake Clark,Slinky Dog (voice),7
10193,7882,Jeff Pidgeon,Aliens (voice),8
10193,13726,Ned Beatty,Lotso (voice),9
70160,72129,Jennifer Lawrence,Katniss Everdeen,0
70160,27972,Josh Hutcherson,Peeta Mellark,1
70160,96066,Liam Hemsworth,Gale Hawthorne,2
70160,57755,Woody Harrelson,Haymitch Abernathy,3
70160,9281,Elizabeth Banks,Effie Trinket,4
70160,77069,Lenny Kravitz,Cinna,5
70160,2283,Stanley Tucci,Caesar Flickerman,6
70160,55636,Donald Sutherland,President Coriolanus Snow,7
70160,8210,Wes Bentley,Seneca Crane,8
70160,13014,Toby Jones,Claudius Templesmith,9
45269,5472,Colin Firth,King George VI,0
45269,118,Geoffrey Rush,Lionel Logue,1
45269,1283,Helena Bonham Carter,Queen Elizabeth,2
45269,529,Guy Pearce,King Edward VIII,3
45269,9191,Timothy Spall,Winston Churchill,4
45269,5658,Michael Gambon,King George V,5
45269,49971,Jennifer Ehle,Myrtle Logue,6
45269,937,Derek Jacobi,Archbishop Cosmo Lang,7
45269,548169,Freya Wilson,Princess Elizabeth,8
45269,224878,Ramona Marquez,Princess Margaret,9
243,3036,John Cusack,Rob,0
243,1562,Iben Hjejle,Laura,1
243,3230,Todd Louiso,Dick,2
243,70851,Jack Black,Barry,3
243,3232,Lisa Bonet,Marie De Salle,4
243,1922,Catherine Zeta-Jones,Charlie,5
243,3234,Joan Cusack,Liz,6
243,504,Tim Robbins,Ian,7
243,3235,Chris Rehmann,Vince,8
243,3236,Ben Carr,Justin,9
12445,10980,Daniel Radcliffe,Harry Potter,0
12445,10990,Emma Watson,Hermione Granger,1
12445,10989,Rupert Grint,Ron Weasley,2
12445,5469,Ralph Fiennes,Lord Voldemort,3
12445,4566,Alan Rickman,Severus Snape,4
12445,5658,Michael Gambon,Albus Dumbledore,5
12445,11184,Warwick Davis,Griphook / Filius Flitwick,6
12445,1283,Helena Bonham Carter,Bellatrix Lestrange,7
12445,8785,Ciarán Hinds,Aberforth Dumbledore,8
12445,96841,Matthew Lewis,Neville Longbottom,9
616,500,Tom Cruise,Nathan Algren,0
616,3899,Ken Watanabe,Moritsugu Katsumoto,1
616,9191,Timothy Spall,Simon Graham,2
616,3417,Tony Goldwyn,Col. Benjamin Bagley,3
616,9195,Hiroyuki Sanada,Ujio,4
616,9190,Koyuki,Taka,5
616,9194,Shin Koyamada,Nobutada,6
616,9188,Billy Connolly,Zebulon Gant,7
616,9192,Togo Igawa,General Hasegawa,8
616,9189,Shichinosuke Nakamura,Emperor Meiji,9
2758,5657,Anjelica Huston,Morticia Addams,0
2758,27888,Raúl Juliá,Gomez Addams,1
2758,1062,Christopher Lloyd,Uncle Fester,2
2758,3234,Joan Cusack,Debbie Jellinsky,3
2758,6886,Christina Ricci,Wednesday Addams,4
2758,10556,Carol Kane,Granny,5
2758,119866,Jimmy Workman,Pugsley Addams,6
2758,38582,David Krumholtz,Joel Glicker,7
2758,12688,Peter MacNicol,Gary Granger,8
2758,11870,Christine Baranski,Becky Martin-Granger,9
210577,880,Ben Affleck,Nick Dunne,0
210577,10882,Rosamund Pike,Amy Dunne,1
210577,41686,Neil Patrick Harris,Desi Collings,2
210577,80602,Tyler Perry,Tanner Bolt,3
210577,1308445,Carrie Coon,Margo Dunne,4
210577,21165,Kim Dickens,Detective Rhonda Boney,5
210577,11663,Patrick Fugit,Officer James Gilpin,6
210577,15412,David Clennon,Rand Elliott,7
210577,52878,Lisa Banes,Marybeth Elliott,8
210577,1294,Missi Pyle,Ellen Abbott,9
10191,449,Jay Baruchel,Hiccup (voice),0
10191,17276,Gerard Butler,Stoick (voice),1
10191,24264,Craig Ferguson,Gobber (voice),2
10191,59174,America Ferrera,Astrid (voice),3
10191,21007,Jonah Hill,Snotlout (voice),4
10191,54691,Christopher Mintz-Plasse,Fishlegs (voice),5
10191,51990,T.J. Miller,Tuffnut (voice),6
10191,41091,Kristen Wiig,Ruffnut (voice),7
10191,130081,Robin Atkin Downes,Ack (voice),8
10191,138619,Philip McGrade,Starkard (voice),9
310,206,Jim Carrey,Bruce Nolan,0
310,192,Morgan Freeman,God,1
310,4491,Jennifer Aniston,Grace Connelly,2
310,4492,Philip Baker Hall,Jack Baylor,3
310,4493,Catherine Bell,Susan Ortega,4
310,4494,Lisa Ann Walter,Debbie,5
310,4495,Steve Carell,Evan Baxter,6
310,4496,Nora Dunn,Ally Loman,7
310,1898,Eddie Jemison,Bobby,8
310,4498,Paul Satterfield,Dallas Coleman,9
1832,880,Ben Affleck,Bartleby,0
1832,1892,Matt Damon,Loki,1
1832,9625,Linda Fiorentino,Bethany,2
1832,3136,Salma Hayek Pinault,Serendipity,3
1832,11662,Jason Lee,Azrael,4
1832,19302,Jason Mewes,Jay,5
1832,4566,Alan Rickman,Metatron,6
1832,2632,Chris Rock,Rufus,7
1832,15903,George Carlin,Cardinal Glick,8
1832,4971,Bud Cort,John Doe Jersey,9
6957,4495,Steve Carell,Andy Stitzer,0
6957,2229,Catherine Keener,Trish Piedmont,1
6957,22226,Paul Rudd,David,2
6957,71530,Romany Malco,Jay,3
6957,19274,Seth Rogen,Cal,4
6957,9281,Elizabeth Banks,Beth,5
6957,41087,Leslie Mann,Nicky,6
6957,43775,Jane Lynch,Paula,7
6957,76525,Gerry Bednob,Mooj,8
6957,84898,Shelley Malil,Haziz,9
213,2638,Cary Grant,Roger Thornhill,0
213,2639,Eva Marie Saint,Eve Kendall,1
213,2091,James Mason,Phillip Vandamm,2
213,2640,Jessie Royce Landis,Clara Thornhill,3
213,2642,Leo G. Carroll,Professor,4
213,2643,Josephine Hutchinson,Mrs. Townsend,5
213,2644,Philip Ober,Lester Townsend,6
213,2641,Martin Landau,Leonard,7
213,2645,Adam Williams,Valerian,8
213,2646,Edward Platt,Victor Larrabee,9
11566,8945,Kevin Kline,Dave Kovic / Bill Mitchell,0
11566,10205,Sigourney Weaver,Ellen Mitchell,1
11566,8924,Frank Langella,Bob Alexander,2
11566,14721,Kevin Dunn,Alan Reed,3
11566,10182,Ving Rhames,Duane Stevenson,4
11566,2282,Ben Kingsley,Vice-President Nance,5
11566,28164,Charles Grodin,Murray Blum,6
11566,41505,Faith Prince,Alice,7
11566,350,Laura Linney,Randi,8
11566,5149,Bonnie Hunt,White House Tour Guide,9
4232,9206,Neve Campbell,Sidney,0
4232,22108,Skeet Ulrich,Billy,1
4232,16850,Rose McGowan,Tatum,2
4232,26457,Matthew Lillard,Stuart,3
4232,15234,David Arquette,Deputy Dewey,4
4232,14405,Courteney Cox,Gale Weathers,5
4232,6213,Jamie Kennedy,Randy,6
4232,69597,Drew Barrymore,Casey,7
4232,6951,W. Earl Brown,Kenny,8
4232,13660,Joseph Whipp,Sheriff Burke,9
19908,44735,Jesse Eisenberg,Columbus,0
19908,57755,Woody Harrelson,Tallahassee,1
19908,54693,Emma Stone,Wichita,2
19908,17140,Abigail Breslin,Little Rock,3
19908,55085,Amber Heard,406,4
19908,1532,Bill Murray,Bill Murray,5
19908,112119,Derek Graf,Clown Zombie,6
19908,1253106,Elle Alexander,Zombie Meter Maid (uncredited),7
19908,2234520,Melanie Booth,Hippie Girl (uncredited),8
19908,1288495,Chris Burns,Bicycle Zombie (uncredited),9
792,6952,Charlie Sheen,Chris Taylor,0
792,5293,Willem Dafoe,Sergeant Elias Grodin,1
792,13022,Tom Berenger,"Sergeant Robert ""Bob"" Barnes",2
792,6863,Kevin Dillon,Bunny,3
792,2178,Forest Whitaker,Big Harold,4
792,11889,Mark Moses,Lieutenant Wolfe,5
792,65827,Keith David,King,6
792,6396,Richard Edson,Sal,7
792,11886,Francesco Quinn,Rhah,8
792,11885,John C. McGinley,Sergeant O'Neill,9
1900,3392,Michael Douglas,Robert Wakefield,0
1900,1121,Benicio del Toro,Javier Rodriguez,1
1900,1922,Catherine Zeta-Jones,Helena Ayala,2
1900,21711,Erika Christensen,Caroline Wakefield,3
1900,1896,Don Cheadle,Montel Gordon,4
1900,16429,Jacob Vargas,Manolo Sanchez,5
1900,15860,Miguel Ferrer,Eduardo Ruiz,6
1900,40481,Luis Guzmán,Ray Castro,7
1900,17052,Topher Grace,Seth Abrahms,8
1900,21708,Tomas Milian,Gen. Arturo Salazar,9
137113,500,Tom Cruise,Cage,0
137113,5081,Emily Blunt,Rita,1
137113,2039,Brendan Gleeson,General Brigham,2
137113,2053,Bill Paxton,Master Sergeant Farell,3
137113,119224,Jonas Armstrong,Skinner,4
137113,147255,Tony Way,Kimmel,5
137113,93111,Kick Gurry,Griff,6
137113,1363086,Franz Drameh,Ford,7
137113,125740,Dragomir Mrsic,Kuntz,8
137113,115679,Charlotte Riley,Nance,9
329865,9273,Amy Adams,Louise Banks,0
329865,17604,Jeremy Renner,Ian Donnelly,1
329865,2178,Forest Whitaker,Colonel Weber,2
329865,72873,Michael Stuhlbarg,Agent Halpern,3
329865,225411,Mark O'Brien,Captain Marks,4
329865,21629,Tzi Ma,General Shang,5
329865,1646444,Abigail Pniowsky,8-Year-Old Hannah,6
329865,1522166,Julia Scarlett Dan,12-Year-Old Hannah,7
329865,1646448,Jadyn Malone,6-Year-Old Hannah,8
329865,135993,Frank Schorpion,Dr. Kettler,9
345,500,Tom Cruise,Dr. William Harford,0
345,2227,Nicole Kidman,Alice Harford,1
345,2226,Sydney Pollack,Victor Ziegler,2
345,5024,Marie Richardson,Marion,3
345,1118,Rade Šerbedžija,Milich,4
345,5010,Todd Field,Nick Nightingale,5
345,5025,Vinessa Shaw,Domino,6
345,10697,Alan Cumming,Desk Clerk,7
345,5012,Sky du Mont,Sandor Szavost,8
345,65409,Fay Masterson,Sally,9
881,500,Tom Cruise,Lt. Daniel Kaffee,0
881,514,Jack Nicholson,Col. Nathan R. Jessep,1
881,3416,Demi Moore,Lt. Cdr. JoAnne Galloway,2
881,4724,Kevin Bacon,Capt. Jack Ross,3
881,2628,Kiefer Sutherland,Lt. Jonathan Kendrick,4
881,7166,Kevin Pollak,Lt. Sam Weinberg,5
881,6717,James Marshall,Pfc. Louden Downey,6
881,22131,J.T. Walsh,Lt. Col. Matthew A. Markinson,7
881,13524,Christopher Guest,Dr. Stone,8
881,1352413,J.A. Preston,Judge Randolph,9
496,6730,Sacha Baron Cohen,Borat,0
496,6734,Ken Davitian,Azamat,1
496,6735,Luenell,Luenell,2
496,63935,Alex Daniels,Naked Fight Coordinator,3
496,1433735,Jim Vickers,Kidnapping Consultant,4
496,1270921,Peewee Piemonte,Saftey,5
496,1265844,Michael Li,Action Team,6
496,999709,Harry Wowchuk,Action Team,7
496,1402687,Nicole Randall,Action Team,8
496,6736,Pamela Anderson,Pamela Anderson (uncredited),9
8363,21007,Jonah Hill,Seth,0
8363,39995,Michael Cera,Evan,1
8363,54691,Christopher Mintz-Plasse,Fogell,2
8363,19278,Bill Hader,Officer Slater,3
8363,19274,Seth Rogen,Officer Michaels,4
8363,54692,Martha MacIsaac,Becca,5
8363,54693,Emma Stone,Jules,6
8363,53208,Aviva Baumann,Nicola,7
8363,21131,Joe Lo Truglio,Francis the Driver,8
8363,18472,Kevin Corrigan,Mark,9
111,1158,Al Pacino,Tony Montana,0
111,1159,Steven Bauer,Manny Ray,1
111,1160,Michelle Pfeiffer,Elvira,2
111,1161,Mary Elizabeth Mastrantonio,Gina,3
111,1162,Robert Loggia,Frank Lopez,4
111,1163,Miriam Colon,Mama Montana,5
111,1164,F. Murray Abraham,Omar,6
111,1165,Paul Shenar,Alejandro Sosa,7
111,1166,Harris Yulin,Bernstein,8
111,1167,Ángel Salazar,Chi Chi,9
426,854,James Stewart,Det. John 'Scottie' Ferguson,0
426,5729,Kim Novak,Madeleine Elster / Judy Barton,1
426,5730,Barbara Bel Geddes,Marjorie 'Midge' Wood,2
426,5731,Tom Helmore,Gavin Elster,3
426,5732,Henry Jones,Coroner,4
426,5737,Raymond Bailey,Scottie's Doctor,5
426,5738,Ellen Corby,Manager of McKittrick Hotel,6
426,5739,Konstantin Shayne,Pop Leibel,7
426,5740,Lee Patrick,Car Owner Mistaken for Madeleine,8
426,121323,Bess Flowers,Diner at Ernie's (uncredited),9
1587,85,Johnny Depp,Gilbert Grape,0
1587,6193,Leonardo DiCaprio,Arnie Grape,1
1587,3196,Juliette Lewis,Becky,2
1587,2453,Mary Steenburgen,Betty Carver,3
1587,17768,Darlene Cates,Momma,4
1587,17769,Laura Harrington,Amy Grape,5
1587,8184,Mary Kate Schellhardt,Ellen Grape,6
1587,17770,Kevin Tighe,Mr. Carver,7
1587,4764,John C. Reilly,Tucker Van Dyke,8
1587,1064,Crispin Glover,Bobby McBurney,9
11031,13524,Christopher Guest,Nigel Tufnel,0
11031,21731,Michael McKean,David St. Hubbins,1
11031,6008,Harry Shearer,Derek Smalls,2
11031,3026,Rob Reiner,Marty DiBergi,3
11031,104410,June Chadwick,Jeanine Pettibone,4
11031,1040043,Tony Hendra,Ian Faith,5
11031,9257,Bruno Kirby,Tommy Pischedda,6
11031,42157,Ed Begley Jr.,John 'Stumpy' Pepys,7
11031,41243,Paul Benedict,Tucker 'Smitty' Brown,8
11031,1315107,Zane Buzby,Rolling Stone Reporter,9
244786,996701,Miles Teller,Andrew,0
244786,18999,J.K. Simmons,Fletcher,1
244786,781,Paul Reiser,Jim,2
244786,129104,Melissa Benoist,Nicole,3
244786,970216,Austin Stowell,Ryan,4
244786,1451540,Nate Lang,Carl,5
244786,15824,Chris Mulkey,Uncle Frank,6
244786,53454,Damon Gupton,Mr. Kramer,7
244786,1212459,Suanne Spoke,Aunt Emma,8
244786,52939,Max Kasch,Dorm Neighbor,9
703,3092,Diane Keaton,Annie Hall,0
703,1243,Woody Allen,Alvy Singer,1
703,10555,Tony Roberts,Rob,2
703,10556,Carol Kane,Allison,3
703,10557,Paul Simon,Tony Lacey,4
703,10409,Shelley Duvall,Pam,5
703,10558,Janet Margolin,Robin,6
703,10559,Colleen Dewhurst,Mrs. Hall,7
703,4690,Christopher Walken,Duane Hall,8
703,10560,Donald Symington,Dad Hall,9
1573,62,Bruce Willis,John McClane,0
1573,7673,Bonnie Bedelia,Holly McClane,1
1573,6573,William Sadler,Stuart,2
1573,22384,John Amos,Major Grant,3
1573,22383,Franco Nero,General Ramon Esperanza,4
1573,7676,William Atherton,Richard Thornberg,5
1573,11901,Dennis Franz,Capt. Carmine Lorenzo,6
1573,56183,Art Evans,Leslie Barnes,7
1573,17874,Fred Thompson,Trudeau,8
1573,19453,Tom Bower,Marvin,9
44214,524,Natalie Portman,Nina Sayers / The Swan Queen,0
44214,18973,Mila Kunis,Lily / The Black Swan,1
44214,1925,Vincent Cassel,Thomas Leroy / The Gentleman,2
44214,10767,Barbara Hershey,Erica Sayers / The Queen,3
44214,1920,Winona Ryder,Beth Macintyre / The Dying Swan,4
44214,970088,Benjamin Millepied,David Moreau / The Prince,5
44214,140407,Ksenia Solo,Veronica / Little Swan,6
44214,43443,Kristina Anapau,Galina / Little Swan,7
44214,90755,Janet Montgomery,Madeline / Little Swan,8
44214,60898,Sebastian Stan,Andrew / Suitor,9
9087,3392,Michael Douglas,Andrew Shepherd,0
9087,516,Annette Bening,Sydney Ellen Wade,1
9087,8349,Martin Sheen,A.J. MacInerney,2
9087,521,Michael J. Fox,Lewis Rothschild,3
9087,63279,Anna Deavere Smith,Robin McCall,4
9087,20767,Samantha Mathis,Janie Basdin,5
9087,112080,Shawna Waldron,Lucy Shepherd,6
9087,19839,David Paymer,Leon Kodak,7
9087,11718,Anne Haney,Mrs. Chapil,8
9087,3037,Richard Dreyfuss,Senator Rumson,9
330,4785,Jeff Goldblum,Ian Malcolm,0
330,1231,Julianne Moore,Sarah Harding,1
330,4935,Pete Postlethwaite,Roland Tembo,2
330,3229,Arliss Howard,Peter Ludlow,3
330,4786,Richard Attenborough,John Hammond,4
330,4937,Vince Vaughn,Nick Van Owen,5
330,4938,Vanessa Lee Chester,Kelly Curtis,6
330,53,Peter Stormare,Dieter Stark,7
330,113935,Harvey Jason,Ajay Sidhu,8
330,31028,Richard Schiff,Eddie Carr,9
1584,70851,Jack Black,Dewey Finn,0
1584,3234,Joan Cusack,Rosalie Mullins,1
1584,17735,Mike White,Ned Schneebly,2
1584,7404,Sarah Silverman,Patty Di Marco,3
1584,17743,Miranda Cosgrove,Summer Hathaway,4
1584,17739,Joey Gaydos Jr.,Zack,5
1584,17744,Kevin Alexander Clark,Freddy Jones,6
1584,1583107,Rivkah Reyes,Katie,7
1584,17745,Robert Tsai,Lawrence,8
1584,17746,Maryam Hassan,Tomika,9
117,1269,Kevin Costner,Eliot Ness,0
117,738,Sean Connery,Jim Malone,1
117,380,Robert De Niro,Al Capone,2
117,1270,Charles Martin Smith,Oscar Wallace,3
117,1271,Andy Garcia,George Stone,4
117,1272,Richard Bradford,Mike,5
117,1273,Jack Kehoe,Payne,6
117,1274,Brad Sullivan,George,7
117,1275,Billy Drago,Nitti,8
117,1276,Patricia Clarkson,Catherine Ness,9
621,8892,Olivia Newton-John,Sandy,0
621,8891,John Travolta,Danny,1
621,8893,Stockard Channing,Rizzo,2
621,8894,Jeff Conaway,Kenickie,3
621,8896,Barry Pearl,Doody,4
621,8897,Michael Tucci,Sonny,5
621,8898,Kelly Ward,Putzie,6
621,8895,Didi Conn,Frenchy,7
621,8899,Jamie Donnelly,Jan,8
621,8900,Dinah Manoff,Marty,9
1359,3894,Christian Bale,Patrick Bateman,0
1359,15009,Justin Theroux,Timothy Bryce,1
1359,6164,Josh Lucas,Craig McDermott,2
1359,32029,Bill Sage,David Van Patten,3
1359,2838,Chloë Sevigny,Jean,4
1359,368,Reese Witherspoon,Evelyn Williams,5
1359,20767,Samantha Mathis,Courtney Rawlinson,6
1359,11154,Matt Ross,Luis Carruthers,7
1359,7499,Jared Leto,Paul Allen,8
1359,5293,Willem Dafoe,Donald Kimball,9
13223,190,Clint Eastwood,Walt Kowalski,0
13223,74308,Christopher Carley,Father Janovich,1
13223,74309,Bee Vang,Thao,2
13223,74312,Ahney Her,Sue,3
13223,10138,Brian Haley,Mitch Kowalski,4
13223,16502,Geraldine Hughes,Karen Kowalski,5
13223,74303,Dreama Walker,Ashley Kowalski,6
13223,1990,Brian Howe,Steve Kowalski,7
13223,3911,John Carroll Lynch,Barber Martin,8
13223,1232496,William Hill,Tim Kennedy,9
608,2176,Tommy Lee Jones,Kay,0
608,2888,Will Smith,Jay,1
608,9626,Rip Torn,Zed,2
608,6684,Lara Flynn Boyle,Serleena,3
608,9656,Johnny Knoxville,Scrad / Charlie,4
608,5916,Rosario Dawson,Laura Vasquez,5
608,4252,Tony Shalhoub,Jeebs,6
608,9657,Patrick Warburton,Agent Tee,7
608,1240,Jack Kehler,Ben,8
608,212,David Cross,Newton,9
595,8487,Gregory Peck,Atticus Finch,0
595,8488,Mary Badham,Scout Finch,1
595,8489,Phillip Alford,Jem,2
595,8490,John Megna,Dill Harris,3
595,6838,Frank Overton,Sheriff Heck Tate,4
595,2112,Brock Peters,Tom Robinson,5
595,8492,Rosemary Murphy,Maudie Atkinson,6
595,8493,Ruth White,Mrs. Dubose,7
595,8494,Estelle Evans,Calpurnia,8
595,8496,Paul Fix,Judge Taylor,9
140607,1315036,Daisy Ridley,Rey,0
140607,236695,John Boyega,Finn,1
140607,25072,Oscar Isaac,Poe Dameron,2
140607,1023139,Adam Driver,Kylo Ren,3
140607,4,Carrie Fisher,Princess Leia,4
140607,3,Harrison Ford,Han Solo,5
140607,2,Mark Hamill,Luke Skywalker,6
140607,1267329,Lupita Nyong'o,Maz Kanata,7
140607,1333,Andy Serkis,Supreme Leader Snoke,8
140607,93210,Domhnall Gleeson,General Hux,9
68,378,Jonathan Pryce,Sam Lowry,0
68,380,Robert De Niro,Harry Tuttle,1
68,381,Katherine Helmond,Mrs. Ida Lowry,2
68,65,Ian Holm,Mr. Kurtzmann,3
68,382,Bob Hoskins,Spoor,4
68,383,Michael Palin,Jack Lint,5
68,385,Ian Richardson,Mr. Warrenn,6
68,386,Peter Vaughan,Mr. Helpmann,7
68,387,Kim Greist,Jill Layton,8
68,388,Jim Broadbent,Dr. Jaffe,9
9359,2461,Mel Gibson,Bret Maverick,0
9359,1038,Jodie Foster,Annabelle Bransford,1
9359,16896,James Garner,Marshal Zane Cooper,2
9359,6804,Graham Greene,Joseph,3
9359,658,Alfred Molina,Angel,4
9359,5563,James Coburn,Commodore Duvall,5
9359,6463,Dub Taylor,Room Clerk,6
9359,18071,Geoffrey Lewis,"Matthew Wicker / Eugene, Banker",7
9359,39782,Paul L. Smith,The Archduke,8
9359,6486,Dan Hedaya,"Twitchy, Riverboat Poker Player",9
2024,2461,Mel Gibson,Benjamin Martin,0
2024,1810,Heath Ledger,Gabriel Martin,1
2024,20810,Joely Richardson,Charlotte Selton,2
2024,11355,Jason Isaacs,Col. William Tavington,3
2024,2955,Chris Cooper,Col. Harry Burwell,4
2024,10698,Tchéky Karyo,Jean Villeneuve,5
2024,9807,René Auberjonois,Reverend Oliver,6
2024,20811,Lisa Brenner,Anne Howard,7
2024,207,Tom Wilkinson,Gen. Cornwallis,8
2024,10825,Donal Logue,Dan Scott,9
634,9137,Renée Zellweger,Bridget Jones,0
634,5472,Colin Firth,Mark Darcy,1
634,3291,Hugh Grant,Daniel Cleaver,2
634,388,Jim Broadbent,Bridget's Dad,3
634,9138,Gemma Jones,Bridget's Mum,4
634,9145,James Callis,Tom,5
634,9144,Sally Phillips,Shazza,6
634,1834,Shirley Henderson,Jude,7
634,6368,Embeth Davidtz,Natasha,8
634,9146,Lisa Barbuscia,Lara,9
9495,57700,Brandon Lee,Eric,0
9495,57701,Rochelle Davis,Sarah,1
9495,8874,Ernie Hudson,Albrecht,2
9495,7486,Michael Wincott,Top Dollar,3
9495,39126,Bai Ling,Myca,4
9495,42649,Sofia Shinas,Shelly,5
9495,3711,Anna Thomson,Darla,6
9495,1737,David Patrick Kelly,T-Bird,7
9495,37207,Angel David,Skank,8
9495,65141,Laurence Mason,Tin Tin,9
70,190,Clint Eastwood,Frankie Dunn,0
70,448,Hilary Swank,Maggie Fitzgerald,1
70,192,Morgan Freeman,Eddie Scrap-Iron Dupris,2
70,449,Jay Baruchel,Danger Barch,3
70,450,Mike Colter,Big Willie Little,4
70,451,Lucia Rijker,Billie 'The Blue Bear',5
70,31713,Brían F. O'Byrne,Father Horvak,6
70,53650,Anthony Mackie,Shawrelle Berry,7
70,452,Margo Martindale,Earline Fitzgerald,8
70,453,Riki Lindhome,Mardell Fitzgerald,9
77338,33161,François Cluzet,Philippe,0
77338,78423,Omar Sy,Driss,1
77338,19370,Anne Le Ny,Yvonne,2
77338,219708,Audrey Fleurot,Magalie,3
77338,84430,Joséphine de Meaux,La DRH société de courses,4
77338,2411,Clotilde Mollet,Marcelle,5
77338,26107,Alba Gaïa Bellugi,Elisa,6
77338,581728,Cyril Mendy,Adama,7
77338,1411815,Salimata Kamate,Fatou,8
77338,1411817,Absa Diatou Toure,Mina,9
9277,3636,Paul Newman,Henry Gondorff,0
9277,4135,Robert Redford,Johnny Hooker,1
9277,8606,Robert Shaw,Doyle Lonnegan,2
9277,1466,Charles Durning,Lt. Wm. Snyder,3
9277,4093,Ray Walston,J.J. Singleton,4
9277,39015,Eileen Brennan,Billie,5
9277,14833,Harold Gould,Kid Twist,6
9277,171056,John Heffernan,Eddie Niles,7
9277,37712,Dana Elcar,F.B.I. Agent Polk,8
9277,1273,Jack Kehoe,Erie Kid,9
154,1748,William Shatner,Admiral James T. Kirk,0
154,1749,Leonard Nimoy,Captain Spock,1
154,1793,Ricardo Montalban,Khan Noonien Singh,2
154,1750,DeForest Kelley,Dr. Leonard 'Bones' McCoy,3
154,1751,James Doohan,Cmdr. Montgomery 'Scotty' Scott,4
154,1754,Walter Koenig,Cmdr. Pavel Chekov,5
154,1752,George Takei,Cmdr. Hikaru Sulu,6
154,1753,Nichelle Nichols,Cmdr. Uhura,7
154,1794,Bibi Besch,Dr. Carol Marcus,8
154,1795,Merritt Butrick,Dr. David Marcus,9
5548,27811,Peter Weller,Officer Alex J. Murphy / RoboCop,0
5548,44038,Nancy Allen,Officer Anne Lewis,1
5548,6836,Dan O'Herlihy,The Old Man,2
5548,780,Ronny Cox,Dick Jones,3
5548,2115,Kurtwood Smith,Clarence Boddicker,4
5548,15860,Miguel Ferrer,Bob Morton,5
5548,30615,Robert DoQui,Sgt. Warren Reed,6
5548,6719,Ray Wise,Leon Nash,7
5548,44042,Felton Perry,Johnson,8
5548,32393,Paul McCrane,Emil Antonowsky,9
1585,854,James Stewart,George Bailey,0
1585,17752,Donna Reed,Mary Hatch,1
1585,17753,Lionel Barrymore,Mr. Potter,2
1585,3383,Thomas Mitchell,Uncle Billy,3
1585,7666,Henry Travers,Clarence,4
1585,17755,Beulah Bondi,Mrs. Bailey,5
1585,17759,Frank Faylen,Ernie,6
1585,4303,Ward Bond,Bert,7
1585,77081,Gloria Grahame,Violet,8
1585,33278,H.B. Warner,Mr. Gower,9
9354,8872,Rick Moranis,Wayne Szalinski,0
9354,40009,Matt Frewer,Big Russ Thompson,1
9354,57418,Marcia Strassman,Diane Szalinski,2
9354,57419,Kristine Sutherland,Mae Thompson,3
9354,57421,Thomas Wilson Brown,Little Russ Thompson,4
9354,57422,Jared Rushton,Ronald Thompson,5
9354,57420,Amy O'Neill,Amy Szalinski,6
9354,1908,Robert Oliveri,Nick Szalinski,7
9354,1829,Carl Steven,Tommy Pervis,8
9354,78003,Mark L. Taylor,Don Forrester,9
3034,3460,Gene Wilder,Dr. Frankenstein,0
3034,1039,Peter Boyle,Monster,1
3034,29802,Marty Feldman,Igor,2
3034,29803,Madeline Kahn,Elizabeth,3
3034,9599,Cloris Leachman,Frau Blücher,4
3034,8437,Teri Garr,Inga,5
3034,9601,Kenneth Mars,Inspector Kemp,6
3034,29283,Richard Haydn,Herr Falkstein,7
3034,152711,Liam Dunn,Mr. Hilltop,8
3034,111383,Danny Goldman,Medical Student,9
508,3291,Hugh Grant,The Prime Minister,0
508,4566,Alan Rickman,Harry,1
508,7056,Emma Thompson,Karen,2
508,3896,Liam Neeson,Daniel,3
508,47714,Martine McCutcheon,Natalie,4
508,5472,Colin Firth,Jamie Bennett,5
508,2440,Bill Nighy,Billy Mack,6
508,350,Laura Linney,Sarah,7
508,118763,Lúcia Moniz,Aurelia,8
508,7062,Andrew Lincoln,Mark,9
9798,2888,Will Smith,Robert Clayton Dean,0
9798,193,Gene Hackman,Brill,1
9798,10127,Jon Voight,Reynolds,2
9798,9788,Regina King,Carla Dean,3
9798,11628,Loren Dean,Hicks,4
9798,28410,Jake Busey,Krug,5
9798,12834,Barry Pepper,Pratt,6
9798,11662,Jason Lee,Daniel Zavitz,7
9798,5168,Gabriel Byrne,'Brill',8
9798,3232,Lisa Bonet,Rachel Banks,9
9552,9560,Ellen Burstyn,Chris MacNeil,0
9552,37366,Linda Blair,Regan MacNeil,1
9552,21736,Jason Miller,Father Damien Karras,2
9552,2201,Max von Sydow,Father Lankester Merrin,3
9552,5248,Lee J. Cobb,Lt. Bill Kinderman,4
9552,65433,William O'Malley,Father Joseph Kevin Dyer,5
9552,57921,Kitty Winn,Sharon Spencer,6
9552,79732,Barton Heyman,Dr. Klein,7
9552,71732,Peter Masterson,Dr. Barringer,8
9552,14016,Jack MacGowran,Burke Dennings,9
49047,18277,Sandra Bullock,Ryan Stone,0
49047,1461,George Clooney,Matt Kowalski,1
49047,228,Ed Harris,Mission Control (voice),2
49047,1223440,Orto Ignatiussen,Aningaaq (voice),3
49047,58587,Phaldut Sharma,Shariff (voice),4
49047,1223442,Amy Warren,Explorer Captain (voice),5
49047,1027852,Basher Savage,Russian Space Station Captain (voice),6
15121,5823,Julie Andrews,Maria,0
15121,290,Christopher Plummer,Captain Georg von Trapp,1
15121,7331,Eleanor Parker,The Baroness,2
15121,1041410,Charmian Carr,Liesl von Trapp,3
15121,29095,Nicholas Hammond,Friedrich von Trapp,4
15121,92691,Heather Menzies,Louisa von Trapp,5
15121,121640,Angela Cartwright,Brigitta von Trapp,6
15121,1198142,Debbie Turner,Marta von Trapp,7
15121,1194314,Kym Karath,Gretl von Trapp,8
15121,1243355,Duane Chase,Kurt von Trapp,9
378,2963,Nicolas Cage,H.I.,0
378,18686,Holly Hunter,Ed,1
378,4039,Trey Wilson,"Nathan Arizona, Sr.",2
378,1230,John Goodman,Gale,3
378,4520,William Forsythe,Evelle,4
378,5176,Sam McMurray,Glen,5
378,3910,Frances McDormand,Dot,6
378,5177,Randall 'Tex' Cobb,Leonard Smalls,7
378,5178,T.J. Kuhn,Nathan Junior,8
378,5179,Lynne Kitei,Florence Arizona,9
713,18686,Holly Hunter,Ada McGrath,0
713,1037,Harvey Keitel,George Baines,1
713,4783,Sam Neill,Alisdair Stewart,2
713,10690,Anna Paquin,Flora McGrath,3
713,7248,Cliff Curtis,Mana,4
713,10756,Kerry Walker,Aunt Morag,5
713,7255,Ian Mune,Reverend,6
713,10760,Geneviève Lemon,Nessie,7
713,7249,Pete Smith,Hone,8
713,173431,Bruce Allpress,Blind Piano Tuner,9
10144,63978,Jodi Benson,Ariel (voice),0
10144,67392,Samuel E. Wright,Sebastian (voice),1
10144,35232,Pat Carroll,Ursula (voice),2
10144,31468,Christopher Daniel Barnes,Eric (voice),3
10144,9601,Kenneth Mars,Triton (voice),4
10144,67393,Buddy Hackett,Scuttle (voice),5
10144,184030,Jason Marin,Flounder (voice),6
10144,9807,René Auberjonois,Louis (voice),7
10144,157660,Paddi Edwards,Flotsam & Jetsam (voice),8
10144,71781,Ben Wright,Grimsby (voice),9
11395,12898,Tim Allen,Scott Calvin,0
11395,777,Judge Reinhold,Neal,1
11395,19957,Wendy Crewson,Laura,2
11395,27564,Eric Lloyd,Charlie,3
11395,38582,David Krumholtz,Bernard,4
11395,92119,Larry Brandenburg,Detective Nunzio,5
11395,27862,Mary Gross,Ms. Daniels,6
11395,141801,Paige Tamada,Elf-Judy,7
11395,1039,Peter Boyle,Mr. Whittle,8
11395,44185,Judith Scott,Susan,9
840,3037,Richard Dreyfuss,Roy Neary,0
840,1650,François Truffaut,Claude Lacombe,1
840,8437,Teri Garr,Ronnie Neary,2
840,4778,Melinda Dillon,Jillian Guiler,3
840,12438,Bob Balaban,David Laughlin,4
840,12439,J. Patrick McNamara,Project Leader,5
840,12440,Warren J. Kemmerling,Wild Bill,6
840,66288,Roberts Blossom,Farmer,7
840,1204280,Phil Dodds,ARP Musician,8
840,66645,Cary Guffey,Barry Guiler,9
4476,287,Brad Pitt,Tristan Ludlow,0
4476,4173,Anthony Hopkins,Col. William Ludlow,1
4476,18992,Aidan Quinn,Alfred Ludlow,2
4476,15887,Julia Ormond,Susannah Fincannon Ludlow,3
4476,9976,Henry Thomas,Samuel Ludlow,4
4476,11068,Karina Lombard,Isabel Two Decker Ludlow,5
4476,37430,Gordon Tootoosis,One Stab,6
4476,37431,John Novak,James O'Banion,7
4476,37432,Robert Wisden,John T. O'Banion,8
4476,7863,Tantoo Cardinal,Pet,9
1701,2963,Nicolas Cage,Cameron Poe,0
1701,3036,John Cusack,Agent Vince Larkin,1
1701,6949,John Malkovich,"Cyrus ""The Virus"" Grissom",2
1701,10182,Ving Rhames,"Nathan ""Diamond Dog"" Jones",3
1701,34,Mykelti Williamson,"""Baby-O"" O'Dell",4
1701,4169,Dave Chappelle,"""Pinball"" Parker",5
1701,17782,Colm Meaney,Agent Duncan Malloy,6
1701,2140,Monica Potter,Tricia Poe,7
1701,28864,Landry Allbright,Casey Poe,8
1701,10768,Rachel Ticotin,Guard Sally Bishop,9
319,2224,Christian Slater,Clarence Worley,0
319,4687,Patricia Arquette,Alabama Whitman,1
319,2778,Dennis Hopper,Clifford Worley,2
319,5576,Val Kilmer,Mentor,3
319,64,Gary Oldman,Drexl Spivey,4
319,287,Brad Pitt,Floyd (Dick's Roommate),5
319,4690,Christopher Walken,Vincenzo Coccotti,6
319,4689,Bronson Pinchot,Elliot Blitzer,7
319,2231,Samuel L. Jackson,Big Don,8
319,4688,Michael Rapaport,Dick Ritchie,9
128,622,Yoji Matsuda,Ashitaka (voice),0
128,20330,Yuriko Ishida,San / Kaya (voice),1
128,20331,Yuko Tanaka,Eboshi Gozen (voice),2
128,20332,Kaoru Kobayashi,Jikobo (voice),3
128,20333,Masahiko Nishimura,Kouroku (voice),4
128,20334,Tsunehiko Kamijô,Gonza (voice),5
128,20338,Akihiro Miwa,Mrs. Moro (voice),6
128,20339,Mitsuko Mori,Mrs. Hii (voice),7
128,20340,Hisaya Morishige,Chief of Affairs (voice),8
128,613,Sumi Shimamoto,Toki (voice),9
11545,17881,Jason Schwartzman,Max Fischer,0
11545,1532,Bill Murray,Herman Blume,1
11545,11616,Olivia Williams,Rosemary Cross,2
11545,5950,Seymour Cassel,Bert Fischer,3
11545,1248,Brian Cox,Dr. Nelson Guggenheim,4
11545,15252,Mason Gamble,Dirk Calloway,5
11545,239981,Sara Tanaka,Margaret Yang,6
11545,71770,Stephen McCole,Magnus Buchan,7
11545,36422,Luke Wilson,Dr. Peter Flynn,8
11545,2086041,Dipak Pallana,Mr. Adams,9
433,5823,Julie Andrews,Mary Poppins,0
433,61303,Dick Van Dyke,Bert / Mr. Dawes Sr.,1
433,5825,David Tomlinson,Mr. Banks,2
433,5826,Glynis Johns,Mrs. Banks,3
433,5827,Hermione Baddeley,Ellen,4
433,5829,Karen Dotrice,Jane Banks,5
433,5830,Matthew Garber,Michael Banks,6
433,2926,Elsa Lanchester,Katie Nanna,7
433,5831,Arthur Treacher,Constable,8
433,5832,Reginald Owen,Admiral Boom,9
531,7317,Peter Sallis,Wallace (voice),0
33,190,Clint Eastwood,William Munny,0
33,193,Gene Hackman,'Little' Bill Daggett,1
33,192,Morgan Freeman,Ned Logan,2
33,3710,Jaimz Woolvett,The Schofield Kid,3
33,194,Richard Harris,English Bob,4
33,3712,Saul Rubinek,W.W. Beauchamp,5
33,3713,Frances Fisher,Strawberry Alice,6
33,3711,Anna Thomson,Delilah Fitzgerald,7
33,3714,David Mucci,Quick Mike,8
33,2843,Rob Campbell,Davey Bunting,9
642,3636,Paul Newman,Butch Cassidy,0
642,4135,Robert Redford,Sundance Kid,1
642,9594,Katharine Ross,Etta Place,2
642,8260,Strother Martin,Percy Garris,3
642,5732,Henry Jones,Bike Salesman,4
642,9596,Jeff Corey,Sheriff Bledsoe,5
642,9597,George Furth,Woodcock,6
642,9599,Cloris Leachman,Agnes,7
642,9600,Ted Cassidy,Harvey Logan,8
642,9601,Kenneth Mars,Marshal,9
2675,2461,Mel Gibson,Graham Hess,0
2675,73421,Joaquin Phoenix,Merrill Hess,1
2675,28042,Rory Culkin,Morgan Hess,2
2675,17140,Abigail Breslin,Bo Hess,3
2675,1956,Cherry Jones,Officer Paski,4
2675,11614,M. Night Shyamalan,Ray Reddy,5
2675,23627,Patricia Kalember,Colleen Hess,6
2675,28043,Ted Sutton,SFC Cunningham,7
2675,28044,Merritt Wever,Tracey Abernathy,8
2675,3204,Lanny Flaherty,Mr. Nathan,9
926,12898,Tim Allen,Jason Nesmith,0
926,10205,Sigourney Weaver,Gwen DeMarco,1
926,4566,Alan Rickman,Alexander Dane,2
926,4252,Tony Shalhoub,Fred Kwan,3
926,6807,Sam Rockwell,Guy Fleegman,4
926,15028,Daryl Mitchell,Tommy Webber,5
926,15029,Enrico Colantoni,Mathesar,6
926,15030,Robin Sachs,Sarris,7
926,15032,Jed Rees,Teb,8
926,15033,Justin Long,Brandon,9
824,3061,Ewan McGregor,Christian,0
824,2227,Nicole Kidman,Satine,1
824,5723,John Leguizamo,Toulouse-Lautrec,2
824,388,Jim Broadbent,Harold Zidler,3
824,12206,Richard Roxburgh,The Duke,4
824,12211,Garry McDonald,The Doctor,5
824,12210,Jacek Koman,The Unconscious Argentinean,6
824,12212,Matthew Whittet,Satie,7
824,10756,Kerry Walker,Marie,8
824,12209,Caroline O'Connor,Nini Legs in the Air,9
522,85,Johnny Depp,Ed Wood,0
522,2641,Martin Landau,Bela Lugosi,1
522,520,Sarah Jessica Parker,Dolores Fuller,2
522,4687,Patricia Arquette,Kathy O'Hara,3
522,4004,Jeffrey Jones,Criswell,4
522,3173,G.D. Spradlin,Reverend Lemon,5
522,7132,Vincent D'Onofrio,Orson Welles,6
522,1532,Bill Murray,Bunny Breckinridge,7
522,5170,Mike Starr,Georgie Weiss,8
522,7133,Max Casella,Paul Marco,9
2668,85,Johnny Depp,Ichabod Crane,0
2668,6886,Christina Ricci,Katrina Van Tassel,1
2668,8436,Miranda Richardson,Lady Mary Van Tassel / Crone Witch,2
2668,5658,Michael Gambon,Baltus Van Tassel,3
2668,27763,Casper Van Dien,Brom Van Brunt,4
2668,4004,Jeffrey Jones,Reverend Steenwyck,5
2668,10983,Richard Griffiths,Bürgermeister Phillipse,6
2668,27762,Ian McDiarmid,Dr. Lancaster,7
2668,3796,Michael Gough,Notary Hardenbrook,8
2668,4690,Christopher Walken,Hessian Horseman,9
509,1204,Julia Roberts,Anna Scott,0
509,3291,Hugh Grant,William Thacker,1
509,18022,Gina McKee,Bella,2
509,41043,Tim McInnerny,Max,3
509,7026,Rhys Ifans,Spike,4
509,7446,Emma Chambers,Honey,5
509,19923,Hugh Bonneville,Bernie,6
509,7025,Richard McCabe,Tony,7
509,7027,James Dreyfus,Martin,8
509,7028,Dylan Moran,Rufus the Thief,9
787,11701,Angelina Jolie,Jane Smith,0
787,287,Brad Pitt,John Smith,1
787,4937,Vince Vaughn,Eddie,2
787,11702,Adam Brody,Benjamin Danz,3
787,11703,Kerry Washington,Jasmine,4
787,65827,Keith David,Father,5
787,3288,Chris Weitz,Martin Coleman,6
787,11704,Rachael Huntley,Suzy Coleman,7
787,11705,Michelle Monaghan,Gwen,8
787,59156,Stephanie March,Julie - Associate #1,9
9268,1100,Arnold Schwarzenegger,Eraser,0
9268,3085,James Caan,DeGuerin,1
9268,27011,Vanessa Williams,Lee,2
9268,5563,James Coburn,Beller,3
9268,7866,Robert Pastorelli,Johnny C,4
9268,2505,James Cromwell,Donahue,5
9268,8540,Danny Nucci,Monroe,6
9268,32289,Andy Romano,Harper,7
9268,18461,Nick Chinlund,Calderon,8
9268,20582,Michael Papajohn,Schiff,9
670,64880,Choi Min-sik,Oh Dae-su,0
670,10112,Yoo Ji-tae,Lee Woo-jin,1
670,1299317,Kang Hye-jung,Mi-do,2
670,77182,Kim Byeong-ok,Mr. Han,3
670,77180,Ji Dae-han,No Joo-hwan,4
670,77188,Oh Dal-su,Park Cheol-woong,5
670,554330,Lee Seung-shin,Hypnotist,6
670,117504,Yoon Jin-seo,Lee Soo-ah,7
670,77183,Oh Tae-kyung,Young Dae-su,8
670,587675,Yoo Yeon-seok,Young Woo-jin,9
9772,3,Harrison Ford,James Marshall,0
9772,64,Gary Oldman,Ivan Korshunov,1
9772,515,Glenn Close,Kathryn Bennett,2
9772,19957,Wendy Crewson,Grace Marshall,3
9772,84093,Liesel Matthews,Alice Marshall,4
9772,925,Paul Guilfoyle,Lloyd Shepherd,5
9772,3982,Xander Berkeley,Agent Gibbs,6
9772,3905,William H. Macy,Major Caldwell,7
9772,923,Dean Stockwell,Walter Dean,8
9772,140250,Tom Everett,Jack Doherty,9
644,9640,Haley Joel Osment,David,0
644,9642,Jude Law,Gigolo Joe,1
644,1518,Frances O'Connor,Monica Swinton,2
644,8213,Sam Robards,Henry Swinton,3
644,9641,Jake Thomas,Martin Swinton,4
644,227,William Hurt,Professor Hobby,5
644,2131,Ken Leung,Syatyoo-Sama,6
644,9048,Clark Gregg,Supernerd,7
644,60633,Kevin Sussman,Supernerd,8
644,27030,Tom Gallop,Supernerd,9
118,85,Johnny Depp,Willy Wonka,0
118,1281,Freddie Highmore,Charlie Bucket,1
118,1282,David Kelly,Grandpa Joe,2
118,1283,Helena Bonham Carter,Mrs. Bucket,3
118,1284,Noah Taylor,Mr. Bucket,4
118,1294,Missi Pyle,Mrs. Beauregarde,5
118,1292,James Fox,Mr. Salt,6
118,1295,Deep Roy,Oompa Loompa,7
118,113,Christopher Lee,Dr. Wonka,8
118,23429,Adam Godley,Mr. Teavee,9
9427,18023,Robert Carlyle,"Gary ""Gaz"" Schofield",0
9427,13633,Mark Addy,Dave Horsefall,1
9427,57628,Wim Snape,Nathan Schofield,2
9427,57629,Steve Huison,Lomper,3
9427,207,Tom Wilkinson,Gerald Arthur Cooper,4
9427,29698,Paul Barber,"Barrington ""Horse"" Mitchell",5
9427,2251,Hugo Speer,Guy,6
9427,80366,Lesley Sharp,Jean Horsefall,7
9427,33679,Emily Woof,Mandy,8
9427,186025,Deirdre Costello,Linda Cooper,9
152601,73421,Joaquin Phoenix,Theodore,0
152601,1245,Scarlett Johansson,Samantha (voice),1
152601,549831,Lynn Adrianna,Letter Writer #1,2
152601,154798,Lisa Renee Pitts,Letter Writer #2,3
152601,1509453,Gabe Gomez,Letter Writer #3,4
152601,73457,Chris Pratt,Paul,5
152601,1509454,Artt Butler,Text Voice (voice),6
152601,1509455,May Lindstrom,Sexy Pregnant TV Star,7
152601,108916,Rooney Mara,Catherine,8
152601,19278,Bill Hader,Chat Room Friend #2 (voice),9
10138,3223,Robert Downey Jr.,Tony Stark,0
10138,12052,Gwyneth Paltrow,Pepper Potts,1
10138,1896,Don Cheadle,Lt. Col. James 'Rhodey' Rhodes,2
10138,1245,Scarlett Johansson,Natalie Rushman / Natasha Romanoff,3
10138,6807,Sam Rockwell,Justin Hammer,4
10138,2295,Mickey Rourke,Ivan Vanko,5
10138,2231,Samuel L. Jackson,Nick Fury,6
10138,9048,Clark Gregg,Agent Coulson,7
10138,21134,John Slattery,Howard Stark,8
10138,52865,Garry Shandling,Senator Stern,9
855,2299,Josh Hartnett,Eversmann,0
855,3061,Ewan McGregor,Grimes,1
855,3197,Tom Sizemore,McKnight,2
855,8783,Eric Bana,Hoot,3
855,886,William Fichtner,Sanderson,4
855,1125,Ewen Bremner,Nelson,5
855,9880,Sam Shepard,Garrison,6
855,18272,Gabriel Casseus,Kurth,7
855,8335,Kim Coates,Wex,8
855,12791,Hugh Dancy,Schmid,9
13183,50463,Malin Akerman,Laurie Jupiter / Silk Spectre II,0
13183,17178,Patrick Wilson,Dan Dreiberg / Nite Owl II,1
13183,8289,Billy Crudup,Jon Osterman / Dr. Manhattan,2
13183,1247,Matthew Goode,Adrian Veidt / Ozymandias,3
13183,17183,Jackie Earle Haley,Walter Kovacs / Rorschach,4
13183,47296,Jeffrey Dean Morgan,Edward Blake / The Comedian,5
13183,17832,Carla Gugino,Sally Jupiter / Silk Spectre,6
13183,79343,Laura Mennell,Janey Slater,7
13183,40009,Matt Frewer,Edgar Jacobi / Moloch the Mystic,8
13183,230,Stephen McHattie,Hollis Mason / Nite Owl,9
9654,13240,Mark Wahlberg,Charlie Croker,0
9654,6885,Charlize Theron,Stella Bridger,1
9654,819,Edward Norton,Steve,2
9654,13922,Seth Green,Lyle,3
9654,976,Jason Statham,Handsome Rob,4
9654,4239,Yasiin Bey,Left Ear,5
9654,55636,Donald Sutherland,John Bridger,6
9654,53573,Olek Krupa,Mashkov,7
9654,237370,Boris Lee Krutonog,Yevhen,8
9654,58347,Fausto Callegarini,Italian Guard,9
1924,20006,Christopher Reeve,Superman / Clark Kent,0
1924,20011,Margot Kidder,Lois Lane,1
1924,193,Gene Hackman,Lex Luthor,2
1924,3084,Marlon Brando,Jor-El,3
1924,13726,Ned Beatty,Otis,4
1924,55278,Jackie Cooper,Perry White,5
1924,3381,Glenn Ford,Pa Kent,6
1924,12726,Trevor Howard,1st Elder,7
1924,41224,Jack O'Halloran,Non,8
1924,26483,Valerie Perrine,Eve Teschmacher,9
4951,1810,Heath Ledger,Patrick Verona,0
4951,12041,Julia Stiles,Katarina Stratford,1
4951,24045,Joseph Gordon-Levitt,Cameron James,2
4951,40978,Larisa Oleynik,Bianca Stratford,3
4951,38582,David Krumholtz,Michael Eckman,4
4951,40979,Andrew Keegan,Joey Donner,5
4951,40980,Susan May Pratt,Mandella,6
4951,17773,Gabrielle Union,Chastity,7
4951,1211,Larry Miller,Walter Stratford,8
4951,15028,Daryl Mitchell,Mr. Morgan,9
9482,16483,Sylvester Stallone,Judge Joseph Dredd,0
9482,2882,Diane Lane,Judge Hershey,1
9482,23346,Armand Assante,Rico,2
9482,60949,Rob Schneider,Herman 'Fergee' Ferguson,3
9482,920,Jürgen Prochnow,Judge Griffin,4
9482,2201,Max von Sydow,Chief Justice Fargo,5
9482,64102,Christopher Adamson,Mean Machine,6
9482,106765,Joanna Miles,Judge Evelyn McGruder,7
9482,6720,Joan Chen,Dr. Ilsa Hayden,8
9482,9296,Balthazar Getty,Cadet Nathan Olmeyer,9
770,10538,Vivien Leigh,Scarlett O'Hara,0
770,11492,Clark Gable,Rhett Butler,1
770,8725,Olivia de Havilland,Melanie Hamilton,2
770,11493,Leslie Howard,Ashley Wilkes,3
770,11498,Hattie McDaniel,Mammy,4
770,3383,Thomas Mitchell,Gerald O'Hara,5
770,7642,Barbara O'Neil,Ellen O'Hara,6
770,11494,Evelyn Keyes,Suellen O'Hara,7
770,11495,Ann Rutherford,Carreen O'Hara,8
770,11496,George Reeves,Brent Tarleton,9
755,1461,George Clooney,Seth Gecko,0
755,138,Quentin Tarantino,Richard Gecko,1
755,1037,Harvey Keitel,Jacob Fuller,2
755,3196,Juliette Lewis,Kate Fuller,3
755,11158,Ernest Liu,Scott Fuller,4
755,3136,Salma Hayek Pinault,Santanico Pandemonium,5
755,11159,Cheech Marin,Border Guard / Chet Pussy / Carlos,6
755,11160,Danny Trejo,Razor Charlie,7
755,11161,Tom Savini,Sex Machine,8
755,9811,Fred Williamson,Frost,9
409,5469,Ralph Fiennes,Almásy,0
409,1137,Juliette Binoche,Hana,1
409,5293,Willem Dafoe,David Caravaggio,2
409,5470,Kristin Scott Thomas,Katharine Clifton,3
409,5471,Naveen Andrews,Sikh Kip,4
409,5472,Colin Firth,Geoffrey Clifton,5
409,5473,Julian Wadham,Madox,6
409,5480,Torri Higginson,Mary,7
409,920,Jürgen Prochnow,Major Muller,8
409,5474,Kevin Whately,Sgt. Hardy,9
1813,6384,Keanu Reeves,Kevin Lomax,0
1813,1158,Al Pacino,John Milton,1
1813,6885,Charlize Theron,Mary Ann Lomax,2
1813,4004,Jeffrey Jones,Eddie Barzoon,3
1813,19239,Judith Ivey,Mrs. Lomax,4
1813,935,Connie Nielsen,Christabella,5
1813,8977,Craig T. Nelson,Alexander Cullen,6
1813,42694,Tamara Tunie,Jackie Heath,7
1813,31839,Ruben Santiago-Hudson,Leamon Heath,8
1813,10386,Debra Monk,Pam Garrety,9
9894,206,Jim Carrey,Cable Guy,0
9894,4756,Matthew Broderick,Steven,1
9894,41087,Leslie Mann,Robin,2
9894,70851,Jack Black,Rick,3
9894,18364,George Segal,Steven's Father,4
9894,6930,Diane Baker,Steven's Mother,5
9894,7399,Ben Stiller,Sam Sweet,6
9894,21315,Eric Roberts,Eric Roberts,7
9894,21197,Janeane Garofalo,Medieval Waitress,8
9894,43120,Andy Dick,Medieval Host,9
8872,12073,Mike Myers,Wayne Campbell,0
8872,56159,Dana Carvey,Garth Algar,1
8872,2879,Rob Lowe,Benjamin Kane,2
8872,13445,Tia Carrere,Cassandra,3
8872,6684,Lara Flynn Boyle,Stacy,4
8872,56933,Donna Dixon,Dreamwoman,5
8872,58198,Chris Farley,Security Guard,6
8872,1535,Brian Doyle-Murray,Noah Vanderhoff,7
8872,55557,Michael DeLuise,Alan,8
8872,7470,Meat Loaf,Tiny,9
4995,13240,Mark Wahlberg,Eddie Adams / Dirk Diggler,0
4995,16475,Burt Reynolds,Jack Horner,1
4995,1231,Julianne Moore,Amber Waves,2
4995,4764,John C. Reilly,Reed Rothchild,3
4995,69122,Heather Graham,Rollergirl,4
4995,1896,Don Cheadle,Buck Swope,5
4995,1233,Philip Seymour Hoffman,Scotty J.,6
4995,3905,William H. Macy,Little Bill,7
4995,11155,Thomas Jane,Todd Parker,8
4995,40481,Luis Guzmán,Maurice t.t. Rodriguez,9
1018,3489,Naomi Watts,Betty Elms / Diane Selwyn,0
1018,15007,Laura Harring,Rita / Camilla Rhodes,1
1018,15009,Justin Theroux,Adam,2
1018,15008,Ann Miller,Coco,3
1018,1236,Mark Pellegrino,Joe,4
1018,5694,Robert Forster,Detective McKnight,5
1018,6486,Dan Hedaya,Vincenzo Castigliane,6
1018,5628,Angelo Badalamenti,Luigi Castigliane,7
1018,52801,Patrick Fischler,Dan,8
1018,15011,Brent Briscoe,Detective Domgaard,9
1933,2227,Nicole Kidman,Grace Stewart,0
1933,20051,Alakina Mann,Anne Stewart,1
1933,20052,James Bentley,Nicholas Stewart,2
1933,58068,Fionnula Flanagan,Mrs. Bertha Mills,3
1933,2040,Christopher Eccleston,Charles Stewart,4
1933,20053,Eric Sykes,Mr. Edmund Tuttle,5
1933,20054,Elaine Cassidy,Lydia,6
1933,20056,Keith Allen,Mr. Marlish,7
1933,20055,Renée Asherson,Old Lady,8
1933,20057,Michelle Fairley,Mrs. Marlish,9
411,5528,William Moseley,Peter Pevensie,0
411,5529,Anna Popplewell,Susan Pevensie,1
411,5527,Skandar Keynes,Edmund Pevensie,2
411,5526,Georgie Henley,Lucy Pevensie,3
411,3896,Liam Neeson,Aslan (voice),4
411,3063,Tilda Swinton,White Witch,5
411,5530,James McAvoy,Mr. Tumnus,6
411,388,Jim Broadbent,Prof. Digory Kirke,7
411,5538,Ray Winstone,Mr. Beaver (voice),8
411,5539,Dawn French,Mrs. Beaver (voice),9
346,7450,Toshirō Mifune,Kikuchiyo,0
346,7453,Takashi Shimura,Kambei Shimada,1
346,20828,Yoshio Inaba,Gorobei Katayama,2
346,20829,Seiji Miyaguchi,Kyuzo,3
346,7454,Minoru Chiaki,Heihachi Hayashida,4
346,7457,Daisuke Katō,Shichiroji,5
346,20830,Isao Kimura,Katsushiro Okamoto,6
346,20831,Keiko Tsushima,Shino,7
346,554250,Yukiko Shimazaki,Rikichi's Wife,8
346,96552,Kamatari Fujiwara,Manzô - Father of Shino,9
10731,51214,Brad Renfro,Mark Sway,0
10731,4038,Susan Sarandon,Reggie Love,1
10731,2176,Tommy Lee Jones,Roy Foltrigg,2
10731,18248,Mary-Louise Parker,Dianne Sway,3
10731,57829,Anthony LaPaglia,Barry Muldano,4
10731,11367,Bradley Whitford,Thomas Fink,5
10731,883,Will Patton,Sergeant Hardy,6
10731,11085,Anthony Edwards,Clint Von Hooser,7
10731,22131,J.T. Walsh,Jason McThune,8
10731,16293,Anthony Heald,Larry Trumann,9
9502,70851,Jack Black,Po (voice),0
9502,4483,Dustin Hoffman,Master Shifu (voice),1
9502,11701,Angelina Jolie,Tigress (voice),2
9502,6972,Ian McShane,Tai Lung (voice),3
9502,19274,Seth Rogen,Mantis (voice),4
9502,140,Lucy Liu,Viper (voice),5
9502,212,David Cross,Crane (voice),6
9502,9462,Randall Duk Kim,Master Oogway (voice),7
9502,20904,James Hong,Mr. Ping (voice),8
9502,58873,Dan Fogler,Zeng (voice),9
8005,2130,Cary Elwes,Robin Hood,0
8005,6105,Richard Lewis,Prince John,1
8005,16407,Roger Rees,Sheriff of Rotingham,2
8005,1219,Amy Yasbeck,Maid Marian,3
8005,4169,Dave Chappelle,Ahchoo,4
8005,6542,Isaac Hayes,Asneeze,5
8005,29709,Mark Blankfield,Blinkin,6
8005,41125,Eric Allan Kramer,Little John,7
8005,53571,Matthew Porretta,Will Scarlet O'Hara,8
8005,53570,Megan Cavanagh,Broomhilde,9
11003,19292,Adam Sandler,Robbie Hart,0
11003,69597,Drew Barrymore,Julia Sullivan,1
11003,15286,Christine Taylor,Holly Sullivan,2
11003,20818,Allen Covert,Sammy,3
11003,1219226,Matthew Glave,Glenn Gulia,4
11003,85171,Ellen Albertini Dow,Rosie,5
11003,15276,Angela Featherstone,Linda,6
11003,19578,Alexis Arquette,George,7
11003,94978,Christina Pickles,Angie Sullivan,8
11003,170306,Jodi Thelen,Kate,9
8068,3131,Antonio Banderas,El Mariachi,0
8068,3136,Salma Hayek Pinault,Carolina,1
8068,22462,Joaquim de Almeida,Bucho,2
8068,884,Steve Buscemi,Buscemi,3
8068,11159,Cheech Marin,Short Bartender,4
8068,115874,Carlos Gómez,Right Hand,5
8068,138,Quentin Tarantino,Pick-Up Guy,6
8068,53763,Tito Larriva,Tavo,7
8068,53764,Angel Aviles,Zamira,8
8068,11160,Danny Trejo,Navajas,9
1372,6193,Leonardo DiCaprio,Danny Archer,0
1372,938,Djimon Hounsou,Solomon Vandy,1
1372,6161,Jennifer Connelly,Maddy Bowen,2
1372,16742,Kagiso Kuypers,Dia Vandy,3
1372,16743,Arnold Vosloo,Colonel Coetzee,4
1372,16744,Antony Coleman,Cordell Brown,5
1372,16746,Benu Mabhena,Jassie Vandy,6
1372,16749,Anointing Lukola,N'Yanda Vandy,7
1372,16752,David Harewood,Captain Poison,8
1372,16754,Basil Wallace,Benjamin Kapanay,9
8835,368,Reese Witherspoon,Elle Woods,0
8835,36422,Luke Wilson,Emmetten Richmond,1
8835,11826,Selma Blair,Vivian Kensington,2
8835,56045,Matthew Davis,Warner Huntington III,3
8835,8536,Victor Garber,Professor Callahan,4
8835,38334,Jennifer Coolidge,Paulette,5
8835,11318,Holland Taylor,Professor Stromwell,6
8835,17303,Ali Larter,Brooke Taylor Windham,7
8835,22126,Jessica Cauffiel,Margot,8
8835,10402,Alanna Ubach,Serena,9
565,3489,Naomi Watts,Rachel Keller,0
565,26291,Martin Henderson,Noah Clay,1
565,26292,David Dorfman,Aidan Keller,2
565,1248,Brian Cox,Richard Morgan,3
565,13724,Jane Alexander,Dr. Grasnik,4
565,26294,Lindsay Frost,Ruth Embry,5
565,20354,Amber Tamblyn,Katie Embry,6
565,26293,Rachael Bella,Rebecca Kotler,7
565,1580,Daveigh Chase,Samara Morgan,8
565,2525,Shannon Cochran,Anna Morgan,9
11969,6856,Kurt Russell,Wyatt Earp,0
11969,5576,Val Kilmer,Doc Holliday,1
11969,2712,Michael Biehn,Johnny Ringo,2
11969,6280,Powers Boothe,Curly Bill,3
11969,31512,Robert John Burke,Frank McLaury,4
11969,65002,Dana Delany,Josephine,5
11969,16431,Sam Elliott,Virgil Earp,6
11969,32747,Stephen Lang,Ike Clanton,7
11969,12646,Terry O'Quinn,Mayor Clum,8
11969,36059,Joanna Pacula,Kate,9
8077,10205,Sigourney Weaver,Ripley,0
8077,17764,Charles S. Dutton,Dillon,1
8077,4391,Charles Dance,Clemens,2
8077,47654,Paul McGann,Golic,3
8077,14468,Brian Glover,Andrews,4
8077,53916,Ralph Brown,Aaron,5
8077,53917,Danny Webb,Morse,6
8077,145531,Christopher John Fields,Rains,7
8077,7497,Holt McCallany,Junior,8
8077,2714,Lance Henriksen,Bishop II,9
1430,17087,Michael Moore,Self,0
1430,46432,George H. W. Bush,Self,1
1430,19011,George W. Bush,Self,2
1430,10017,Charlton Heston,Self - NRA President,3
1430,1335009,Jacobo Árbenz,Self - President of Guatemala,4
1430,1335010,Mike Bradley,"Self - Mayor of Sarnia, Ontario, Canada",5
1430,46433,Dick Clark,Self,6
1430,1335011,Arthur A. Busch,"Self - County Prosecutor: Flint, Michigan",7
1430,1335012,Michael Caldwell,Self - Police Detective,8
1430,1335013,Richard Castaldo,Self - Columbine Victim,9
10377,2877,Ralph Macchio,Bill Gambini,0
10377,4517,Joe Pesci,Vinny Gambini,1
10377,3141,Marisa Tomei,Mona Lisa Vito,2
10377,19505,Mitchell Whitfield,Stan Rothenstein,3
10377,56266,Fred Gwynne,Judge Chamberlain Haller,4
10377,65019,Lane Smith,Jim Trotter III,5
10377,6168,Austin Pendleton,John Gibbons,6
10377,14888,Bruce McGill,Sheriff Farley,7
10377,7868,Maury Chaykin,Sam Tipton,8
10377,161691,Paulene Myers,Constance Riley,9
49051,7060,Martin Freeman,Bilbo Baggins,0
49051,1327,Ian McKellen,Gandalf the Grey,1
49051,30315,Richard Armitage,Thorin Oakenshield,2
49051,34715,James Nesbitt,Bofur,3
49051,25136,Ken Stott,Balin,4
49051,80112,Sylvester McCoy,Radagast the Brown,5
49051,22,Barry Humphries,The Great Goblin,6
49051,152566,Dean O'Gorman,Fili,7
49051,207558,Aidan Turner,Kili,8
49051,95047,Graham McTavish,Dwalin,9
8681,3896,Liam Neeson,Bryan Mills,0
8681,11825,Maggie Grace,Kim Mills,1
8681,10696,Famke Janssen,Lenore St. John,2
8681,49278,Olivier Rabourdin,Jean-Claude Pitrel,3
8681,55775,Katie Cassidy,Amanda,4
8681,143389,Nicolas Giraud,Peter,5
8681,2221,Leland Orser,Sam Gilroy,6
8681,9629,Jon Gries,Mark Casey,7
8681,55776,Holly Valance,Sheerah,8
8681,37204,David Warshofsky,Bernie Harris,9
1213,1892,Matt Damon,Tom Ripley,0
1213,12052,Gwyneth Paltrow,Marge Sherwood,1
1213,9642,Jude Law,Dickie Greenleaf,2
1213,112,Cate Blanchett,Meredith Logue,3
1213,1233,Philip Seymour Hoffman,Freddie Miles,4
1213,1709,Jack Davenport,Peter Smith-Kingsley,5
1213,8986,James Rebhorn,Herbert Greenleaf,6
1213,15915,Sergio Rubini,Inspector Roverini,7
1213,4492,Philip Baker Hall,Alvin MacCarron,8
1213,1989,Celia Weston,Aunt Joan,9
9342,3131,Antonio Banderas,Alejandro Murrieta / Zorro,0
9342,4173,Anthony Hopkins,Don Diego de la Vega / Zorro,1
9342,1922,Catherine Zeta-Jones,Elena Montero / Elena Murrieta,2
9342,14344,Stuart Wilson,Don Rafael Montero,3
9342,28414,Matt Letscher,Capt. Harrison Love,4
9342,8262,L.Q. Jones,Three-Fingered Jack,5
9342,57374,Diego Sieres,Young Joaquín Murrieta,6
9342,80494,José María de Tavira,Young Alejandro Murrieta,7
9342,34842,Tony Amendola,Don Luiz,8
9342,1077815,Emiliano Guerra,Boy Crying,9
4935,533325,Chieko Baisho,Sophie (voice),0
4935,12670,Takuya Kimura,Howl (voice),1
4935,20338,Akihiro Miwa,Witch of the Waste (voice),2
4935,19592,Tatsuya Gashuin,Calcifer (voice),3
4935,225730,Ryunosuke Kamiki,Markl (voice),4
4935,40449,Mitsunori Isaki,Kosho (voice),5
4935,40450,Yo Oizumi,Prince Justin / Turnip Head (voice),6
4935,40451,Akio Otsuka,King of Ingary (voice),7
4935,40452,Daijirō Harada,Heen (voice),8
4935,40453,Haruko Katō,Madame Suliman (voice),9
19913,24045,Joseph Gordon-Levitt,Tom,0
19913,11664,Zooey Deschanel,Summer,1
19913,5375,Geoffrey Arend,McKenzie,2
19913,56734,Chloë Grace Moretz,Rachel,3
19913,5661,Matthew Gray Gubler,Paul,4
19913,9048,Clark Gregg,Vance,5
19913,56358,Patricia Belcher,Millie,6
19913,96624,Rachel Boston,Alison,7
19913,96625,Minka Kelly,Autumn,8
19913,1544863,Charles Walker,Millie's New Husband,9
51876,51329,Bradley Cooper,Edward Morra,0
51876,380,Robert De Niro,Carl Van Loon,1
51876,37260,Abbie Cornish,Lindy,2
51876,67206,Andrew Howard,Gennady,3
51876,58016,Anna Friel,Melissa,4
51876,73589,Johnny Whitworth,Vernon,5
51876,941,Tomas Arana,Man in Tan Coat,6
51876,31512,Robert John Burke,Pierce,7
51876,164242,Darren Goldstein,Kevin Doyle,8
51876,137529,Ned Eisenberg,Morris Brandt,9
36593,7633,Leslie Nielsen,Lt. Frank Drebin,0
36593,12949,Priscilla Presley,Jane Spencer,1
36593,12950,George Kennedy,Ed Hocken,2
36593,12951,O. J. Simpson,Nordberg,3
36593,10430,Fred Ward,Rocco,4
36593,7210,Kathleen Freeman,Muriel,5
36593,115654,Anna Nicole Smith,Tanya,6
36593,13420,Ellen Greene,Louise,7
36593,122592,Ed Williams,Ted,8
36593,13422,Raye Birk,Papshmir,9
364,2232,Michael Keaton,Batman / Bruce Wayne,0
364,518,Danny DeVito,Penguin,1
364,1160,Michelle Pfeiffer,Catwoman / Selina,2
364,4690,Christopher Walken,Max Shreck,3
364,3796,Michael Gough,Alfred,4
364,3798,Pat Hingle,Commissioner Gordon,5
364,4776,Michael Murphy,Mayor,6
364,5130,Cristi Conaway,Ice Princess,7
364,52366,Andrew Bryniarski,Chip,8
364,3418,Vincent Schiavelli,Organ Grinder,9
387,920,Jürgen Prochnow,Lieutenant 'Der Alte',0
387,5228,Herbert Grönemeyer,Leutnant Werner,1
387,5229,Klaus Wennemann,Chef Ingenieur,2
387,5230,Hubertus Bengsch,First Watch Officer,3
387,4924,Martin Semmelrogge,Second Watch Officer,4
387,2349,Bernd Tauber,Kriechbaum,5
387,3970,Erwin Leder,Johann 'Das Gespenst',6
387,5232,Martin May,Ullmann,7
387,5233,Heinz Hoenig,Hinrich,8
387,682,Uwe Ochsenknecht,Chief Bosun,9
23483,27428,Aaron Taylor-Johnson,Dave Lizewski / Kick-Ass,0
23483,56734,Chloë Grace Moretz,Mindy Macready / Hit Girl,1
23483,2963,Nicolas Cage,Damon Macready / Big Daddy,2
23483,116882,Lyndsy Fonseca,Katie Deauxma,3
23483,2983,Mark Strong,Frank D'Amico,4
23483,116881,Deborah Twiss,Mrs. Zane,5
23483,54691,Christopher Mintz-Plasse,Chris D'Amico / Red Mist,6
23483,4513,Elizabeth McGovern,Mrs. Lizewski,7
23483,41556,Omari Hardwick,Sergeant Marcus Williams,8
23483,3982,Xander Berkeley,Detective Gigante,9
947,11390,Peter O'Toole,T.E. Lawrence,0
947,12248,Alec Guinness,Prince Feisal,1
947,5004,Omar Sharif,Sherif Ali,2
947,5401,Anthony Quinn,Auda abu Tayi,3
947,10018,Jack Hawkins,General Allenby,4
947,12515,José Ferrer,Turkish Bey,5
947,14371,Anthony Quayle,Colonel Harry Brighton,6
947,4113,Claude Rains,Mr. Dryden,7
947,11128,Arthur Kennedy,Jackson Bentley,8
947,14372,Donald Wolfit,General Murray,9
8346,54645,Nia Vardalos,"Fotoula ""Toula"" Portokalos",0
8346,38405,John Corbett,Ian Miller,1
8346,53647,Lainie Kazan,Maria Portokalos,2
8346,14884,Michael Constantine,"Kostas ""Gus"" Portokalos",3
8346,8263,Andrea Martin,Aunt Voula,4
8346,54651,Joey Fatone,Angelo,5
8346,54649,Louis Mandylor,Nick Portokalos,6
8346,14226,Gia Carides,Nikki Portokalos,7
8346,54646,Christina Eleusiniotis,Toula Portokalos - Age 6,8
8346,54647,Marita Zouravlioff,Toula Portokalos - Age 12,9
17431,6807,Sam Rockwell,Sam Bell,0
17431,1979,Kevin Spacey,GERTY (voice),1
17431,115146,Dominique McElligott,Tess Bell,2
17431,115147,Rosie Shaw,Little Eve,3
17431,115149,Adrienne Shaw,Nanny,4
17431,115150,Kaya Scodelario,Eve,5
17431,30082,Benedict Wong,Thompson,6
17431,1488236,Matt Berry,Overmeyers,7
17431,27110,Malcolm Stewart,Technician,8
17431,115151,Robin Chalk,Sam Bell Clone,9
3595,2461,Mel Gibson,Tom Mullen,0
3595,14343,Rene Russo,Katherine Mullen,1
3595,33,Gary Sinise,Det. Jimmy Shaker,2
3595,18792,Delroy Lindo,Agent Lonnie Hawkins,3
3595,3127,Lili Taylor,Maris,4
3595,33239,Brawley Nolte,Sean Mullen,5
3595,23626,Liev Schreiber,Clark Barnes,6
3595,2680,Donnie Wahlberg,Cubby Barnes,7
3595,3212,Evan Handler,Miles Roberts,8
3595,33240,Nancy Ticotin,Agent Kimba Welch,9
177572,66580,Scott Adsit,Baymax (voice),0
177572,515510,Ryan Potter,Hiro Hamada (voice),1
177572,82093,Daniel Henney,Tadashi Hamada (voice),2
177572,51990,T.J. Miller,Fred (voice),3
177572,78324,Jamie Chung,GoGo Tomago (voice),4
177572,87822,Damon Wayans Jr.,Wasabi (voice),5
177572,589162,Genesis Rodriguez,Honey Lemon (voice),6
177572,2505,James Cromwell,Professor Robert Callaghan (voice),7
177572,21088,Alan Tudyk,Alistair Krei (voice),8
177572,52792,Maya Rudolph,Aunt Cass (voice),9
36647,10814,Wesley Snipes,Blade,0
36647,10822,Stephen Dorff,Deacon Frost,1
36647,10823,Kris Kristofferson,Whistler,2
36647,10824,N'Bushe Wright,Karen,3
36647,10825,Donal Logue,Quinn,4
36647,1646,Udo Kier,Dragonetti,5
36647,66147,Arly Jover,Mercury,6
36647,10826,Traci Lords,Racquel,7
36647,10827,Kevin Patrick Walls,Krieger,8
36647,40275,Tim Guinee,Curtis Webb,9
9434,3036,John Cusack,Martin Q. Blank,0
9434,6613,Minnie Driver,Debi Newberry,1
9434,707,Dan Aykroyd,Grocer,2
9434,3234,Joan Cusack,Marcella,3
9434,1903,Alan Arkin,Dr. Oatman,4
9434,5587,Hank Azaria,Steven Lardner,5
9434,12799,Jeremy Piven,Paul Spericki,6
9434,14312,Mitchell Ryan,Mr. Bart Newberry,7
9434,52415,Michael Cudlitz,Bob Destepello,8
9434,3227,Steve Pink,Terry Rostand,9
10530,65529,Irene Bedard,Pocahontas (voice),0
10530,2461,Mel Gibson,John Smith (voice),1
10530,28010,David Ogden Stiers,Governor Ratcliffe (voice),2
10530,31365,John Kassir,Meeko (voice),3
10530,3894,Christian Bale,Thomas (voice),4
10530,110316,Judy Kuhn,Pocahontas (singing voice),5
10530,9188,Billy Connolly,Ben (voice),6
10530,15831,Frank Welker,Flit (voice),7
10530,3203,Russell Means,Powhatan (voice),8
10530,12516,Linda Hunt,Grandmother Willow (voice),9
306,776,Eddie Murphy,Axel Foley,0
306,777,Judge Reinhold,Billy Rosewood,1
306,1210,Héctor Elizondo,Jon Flint,2
306,17396,Timothy Carhart,Ellis DeWald,3
306,11163,John Saxon,Orrin Sanderson,4
306,4602,Jon Tenney,Levine,5
306,4603,Joey Travolta,Giolito,6
306,4605,Eugene Collier,Leppert,7
306,4606,Jimmy Ortega,Rondell,8
306,4607,Ousaun Elam,Pederson,9
871,10017,Charlton Heston,George Taylor,0
871,7505,Roddy McDowall,Cornelius,1
871,10539,Kim Hunter,Zira,2
871,12023,Maurice Evans,Dr. Zaius,3
871,6577,James Whitmore,President of the Assembly,4
871,13259,James Daly,Dr. Honorious,5
871,13260,Linda Harrison,Nova,6
871,13261,Robert Gunner,Landon,7
871,13262,Lou Wagner,Lucius,8
871,13263,Woodrow Parfrey,Dr. Maximus,9
334,500,Tom Cruise,Frank T.J. Mackey,0
334,4492,Philip Baker Hall,Jimmy Gator,1
334,1233,Philip Seymour Hoffman,Phil Parma,2
334,1231,Julianne Moore,Linda Partridge,3
334,3905,William H. Macy,Quiz Kid Donnie Smith,4
334,4764,John C. Reilly,Officer Jim Kurring,5
334,4766,Melora Walters,Claudia Wilson Gator,6
334,4779,Jeremy Blackman,Stanley Spector,7
334,4765,Jason Robards,Earl Partridge,8
334,4778,Melinda Dillon,Rose Gator,9
37724,8784,Daniel Craig,James Bond,0
37724,5309,Judi Dench,M,1
37724,3810,Javier Bardem,Silva,2
37724,5469,Ralph Fiennes,Gareth Mallory,3
37724,2038,Naomie Harris,Eve,4
37724,1030261,Bérénice Marlohe,Séverine,5
37724,3926,Albert Finney,Kincade,6
37724,17064,Ben Whishaw,Q,7
37724,139549,Rory Kinnear,Tanner,8
37724,11045,Ola Rapace,Patrice,9
10329,350,Laura Linney,Dr. Karen Ross,0
10329,21043,Dylan Walsh,Dr. Peter Elliot,1
10329,8874,Ernie Hudson,Captain Monroe Kelly,2
10329,13472,Tim Curry,Herkermer Homolka,3
10329,31511,Grant Heslov,Richard,4
10329,10671,Joe Don Baker,R.B. Travis,5
10329,95747,Misty Rosas,Amy,6
10329,23967,Mary Ellen Trainor,Moira,7
10329,52043,Stuart Pankin,Boyd,8
10329,42970,Carolyn Seymour,Eleanor Romy,9
7345,11856,Daniel Day-Lewis,Daniel Plainview,0
7345,17142,Paul Dano,Paul Sunday / Eli Sunday,1
7345,18916,Kevin J. O'Connor,Henry,2
7345,8785,Ciarán Hinds,Fletcher Hamilton,3
7345,52564,Dillon Freasier,H.W. Plainview,4
7345,52565,Hope Elizabeth Reeves,Elizabeth,5
7345,52566,Colleen Foy,Mary Sunday,6
7345,8214,Barry Del Sherman,H. B. Ailman,7
7345,53668,David Willis,Abel Sunday,8
7345,53669,Hans Howes,Mr. Bandy,9
2255,880,Ben Affleck,Holden McNeil,0
2255,16484,Joey Lauren Adams,Alyssa Jones,1
2255,11662,Jason Lee,Banky Edwards,2
2255,20283,King Mustafa Obafemi,Hooper LaMont,3
2255,19302,Jason Mewes,Jay,4
2255,19303,Kevin Smith,Silent Bob,5
2255,824,Ethan Suplee,Fan,6
2255,20503,Scott Mosier,Collector,7
2255,1893,Casey Affleck,Little Kid,8
2255,1892,Matt Damon,Shawn Oran,9
36685,13472,Tim Curry,Dr. Frank-N-Furter,0
36685,4038,Susan Sarandon,Janet Weiss,1
36685,13473,Barry Bostwick,Brad Majors,2
36685,13474,Richard O'Brien,Riff Raff,3
36685,13475,Patricia Quinn,Magenta,4
36685,13476,Nell Campbell,Columbia,5
36685,1137209,Jonathan Adams,Dr. Everett V. Scott,6
36685,1597838,Peter Hinwood,Rocky Horror,7
36685,7470,Meat Loaf,Eddie,8
36685,10074,Charles Gray,The Criminologist,9
8321,72466,Colin Farrell,Ray,0
8321,2039,Brendan Gleeson,Ken,1
8321,5469,Ralph Fiennes,Harry,2
8321,11291,Clémence Poésy,Chloë,3
8321,45749,Thekla Reuten,Marie,4
8321,54476,Jordan Prentice,Jimmy,5
8321,42998,Elizabeth Berrington,Natalie,6
8321,51325,Jérémie Renier,Eirik,7
8321,211413,Mark Donovan,Overweight Man,8
8321,145299,Éric Godon,Yuri,9
8866,139,Uma Thurman,Noelle,0
8866,21197,Janeane Garofalo,Abby,1
8866,21343,Ben Chaplin,Brian,2
8866,134,Jamie Foxx,Ed,3
8866,155173,James McCaffrey,Roy,4
8866,157609,Richard Coca,Eric,5
8866,4171,Stanley DeSantis,Mario,6
8866,1369400,Antoinette Valente,Susan,7
8866,66571,Mitch Rouse,Bee Man,8
8866,2520788,La Tanya M. Fisher,Emily,9
8840,6065,Dennis Quaid,Bowen,0
8840,738,Sean Connery,Draco (voice),1
8840,11207,David Thewlis,King Einon,2
8840,2133,Dina Meyer,Kara,3
8840,4935,Pete Postlethwaite,Gilbert,4
8840,11355,Jason Isaacs,Lord Felton,5
8840,2719,Brian Thompson,Brok,6
8840,1666,Julie Christie,Queen Aislinn,7
8840,59075,Lee Oakes,Young (Prince) Einon,8
8840,260536,Wolf Christian,Hewe,9
1493,18277,Sandra Bullock,Gracie Hart,0
1493,3895,Michael Caine,Victor Melling,1
1493,4589,Benjamin Bratt,Eric Matthews,2
1493,11850,Candice Bergen,Kathy Morningside,3
1493,1748,William Shatner,Stan Fields,4
1493,8874,Ernie Hudson,McDonald,5
1493,141484,John DiResta,Agent Clonsky,6
1493,26716,Heather Burns,Cheryl 'New York',7
1493,75696,Melissa De Sousa,Karen 'Rhode Island',8
1493,131125,Steve Monroe,Frank Tobin,9
285,85,Johnny Depp,Jack Sparrow,0
285,118,Geoffrey Rush,Barbossa,1
285,114,Orlando Bloom,Will Turner,2
285,116,Keira Knightley,Elizabeth Swann,3
285,1709,Jack Davenport,Norrington,4
285,2440,Bill Nighy,Davy Jones,5
285,378,Jonathan Pryce,Governor Weatherby Swann,6
285,1710,Lee Arenberg,Pintel,7
285,1711,Mackenzie Crook,Ragetti,8
285,2449,Kevin McNally,Gibbs,9
2657,2219,Tobey Maguire,David,0
2657,368,Reese Witherspoon,Jennifer,1
2657,3905,William H. Macy,George Parker,2
2657,11148,Joan Allen,Betty Parker,3
2657,8447,Jeff Daniels,Mr. Johnson,4
2657,22131,J.T. Walsh,Big Bob,5
2657,8167,Paul Walker,Skip,6
2657,27726,Don Knotts,TV Repairman,7
2657,6407,Marley Shelton,Margaret Henderson,8
2657,27725,Jane Kaczmarek,David's Mom,9
207703,1303037,Taron Egerton,Gary 'Eggsy' Unwin,0
207703,5472,Colin Firth,Harry Hart / Galahad,1
207703,2231,Samuel L. Jackson,Valentine,2
207703,2983,Mark Strong,Merlin,3
207703,1282054,Sophie Cookson,Roxy,4
207703,568657,Sofia Boutella,Gazelle,5
207703,3895,Michael Caine,Arthur,6
207703,1322314,Edward Holcroft,Charlie,7
207703,931785,Hanna Alström,Princess Tilde,8
207703,78952,Samantha Womack,Michelle Unwin,9
49538,5530,James McAvoy,Charles Xavier (24 Years),0
49538,17288,Michael Fassbender,Erik Lehnsherr,1
49538,72129,Jennifer Lawrence,Raven / Mystique,2
49538,9827,Rose Byrne,Moira MacTaggert,3
49538,4724,Kevin Bacon,Sebastian Shaw,4
49538,31717,January Jones,Emma Frost,5
49538,3292,Nicholas Hoult,Hank / Beast,6
49538,429,Lucas Till,Alex Summers / Havok,7
49538,37153,Zoë Kravitz,Angel Salvadore,8
49538,572541,Caleb Landry Jones,Cassidy / Banshee,9
16320,51797,Nathan Fillion,Malcolm 'Mal' Reynolds,0
16320,54881,Summer Glau,River Tam,1
16320,9576,Gina Torres,Zoë Alleyne Washburne,2
16320,21088,Alan Tudyk,Hoban 'Wash' Washburne,3
16320,54882,Morena Baccarin,Inara Serra,4
16320,2059,Adam Baldwin,Jayne Cobb,5
16320,72092,Jewel Staite,Kaywinnet Lee 'Kaylee' Frye,6
16320,55148,Sean Maher,Simon Tam,7
16320,74570,Ron Glass,Shepherd Derrial Book,8
16320,5294,Chiwetel Ejiofor,The Operative,9
1491,819,Edward Norton,Eisenheim,0
1491,13242,Paul Giamatti,Inspector Uhl,1
1491,10860,Jessica Biel,Sophie,2
1491,17328,Rufus Sewell,Crown Prince Leopold,3
1491,1665,Eddie Marsan,Josef Fischer,4
1491,27428,Aaron Taylor-Johnson,Young Eisenheim,5
1491,73357,Eleanor Tomlinson,Young Sophie,6
1491,162489,Jake Wood,Jurka,7
1491,27678,Tom Fisher,Willigut,8
1491,39186,Karl Johnson,Doctor / Old Man,9
9451,4756,Matthew Broderick,Jim McAllister,0
9451,368,Reese Witherspoon,Tracy Flick,1
9451,21594,Chris Klein,Paul Metzler,2
9451,58032,Jessica Campbell,Tammy Metzler,3
9451,88949,Mark Harelik,Dave Novotny,4
9451,58741,Phil Reeves,Walt Hendricks,5
9451,58045,Molly Hagan,Diane McAllister,6
9451,996758,Delaney Driscoll,Linda Novotny,7
9451,13023,Colleen Camp,Judith Flick,8
9451,1015780,Frankie Ingrassia,Lisa Flanagan,9
392,1137,Juliette Binoche,Vianne Rocher,0
392,5309,Judi Dench,Armande Voizin,1
392,658,Alfred Molina,Count Paul de Reynaud,2
392,5313,Lena Olin,Josephine Muscat,3
392,85,Johnny Depp,Roux,4
392,5312,Hugh O'Conor,Father Henri,5
392,530,Carrie-Anne Moss,Caroline Clairmont,6
392,8937,John Wood,Guillaume Blerot,7
392,53,Peter Stormare,Serge Muscat,8
392,5320,Leslie Caron,Mrs. Audel,9
957,8984,Bill Pullman,Lone Starr,0
957,8872,Rick Moranis,Dark Helmet,1
957,14639,Mel Brooks,President Skroob / Yogurt,2
957,7180,John Candy,Barf,3
957,14668,Daphne Zuniga,Princess Vespa,4
957,14671,Dick Van Patten,King Roland,5
957,14669,George Wyner,Colonel Sandurz,6
957,14672,Michael Winslow,Radar Technician,7
957,14670,Joan Rivers,Dot Matrix (voice),8
957,14673,Lorene Yarnell Jansson,Dot Matrix,9
9737,2888,Will Smith,Mike Lowrey,0
9737,78029,Martin Lawrence,Marcus Burnett,1
9737,4939,Téa Leoni,Julie Mott,2
9737,10698,Tchéky Karyo,Fouchet,3
9737,532,Joe Pantoliano,Captain Howard,4
9737,4604,Theresa Randle,Theresa Burnett,5
9737,19838,Marg Helgenberger,Alison Sinclair,6
9737,14331,Nestor Serrano,Detective Sanchez,7
9737,17413,Julio Oscar Mechoso,Detective Ruiz,8
9737,56691,Saverio Guerra,Chet The Doorman,9
942,2461,Mel Gibson,Martin Riggs,0
942,2047,Danny Glover,Roger Murtaugh,1
942,4517,Joe Pesci,Leo Getz,2
942,14324,Joss Ackland,Arjen Rudd,3
942,14325,Derrick O'Connor,Pieter Vorstedt,4
942,14326,Patsy Kensit,Rika Van Den Haas,5
942,14313,Darlene Love,Trish Murtaugh,6
942,14314,Traci Wolfe,Rianne Murtaugh,7
942,6576,Mark Rolston,Hans,8
942,14328,Steve Kahan,Captain Murphy,9
9326,3392,Michael Douglas,Jack T. Colton,0
9326,3391,Kathleen Turner,Joan Wilder,1
9326,518,Danny DeVito,Ralph,2
9326,57312,Zack Norman,Ira,3
9326,22767,Alfonso Arau,Juan,4
9326,236686,Manuel Ojeda,Zolo,5
9326,11318,Holland Taylor,Gloria,6
9326,23967,Mary Ellen Trainor,Elaine,7
9326,1178195,Eve Smith,Mrs. Irwin,8
9326,140586,Joe Nesnow,Super,9
184,2230,Pam Grier,Jackie Brown,0
184,2231,Samuel L. Jackson,Ordell Robbie,1
184,380,Robert De Niro,Louis Gara,2
184,2233,Bridget Fonda,Melanie Ralston,3
184,2232,Michael Keaton,Ray Nicolette,4
184,5694,Robert Forster,Max Cherry,5
184,2234,Michael Bowen,Mark Dargus,6
184,66,Chris Tucker,Beaumont Livingston,7
184,64908,LisaGay Hamilton,Sheronda,8
184,8396,Tommy Lister Jr.,Winston,9
9593,1100,Arnold Schwarzenegger,Jack Slater / Self,0
9593,58119,Austin O'Brien,Danny Madigan,1
9593,20751,Bridgette Wilson,Whitney / Meredith,2
9593,1164,F. Murray Abraham,John Practice,3
9593,40176,Art Carney,Frank,4
9593,4391,Charles Dance,Benedict,5
9593,1735,Frank McRae,Lieutenant Dekker,6
9593,119232,Tom Noonan,Ripper / Tommy Noonan,7
9593,10360,Robert Prosky,Nick,8
9593,5401,Anthony Quinn,Tony Vivaldi,9
850,4778,Melinda Dillon,Mother,0
850,7333,Darren McGavin,The Old Man,1
850,12708,Peter Billingsley,Ralphie,2
850,12699,Jean Shepherd,Ralphie as an Adult (voice),3
850,12709,Ian Petrella,Randy,4
850,12710,Scott Schwartz,Flick,5
850,12711,R.D. Robb,Schwartz,6
850,12712,Tedde Moore,Miss Shields,7
850,12713,Yano Anaya,Grover Dill,8
850,12714,Zack Ward,Scut Farkus,9
4922,287,Brad Pitt,Benjamin Button,0
4922,112,Cate Blanchett,Daisy Fuller,1
4922,40036,Taraji P. Henson,Queenie,2
4922,15887,Julia Ormond,Caroline Fuller,3
4922,973,Jason Flemyng,Thomas Button,4
4922,3063,Tilda Swinton,Elizabeth Abbott,5
4922,932967,Mahershala Ali,Tizzy Weathers,6
4922,15440,Jared Harris,Captain Mike,7
4922,13550,Elias Koteas,Monsieur Gateau,8
4922,17184,Phyllis Somerville,Grandma Fuller,9
318846,4495,Steve Carell,Mark Baum,0
318846,3894,Christian Bale,Michael Burry,1
318846,30614,Ryan Gosling,Jared Vennett,2
318846,287,Brad Pitt,Ben Rickert,3
318846,3141,Marisa Tomei,Cynthia Baum,4
318846,6832,Melissa Leo,Georgia Hale,5
318846,184581,Hamish Linklater,Porter Collins,6
318846,37154,John Magaro,Charlie Geller,7
318846,28847,Rafe Spall,Danny Moses,8
318846,239271,Jeremy Strong,Vinny Daniel,9
9489,5344,Meg Ryan,Kathleen Kelly,0
9489,31,Tom Hanks,Joe Fox,1
9489,17141,Greg Kinnear,Frank Navasky,2
9489,7489,Parker Posey,Patricia Eden,3
9489,26716,Heather Burns,Christina Plutzker,4
9489,4169,Dave Chappelle,Kevin Jackson,5
9489,28933,Jean Stapleton,Birdie Conrad,6
9489,18324,Steve Zahn,George Pappas,7
9489,12850,Dabney Coleman,Nelson Fox,8
9489,18649,John Randolph,Schulyer Fox,9
10674,21702,Ming-Na Wen,Mulan (voice),0
10674,776,Eddie Murphy,Mushu (voice),1
10674,14592,BD Wong,Shang (voice),2
10674,15860,Miguel Ferrer,Shan-Yu (voice),3
10674,7420,Harvey Fierstein,Yao (voice),4
10674,51754,Freda Foh Shen,Fa Li (voice),5
10674,15098,June Foray,Grandmother Fa (voice),6
10674,20904,James Hong,Chi Fu (voice),7
10674,6199,Miriam Margolyes,The Matchmaker (voice),8
10674,23915,Pat Morita,The Emperor (voice),9
9612,707,Dan Aykroyd,Beldar,0
9612,58184,Jane Curtin,Prymatt,1
9612,21731,Michael McKean,"Gorman Seedling, INS Deputy Commissioner",2
9612,35159,Laraine Newman,Laarta,3
9612,1206,Jason Alexander,Larry Farber,4
9612,9259,Lisa Jane Persky,Lisa Farber,5
9612,58198,Chris Farley,Ronnie the Mechanic,6
9612,60950,David Spade,"Eli Turnbull, INS Agent",7
9612,57119,Sinbad,Otto,8
9612,14104,Phil Hartman,Marlax,9
9398,7399,Ben Stiller,Derek Zoolander,0
9398,887,Owen Wilson,Hansel,1
9398,15286,Christine Taylor,Matilda Jeffries,2
9398,23659,Will Ferrell,Mugatu,3
9398,63,Milla Jovovich,Katinka,4
9398,26042,Jerry Stiller,Maury Ballstein,5
9398,12640,David Duchovny,J.P. Prewitt,6
9398,10127,Jon Voight,Larry Zoolander,7
9398,52860,Judah Friedlander,Scrappy Zoolander,8
9398,203809,Nathan Lee Graham,Todd,9
59967,24045,Joseph Gordon-Levitt,Joe,0
59967,62,Bruce Willis,Old Joe,1
59967,5081,Emily Blunt,Sara,2
59967,17142,Paul Dano,Seth,3
59967,48312,Noah Segan,Kid Blue,4
59967,15555,Piper Perabo,Suzie,5
59967,8447,Jeff Daniels,Abe,6
59967,992427,Pierce Gagnon,Cid,7
59967,78879,Xu Qing,Old Joe's Wife,8
59967,10580,Tracie Thoms,Beatrix,9
1824,19292,Adam Sandler,Henry Roth,0
1824,69597,Drew Barrymore,Lucy Whitmore,1
1824,60949,Rob Schneider,Ula,2
1824,1328,Sean Astin,Doug Whitmore,3
1824,19293,Lusia Strus,Alexa,4
1824,707,Dan Aykroyd,Dr. Keats,5
1824,59401,Amy Hill,Sue,6
1824,20818,Allen Covert,Ten Second Tom,7
1824,21485,Blake Clark,Marlin Whitmore,8
1824,52792,Maya Rudolph,Stacy,9
322,2228,Sean Penn,Jimmy Markum,0
322,504,Tim Robbins,Dave Boyle,1
322,4724,Kevin Bacon,Sean Devine,2
322,2975,Laurence Fishburne,Whitey Powers,3
322,4726,Marcia Gay Harden,Celeste Boyle,4
322,350,Laura Linney,Annabeth Markum,5
322,4728,Kevin Chapman,Val Savage,6
322,4729,Tom Guiry,Brendan Harris,7
322,4730,Emmy Rossum,Katie Markum,8
322,4012,Spencer Treat Clark,Silent Ray Harris,9
22538,39995,Michael Cera,Scott Pilgrim,0
22538,17628,Mary Elizabeth Winstead,Ramona Flowers,1
22538,88902,Ellen Wong,Knives Chau,2
22538,18793,Kieran Culkin,Wallace Wells,3
22538,17486,Alison Pill,Kim Pine,4
22538,4451,Mark Webber,Stephen Stills,5
22538,27104,Johnny Simmons,Young Neil,6
22538,17881,Jason Schwartzman,Gideon Graves,7
22538,84223,Anna Kendrick,Stacey Pilgrim,8
22538,119592,Aubrey Plaza,Julie Powers,9
826,8252,William Holden,Cmdr. Shears,0
826,12248,Alec Guinness,Col. Nicholson,1
826,10018,Jack Hawkins,Maj. Warden,2
826,12249,Sessue Hayakawa,Col. Saito,3
826,12250,James Donald,Maj. Clipton,4
826,12251,Geoffrey Horne,Lt. Joyce,5
826,10029,André Morell,Col. Green,6
826,12252,Peter Williams,Capt. Reeves,7
826,1075445,John Boxer,Major Hughes,8
826,33220,Percy Herbert,Grogan,9
10895,67371,Dickie Jones,Pinocchio / Alexander (voice) (uncredited),0
10895,30236,Cliff Edwards,Jiminy Cricket (voice) (uncredited),1
10895,985275,Christian Rub,Geppetto (voice) (uncredited),2
10895,117073,Evelyn Venable,The Blue Fairy (voice) (uncredited),3
10895,13819,Walter Catlett,'Honest John' Worthington Foulfellow (voice) (uncredited),4
10895,33923,Mel Blanc,Gideon (hiccup) (voice) (uncredited),5
10895,96053,Charles Judels,Stromboli / The Coachman (voice) (uncredited),6
10895,67370,Frankie Darro,Lampwick (voice) (uncredited),7
10895,67369,Don Brodie,Carnival Barker (voice) (uncredited),8
10895,5463,Marion Darlington,Birds (voice) (uncredited),9
1091,6856,Kurt Russell,MacReady,0
1091,11065,Wilford Brimley,Blair,1
1091,15411,T.K. Carter,Nauls,2
1091,15412,David Clennon,Palmer,3
1091,65827,Keith David,Childs,4
1091,15413,Richard Dysart,Dr. Copper,5
1091,15414,Charles Hallahan,Norris,6
1091,15415,Peter Maloney,Bennings,7
1091,15416,Richard Masur,Clark,8
1091,15417,Donald Moffat,Garry,9
2034,5292,Denzel Washington,Alonzo,0
2034,569,Ethan Hawke,Jake,1
2034,349,Scott Glenn,Roger,2
2034,13022,Tom Berenger,Stan Gursky,3
2034,1166,Harris Yulin,Doug Rosselli,4
2034,10361,Raymond J. Barry,Lou Jacobs,5
2034,7248,Cliff Curtis,Smiley,6
2034,2041,Dr. Dre,Paul,7
2034,19767,Snoop Dogg,Blue,8
2034,60560,Macy Gray,Sandman's Wife,9
9348,57395,Natasha Henstridge,Sil,0
9348,2282,Ben Kingsley,Xavier Fitch,1
9348,147,Michael Madsen,Preston Lennox,2
9348,19838,Marg Helgenberger,Dr. Laura Baker,3
9348,658,Alfred Molina,Dr. Stephen Arden,4
9348,2178,Forest Whitaker,"Dan Smithson, Empath",5
9348,1812,Michelle Williams,Young Sil,6
9348,33713,Jordan Lund,Aide,7
9348,136482,Herta Ware,Mrs. Morris,8
9348,102580,William Utay,Colleague,9
4247,1772,Anna Faris,Cindy,0
4247,35705,Regina Hall,Brenda,1
4247,9562,Marlon Wayans,Shorty,2
4247,35690,Shawn Wayans,Ray,3
4247,17866,Jon Abrahams,Bobby,4
4247,58058,Lochlyn Munro,Greg,5
4247,21596,Shannon Elizabeth,Buffy,6
4247,35701,Dave Sheridan,The Killer / Doofy,7
4247,60252,Cheri Oteri,Gail Hailstorm,8
4247,68634,Tanja Reichert,Miss Congeniality,9
299536,3223,Robert Downey Jr.,Tony Stark / Iron Man,0
299536,16828,Chris Evans,Steve Rogers / Captain America,1
299536,74568,Chris Hemsworth,Thor,2
299536,16851,Josh Brolin,Thanos,3
299536,103,Mark Ruffalo,Bruce Banner / Hulk,4
299536,1245,Scarlett Johansson,Natasha Romanoff / Black Widow,5
299536,1896,Don Cheadle,James Rhodes / War Machine,6
299536,71580,Benedict Cumberbatch,Doctor Strange,7
299536,1136406,Tom Holland,Peter Parker / Spider-Man,8
299536,172069,Chadwick Boseman,T'Challa / Black Panther,9
2109,18897,Jackie Chan,Lee,0
2109,66,Chris Tucker,Carter,1
2109,207,Tom Wilkinson,Griffin,2
2109,4492,Philip Baker Hall,Captain Diel,3
2109,7430,Elizabeth Peña,Johnson,4
2109,2969,Chris Penn,Clive,5
2109,6576,Mark Rolston,Agent Russ,6
2109,21629,Tzi Ma,Consul Han,7
2109,16937,Rex Linn,Agent Whitney,8
2109,2131,Ken Leung,Sang,9
9255,6952,Charlie Sheen,Topper Harley,0
9255,2177,Lloyd Bridges,President Thomas 'Tug' Benson,1
9255,3124,Valeria Golino,Ramada Rodham Hayman,2
9255,16554,Richard Crenna,Col. Denton Walters,3
9255,10730,Rowan Atkinson,Dexter Hayman,4
9255,15860,Miguel Ferrer,Commander Arvid Harbinger,5
9255,32290,Brenda Bakke,Michelle Rodham Huddleston,6
9255,1000228,Jerry Haleva,Saddam Hussein,7
9255,92811,David Wohl,Gerou,8
9255,14312,Mitchell Ryan,Gray Edwards,9
9522,887,Owen Wilson,John Beckwith,0
9522,4937,Vince Vaughn,Jeremy Grey,1
9522,4690,Christopher Walken,Secretary Cleary,2
9522,53714,Rachel McAdams,Claire Cleary,3
9522,52848,Isla Fisher,Gloria Cleary,4
9522,10223,Jane Seymour,Kathleen Cleary,5
9522,85171,Ellen Albertini Dow,Grandma Mary Cleary,6
9522,39213,Keir O'Donnell,Todd Cleary,7
9522,51329,Bradley Cooper,Sack Lodge,8
9522,85170,Ron Canada,Randolph,9
9340,1328,Sean Astin,Mikey,0
9340,16851,Josh Brolin,Brand,1
9340,57371,Jeff Cohen,Chunk,2
9340,3034,Corey Feldman,Mouth,3
9340,57372,Kerri Green,Andy,4
9340,17495,Martha Plimpton,Stef,5
9340,690,Ke Huy Quan,Data,6
9340,64120,John Matuszak,Sloth,7
9340,2055,Robert Davi,Jake,8
9340,532,Joe Pantoliano,Francis,9
11971,7056,Emma Thompson,Beatrice,0
11971,11181,Kenneth Branagh,Benedick,1
11971,3967,Kate Beckinsale,Hero,2
11971,5292,Denzel Washington,Don Pedro,3
11971,2232,Michael Keaton,Dogberry,4
11971,6384,Keanu Reeves,Don John,5
11971,2692,Robert Sean Leonard,Claudio,6
11971,29859,Richard Briers,Signor Leonato,7
11971,11356,Imelda Staunton,Margaret,8
11971,151797,Jimmy Yuill,Friar Francis,9
296,1100,Arnold Schwarzenegger,The Terminator,0
296,6408,Nick Stahl,John Connor,1
296,6194,Claire Danes,Kate Brewster,2
296,7218,Kristanna Loken,T-X,3
296,2716,Earl Boen,Dr. Peter Silberman,4
296,7219,David Andrews,Robert Brewster,5
296,74285,Carolyn Hennesy,Rich Woman,6
296,42547,Jay Acovone,Cop - Westside Street,7
296,7220,Mark Famiglietti,Scott Petersen,8
296,927959,Moira Sinise,Betsy,9
5915,46593,Emile Hirsch,Christopher McCandless / Alexander Supertramp,0
5915,4726,Marcia Gay Harden,Billie McCandless,1
5915,227,William Hurt,Walt McCandless,2
5915,20089,Jena Malone,Carine McCandless / Additional Narration (voice),3
5915,46594,Brian H. Dierker,Rainey,4
5915,2229,Catherine Keener,Jan Burres,5
5915,4937,Vince Vaughn,Wayne Westerberg,6
5915,37917,Kristen Stewart,Tracy Tatro,7
5915,11066,Hal Holbrook,"Ronald ""Ron"" Franz",8
5915,20258,Thure Lindhardt,Mads,9
10195,74568,Chris Hemsworth,Thor,0
10195,524,Natalie Portman,Jane Foster,1
10195,91606,Tom Hiddleston,Loki,2
10195,4173,Anthony Hopkins,Odin,3
10195,1640,Stellan Skarsgård,Erik Selvig,4
10195,52852,Kat Dennings,Darcy Lewis,5
10195,9048,Clark Gregg,Agent Coulson,6
10195,10132,Colm Feore,King Laufey,7
10195,17605,Idris Elba,Heimdall,8
10195,56614,Ray Stevenson,Volstagg,9
269149,417,Ginnifer Goodwin,Judy Hopps (voice),0
269149,23532,Jason Bateman,Nick Wilde (voice),1
269149,17605,Idris Elba,Chief Bogo (voice),2
269149,213001,Jenny Slate,Bellwether (voice),3
269149,41565,Nate Torrence,Clawhauser (voice),4
269149,5149,Bonnie Hunt,Bonnie Hopps (voice),5
269149,27530,Don Lake,Stu Hopps (voice),6
269149,63208,Tommy Chong,Yax (voice),7
269149,18999,J.K. Simmons,Mayor Lionheart (voice),8
269149,6944,Octavia Spencer,Mrs. Otterton (voice),9
435,6065,Dennis Quaid,Jack Hall,0
435,131,Jake Gyllenhaal,Sam Hall,1
435,65,Ian Holm,Terry Rapson,2
435,4730,Emmy Rossum,Laura Chapman,3
435,6068,Sela Ward,Dr. Lucy Hall,4
435,6066,Dash Mihok,Jason Evans,5
435,6074,Kenneth Welsh,Vice President Becker,6
435,6067,Jay O. Sanders,Frank Harris,7
435,6069,Austin Nichols,J.D.,8
435,64457,Perry King,President Blake,9
658,738,Sean Connery,James Bond,0
658,9908,Gert Fröbe,Auric Goldfinger,1
658,9907,Honor Blackman,Pussy Galore,2
658,9911,Harold Sakata,Oddjob,3
658,9909,Shirley Eaton,Jill Masterson,4
658,9910,Tania Mallet,Tilly Masterson,5
658,9874,Bernard Lee,M,6
658,9912,Martin Benson,Martin Solo,7
658,9913,Cec Linder,Felix Leiter,8
658,9914,Austin Willis,Simmons,9
2666,17328,Rufus Sewell,John Murdoch,0
2666,227,William Hurt,Inspector Frank Bumstead,1
2666,2628,Kiefer Sutherland,Dr. Daniel P. Schreber,2
2666,6161,Jennifer Connelly,Emma Murdoch,3
2666,13474,Richard O'Brien,Mr. Hand,4
2666,385,Ian Richardson,Mr. Book,5
2666,27752,Bruce Spence,Mr. Wall,6
2666,27753,Colin Friels,Det. Eddie Walenski,7
2666,8398,John Bluthal,Karl Harris,8
2666,27754,Mitchell Butel,Officer Husselbeck,9
8839,56057,Malachi Pearson,Casper (voice),0
8839,6886,Christina Ricci,Kat,1
8839,8984,Bill Pullman,Dr. Harvey,2
8839,14702,Cathy Moriarty,Carrigan,3
8839,10713,Eric Idle,Dibs,4
8839,86434,Joe Alaskey,Stinkie (voice),5
8839,159788,Joe Nipote,Stretch (voice),6
8839,18,Brad Garrett,Fatso (voice),7
8839,50398,Devon Sawa,Casper on Screen,8
8839,88599,Chauncey Leopardi,Nicky,9
766,11357,Bruce Campbell,Ash,0
766,6368,Embeth Davidtz,Sheila,1
766,11763,Marcus Gilbert,Arthur,2
766,11764,Ian Abercrombie,Wiseman,3
766,11765,Richard Grove,Duke Henry,4
766,11767,Michael Earl Reid,Gold Tooth,5
766,11766,Timothy Patrick Quill,Blacksmith,6
766,2233,Bridget Fonda,Linda,7
766,11768,Patricia Tallman,Possessed Witch,8
766,11769,Ted Raimi,Cowardly Warrior / Second Supportive Villager / S-Mart Clerk,9
801,2157,Robin Williams,Adrian Cronauer,0
801,2178,Forest Whitaker,Edward Garlick,1
801,11960,Tom T. Tran,Tuan,2
801,11961,Chintara Sukapatana,Trinh,3
801,9257,Bruno Kirby,Lt. Steven Hauk,4
801,4040,Robert Wuhl,Marty Lee Dreiwitz,5
801,22131,J.T. Walsh,Sgt. Major Dickerson,6
801,31005,Noble Willingham,Gen. Taylor,7
801,6396,Richard Edson,Pvt. Abersold,8
801,14330,Juney Smith,Phil McPherson,9
168,1748,William Shatner,Admiral James T. Kirk,0
168,1749,Leonard Nimoy,Captain Spock,1
168,1750,DeForest Kelley,Dr. Leonard 'Bones' McCoy,2
168,1751,James Doohan,Captain Montgomery 'Scotty' Scott,3
168,1752,George Takei,Cmdr. Hikaru Sulu,4
168,1754,Walter Koenig,Cmdr. Pavel Chekov,5
168,1753,Nichelle Nichols,Cmdr. Uhura,6
168,1820,Mark Lenard,Sarek,7
168,2021,Jane Wyatt,Amanda,8
168,1755,Majel Barrett,Commander Chapel,9
12498,879,Billy Bob Thornton,Karl Childers,0
12498,20309,Dwight Yoakam,Doyle Hargraves,1
12498,22131,J.T. Walsh,Charles Bushman,2
12498,27772,John Ritter,Vaughan Cunningham,3
12498,155,Lucas Black,Frank Wheatley,4
12498,71886,Natalie Canerday,Linda Wheatley,5
12498,14848,James Hampton,Jerry Woolridge,6
12498,3087,Robert Duvall,Karl's Father,7
12498,308843,Rick Dial,Bill Cox,8
12498,15011,Brent Briscoe,Scooter Hodges,9
6488,8447,Jeff Daniels,Ross Jennings,0
6488,27106,Harley Jane Kozak,Molly Jennings,1
6488,1230,John Goodman,Delbert McClintock,2
6488,6104,Julian Sands,Dr. James Atherton,3
6488,27238,Brian McNamara,Chris Collins,4
6488,52043,Stuart Pankin,Sheriff Parsons,5
6488,5732,Henry Jones,Dr. Sam Metcalf,6
6488,6916,Peter Jason,Henry Beechwood,7
6488,78003,Mark L. Taylor,Jerry Manley,8
6488,51551,James Handy,Milton Briggs,9
64690,30614,Ryan Gosling,Driver,0
64690,36662,Carey Mulligan,Irene,1
64690,17419,Bryan Cranston,Shannon,2
64690,13,Albert Brooks,Bernie Rose,3
64690,25072,Oscar Isaac,Standard,4
64690,110014,Christina Hendricks,Blanche,5
64690,2372,Ron Perlman,Nino,6
64690,972270,Kaden Leos,Benicio,7
64690,51303,Jeff Wolfe,Tan Suit,8
64690,37156,James Biberi,Cook,9
1402,2888,Will Smith,Chris Gardner,0
1402,120724,Jaden Smith,Christopher,1
1402,9030,Thandiwe Newton,Linda,2
1402,1990,Brian Howe,Jay Twistle,3
1402,14852,James Karen,Martin Frohm,4
1402,198,Dan Castellaneta,Alan Frakesh,5
1402,29685,Kurt Fuller,Walter Ribbon,6
1402,33500,Takayo Fischer,Mrs. Chu,7
1402,57869,Kevin West,World's Greatest Dad,8
1402,16580,George Cheung,Chinese Maintenance Worker,9
714,517,Pierce Brosnan,James Bond,0
714,378,Jonathan Pryce,Elliot Carver,1
714,1620,Michelle Yeoh,Wai Lin,2
714,10742,Teri Hatcher,Paris Carver,3
714,10743,Ricky Jay,Henry Gupta,4
714,10744,Götz Otto,Stamper,5
714,10671,Joe Don Baker,Wade,6
714,3418,Vincent Schiavelli,Dr. Kaufman,7
714,5309,Judi Dench,M,8
714,9906,Desmond Llewelyn,Q,9
2323,1269,Kevin Costner,Ray Kinsella,0
2323,23882,Amy Madigan,Annie Kinsella,1
2323,12930,Gaby Hoffmann,Karin Kinsella,2
2323,11477,Ray Liotta,"""Shoeless"" Joe Jackson",3
2323,23881,Timothy Busfield,Mark,4
2323,15152,James Earl Jones,Terrence Mann,5
2323,13784,Burt Lancaster,"Doc ""Moonlight"" Graham",6
2323,11805,Frank Whaley,Archie Graham,7
2323,23974,Dwier Brown,John Kinsella,8
2323,111594,James Andelin,Feed Store Farmer,9
205,1896,Don Cheadle,Paul Rusesabagina,0
205,2598,Sophie Okonedo,Tatiana Rusesabagina,1
205,1733,Nick Nolte,Colonel Oliver,2
205,2607,Fana Mokoena,General Bizimungu,3
205,2602,Desmond Dube,Dube,4
205,2603,Hakeem Kae-Kazim,George Rutaganda,5
205,2606,Tony Kgoroge,Gregoire,6
205,2617,Cara Seymour,Pat Archer,7
205,2482,David O'Hara,David,8
205,73421,Joaquin Phoenix,Jack Daglish,9
927,16170,Zach Galligan,Billy Peltzer,0
927,16171,Phoebe Cates,Kate Beringer,1
927,16166,Hoyt Axton,Randall Peltzer,2
927,1070,Frances Lee McCain,Lynn Peltzer,3
927,3034,Corey Feldman,Pete Fountaine,4
927,16103,Keye Luke,Grandfather (Mr. Wing),5
927,16167,John Louie,Chinese Boy,6
927,102441,Dick Miller,Murray Futterman,7
927,16182,Jackie Joseph,Sheila Futterman,8
927,11715,Polly Holliday,Ruby Deagle,9
8193,53926,Jon Heder,Napoleon Dynamite,0
8193,20190,Efren Ramirez,Pedro Sanchez,1
8193,53930,Tina Majorino,Deb,2
8193,53927,Aaron Ruell,Kip,3
8193,9629,Jon Gries,Uncle Rico,4
8193,53931,Sandy Martin,Grandma,5
8193,5727,Diedrich Bader,Rex,6
8193,53929,Haylie Duff,Summer Wheatley,7
8193,53932,Trevor Snarr,Don,8
8193,53928,Shondrella Avery,Lafawnduh,9
963,4110,Humphrey Bogart,Samuel Spade,0
963,13992,Mary Astor,Brigid O'Shaughnessy,1
963,14450,Gladys George,Iva Archer,2
963,2094,Peter Lorre,Joel Cairo,3
963,14451,Barton MacLane,Lt. of Detectives Dundy,4
963,5740,Lee Patrick,Effie Perine,5
963,4114,Sydney Greenstreet,Kasper Gutman,6
963,4303,Ward Bond,Detective Tom Polhaus,7
963,14452,Jerome Cowan,Miles Archer,8
963,3339,Elisha Cook Jr.,Wilmer Cook,9
756,565402,Deems Taylor,Narrator - Narrative Introductions,0
756,2106,Walt Disney,Mickey Mouse (segment 'The Sorcerer's Apprentice') (voice),1
756,1098082,Julietta Novis,Soloist (segment 'Ave Maria') (singing voice),2
756,233471,Leopold Stokowski,Self - Conductor of The Philadelphia Orchestra,3
652,287,Brad Pitt,Achilles,0
652,114,Orlando Bloom,Paris,1
652,8783,Eric Bana,Hector,2
652,1248,Brian Cox,Agamemnon,3
652,48,Sean Bean,Odysseus,4
652,2039,Brendan Gleeson,Menelaus,5
652,9824,Diane Kruger,Helen,6
652,11390,Peter O'Toole,Priam,7
652,9827,Rose Byrne,Briseis,8
652,9825,Saffron Burrows,Andromache,9
20352,4495,Steve Carell,Gru (voice),0
20352,41088,Jason Segel,Vector (voice),1
20352,59919,Russell Brand,Dr. Nefario (voice),2
20352,5823,Julie Andrews,Gru's Mother (voice),3
20352,21200,Will Arnett,Mr. Perkins (voice),4
20352,41091,Kristen Wiig,Miss Hattie (voice),5
20352,17743,Miranda Cosgrove,Margo (voice),6
20352,124750,Dana Gaier Ellis,Edith (voice),7
20352,122851,Elsie Fisher,Agnes (voice),8
20352,124747,Pierre Coffin,Tim / Bob / Mark / Phil / Stuart (voice),9
3981,2461,Mel Gibson,Nick Marshall,0
3981,9994,Helen Hunt,Darcy McGuire,1
3981,3141,Marisa Tomei,Lola,2
3981,21278,Alan Alda,Dan Wanamaker,3
3981,34486,Ashley Johnson,Alex Marshall,4
3981,11365,Mark Feuerstein,Morgan Farwell,5
3981,34485,Lauren Holly,Gigi,6
3981,34487,Delta Burke,Eve,7
3981,26483,Valerie Perrine,Margo,8
3981,20750,Judy Greer,Erin,9
88,722,Jennifer Grey,Baby Houseman,0
88,723,Patrick Swayze,Johnny Castle,1
88,725,Jerry Orbach,Jake Houseman,2
88,724,Cynthia Rhodes,Penny Johnson,3
88,726,Jack Weston,Max Kellerman,4
88,727,Jane Brucker,Lisa Houseman,5
88,728,Kelly Bishop,Marjorie Houseman,6
88,729,Lonny Price,Neil Kellerman,7
88,730,Max Cantor,Robbie Gould,8
88,4198,"Charles ""Honi"" Coles",Tito Suarez,9
9294,8891,John Travolta,George Malley,0
9294,26467,Kyra Sedgwick,Lace Pennamin,1
9294,2178,Forest Whitaker,Nate Pope,2
9294,3087,Robert Duvall,Doc,3
9294,12645,Jeffrey DeMunn,Professor Ringold,4
9294,26660,Richard Kiley,Dr. Wellin,5
9294,59451,David Gallagher,Al,6
9294,106976,Ashley Buccille,Glory,7
9294,166606,Tony Genaro,Tito,8
9294,33836,Sean O'Bryan,Banes,9
36668,6968,Hugh Jackman,Logan / Wolverine,0
36668,4587,Halle Berry,Ororo Munroe / Storm,1
36668,1327,Ian McKellen,Erik Lehnsherr / Magneto,2
36668,2387,Patrick Stewart,Professor Charles Xavier,3
36668,10696,Famke Janssen,Jean Grey / Phoenix,4
36668,10690,Anna Paquin,Marie / Rogue,5
36668,7090,Kelsey Grammer,Dr. Henry 'Hank' McCoy / Beast,6
36668,11006,James Marsden,Scott Summers / Cyclops,7
36668,11008,Rebecca Romijn,Raven Darkholme / Mystique,8
36668,11023,Shawn Ashmore,Bobby Drake / Iceman,9
1640,1896,Don Cheadle,Det. Graham Waters,0
1640,18277,Sandra Bullock,Jean Cabot,1
1640,18269,Brendan Fraser,Rick Cabot,2
1640,2876,Matt Dillon,Officer John Ryan,3
1640,18285,Jennifer Esposito,Ria,4
1640,454,Michael Peña,Daniel Ruiz,5
1640,18288,Terrence Howard,Cameron Thayer,6
1640,9030,Thandiwe Newton,Christine Thayer,7
1640,8171,Ludacris,Anthony,8
1640,18291,Larenz Tate,Peter,9
532,7317,Peter Sallis,Wallace (voice),0
532,77287,Anne Reid,Wendolene (voice),1
594,31,Tom Hanks,Viktor Navorski,0
594,1922,Catherine Zeta-Jones,Amelia Warren,1
594,2283,Stanley Tucci,Frank Dixon,2
594,8687,Chi McBride,Mulroy,3
594,8688,Diego Luna,Enrique Cruz,4
594,8689,Barry Shabaka Henley,Thurman,5
594,8690,Kumar Pallana,Gupta Rajan,6
594,8691,Zoe Saldaña,Torres,7
594,8692,Eddie Jones,Salchak,8
594,8693,Jude Ciccolella,Karl Iverson,9
1538,500,Tom Cruise,Vincent,0
1538,134,Jamie Foxx,Max Durocher,1
1538,9575,Jada Pinkett Smith,Annie Farrell,2
1538,103,Mark Ruffalo,Det. Ray Fanning,3
1538,36602,Peter Berg,Richard Weidner,4
1538,3810,Javier Bardem,Felix Reyes-Torrena,5
1538,14888,Bruce McGill,Frank Pedrosa,6
1538,155283,Klea Scott,Zee,7
1538,8689,Barry Shabaka Henley,Daniel Baker,8
1538,43853,Irma P. Hall,Ida Durocher,9
9679,2963,Nicolas Cage,Memphis Raines,0
9679,11701,Angelina Jolie,Sara 'Sway' Wayland,1
9679,1771,Giovanni Ribisi,Kip Raines,2
9679,3087,Robert Duvall,Otto Halliwell,3
9679,18792,Delroy Lindo,Det. Roland Castlebeck,4
9679,18082,Timothy Olyphant,Detective Drycoff,5
9679,8687,Chi McBride,Donny Astricky,6
9679,2040,Christopher Eccleston,Raymond Calitri,7
9679,883,Will Patton,Atley Jackson,8
9679,10128,William Lee Scott,Toby,9
818,12073,Mike Myers,Austin Powers / Dr. Evil / Goldmember / Fat Bastard,0
818,14386,Beyoncé,Foxxy Cleopatra,1
818,13922,Seth Green,Scott Evil,2
818,13919,Michael York,Basil Exposition,3
818,9208,Robert Wagner,Number Two,4
818,13924,Mindy Sterling,Frau Farbissina,5
818,10987,Verne Troyer,Mini-Me,6
818,3895,Michael Caine,Nigel Powers,7
818,2223,Fred Savage,Number Three,8
818,14390,Diane Mizota,Fook Mi,9
401,5367,Zach Braff,Andrew Largeman,0
401,524,Natalie Portman,Sam,1
401,65,Ian Holm,Gideon Largeman,2
401,133,Peter Sarsgaard,Mark,3
401,5376,Jean Smart,Carol,4
401,19497,Armando Riesco,Jesse,5
401,5385,Jackie Hoffman,Aunt Sylvia Largeman,6
401,5384,Method Man,Diego,7
401,5395,Alex Burns,Dave,8
401,5372,Ron Leibman,Dr. Cohen,9
1771,16828,Chris Evans,Captain America / Steve Rogers,0
1771,39459,Hayley Atwell,Peggy Carter,1
1771,60898,Sebastian Stan,James Buchanan 'Bucky' Barnes,2
1771,2176,Tommy Lee Jones,Colonel Chester Phillips,3
1771,1331,Hugo Weaving,Johann Schmidt / Red Skull,4
1771,55470,Dominic Cooper,Howard Stark,5
1771,30315,Richard Armitage,Heinz Kruger,6
1771,2283,Stanley Tucci,Dr. Abraham Erskine,7
1771,2231,Samuel L. Jackson,Nick Fury,8
1771,13014,Toby Jones,Dr. Arnim Zola,9
3131,6193,Leonardo DiCaprio,Amsterdam Vallon,0
3131,11856,Daniel Day-Lewis,Bill 'The Butcher' Cutting,1
3131,6941,Cameron Diaz,Jenny Everdeane,2
3131,388,Jim Broadbent,Boss Tweed,3
3131,4764,John C. Reilly,Happy Jack,4
3131,9976,Henry Thomas,Johnny Sirocco,5
3131,3896,Liam Neeson,'Priest' Vallon,6
3131,2039,Brendan Gleeson,Walter 'Monk' McGinn,7
3131,480,Gary Lewis,McGloin,8
3131,1115,Stephen Graham,Shang,9
100402,16828,Chris Evans,Steve Rogers / Captain America,0
100402,2231,Samuel L. Jackson,Nick Fury,1
100402,1245,Scarlett Johansson,Natasha Romanoff / Black Widow,2
100402,4135,Robert Redford,Alexander Pierce,3
100402,60898,Sebastian Stan,Bucky Barnes / Winter Soldier,4
100402,53650,Anthony Mackie,Sam Wilson / Falcon,5
100402,71189,Cobie Smulders,Maria Hill,6
100402,81685,Frank Grillo,Brock Rumlow,7
100402,1018947,Maximiliano Hernández,Jasper Sitwell,8
100402,84247,Emily VanCamp,Kate / Agent 13,9
571,6929,Tippi Hedren,Melanie Daniels,0
571,8229,Rod Taylor,Mitch Brenner,1
571,5698,Jessica Tandy,Lydia Brenner,2
571,8231,Suzanne Pleshette,Annie Hayworth,3
571,5047,Veronica Cartwright,Cathy Brenner,4
571,8232,Ethel Griffies,Mrs. Bundy,5
571,8233,Charles McGraw,Sebastian Sholes,6
571,85833,Ruth McDevitt,Mrs. MacGruder,7
571,95598,Lonny Chapman,Deke Carter,8
571,78937,Joe Mantell,Le voyageur de commerce au bar,9
74,500,Tom Cruise,Ray,0
74,501,Dakota Fanning,Rachel,1
74,502,Miranda Otto,Mary Ann,2
74,503,Justin Chatwin,Robbie,3
74,504,Tim Robbins,Harlan Ogilvy,4
74,53184,Rick Gonzalez,Vincent,5
74,75604,Yul Vazquez,Julio,6
74,37157,Lenny Venito,Manny the Mechanic,7
74,4494,Lisa Ann Walter,Bartender,8
74,103079,Ann Robinson,Grandmother,9
9886,6384,Keanu Reeves,Johnny Mnemonic,0
9886,2133,Dina Meyer,Jane,1
9886,3317,Takeshi Kitano,Takahashi,2
9886,21411,Ice-T,J-Bone,3
9886,16644,Dolph Lundgren,Street Preacher,4
9886,538687,Denis Akiyama,Shinji,5
9886,9290,Henry Rollins,Spider,6
9886,23378,Barbara Sukowa,Anna Kalmann,7
9886,1646,Udo Kier,Ralfi,8
9886,122159,Tracy Tweed,Pretty,9
101299,72129,Jennifer Lawrence,Katniss Everdeen,0
101299,27972,Josh Hutcherson,Peeta Mellark,1
101299,96066,Liam Hemsworth,Gale Hawthorne,2
101299,57755,Woody Harrelson,Haymitch Abernathy,3
101299,9281,Elizabeth Banks,Effie Trinket,4
101299,55636,Donald Sutherland,President Coriolanus Snow,5
101299,77069,Lenny Kravitz,Cinna,6
101299,1233,Philip Seymour Hoffman,Plutarch Heavensbee,7
101299,2954,Jeffrey Wright,Beetee Latier,8
101299,2283,Stanley Tucci,Caesar Flickerman,9
9372,57492,Morgan Spurlock,Self,0
9372,57493,Daryl Isaacs,Self - Internal Medicine,1
9372,57494,Lisa Ganjhu,Self - Gastroenterologist & Hepatologist,2
9372,57495,Stephen Siegel,Self - Cardiologist,3
9372,57496,Bridget Bennett,Self - Nutritionist & Dietician,4
9372,57498,Eric Rowley,Self - Exercise Physiologist,5
9372,57499,Mark Fenton,Self - Former Editor: Walking Magazine,6
9372,57500,Alexandra Jamieson,Self - Morgan's girlfriend & Vegan Chef,7
9372,57502,John Banzhaf,"Self - Law Professor, George Washington University",8
9372,57503,David Satcher,Self - Former U.S. Surgeon General,9
2757,2963,Nicolas Cage,Charlie Kaufman / Donald Kaufman,0
2757,5064,Meryl Streep,Susan Orlean,1
2757,2955,Chris Cooper,John Laroche,2
2757,3063,Tilda Swinton,Valerie Thomas,3
2757,29861,Jay Tavare,Matthew Osceola,4
2757,69302,Litefoot,Russell,5
2757,1635972,Roger Willie,Randy,6
2757,29862,Jim Beaver,Ranger Tony,7
2757,2617,Cara Seymour,Amelia Kavan,8
2757,17005,Doug Jones,Augustus Margary,9
9671,57147,Paul Hogan,Mick 'Crocodile Dundee',0
9671,57166,Linda Kozlowski,Sue Charlton,1
9671,14103,Mark Blum,Richard Mason,2
9671,53023,David Gulpilil,Neville Bell,3
9671,13938,Michael Lombard,Sam Charlton,4
9671,42841,John Meillon,Walter Reilly,5
9671,1040112,Ritchie Singer,Con,6
9671,1904687,Maggie Blinco,Ida,7
9671,954286,Steve Rackman,Donk,8
9671,955204,Gerry Skilton,Nugget,9
90,776,Eddie Murphy,Axel Foley,0
90,777,Judge Reinhold,Det. Billy Rosewood,1
90,778,John Ashton,Sgt. Taggart,2
90,779,Lisa Eilbacher,Jenny Summers,3
90,780,Ronny Cox,Lt. Bogomil,4
90,782,Steven Berkoff,Victor Maitland,5
90,785,James Russo,Mikey Tandino,6
90,783,Jonathan Banks,Zack,7
90,786,Stephen Elliott,Chief Hubbard,8
90,787,Gilbert R. Hill,Inspector Todd,9
676,880,Ben Affleck,Rafe McCawley,0
676,2299,Josh Hartnett,Danny Walker,1
676,3967,Kate Beckinsale,Evelyn Johnson,2
676,10128,William Lee Scott,Billy,3
676,10129,Greg Zola,Anthony Fusco,4
676,1125,Ewen Bremner,Red,5
676,7447,Alec Baldwin,Doolittle,6
676,5915,Jaime King,Betty,7
676,10130,Catherine Kellner,Barbara,8
676,9278,Jennifer Garner,Sandra,9
8487,2888,Will Smith,Capt. James West,0
8487,8945,Kevin Kline,U.S. Marshal Artemus Gordon / President Grant,1
8487,11181,Kenneth Branagh,Dr. Arliss Loveless,2
8487,3136,Salma Hayek Pinault,Rita Escobar,3
8487,588,M. Emmet Walsh,Coleman,4
8487,15854,Ted Levine,General 'Bloodbath' McGrath,5
8487,55254,Frederique van der Wal,Amazonia,6
8487,1475,Musetta Vander,Munitia,7
8487,55255,Sofia Eng,Miss Lippenrieder,8
8487,39126,Bai Ling,Miss Mae Lee East,9
1541,4038,Susan Sarandon,Louise,0
1541,16935,Geena Davis,Thelma,1
1541,1037,Harvey Keitel,Hal,2
1541,147,Michael Madsen,Jimmy,3
1541,4443,Christopher McDonald,Darryl,4
1541,537,Stephen Tobolowsky,Max,5
1541,287,Brad Pitt,J.D.,6
1541,17396,Timothy Carhart,Harlan,7
1541,5148,Lucinda Jenney,"Lena, the Waitress",8
1541,37203,Jason Beghe,State Trooper,9
11072,68091,Cleavon Little,Bart,0
11072,3460,Gene Wilder,Jim,1
11072,14253,Slim Pickens,Taggart,2
11072,13640,Harvey Korman,Hedley Lamarr,3
11072,29803,Madeline Kahn,Lili Von Shtupp,4
11072,14639,Mel Brooks,William Le Petomane / Indian Chief,5
11072,133952,Burton Gilliam,Lyle,6
11072,73234,Alex Karras,Mongo,7
11072,1232,David Huddleston,Olson Johnson,8
11072,152711,Liam Dunn,Rev. Johnson,9
9361,11856,Daniel Day-Lewis,Hawkeye,0
9361,289,Madeleine Stowe,Cora,1
9361,57449,Jodhi May,Alice,2
9361,3203,Russell Means,Chingachgook,3
9361,15853,Wes Studi,Magua,4
9361,57448,Eric Schweig,Uncas,5
9361,27764,Steven Waddington,Heyward,6
9361,54,Maurice Roëves,Colonel Munro,7
9361,4935,Pete Postlethwaite,Captain Beams,8
9361,17782,Colm Meaney,Major Ambrose,9
11778,380,Robert De Niro,Michael Vronsky,0
11778,4690,Christopher Walken,"Nikanor ""Nick"" Chevotarevich",1
11778,3096,John Cazale,Stan,2
11778,47879,John Savage,Steven Pushkov,3
11778,5064,Meryl Streep,Linda,4
11778,10477,George Dzundza,John,5
11778,80135,Rutanya Alda,Angela,6
11778,133859,Pierre Segui,Julien,7
11778,87007,Amy Wright,Bridesmaid,8
11778,1222806,Richard Kuss,Linda's Father,9
6415,1461,George Clooney,Archie Gates,0
6415,13240,Mark Wahlberg,Troy Barlow,1
6415,9778,Ice Cube,Chief Elgin,2
6415,5953,Spike Jonze,Conrad Vig,3
6415,7248,Cliff Curtis,Amir Abdullah,4
6415,4496,Nora Dunn,Adriana Cruz,5
6415,6213,Jamie Kennedy,Walter Wogaman,6
6415,5419,Saïd Taghmaoui,Captain Said,7
6415,34,Mykelti Williamson,Colonel Horn,8
6415,7497,Holt McCallany,Captain Van Meter,9
239,3150,Tony Curtis,Joe (Josephine),0
239,3151,Jack Lemmon,Jerry (Daphne),1
239,3149,Marilyn Monroe,Sugar Kane Kowalczyk,2
239,3152,George Raft,Spats Colombo,3
239,3155,Pat O'Brien,Detective Mulligan,4
239,3156,Joe E. Brown,Osgood Fielding III,5
239,3160,Nehemiah Persoff,Little Bonaparte,6
239,3161,Joan Shawlee,Sweet Sue,7
239,1700403,Billy Gray,Sig Poliakoff,8
239,3163,George E. Stone,Toothpick Charlie,9
11860,3,Harrison Ford,Linus Larrabee,0
11860,15887,Julia Ormond,Sabrina Fairchild,1
11860,17141,Greg Kinnear,David Larrabee,2
11860,12957,Nancy Marchand,Maude Larrabee,3
11860,8937,John Wood,Fairchild,4
11860,16554,Richard Crenna,Patrick Tyson,5
11860,4301,Angie Dickinson,Ingrid Tyson,6
11860,34485,Lauren Holly,Elizabeth Tyson,7
11860,13314,Dana Ivey,Mack,8
11860,1163,Miriam Colon,Rosa,9
45612,131,Jake Gyllenhaal,Colter Stevens,0
45612,11705,Michelle Monaghan,Christina Warren,1
45612,21657,Vera Farmiga,Colleen Goodwin,2
45612,2954,Jeffrey Wright,Dr. Rutledge,3
45612,83874,Michael Arden,Derek Frost,4
45612,59214,Cas Anvar,Hazmi,5
45612,82417,Russell Peters,Max Denoff,6
45612,522169,Brent Skagford,George Troxel,7
45612,572609,Craig Thomas,Gold Watch Executive,8
45612,179421,Gordon Masten,Conductor,9
82693,51329,Bradley Cooper,Pat Solatano Jr.,0
82693,72129,Jennifer Lawrence,Tiffany Maxwell,1
82693,380,Robert De Niro,Pat Solatano Sr.,2
82693,67837,Jacki Weaver,Dolores Solatano,3
82693,6217,Anupam Kher,Dr. Cliff Patel,4
82693,66,Chris Tucker,Danny McDaniels,5
82693,12041,Julia Stiles,Veronica,6
82693,74242,Shea Whigham,Jake Solatano,7
82693,40543,John Ortiz,Ronnie,8
82693,58535,Paul Herman,Randy,9
8392,55662,Noriko Hidaka,Satsuki Kusakabe (voice),0
8392,55664,Chika Sakamoto,Mei Kusakabe (voice),1
8392,55663,Hitoshi Takagi,Totoro (voice),2
8392,55665,Shigesato Itoi,Tatsuo Kusakabe (voice),3
8392,613,Sumi Shimamoto,Yasuko Kusakabe (voice),4
8392,55666,Tanie Kitabayashi,Granny (voice),5
8392,1011400,Toshiyuki Amagasa,Kanta Ogaki (voice),6
8392,552603,Yuko Maruyama,Kanta's Mother (voice),7
8392,553286,Masashi Hirose,Kanta's Father (voice),8
8392,552681,Reiko Suzuki,Kanta's Aunt (voice),9
10057,5577,Chris O'Donnell,D'Artagnan,0
10057,2628,Kiefer Sutherland,Athos,1
10057,17485,Oliver Platt,Porthos,2
10057,6952,Charlie Sheen,Aramis,3
10057,13472,Tim Curry,Cardinal Richelieu,4
10057,28412,Rebecca De Mornay,Milady de Winter,5
10057,47654,Paul McGann,Girard / Jussac,6
10057,5503,Gabrielle Anwar,Queen Anne,7
10057,7486,Michael Wincott,Rochefort,8
10057,1146,Julie Delpy,Constance,9
10625,49265,Lindsay Lohan,Cady Heron,0
10625,53714,Rachel McAdams,Regina George,1
10625,51988,Lizzy Caplan,Janis Ian,2
10625,22082,Lacey Chabert,Gretchen Wieners,3
10625,71070,Amanda Seyfried,Karen Smith,4
10625,32598,Daniel Franzese,Damian,5
10625,76996,Jonathan Bennett,Aaron Samuels,6
10625,1213130,Rajiv Surendra,Kevin Gnapoor,7
10625,56323,Tina Fey,Ms. Norbury,8
10625,51857,Tim Meadows,Mr. Duvall,9
1734,18269,Brendan Fraser,Rick O'Connell,0
1734,3293,Rachel Weisz,Evelyn O'Connell / Nefertiri,1
1734,10727,John Hannah,Jonathan Carnahan,2
1734,18041,Oded Fehr,Ardeth Bay,3
1734,16743,Arnold Vosloo,Imhotep,4
1734,18920,Patricia Velásquez,Meela / Anck-Su-Namun,5
1734,18919,Freddie Boath,Alex O'Connell,6
1734,18918,Dwayne Johnson,Mathayus / The Scorpion King,7
1734,2629,Alun Armstrong,Baltus Hafez,8
1734,31164,Adewale Akinnuoye-Agbaje,Lock-Nah,9
7299,3894,Christian Bale,John Preston,0
7299,1639,Emily Watson,Mary O'Brien,1
7299,17637,Taye Diggs,Brandt,2
7299,2464,Angus Macfadyen,DuPont,3
7299,48,Sean Bean,Errol Partridge,4
7299,28848,Sean Pertwee,Father,5
7299,52401,Matthew Harbour,Robbie Preston,6
7299,886,William Fichtner,Jürgen,7
7299,10862,Dominic Purcell,Seamus,8
7299,15196,David Hemmings,Proctor,9
8078,10205,Sigourney Weaver,Ripley,0
8078,1920,Winona Ryder,Call,1
8078,2413,Dominique Pinon,Vriess,2
8078,2372,Ron Perlman,Johner,3
8078,40276,Gary Dourdan,Christie,4
8078,7486,Michael Wincott,Elgyn,5
8078,170146,Kim Flowers,Hillard,6
8078,6486,Dan Hedaya,General Perez,7
8078,5169,J.E. Freeman,Dr. Wren,8
8078,1370,Brad Dourif,Gediman,9
1903,500,Tom Cruise,David Aames,0
1903,955,Penélope Cruz,Sofia Serrano,1
1903,6941,Cameron Diaz,Julie Gianni,2
1903,6856,Kurt Russell,Curtis McCabe,3
1903,11662,Jason Lee,Brian Shelby,4
1903,1284,Noah Taylor,Edmund Ventura,5
1903,9191,Timothy Spall,Thomas Tipp,6
1903,3063,Tilda Swinton,Rebecca Dearborn,7
1903,335,Michael Shannon,Aaron,8
1903,1197519,Delaina Mitchell,David's Assistant,9
903,3636,Paul Newman,Luke Jackson,0
903,12950,George Kennedy,Dragline,1
903,8962,Luke Askew,Boss Paul,2
903,13869,Morgan Woodward,Boss Godfrey,3
903,5048,Harry Dean Stanton,Tramp,4
903,2778,Dennis Hopper,Babalugats,5
903,13871,Lou Antonio,Koko,6
903,13872,Robert Drivas,Loudmouth Steve,7
903,8260,Strother Martin,Captain,8
903,2752,Jo Van Fleet,Arletta,9
8656,3087,Robert Duvall,Capt. Spurgeon 'Fish' Tanner,0
8656,4939,Téa Leoni,Jenny Lerner,1
8656,109,Elijah Wood,Leo Biederman,2
8656,13333,Vanessa Redgrave,Robin Lerner,3
8656,192,Morgan Freeman,President Tom Beck,4
8656,12150,Maximilian Schell,Jason Lerner,5
8656,2505,James Cromwell,Alan Rittenhouse,6
8656,12260,Ron Eldard,Oren Monash,7
8656,15277,Jon Favreau,Gus Partenza,8
8656,454973,Laura Innes,Beth Stanley,9
651,55636,Donald Sutherland,Hawkeye Pierce,0
651,827,Elliott Gould,Trapper John McIntyre,1
651,4139,Tom Skerritt,Duke Forrest,2
651,9805,Sally Kellerman,Maj. Margaret 'Hot Lips' O'Houlihan,3
651,3087,Robert Duvall,Maj. Frank Burns,4
651,9806,Roger Bowen,Lt. Col. Henry Blake,5
651,9807,René Auberjonois,Father John Mulcahy,6
651,9808,David Arkin,St. Major Wade Vollmer,7
651,9809,Jo Ann Pflug,Lt. 'Dish' Schneider,8
651,9810,Gary Burghoff,Cpl. 'Radar' O'Reilly,9
8699,23659,Will Ferrell,Ron Burgundy,0
8699,18979,Christina Applegate,Veronica Corningstone,1
8699,22226,Paul Rudd,Brian Fantana,2
8699,4495,Steve Carell,Brick Tamland,3
8699,28638,David Koechner,Champ Kind,4
8699,20753,Fred Willard,Ed Harken,5
8699,51382,Chris Parnell,Garth Holliday,6
8699,17696,Kathryn Hahn,Helen,7
8699,61110,Fred Armisen,Tino,8
8699,19274,Seth Rogen,Eager Cameraman,9
1858,10959,Shia LaBeouf,Sam Witwicky,0
1858,19537,Megan Fox,Mikaela Banes,1
1858,19541,Mark Ryan,Bumblebee (voice),2
1858,19540,Peter Cullen,Optimus Prime (voice),3
1858,1331,Hugo Weaving,Megatron (voice),4
1858,19536,Josh Duhamel,Captain Lennox,5
1858,8169,Tyrese Gibson,USAF Tech Sergeant Epps,6
1858,81178,Charlie Adler,Starscream (voice),7
1858,19538,Rachael Taylor,Maggie Madsen,8
1858,18471,Anthony Anderson,Glen Whitmann,9
9366,85,Johnny Depp,Donnie Brasco / Joseph D. 'Joe' Pistone,0
9366,1158,Al Pacino,Benjamin 'Lefty' Ruggiero,1
9366,147,Michael Madsen,Dominick 'Sonny Black' Napolitano,2
9366,9257,Bruno Kirby,Nicholas 'Nicky' Santora,3
9366,785,James Russo,Paulie,4
9366,8256,Anne Heche,Maggie Pistone,5
9366,6752,Željko Ivanek,Tim Curley,6
9366,4890,Brian Tarantina,Bruno,7
9366,65765,Rocco Sisto,Richard 'Richie' Gazzo,8
9366,7471,Zach Grenier,Dr. Berger,9
163,1461,George Clooney,Danny Ocean,0
163,1204,Julia Roberts,Tess Ocean,1
163,287,Brad Pitt,Rusty Ryan,2
163,1892,Matt Damon,Linus Caldwell,3
163,1922,Catherine Zeta-Jones,Isabel Lahiri,4
163,1271,Andy Garcia,Terry Benedict,5
163,1893,Casey Affleck,Virgil Malloy,6
163,1896,Don Cheadle,Basher Tarr,7
163,1897,Bernie Mac,Frank Catton,8
163,1894,Scott Caan,Turk Malloy,9
8469,7171,John Belushi,John 'Bluto' Blutarski,0
8469,650,Karen Allen,Katy,1
8469,3999,Tom Hulce,Larry 'Pinto' Kroger,2
8469,52304,Stephen Furst,Kent 'Flounder' Dorfman,3
8469,55194,Mark Metcalf,Doug Neidermeyer,4
8469,55196,Mary Louise Weller,Mandy Pepperidge,5
8469,55197,Martha Smith,Barbara Sue 'Babs' Jansen,6
8469,17580,John Vernon,Dean Vernon Wormer,7
8469,55198,James Daughton,Greg Marmalard,8
8469,4724,Kevin Bacon,Chip Diller,9
913,517,Pierce Brosnan,Thomas Crown,0
913,14343,Rene Russo,Catherine Banning,1
913,5724,Denis Leary,Det. Michael McCann,2
913,13936,Frankie Faison,Det. Paretti,3
913,6450,Faye Dunaway,Psychiatrist,4
913,2366678,Esther Cañadas,Anna Knudsen,5
913,77155,James Saito,Paul Cheng,6
913,13938,Michael Lombard,Proctor Bobby McKinley,7
913,6839,Fritz Weaver,John Reynolds (Golf Buddy),8
913,13937,Charles Keating,Friedrich Golchan,9
8009,38559,Christopher Lambert,Connor 'The Highlander' MacLeod,0
8009,29021,Roxanne Hart,Brenda J. Wyatt,1
8009,6574,Clancy Brown,Victor 'The Kurgan' Kruger,2
8009,738,Sean Connery,Juan Sanchez Villa-Lobos Ramirez,3
8009,53515,Beatie Edney,Heather MacLeod,4
8009,53584,Alan North,Lieutenant Frank Moran,5
8009,4253,Jon Polito,Det. Walter Bedsoe,6
8009,53585,Sheila Gish,Rachel Ellenstein,7
8009,31925,Hugh Quarshie,Sunda Kastagir,8
8009,53587,Peter Diamond,Aman Fasil,9
284053,74568,Chris Hemsworth,Thor,0
284053,103,Mark Ruffalo,Bruce Banner / Hulk,1
284053,91606,Tom Hiddleston,Loki,2
284053,112,Cate Blanchett,Hela,3
284053,17605,Idris Elba,Heimdall,4
284053,4785,Jeff Goldblum,Grandmaster,5
284053,62561,Tessa Thompson,Valkyrie,6
284053,1372,Karl Urban,Skurge,7
284053,4173,Anthony Hopkins,Odin,8
284053,71580,Benedict Cumberbatch,Doctor Strange,9
2322,4135,Robert Redford,Bishop,0
2322,16897,Sidney Poitier,Crease,1
2322,11064,David Strathairn,Whistler,2
2322,707,Dan Aykroyd,Mother,3
2322,741,River Phoenix,Carl,4
2322,2282,Ben Kingsley,Cosmo,5
2322,23970,Denise Dowse,Bank Teller,6
2322,23881,Timothy Busfield,Dick Gordon,7
2322,1581,Mary McDonnell,Liz,8
2322,10825,Donal Logue,Dr. Gunter Janek,9
9388,6383,Aaron Eckhart,Nick Naylor,0
9388,49,Maria Bello,Polly Bailey,1
9388,52414,Cameron Bright,Joey Naylor,2
9388,11702,Adam Brody,Jack,3
9388,16431,Sam Elliott,Lorne Lutch,4
9388,3897,Katie Holmes,Heather Holloway,5
9388,2879,Rob Lowe,Jeff Megall,6
9388,3905,William H. Macy,Senator Ortolan Finistirre,7
9388,3087,Robert Duvall,The Captain,8
9388,28638,David Koechner,Bobby Jay Bliss,9
5925,13565,Steve McQueen,Hilts 'The Cooler King',0
5925,16896,James Garner,Hendley 'The Scrounger',1
5925,4786,Richard Attenborough,Bartlett 'Big X',2
5925,12250,James Donald,Ramsey 'The SBO',3
5925,4960,Charles Bronson,Danny 'Tunnel King',4
5925,9221,Donald Pleasence,Blythe 'The Forger',5
5925,5563,James Coburn,Sedgwick 'Manufacturer',6
5925,23696,Hannes Messemer,Von Luger 'The Kommandant',7
5925,24813,David McCallum,Ashley-Pitt 'Dispersal',8
5925,41998,Gordon Jackson,MacDonald 'Intelligence',9
242582,131,Jake Gyllenhaal,Louis Bloom,0
242582,14343,Rene Russo,Nina Romina,1
242582,53240,Riz Ahmed,Rick,2
242582,2053,Bill Paxton,Joe Loder,3
242582,97604,Kevin Rahm,Frank Kruse,4
242582,61084,Michael Hyatt,Detective Frontieri,5
242582,36060,Price Carson,Detective Lieberman,6
242582,59260,Ann Cusack,Linda,7
242582,79086,Kent Shocknek,Kent Shocknek,8
242582,156131,Sharon Tay,Sharon Tay,9
1878,85,Johnny Depp,Raoul Duke,0
1878,1121,Benicio del Toro,Dr. Gonzo,1
1878,2219,Tobey Maguire,Hitchhiker,2
1878,52273,Michael Lee Gogin,Uniformed Dwarf,3
1878,94304,Larry Cedar,Car Rental Agent - Los Angeles,4
1878,2544322,Brian Le Baron,Parking Attendant,5
1878,381,Katherine Helmond,Desk Clerk at Mint Hotel,6
1878,1334906,Michael Warwick,Bell Boy,7
1878,14886,Craig Bierko,Lacerda,8
1878,1500222,Tyde Kierney,Reporter,9
591,31,Tom Hanks,Robert Langdon,0
591,2405,Audrey Tautou,Sophie Neveu,1
591,1327,Ian McKellen,Sir Leigh Teabing,2
591,1003,Jean Reno,Captain Bezu Fache,3
591,6162,Paul Bettany,Silas,4
591,658,Alfred Molina,Bishop Manuel Aringarosa,5
591,920,Jürgen Prochnow,André Vernet,6
591,34259,Jean-Yves Berteloot,Rémy Jean,7
591,150792,Etienne Chicot,Lt. Collet,8
591,20795,Jean-Pierre Marielle,Jacques Saunière,9
11862,67773,Steve Martin,George Banks,0
11862,3092,Diane Keaton,Nina Banks,1
11862,519,Martin Short,Franck Eggelhoffer,2
11862,70696,Kimberly Williams-Paisley,Annie Banks-MacKenzie,3
11862,59222,George Newbern,Bryan MacKenzie,4
11862,18793,Kieran Culkin,Matty Banks,5
11862,14592,BD Wong,Howard Weinstein,6
11862,20906,Peter Michael Goetz,John MacKenzie,7
11862,54348,Kate McGregor-Stewart,Joanna MacKenzie,8
11862,209,Jane Adams,Dr. Megan Eisenberg,9
9665,4756,Matthew Broderick,Col. Robert Gould Shaw,0
9665,5292,Denzel Washington,Pvt. Trip,1
9665,2130,Cary Elwes,Maj. Cabot Forbes,2
9665,192,Morgan Freeman,Sgt. Maj. John Rawlins,3
9665,58426,Jihmi Kennedy,Pvt. Jupiter Sharts,4
9665,6861,Andre Braugher,Cpl. Thomas Searles,5
9665,9277,John Finn,Sgt. Maj. Mulcahy,6
9665,58141,Donovan Leitch,Capt. Charles Fessenden Morse,7
9665,1184011,JD Cullum,Henry Sturgis Russell,8
9665,4029,Bob Gunton,Gen. Charles Garrison Harker,9
127585,6968,Hugh Jackman,Logan / Wolverine,0
127585,5530,James McAvoy,Charles Xavier,1
127585,17288,Michael Fassbender,Erik Lehnsherr,2
127585,2387,Patrick Stewart,Professor X,3
127585,1327,Ian McKellen,Magneto,4
127585,72129,Jennifer Lawrence,Raven / Mystique,5
127585,4587,Halle Berry,Storm,6
127585,3292,Nicholas Hoult,Hank / Beast,7
127585,10690,Anna Paquin,Rogue,8
127585,27578,Elliot Page,Kitty Pryde,9
2770,21593,Jason Biggs,Jim Levenstein,0
2770,21403,Thomas Ian Nicholas,Kevin Myers,1
2770,21594,Chris Klein,Chris 'Oz' Ostreicher,2
2770,57599,Seann William Scott,Steve Stifler,3
2770,52480,Eddie Kaye Thomas,Paul Finch,4
2770,21595,Alyson Hannigan,Michelle Flaherty,5
2770,21596,Shannon Elizabeth,Nadia,6
2770,1234,Tara Reid,Vicky Lathum,7
2770,8211,Mena Suvari,Heather,8
2770,10871,Natasha Lyonne,Jessica,9
15602,6837,Walter Matthau,Max Goldman,0
15602,3151,Jack Lemmon,John Gustafson,1
15602,13567,Ann-Margret,Ariel Gustafson,2
15602,16757,Sophia Loren,Maria Sophia Coletta Ragetti,3
15602,589,Daryl Hannah,Melanie Gustafson,4
15602,16523,Burgess Meredith,Grandpa Gustafson,5
15602,7166,Kevin Pollak,Jacob Goldman,6
15602,57676,Katie Sagona,"Allie, Melanie's Daughter",7
15602,151759,Ann Morgan Guilbert,Mama Ragetti,8
15602,111594,James Andelin,Sven,9
283995,73457,Chris Pratt,Peter Quill / Star-Lord,0
283995,8691,Zoe Saldaña,Gamora,1
283995,543530,Dave Bautista,Drax,2
283995,12835,Vin Diesel,Baby Groot (voice),3
283995,51329,Bradley Cooper,Rocket (voice),4
283995,6856,Kurt Russell,Ego,5
283995,12132,Michael Rooker,Yondu,6
283995,543261,Karen Gillan,Nebula,7
283995,139820,Pom Klementieff,Mantis,8
283995,16483,Sylvester Stallone,Stakar Ogord,9
846,12640,David Duchovny,Fox Mulder,0
846,12214,Gillian Anderson,Dana Scully,1
846,12644,Mitch Pileggi,Walter Skinner,2
846,12643,William B. Davis,Carl Busch,3
846,12642,John Neville,The Well-Manicured Man,4
846,2641,Martin Landau,Kurtzweil,5
846,12645,Jeffrey DeMunn,Bronschweig,6
846,113017,Tom Braidwood,Frohike,7
846,10401,Blythe Danner,Cassidy,8
846,12646,Terry O'Quinn,Michaud,9
245891,6384,Keanu Reeves,John Wick,0
245891,6283,Michael Nyqvist,Viggo Tarasov,1
245891,71586,Alfie Allen,Iosef Tarasov,2
245891,5293,Willem Dafoe,Marcus,3
245891,68763,Dean Winters,Avi,4
245891,88995,Adrianne Palicki,Ms. Perkins,5
245891,968977,Omer Barnea,Gregori,6
245891,187857,Toby Leonard Moore,Victor,7
245891,9452,Daniel Bernhardt,Kirill,8
245891,18354,Bridget Moynahan,Helen,9
1578,380,Robert De Niro,Jake LaMotta,0
1578,14702,Cathy Moriarty,Vickie LaMotta,1
1578,4517,Joe Pesci,Joey LaMotta,2
1578,7164,Frank Vincent,Salvy Batts,3
1578,17651,Nicholas Colasanto,Tommy Como,4
1578,17652,Theresa Saldana,Lenore,5
1578,17653,Mario Gallo,Mario,6
1578,4692,Frank Adonis,Patsy,7
1578,1888773,Joseph Bono,Guido,8
1578,3872579,Frank Topham,Toppy,9
11310,7904,Billy Crystal,Mitch Robbins,0
11310,11511,Daniel Stern,Phil Berquist,1
11310,16165,Jon Lovitz,Glen Robbins,2
11310,3785,Jack Palance,Duke Page,3
11310,33487,Patricia Wettig,Barbara Robbins,4
11310,3201,Pruitt Taylor Vince,Bud,5
11310,16555,Bill McKinney,Matt,6
11310,33495,Lindsay Crystal,Holly Robbins,7
11310,5151,Beth Grant,Lois,8
11310,31005,Noble Willingham,Clay Stone,9
245,3291,Hugh Grant,Will Freeman,0
245,3292,Nicholas Hoult,Marcus Brewer,1
245,3051,Toni Collette,Fiona Brewer,2
245,3293,Rachel Weisz,Rachel,3
245,3300,Natalia Tena,Ellie,4
245,3315,Victoria Smurfit,Suzie,5
245,3309,Augustus Prew,Ali,6
245,3294,Sharon Small,Christine,7
245,3295,Madison Cook,Imogen,8
245,3296,Jordan Cook,Imogen,9
402,3392,Michael Douglas,Detective Nick Curran,0
402,4430,Sharon Stone,Catherine Tramell,1
402,10477,George Dzundza,Gus,2
402,10478,Jeanne Tripplehorn,Dr. Beth Garner,3
402,10480,Denis Arndt,Lieutenant Walker,4
402,10485,Leilani Sarelle,Roxy,5
402,4943,Bruce A. Young,Andrews,6
402,10486,Chelcie Ross,Captain Talcott,7
402,10487,Dorothy Malone,Hazel Dobkins,8
402,4201,Wayne Knight,John Correli,9
9426,4785,Jeff Goldblum,Seth Brundle,0
9426,16935,Geena Davis,Veronica Quaife,1
9426,20211,John Getz,Stathis Borans,2
9426,57626,Joy Boushel,Tawny,3
9426,12716,Leslie Carlson,Dr. Cheevers,4
9426,105298,George Chuvalo,Marky,5
9426,180878,Michael Copeman,2nd Man in Bar,6
9426,224,David Cronenberg,Gynecologist,7
9426,1030612,Carol Lazare,Nurse,8
9426,1030869,Shawn Hewitt,Clerk,9
872,13294,Gene Kelly,Don Lockwood,0
872,13295,Donald O'Connor,Cosmo Brown,1
872,8857,Debbie Reynolds,Kathy Selden,2
872,13296,Jean Hagen,Lina Lamont,3
872,13297,Millard Mitchell,R.F. Simpson,4
872,41226,Cyd Charisse,Dancer,5
872,13298,Douglas Fowley,Roscoe Dexter,6
872,13299,Rita Moreno,Zelda Zanders,7
872,29814,Mae Clarke,Hairdresser (uncredited),8
872,121323,Bess Flowers,Audience Member (uncredited),9
8374,5293,Willem Dafoe,Paul Smecker,0
8374,54789,Sean Patrick Flanery,Conner MacManus,1
8374,4886,Norman Reedus,Murphy MacManus,2
8374,54790,David Della Rocco,Rocco,3
8374,9188,Billy Connolly,Il Duce,4
8374,105776,Bob Marley,Detective Greenly,5
8374,54792,Brian Mahoney,Detective Duffy,6
8374,105777,Gerard Parkes,Doc,7
8374,54791,David Ferry,Detective Dolly,8
8374,54793,Carlo Rota,Yakavetta,9
11780,3896,Liam Neeson,Robert Roy MacGregor,0
11780,4431,Jessica Lange,Mary MacGregor,1
11780,5049,John Hurt,John Graham,2
11780,3129,Tim Roth,Archibald Cunningham,3
11780,7036,Eric Stoltz,Alan MacDonald,4
11780,1248,Brian Cox,Killearn,5
11780,973,Jason Flemyng,Gregor,6
11780,53815,Andrew Keir,Argyll,7
11780,1834,Shirley Henderson,Morag,8
11780,18280,Brian McCardie,Alasdair,9
2300,23678,Michael Jordan,Michael Jordan,0
2300,4201,Wayne Knight,Stan Podolak,1
2300,4604,Theresa Randle,Juanita Jordan,2
2300,2657652,Manner Washington,Jeffery Jordan,3
2300,2657653,Eric Gordon,Marcus Jordan,4
2300,1219097,Penny Bae Bridges,Jasmine Jordan,5
2300,23681,Brandon Hammond,Michael Jordan (10 Years Old),6
2300,23682,Larry Bird,Larry Bird,7
2300,1532,Bill Murray,Bill Murray,8
2300,8175,Thom Barry,James Jordan,9
7453,7060,Martin Freeman,Arthur Dent,0
7453,4239,Yasiin Bey,Ford Prefect,1
7453,11664,Zooey Deschanel,Trillian,2
7453,6807,Sam Rockwell,Zaphod Beeblebrox,3
7453,4566,Alan Rickman,Marvin (voice),4
7453,10731,Anna Chancellor,Questular Rontok,5
7453,2440,Bill Nighy,Slartibartfast,6
7453,10983,Richard Griffiths,Jeltz (voice),7
7453,6949,John Malkovich,Humma Kavula,8
7453,15735,Helen Mirren,Deep Thought (voice),9
1830,2963,Nicolas Cage,Yuri Orlov,0
1830,18354,Bridget Moynahan,Ava Fontaine Orlov,1
1830,7499,Jared Leto,Vitaly Orlov,2
1830,569,Ethan Hawke,Jack Valentine,3
1830,19299,Eamonn Walker,Andre Baptiste Sr.,4
1830,65,Ian Holm,Simeon Weisz,5
1830,19300,Sammi Rotibi,Andre Baptiste Jr.,6
1830,37769,Tanit Phoenix,Candy,7
1830,1127469,Shake Tukhmanyan,Irina Orlov,8
1830,1329527,Jared Burke,Ukrainian Mobster,9
8916,1243,Woody Allen,Z-4195 “Z” (voice),0
8916,4430,Sharon Stone,Princess Bala (voice),1
8916,707,Dan Aykroyd,Chip (voice),2
8916,10774,Anne Bancroft,Queen (voice),3
8916,2047,Danny Glover,Barbatus (voice),4
8916,193,Gene Hackman,General Mandible (voice),5
8916,58184,Jane Curtin,Muffy (voice),6
8916,16483,Sylvester Stallone,Weaver (voice),7
8916,16866,Jennifer Lopez,Azteca (voice),8
8916,4690,Christopher Walken,Colonel Cutter (voice),9
8984,3392,Michael Douglas,Tom Sanders,0
8984,3416,Demi Moore,Meredith Johnson,1
8984,55636,Donald Sutherland,Bob Garvin,2
8984,19152,Dylan Baker,Philip Blackburn,3
8984,56485,Jacqueline Kim,Cindy Chang,4
8984,21366,Roma Maffia,Catherine Alvarez,5
8984,6692,Caroline Goodall,Susan Hendler,6
8984,49958,Rosemary Forsyth,Stephanie Kaplan,7
8984,18326,Dennis Miller,Mark Lewyn,8
8984,8266,Suzie Plakson,Mary Anne Hunter,9
13785,12438,Bob Balaban,"Dr. Theodore W. Millbank, III",0
13785,38334,Jennifer Coolidge,Sherri Ann Cabot,1
13785,13524,Christopher Guest,Harlan Pepper,2
13785,8265,John Michael Higgins,Scott Donlan,3
13785,75463,Michael Hitchcock,Hamilton Swan,4
13785,26510,Eugene Levy,Gerry Fleck,5
13785,43775,Jane Lynch,Christy Cummings,6
13785,21731,Michael McKean,Stefan Vanderhoof,7
13785,11514,Catherine O'Hara,Cookie Fleck,8
13785,7489,Parker Posey,Meg Swan,9
176,2128,Leigh Whannell,Adam,0
176,2130,Cary Elwes,Lawrence Gordon,1
176,2144,Tobin Bell,Jigsaw,2
176,2047,Danny Glover,David Tapp,3
176,2131,Ken Leung,Steven Sing,4
176,2133,Dina Meyer,Kerry,5
176,2134,Mike Butters,Paul,6
176,2135,Paul Gutrecht,Mark,7
176,2136,Michael Emerson,Zep Hindle,8
176,2137,Benito Martinez,Brett,9
1645,10297,Matthew McConaughey,Jake Brigance,0
1645,18277,Sandra Bullock,Ellen Roark,1
1645,2231,Samuel L. Jackson,Carl Lee Hailey,2
1645,1979,Kevin Spacey,Rufus Buckley,3
1645,15852,Ashley Judd,Carla Brigance,4
1645,55636,Donald Sutherland,Lucien Wilbanks,5
1645,17485,Oliver Platt,Harry Rex Vonner,6
1645,17764,Charles S. Dutton,Ozzie Walls,7
1645,18345,Brenda Fricker,Ethel Twitty,8
1645,2628,Kiefer Sutherland,Freddie Lee Cobb,9
1592,1205,Richard Gere,Martin Vail,0
1592,350,Laura Linney,Janet Venable,1
1592,819,Edward Norton,Aaron / Roy Stampler,2
1592,4251,John Mahoney,Shaughnessy,3
1592,1981,Alfre Woodard,Shoat,4
1592,3910,Frances McDormand,Molly,5
1592,12646,Terry O'Quinn,Yancy,6
1592,6861,Andre Braugher,Goodman,7
1592,1159,Steven Bauer,Pinero,8
1592,8192,Joe Spano,Stenner,9
2133,1461,George Clooney,Capt. Billy Tyne,0
2133,13240,Mark Wahlberg,Bobby Shatford,1
2133,2882,Diane Lane,"Christina ""Chris"" Cotter",2
2133,4764,John C. Reilly,"Dale ""Murp"" Murphy",3
2133,886,William Fichtner,"David ""Sully"" Sullivan",4
2133,1161,Mary Elizabeth Mastrantonio,Linda Greenlaw,5
2133,16861,John Hawkes,"Mike ""Bugsy"" Moran",6
2133,6066,Dash Mihok,Sgt. Jeremy Mitchell,7
2133,650,Karen Allen,Melissa Brown,8
2133,4029,Bob Gunton,Alexander McAnally III,9
10442,12073,Mike Myers,Charlie MacKenzie / Stuart MacKenzie,0
10442,18331,Nancy Travis,Harriet Michaels,1
10442,57829,Anthony LaPaglia,Tony Giardino,2
10442,99,Amanda Plummer,Rose Michaels,3
10442,18345,Brenda Fricker,May Mackenzie,4
10442,148637,Matt Doherty,"William ""Heed"" Mackenzie",5
10442,28164,Charles Grodin,Commandeered Car Driver,6
10442,14104,Phil Hartman,"Ranger John ""Vicky"" Johnson",7
10442,5578,Debi Mazar,Susan,8
10442,3214,Steven Wright,Pilot,9
263115,6968,Hugh Jackman,Logan / X-24,0
263115,1464650,Dafne Keen,Laura,1
263115,2387,Patrick Stewart,Charles,2
263115,65421,Elizabeth Rodriguez,Gabriela,3
263115,467645,Boyd Holbrook,Pierce,4
263115,39189,Stephen Merchant,Caliban,5
263115,20766,Richard E. Grant,Dr. Rice,6
263115,1492293,Stephen Dunlevy,Macon,7
263115,23628,Eriq La Salle,Will Munson,8
263115,21215,Elise Neal,Kathryn Munson,9
68721,3223,Robert Downey Jr.,Tony Stark,0
68721,12052,Gwyneth Paltrow,Pepper Potts,1
68721,1896,Don Cheadle,Colonel James Rhodes,2
68721,529,Guy Pearce,Aldrich Killian,3
68721,15556,Rebecca Hall,Maya Hansen,4
68721,15277,Jon Favreau,Happy Hogan,5
68721,2282,Ben Kingsley,Trevor Slattery,6
68721,18473,James Badge Dale,Savin,7
68721,121953,Stephanie Szostak,Brandt,8
68721,6162,Paul Bettany,Jarvis (voice),9
11386,9029,Stephen Rea,Fergus,0
11386,8436,Miranda Richardson,Jude,1
11386,228173,Jaye Davidson,Dil,2
11386,2178,Forest Whitaker,Jody,3
11386,42566,Adrian Dunbar,Maguire,4
11386,1393548,Breffni McKenna,Tinker,5
11386,1234613,Joe Savino,Eddie,6
11386,188478,Birdy Sweeney,Tommy,7
11386,156381,Andrée Bernard,Jane,8
11386,388,Jim Broadbent,Col,9
6520,738,Sean Connery,Arthur,0
6520,1205,Richard Gere,Lancelot,1
6520,15887,Julia Ormond,Guinevere,2
6520,29068,Ben Cross,Malagant,3
6520,15498,Liam Cunningham,Sir Agravaine,4
6520,34720,Christopher Villiers,Sir Kay,5
6520,52375,Valentine Pelka,Sir Patrise,6
6520,186032,Colin McCormack,Sir Mador,7
6520,202032,Ralph Ineson,Ralf,8
6520,11857,John Gielgud,Oswald,9
2320,6856,Kurt Russell,David Grant,0
2320,23880,Steven Seagal,Lt. Colonel Austin Travis,1
2320,4587,Halle Berry,Jean,2
2320,5723,John Leguizamo,Rat,3
2320,17485,Oliver Platt,Cahill,4
2320,3977,Joe Morton,Cappy,5
2320,20277,David Suchet,Nagi Hassan,6
2320,14592,BD Wong,Louie,7
2320,41247,Len Cariou,Secretary of Defense Charles White,8
2320,11089,Whip Hubley,Baker,9
11381,58198,Chris Farley,Thomas 'Tommy' Callahan III,0
11381,60950,David Spade,Richard Hayden,1
11381,6197,Brian Dennehy,Thomas 'Big Tom' Callahan,2
11381,63681,Julie Warner,Michelle Brock,3
11381,37995,Bo Derek,"Beverly Barish, aka Beverly Burns",4
11381,2879,Rob Lowe,Paul Burns (uncredited),5
11381,707,Dan Aykroyd,Ray Zalinsky,6
11381,17646,Sean McCann,Frank Rittenhauer,7
11381,7471,Zach Grenier,Ted Reilly,8
11381,165369,James Blendick,Ron Gilmore,9
9799,8167,Paul Walker,Brian O'Conner,0
9799,12835,Vin Diesel,Dominic Toretto,1
9799,17647,Michelle Rodriguez,Letty Ortiz,2
9799,22123,Jordana Brewster,Mia Toretto,3
9799,10883,Rick Yune,Johnny Tran,4
9799,9186,Chad Lindberg,Jesse,5
9799,12796,Johnny Strong,Leon,6
9799,31841,Matt Schulze,Vince,7
9799,61658,Ja Rule,Edwin,8
9799,15854,Ted Levine,Sgt. Tanner,9
58574,3223,Robert Downey Jr.,Sherlock Holmes,0
58574,9642,Jude Law,Dr. John Watson,1
58574,87722,Noomi Rapace,Madam Simza Heron,2
58574,15440,Jared Harris,Professor James Moriarty,3
58574,53714,Rachel McAdams,Irene Adler,4
58574,1665,Eddie Marsan,Inspector Lestrade,5
58574,17521,Kelly Reilly,Mary Morstan,6
58574,11275,Stephen Fry,Mycroft Holmes,7
58574,220448,Paul Anderson,Colonel Sebastian Moran,8
58574,11855,Geraldine James,Mrs. Hudson,9
397,5344,Meg Ryan,Kate,0
397,8945,Kevin Kline,Luc Teyssier,1
397,16327,Timothy Hutton,Charlie,2
397,1003,Jean Reno,Inspector Jean-Paul Cardon,3
397,33161,François Cluzet,Bob,4
397,20018,Suzan Anbeh,Juliette,5
397,23647,Renée Humphrey,Lilly,6
397,5920,Michael Riley,M. Campbell,7
397,115686,Laurent Spielvogel,Concierge,8
397,24383,Victor Garrivier,Octave,9
2640,1920,Winona Ryder,Veronica Sawyer,0
2640,2224,Christian Slater,Jason 'J.D.' Dean,1
2640,19144,Shannen Doherty,Heather Duke,2
2640,4801,Lisanne Falk,Heather McNamara,3
2640,27565,Kim Walker,Heather Chandler,4
2640,27566,Penelope Milford,Pauline Fleming,5
2640,13243,Glenn Shadix,Father Ripper,6
2640,27567,Lance Fenton,Kurt Kelly,7
2640,27568,Jennifer Rhodes,Veronica's Mom,8
2640,197537,Jeremy Applegate,Peter Dawson,9
2619,31,Tom Hanks,Allen Bauer,0
2619,589,Daryl Hannah,Madison,1
2619,26510,Eugene Levy,Walter Kornbluth,2
2619,7180,John Candy,Freddie Bauer,3
2619,8903,Dody Goodman,Mrs. Stimler,4
2619,27514,Shecky Greene,Mr. Buyrite,5
2619,27515,Richard B. Shull,Dr. Ross,6
2619,27516,Bobby Di Cicco,Jerry,7
2619,27517,Howard Morris,Dr. Zidell,8
2619,138116,Tony DiBenedetto,"Tim, the Doorman",9
1949,131,Jake Gyllenhaal,Robert Graysmith,0
1949,103,Mark Ruffalo,David Toschi,1
1949,11085,Anthony Edwards,William Armstrong,2
1949,3223,Robert Downey Jr.,Paul Avery,3
1949,2838,Chloë Sevigny,Melanie,4
1949,13550,Elias Koteas,Jack Mulanax,5
1949,3911,John Carroll Lynch,Arthur Leigh Allen,6
1949,1248,Brian Cox,Melvin Belli,7
1949,20212,Dermot Mulroney,Martin Lee,8
1949,12826,Charles Fleischer,Bob Vaughn,9
35,198,Dan Castellaneta,Homer Simpson / Itchy / Barney / Abe Simpson / Stage Manager / Krusty the Clown / Mayor Quimby / Mayor's Aide / Multi-Eyed Squirrel / Panicky Man / Sideshow Mel / Mr. Teeny / EPA Official / Kissing Cop / Bear / Boy on Phone / NSA Worker / Officer / Santa's Little Helper / Squeaky-Voiced Teen (voice),0
35,199,Julie Kavner,Marge Simpson / Selma Bouvier / Patty Bouvier (voice),1
35,200,Nancy Cartwright,Bart Simpson / Maggie Simpson / Ralph / Nelson / Todd Flanders / TV Daughter / Woman on Phone (voice),2
35,5586,Yeardley Smith,Lisa Simpson (voice),3
35,5587,Hank Azaria,Professor Frink / Comic Book Guy / Moe / Chief Wiggum / Lou / Carl / Cletus / Bumblebee Man / Male EPA Worker / Dome Depot Announcer / Kissing Cop / Carnival Barker / Counter Man / Apu / Drederick Tatum / Sea Captain / EPA Passenger / Robot / Dr. Nick / Wise Guy (voice),4
35,6008,Harry Shearer,Scratchy / Mr. Burns / Rev. Lovejoy / Ned Flanders / Lenny / Skull / President Arnold Schwarzenegger / Kent Brockman / Principal Skinner / Dr. Hibbert / Smithers / Toll Booth Man / Guard / Otto / Kang (voice),5
35,6009,Pamela Hayden,Milhouse Van Houten / Jimbo Jones / Rod Flanders (voice),6
35,34983,Tress MacNeille,Sweet Old Lady / Colin / Mrs. Skinner / Nelson's Mother / Pig / Cat Lady / Female EPA Worker / G.P.S. Woman / Cookie Kwan / Lindsey Naegle / TV Son / Medicine Woman / Girl on Phone (voice),7
35,13,Albert Brooks,Russ Cargill (voice),8
35,156910,Karl Wiedergott,Man / EPA Driver (voice),9
2059,2963,Nicolas Cage,Ben Gates,0
2059,9824,Diane Kruger,Abigail Chase,1
2059,21180,Justin Bartha,Riley Poole,2
2059,48,Sean Bean,Ian Howe,3
2059,10127,Jon Voight,Patrick Gates,4
2059,1037,Harvey Keitel,Sadusky,5
2059,290,Christopher Plummer,John Adams Gates,6
2059,21182,David Dayan Fisher,Shaw,7
2059,60461,Stewart Finlay-McLennan,Powell,8
2059,77351,Oleg Taktarov,Shippen,9
330459,72855,Felicity Jones,Jyn Erso,0
330459,8688,Diego Luna,Cassian Andor,1
330459,21088,Alan Tudyk,K-2SO,2
330459,1341,Donnie Yen,Chirrut Imwe,3
330459,77301,Jiang Wen,Baze Malbus,4
330459,77335,Ben Mendelsohn,Orson Krennic,5
330459,40638,Guy Henry,Governor Tarkin,6
330459,2178,Forest Whitaker,Saw Gerrera,7
330459,53240,Riz Ahmed,Bodhi Rook,8
330459,1019,Mads Mikkelsen,Galen Erso,9
10545,3999,Tom Hulce,Quasimodo (voice),0
10545,3416,Demi Moore,Esmeralda (voice),1
10545,8945,Kevin Kline,Phoebus (voice),2
10545,65598,Tony Jay,Frollo (voice),3
10545,20749,Charles Kimbrough,Gargoyle Victor (voice),4
10545,20624,Mary Wickes,Gargoyle Laverne (voice),5
10545,1206,Jason Alexander,Gargoyle Hugo (voice),6
10545,72250,Paul Kandel,Clopin (voice),7
10545,30695,Mary Kay Bergman,Quasimodo's Mother (voice),8
10545,28010,David Ogden Stiers,Archdeacon (voice),9
34584,29509,Noah Hathaway,Atreyu,0
34584,29508,Barret Oliver,Bastian,1
34584,124442,Tami Stronach,The Childlike Empress,2
34584,24320,Alan Oppenheimer,Rockbiter / Falkor / G'mork / Narrator (voice),3
34584,12693,Sydney Bromley,Engywook,4
34584,12658,Patricia Hayes,Urgl,5
34584,6561,Moses Gunn,Cairon - Empress' Servant,6
34584,124443,Frank Lenart,Teeny Weeny / Night Hob  (voice),7
34584,2744952,Robert Jadah,Morla the Ancient One (voice),8
34584,29512,Gerald McRaney,Bastian's Father,9
2123,206,Jim Carrey,Off. Charlie Baileygates / Hank Evans,0
2123,9137,Renée Zellweger,Irene P. Waters,1
2123,21802,Mongo Brownlee,Lee Harvey Baileygates,2
2123,60672,Zen Gesner,Agent Peterson,3
2123,2955,Chris Cooper,Lieutenant Gerke,4
2123,18471,Anthony Anderson,Jamaal Baileygates,5
2123,21804,Jerod Mixon,Shante Jr. Baileygates,6
2123,2478985,Michael Bowman,Whitey,7
2123,28633,Richard Jenkins,Agent Boshane,8
2123,5694,Robert Forster,Colonel Partington,9
10340,64871,Barbara Luddy,Lady (voice),0
10340,64872,Larry Roberts,Tramp (voice),1
10340,64870,Peggy Lee,Darling / Si / Am / Peg (voice),2
10340,67230,Bill Thompson,Jock / Bull / Policeman at Zoo / Dachsie / Joe (voice),3
10340,1022053,Bill Baucom,Trusty (voice),4
10340,110654,Stan Freberg,Beaver (voice),5
10340,67290,Verna Felton,Aunt Sarah (voice),6
10340,1944,Alan Reed,Boris (voice),7
10340,124506,George Givot,Tony (voice),8
10340,44676,Dal McKennon,Toughy / Professor / Pedro / Hyena (voice),9
869,13240,Mark Wahlberg,Captain Leo Davidson,0
869,3129,Tim Roth,Thade,1
869,1283,Helena Bonham Carter,Ari,2
869,61981,Michael Clarke Duncan,Attar,3
869,13242,Paul Giamatti,Limbo,4
869,13241,Estella Warren,Daena,5
869,11398,Cary-Hiroyuki Tagawa,Krull,6
869,2076,David Warner,Sandar,7
869,10823,Kris Kristofferson,Karubi,8
869,18917,Erick Avari,Tival,9
284052,71580,Benedict Cumberbatch,Dr. Stephen Strange,0
284052,5294,Chiwetel Ejiofor,Mordo,1
284052,53714,Rachel McAdams,Dr. Christine Palmer,2
284052,30082,Benedict Wong,Wong,3
284052,1019,Mads Mikkelsen,Kaecilius,4
284052,3063,Tilda Swinton,The Ancient One,5
284052,72873,Michael Stuhlbarg,Dr. Nicodemus West,6
284052,4589,Benjamin Bratt,Jonathan Pangborn,7
284052,78110,Scott Adkins,Lucian / Strong Zealot,8
284052,1070721,Zara Phythian,Brunette Zealot,9
350,5064,Meryl Streep,Miranda Priestly,0
350,1813,Anne Hathaway,Andy Sachs,1
350,5081,Emily Blunt,Emily,2
350,2283,Stanley Tucci,Nigel,3
350,1284159,Simon Baker,Christian Thompson,4
350,5090,Adrian Grenier,Nate,5
350,10580,Tracie Thoms,Lily,6
350,10581,Rich Sommer,Doug,7
350,10582,Daniel Sunjata,James Holt,8
350,24535,David Marshall Grant,Richard Sachs,9
10386,4491,Jennifer Aniston,Annie Hughes (voice),0
10386,18688,Harry Connick Jr.,Dean McCoppin (voice),1
10386,12835,Vin Diesel,The Iron Giant (voice),2
10386,16433,James Gammon,Foreman Marv Loach / Floyd Turbeaux (voice),3
10386,9599,Cloris Leachman,Mrs. Lynley Tensedge (voice),4
10386,4443,Christopher McDonald,Kent Mansley (voice),5
10386,4251,John Mahoney,General Rogard (voice),6
10386,116027,Eli Marienthal,Hogarth Hughes (voice),7
10386,588,M. Emmet Walsh,Earl Stutz (voice),8
10386,19545,Jack Angel,Additional Voices (voice),9
1574,9137,Renée Zellweger,Roxie Hart,0
1574,1922,Catherine Zeta-Jones,Velma Kelly,1
1574,1205,Richard Gere,Billy Flynn,2
1574,15758,Queen Latifah,Matron Mama Morton,3
1574,4764,John C. Reilly,Amos Hart,4
1574,10132,Colm Feore,Harrison,5
1574,17287,Dominic West,Fred Casely,6
1574,11870,Christine Baranski,Mary Sunshine,7
1574,17644,Ekaterina Chtchelkanova,"Katalin Helinski ""Hunyak""",8
1574,140,Lucy Liu,Kitty Baxter,9
9281,3,Harrison Ford,John Book,0
9281,11084,Kelly McGillis,Rachel,1
9281,14792,Josef Sommer,Schaeffer,2
9281,526,Lukas Haas,Samuel,3
9281,37422,Jan Rubeš,Eli Lapp,4
9281,7674,Alexander Godunov,Daniel Hochleitner,5
9281,2047,Danny Glover,McFee,6
9281,84685,Brent Jennings,Carter,7
9281,5699,Patti LuPone,Elaine,8
9281,58475,Angus MacInnes,Fergie,9
242,1158,Al Pacino,Michael Corleone,0
242,3092,Diane Keaton,Kay Adams,1
242,3094,Talia Shire,Connie Corleone Rizzi,2
242,1271,Andy Garcia,Vincent Mancini,3
242,3265,Eli Wallach,Don Altobello,4
242,3266,Joe Mantegna,Joey Zasa,5
242,3267,George Hamilton,B.J. Harrison,6
242,2233,Bridget Fonda,Grace Hamilton,7
242,1769,Sofia Coppola,Mary Corleone,8
242,3268,Raf Vallone,Cardinal Lamberto,9
33542,18897,Jackie Chan,Keung,0
33542,44917,Anita Mui Yim-Fong,Elaine,1
33542,10875,Françoise Yip,Nancy,2
33542,44922,Bill Tung Biu,Uncle Bill,3
33542,44919,Marc Akerstream,Tony,4
33542,21264,Garvin Cross,Angelo,5
33542,44921,Morgan Lam,Danny,6
33542,1277939,Ailen Sit Chun-Wai,Tony's Gang Member,7
33542,1277940,Chan Man-Ching,Tony's Gang Member,8
33542,4768767,Fred Andrucci,Tony's Gang Member,9
65754,8784,Daniel Craig,Mikael Blomkvist,0
65754,108916,Rooney Mara,Lisbeth Salander,1
65754,290,Christopher Plummer,Henrik Vanger,2
65754,1640,Stellan Skarsgård,Martin Vanger,3
65754,32,Robin Wright,Erika Berger,4
65754,31387,Yorick van Wageningen,Nils Bjurman,5
65754,782,Steven Berkoff,Dirch Frode,6
65754,20810,Joely Richardson,Anita Vanger,7
65754,11855,Geraldine James,Cecilia Vanger,8
65754,5725,Goran Višnjić,Dragan Armansky,9
793,6588,Isabella Rossellini,Dorothy Vallens,0
793,6677,Kyle MacLachlan,Jeffrey Beaumont,1
793,2778,Dennis Hopper,Frank Booth,2
793,4784,Laura Dern,Sandy Williams,3
793,3382,Hope Lange,Mrs. Williams,4
793,923,Dean Stockwell,Ben,5
793,11792,George Dickerson,Detective Williams,6
793,11793,Priscilla Pointer,Mrs. Beaumont,7
793,11794,Frances Bay,Aunt Barbara,8
793,1599429,Jack Harvey,Mr. Beaumont,9
582,678,Martina Gedeck,Christa-Maria Sieland,0
582,8196,Ulrich Mühe,Gerd Wiesler,1
582,8197,Sebastian Koch,Georg Dreyman,2
582,8198,Ulrich Tukur,Anton Grubitz,3
582,8199,Thomas Thieme,Bruno Hempf,4
582,8200,Hans-Uwe Bauer,Paul Hauser,5
582,8201,Volkmar Kleinert,Albert Jerska,6
582,8202,Matthias Brenner,Karl Wallner,7
582,8204,Charly Hübner,Udo,8
582,1081,Herbert Knaup,Gregor Hessenstein,9
9312,57250,Robin Shou,Liu Kang,0
9312,11398,Cary-Hiroyuki Tagawa,Shang Tsung,1
9312,57251,Linden Ashby,Johnny Cage,2
9312,20751,Bridgette Wilson,Sonya Blade,3
9312,38559,Christopher Lambert,Lord Raiden,4
9312,10680,Talisa Soto,Kitana,5
9312,57252,Trevor Goddard,Kano,6
9312,57253,Chris Casamassa,Scorpion,7
9312,57254,François Petit,Sub-Zero,8
9312,57255,Keith Cooke,Reptile,9
11036,30614,Ryan Gosling,Noah Calhoun,0
11036,53714,Rachel McAdams,Allie Hamilton,1
11036,4800,Gena Rowlands,Older Allie,2
11036,16896,James Garner,Older Noah 'Duke',3
11036,11148,Joan Allen,Anne Hamilton,4
11036,76526,David Thornton,John Hamilton,5
11036,11006,James Marsden,Lon Hammond,6
11036,16666,Kevin Connolly,Fin,7
11036,9880,Sam Shepard,Frank Calhoun,8
11036,44822,Starletta DuPois,Nurse Esther,9
4553,3894,Christian Bale,Trevor Reznik,0
4553,10431,Jennifer Jason Leigh,Stevie,1
4553,37946,Aitana Sánchez-Gijón,Marie,2
4553,36900,John Sharian,Ivan,3
4553,11086,Michael Ironside,Miller,4
4553,37947,Lawrence Gilliard Jr.,Jackson,5
4553,38951,Reg E. Cathey,Jones,6
4553,8227,Anna Massey,Mrs. Shike,7
4553,38952,Matthew Romero Moore,Nicholas,8
4553,1402327,Robert Long,Supervisor Furman,9
57158,1327,Ian McKellen,Gandalf the Grey,0
57158,7060,Martin Freeman,Bilbo Baggins,1
57158,30315,Richard Armitage,Thorin Oakenshield,2
57158,71580,Benedict Cumberbatch,Smaug / Sauron,3
57158,114,Orlando Bloom,Legolas,4
57158,19034,Evangeline Lilly,Tauriel,5
57158,72095,Lee Pace,King Thranduil,6
57158,114019,Luke Evans,Bard / Girion,7
57158,11275,Stephen Fry,The Master of Laketown,8
57158,25136,Ken Stott,Balin,9
1487,2372,Ron Perlman,Hellboy,0
1487,11826,Selma Blair,Elizabeth 'Liz' Sherman,1
1487,17005,Doug Jones,Abraham 'Abe' Sapien,2
1487,5049,John Hurt,Prof. Trevor 'Broom' Bruttenholm,3
1487,17283,Rupert Evans,John Myers,4
1487,4175,Jeffrey Tambor,Tom Manning,5
1487,66268,Ladislav Beran,Karl Ruprecht Kroenen,6
1487,66269,Bridget Hodson,Ilsa Haupstein,7
1487,10841,Karel Roden,Grigori Rasputin,8
1487,12359,Brian Steele,Sammael,9
454,6193,Leonardo DiCaprio,Romeo,0
454,6194,Claire Danes,Juliet,1
454,17772,Jesse Bradford,Balthasar,2
454,6198,Vondie Curtis-Hall,Captain Prince,3
454,6197,Brian Dennehy,Ted Montague,4
454,5723,John Leguizamo,Tybalt,5
454,6199,Miriam Margolyes,Nurse,6
454,6195,Harold Perrineau,Mercutio,7
454,94978,Christina Pickles,Caroline Montague,8
454,4935,Pete Postlethwaite,Father Laurence,9
83666,929906,Jared Gilman,Sam Shakusky,0
83666,929905,Kara Hayward,Suzy Bishop,1
83666,62,Bruce Willis,Captain Sharp,2
83666,819,Edward Norton,Scout Master Ward,3
83666,1532,Bill Murray,Mr. Bishop,4
83666,3910,Frances McDormand,Mrs. Bishop,5
83666,3063,Tilda Swinton,Social Services,6
83666,17881,Jason Schwartzman,Cousin Ben,7
83666,12438,Bob Balaban,The Narrator,8
83666,1105079,Lucas Hedges,Redford,9
1621,707,Dan Aykroyd,Louis Winthorpe III,0
1621,776,Eddie Murphy,Billy Ray Valentine,1
1621,1208,Ralph Bellamy,Randolph Duke,2
1621,18156,Don Ameche,Mortimer Duke,3
1621,656,Denholm Elliott,Coleman,4
1621,8944,Jamie Lee Curtis,Ophelia,5
1621,7675,Paul Gleason,Clarence Beeks,6
1621,7908,Frank Oz,Corrupt Cop,7
1621,26485,Jim Belushi,Harvey,8
1621,18160,Kristin Holby,Penelope Witherspoon,9
99861,3223,Robert Downey Jr.,Tony Stark / Iron Man,0
99861,74568,Chris Hemsworth,Thor,1
99861,103,Mark Ruffalo,Bruce Banner / Hulk,2
99861,16828,Chris Evans,Steve Rogers / Captain America,3
99861,1245,Scarlett Johansson,Natasha Romanoff / Black Widow,4
99861,17604,Jeremy Renner,Clint Barton / Hawkeye,5
99861,13548,James Spader,Ultron (voice),6
99861,2231,Samuel L. Jackson,Nick Fury,7
99861,1896,Don Cheadle,James Rhodes / War Machine,8
99861,27428,Aaron Taylor-Johnson,Pietro Maximoff / Quicksilver,9
9325,57331,Bruce Reitherman,Mowgli the Man Cub (voice),0
9325,57329,Phil Harris,Baloo the Bear (voice),1
9325,21877,Sebastian Cabot,Bagheera the Panther (voice),2
9325,3361,George Sanders,Shere Khan the Tiger (voice),3
9325,34759,Sterling Holloway,Kaa the Snake (voice),4
9325,57330,Louis Prima,King Louie of the Apes (voice),5
9325,22602,J. Pat O'Malley,Col. Hathi the Elephant / Buzzie (voice),6
9325,15661,Clint Howard,Junior (voice),7
9325,193778,Chad Stuart,Dizzy (voice),8
9325,951459,Lord Tim Hudson,Flaps (voice),9
18183,74940,Lumi Cavazos,Tita,0
18183,27643,Marco Leonardi,Pedro Muzquiz,1
18183,1068840,Regina Torné,Mamá Elena,2
18183,148189,Mario Iván Martínez,John Brown,3
18183,553167,Ada Carrasco,Nacha,4
18183,168176,Yareli Arizmendi,Rosaura,5
18183,976202,Claudette Maillé,Gertrudis,6
18183,1727824,Pilar Aranda,Chencha,7
18183,104393,Farnesio de Bernal,Cura,8
18183,104381,Joaquín Garrido,Sergeant Treviño,9
1700,8534,Kathy Bates,Annie Wilkes,0
1700,3085,James Caan,Paul Sheldon,1
1700,5605,Richard Farnsworth,Buster,2
1700,7570,Lauren Bacall,Marcia Sindell,3
1700,36926,Frances Sternhagen,Virginia,4
1700,36927,Graham Jarvis,Libby,5
1700,137910,Jerry Potter,Pete,6
1700,1357507,Thomas Brunelle,Anchorman,7
1700,172696,June Christopher,Anchorwoman,8
1700,78620,Julie Payne,Reporter #1,9
11934,504,Tim Robbins,Norville Barnes,0
11934,10431,Jennifer Jason Leigh,Amy Archer,1
11934,3636,Paul Newman,Sidney J. Mussburger,2
11934,1466,Charles Durning,Waring Hudsucker,3
11934,108717,Jim True-Frost,Buzz,4
11934,4251,John Mahoney,Chief,5
11934,8854,Bill Cobbs,Moses,6
11934,11357,Bruce Campbell,Smitty,7
11934,4510,Harry Bugin,Aloysius,8
11934,168648,John Seitz,Benny,9
87827,933160,Suraj Sharma,Pi Patel,0
87827,76793,Irrfan Khan,Adult Pi Patel,1
87827,935504,Ayush Tandon,Pi Patel (11-12 Years),2
87827,1133846,Gautam Belur,Pi Patel (5 Years),3
87827,227849,Adil Hussain,Santosh Patel,4
87827,55062,Tabu,Gita Patel,5
87827,1377778,Ayaan Khan,Ravi Patel (7 Years),6
87827,1133848,Mohd Abbas Khaleeli,Ravi Patel (13-14 Years),7
87827,1133849,Vibish Sivakumar,Ravi Patel (18-19 Years),8
87827,28847,Rafe Spall,Writer,9
97,1229,Jeff Bridges,Kevin Flynn / Clu,0
97,2547,Bruce Boxleitner,Alan Bradley / Tron,1
97,2076,David Warner,Ed Dillinger / Sark,2
97,2548,Cindy Morgan,Lora / Yori,3
97,2549,Barnard Hughes,Dr. Walter Gibbs / Dumont,4
97,2550,Dan Shor,Ram,5
97,12876,Peter Jurasik,Crom,6
97,12877,Tony Stephano,Peter / Sark's Lieutenant,7
97,12878,Craig Chudy,Warrior #1,8
97,12879,Vince Deadrick Jr.,Warrior #2,9
10637,5292,Denzel Washington,Coach Herman Boone,0
10637,883,Will Patton,Coach Bill Yoast,1
10637,65829,Wood Harris,Julius Campbell,2
10637,43858,Ryan Hurst,Gerry Bertier,3
10637,49002,Donald Faison,Petey Jones,4
10637,1227734,Craig Kirkwood,Jerry 'Rev' Harris,5
10637,824,Ethan Suplee,Louie Lastik,6
10637,65561,Kip Pardue,Ronnie 'Sunshine' Bass,7
10637,17265,Hayden Panettiere,Sheryl Yoast,8
10637,74615,Nicole Ari Parker,Carol Boone,9
68734,880,Ben Affleck,Tony Mendez,0
68734,17419,Bryan Cranston,Jack O'Donnell,1
68734,1903,Alan Arkin,Lester Siegel,2
68734,1230,John Goodman,John Chambers,3
68734,8536,Victor Garber,Ken Taylor,4
68734,15455,Tate Donovan,Bob Anders,5
68734,20387,Clea DuVall,Cora Lijek,6
68734,59233,Scoot McNairy,Joe Stafford,7
68734,51792,Rory Cochrane,Lee Schatz,8
68734,61510,Christopher Denham,Mark Lijek,9
236,3051,Toni Collette,Muriel Heslop,0
236,23,Bill Hunter,Bill Heslop,1
236,3052,Rachel Griffiths,Rhonda Epinstalk,2
236,3053,Sophie Lee,Tania Degano,3
236,3060,Jeanie Drynan,Betty Heslop,4
236,3067,Gennie Nevinson,Deidre Chambers,5
236,3072,Daniel Lapaine,David Van Arckle,6
236,3068,Matt Day,Brice Nobes,7
236,3054,Roz Hammond,Cheryl,8
236,3057,Belinda (Belle) Jarrett,Janine,9
2567,6193,Leonardo DiCaprio,Howard Hughes,0
2567,112,Cate Blanchett,Katharine Hepburn,1
2567,3967,Kate Beckinsale,Ava Gardner,2
2567,4764,John C. Reilly,Noah Dietrich,3
2567,7447,Alec Baldwin,Juan Trippe,4
2567,21278,Alan Alda,Senator Ralph Owen Brewster,5
2567,65,Ian Holm,Professor Fitz,6
2567,6413,Danny Huston,Jack Frye,7
2567,77070,Gwen Stefani,Jean Harlow,8
2567,9642,Jude Law,Errol Flynn,9
281957,6193,Leonardo DiCaprio,Hugh Glass,0
281957,2524,Tom Hardy,John Fitzgerald,1
281957,93210,Domhnall Gleeson,Captain Andrew Henry,2
281957,93491,Will Poulter,Jim Bridger,3
281957,1560185,Forrest Goodluck,Hawk,4
281957,117428,Duane Howard,Elk Dog,5
281957,1839463,Arthur Redcloud,Hikuc,6
281957,2498673,Melaw Nakehk'o,Powaqa,7
281957,1554188,Grace Dove,Hugh Glass' Wife,8
281957,526,Lukas Haas,Jones,9
1262,23659,Will Ferrell,Harold Crick,0
1262,1579,Maggie Gyllenhaal,Ana Pascal,1
1262,4483,Dustin Hoffman,Professor Jules Hilbert,2
1262,7056,Emma Thompson,Karen Eiffel,3
1262,15758,Queen Latifah,Penny Escher,4
1262,25147,Tony Hale,Dave,5
1262,3999,Tom Hulce,Dr. Cayly,6
1262,12516,Linda Hunt,Dr. Mittag-Leffler,7
1262,52775,Kristin Chenoweth,Book Channel Host,8
1262,1659415,John M. Watson Sr.,TV Author,9
164,1932,Audrey Hepburn,Holly Golightly,0
164,1933,George Peppard,Paul Varjak,1
164,1934,Patricia Neal,2E Failenson,2
164,1935,Buddy Ebsen,Doc Golightly,3
164,1936,Martin Balsam,O.J. Berman,4
164,1942,José Luis de Vilallonga,José da Silva Pereira,5
164,1943,John McGiver,Tiffany's Salesman,6
164,1944,Alan Reed,Sally Tomato,7
164,1945,Dorothy Whitney,Mag Wildwood,8
164,1946,Beverly Powers,Nightclub Stripper,9
157,1748,William Shatner,Admiral James T. Kirk,0
157,1750,DeForest Kelley,Dr. Leonard 'Bones' McCoy,1
157,1751,James Doohan,Captain Montgomery 'Scotty' Scott,2
157,1752,George Takei,Cmdr. Hikaru Sulu,3
157,1754,Walter Koenig,Cmdr. Pavel Chekov,4
157,1753,Nichelle Nichols,Cmdr. Uhura,5
157,1062,Christopher Lloyd,Cmdr. Kruge,6
157,1819,Robin Curtis,Lt. Saavik,7
157,1820,Mark Lenard,Ambassador Sarek,8
157,1795,Merritt Butrick,Dr. David Marcus,9
299534,3223,Robert Downey Jr.,Tony Stark / Iron Man,0
299534,16828,Chris Evans,Steve Rogers / Captain America,1
299534,103,Mark Ruffalo,Bruce Banner / Hulk,2
299534,74568,Chris Hemsworth,Thor,3
299534,1245,Scarlett Johansson,Natasha Romanoff / Black Widow,4
299534,17604,Jeremy Renner,Clint Barton / Hawkeye,5
299534,16851,Josh Brolin,Thanos,6
299534,1896,Don Cheadle,James Rhodes / War Machine,7
299534,22226,Paul Rudd,Scott Lang / Ant-Man,8
299534,71580,Benedict Cumberbatch,Doctor Strange,9
8874,1204,Julia Roberts,Julianne Potter,0
8874,20212,Dermot Mulroney,Michael O'Neal,1
8874,6941,Cameron Diaz,Kimmy Wallace,2
8874,4757,Rupert Everett,George Downes,3
8874,6541,Philip Bosco,Walter Wallace,4
8874,588,M. Emmet Walsh,Joe O'Neal,5
8874,3052,Rachel Griffiths,Samantha Newhouse,6
8874,7465,Carrie Preston,Amanda Newhouse,7
8874,543204,Susan Sullivan,Isabelle Wallace,8
8874,35769,Christopher Masterson,Scotty O'Neal,9
9659,2461,Mel Gibson,Max Rockatansky,0
9659,58401,Joanne Samuel,Jessie Rockatansky,1
9659,26060,Hugh Keays-Byrne,Toecutter,2
9659,45211,Steve Bisley,Jim Goose,3
9659,1125220,Tim Burns,Johnny the Boy,4
9659,94809,Roger Ward,Fifi,5
9659,141381,Vincent Gil,Nightrider,6
9659,413762,Lulu Pinkus,Nightrider's Girl,7
9659,1125222,Lisa Aldenhoven,Nurse,8
9659,1125223,David Bracks,Mudguts,9
9032,19292,Adam Sandler,Sonny,0
9032,16484,Joey Lauren Adams,Layla,1
9032,12219,Jon Stewart,Kevin,2
9032,56730,Cole Sprouse,Julian,3
9032,95686,Dylan Sprouse,Julian,4
9032,33489,Josh Mostel,Mr. Brooks,5
9032,41087,Leslie Mann,Corinne,6
9032,20818,Allen Covert,Phil,7
9032,60949,Rob Schneider,Delivery Guy,8
9032,56128,Kristy Swanson,Vanessa,9
174,1748,William Shatner,Captain James T. Kirk,0
174,1749,Leonard Nimoy,Captain Spock,1
174,1750,DeForest Kelley,Dr. Leonard 'Bones' McCoy,2
174,1751,James Doohan,Captain Montgomery 'Scotty' Scott,3
174,1754,Walter Koenig,Cmdr. Pavel Chekov,4
174,1753,Nichelle Nichols,Cmdr. Uhuru,5
174,1752,George Takei,Captain Hikaru Sulu,6
174,1820,Mark Lenard,Sarek,7
174,2076,David Warner,Chancellor Gorkon,8
174,2109,Kim Cattrall,Lt. Valeris,9
920,887,Owen Wilson,Lightning McQueen (voice),0
920,3636,Paul Newman,Doc Hudson (voice),1
920,5149,Bonnie Hunt,Sally Carrera (voice),2
920,15897,Larry the Cable Guy,Mater (voice),3
920,11159,Cheech Marin,Ramone (voice),4
920,4252,Tony Shalhoub,Luigi (voice),5
920,15898,Guido Quaroni,Guido (voice),6
920,15899,Jenifer Lewis,Flo (voice),7
920,15900,Paul Dooley,Sarge (voice),8
920,15902,Michael Wallis,Sheriff (voice),9
488,4110,Humphrey Bogart,Charlie Allnut,0
488,6598,Katharine Hepburn,Rose Sayer,1
488,6599,Robert Morley,The Brother,2
488,6600,Peter Bull,Captain of Louisa,3
488,6609,Theodore Bikel,First Officer,4
488,6610,Walter Gotell,Second Officer,5
488,6611,Peter Swanwick,First Officer of Shona,6
488,6612,Richard Marner,Second Officer of Shona,7
415,1461,George Clooney,Batman / Bruce Wayne,0
415,5577,Chris O'Donnell,Robin / Dick Grayson,1
415,1100,Arnold Schwarzenegger,Mr. Freeze / Dr. Victor Fries,2
415,139,Uma Thurman,Poison Ivy / Dr. Pamela Isley,3
415,5588,Alicia Silverstone,Batgirl / Barbara Wilson,4
415,3796,Michael Gough,Alfred Pennyworth,5
415,3798,Pat Hingle,Commissioner Gordon,6
415,5589,John Glover,Dr. Jason Woodrue,7
415,5590,Elle Macpherson,Julie Madison,8
415,2535,Vivica A. Fox,Ms. B. Haven,9
419430,206919,Daniel Kaluuya,Chris Washington,0
419430,1255540,Allison Williams,Rose Armitage,1
419430,2229,Catherine Keener,Missy Armitage,2
419430,11367,Bradley Whitford,Dean Armitage,3
419430,572541,Caleb Landry Jones,Jeremy Armitage,4
419430,1291961,Marcus Henderson,Walter,5
419430,1660452,Betty Gabriel,Georgina,6
419430,1200864,LaKeith Stanfield,Andre Logan King,7
419430,17401,Stephen Root,Jim Hudson,8
419430,1488961,Lil Rel Howery,Rod Williams,9
8810,2461,Mel Gibson,Max Rockatansky,0
8810,27752,Bruce Spence,The Gyro Captain,1
8810,47461,Michael Preston,Pappagallo,2
8810,121417,Max Phipps,The Toadie,3
8810,26491,Vernon Wells,Wez,4
8810,933020,Kjell Nilsson,The Humungus,5
8810,933021,Emil Minty,The Feral Kid,6
8810,26055,Virginia Hey,Warrior Woman,7
8810,83771,William Zappa,Zetta,8
8810,94785,Arkie Whiteley,The Captain's Girl,9
8195,380,Robert De Niro,Sam,0
8195,1003,Jean Reno,Vincent,1
8195,11317,Natascha McElhone,Deirdre,2
8195,1640,Stellan Skarsgård,Gregor,3
8195,33658,Skipp Sudduth,Larry,4
8195,378,Jonathan Pryce,Seamus O'Rourke,5
8195,48,Sean Bean,Spence,6
8195,2369,Michael Lonsdale,Jean-Pierre,7
8195,20285,Féodor Atkine,Mikhi,8
8195,53955,Katarina Witt,Natacha Kirilova,9
496243,20738,Song Kang-ho,Kim Ki-taek,0
496243,115290,Lee Sun-kyun,Park Dong-ik,1
496243,556435,Cho Yeo-jeong,Yeon-kyo,2
496243,1255881,Choi Woo-shik,Ki-woo,3
496243,1442583,Park So-dam,Ki-jung,4
496243,1572354,Lee Jung-eun,Moon-gwang,5
496243,2158882,Jang Hye-jin,Chung-sook,6
496243,1694435,Park Myung-hoon,Geun-se,7
496243,1418762,Jung Zi-so,Da-hye,8
496243,2306987,Jung Hyeon-jun,Da-song,9
11010,67792,Massimo Troisi,Mario Ruoppolo,0
11010,24366,Philippe Noiret,Pablo Neruda,1
11010,10777,Maria Grazia Cucinotta,Beatrice Russo,2
11010,14149,Renato Scarpa,Telegrapher,3
11010,538696,Linda Moretti,Donna Rosa,4
11010,24290,Mariano Rigillo,Di Cosimo,5
11010,225301,Anna Bonaiuto,Matilde,6
11010,1151165,Sergio Solli,Peasant,7
11010,1352578,Carlo Di Maio,Priest,8
11010,1352580,Nando Neri,,9
475557,73421,Joaquin Phoenix,Arthur Fleck,0
475557,380,Robert De Niro,Murray Franklin,1
475557,1545693,Zazie Beetz,Sophie Dumond,2
475557,4432,Frances Conroy,Penny Fleck,3
475557,16841,Brett Cullen,Thomas Wayne,4
475557,74242,Shea Whigham,Detective Burke,5
475557,121718,Bill Camp,Detective Garrity,6
475557,1377670,Glenn Fleshler,Randall,7
475557,1416396,Leigh Gill,Gary,8
475557,6181,Josh Pais,Hoyt Vaughn,9
2787,12835,Vin Diesel,Richard B. Riddick,0
2787,8329,Radha Mitchell,Carolyn Fry,1
2787,6614,Cole Hauser,William J. Johns,2
2787,28099,Lewis Fitz-Gerald,Paris P. Ogilvie,3
2787,26054,Claudia Black,Shazza,4
2787,65827,Keith David,Abu 'Imam' al-Walid,5
2787,28098,Rhiana Griffith,Jack / Jackie,6
2787,1235730,John Moore,John 'Zeke' Ezekiel,7
2787,28100,Simon Burke,Greg Owens,8
2787,230602,Les Chantery,Suleiman,9
149,1678,Mitsuo Iwata,Shotaro Kaneda (voice),0
149,1679,Nozomu Sasaki,Tetsuo Shima (voice),1
149,1680,Mami Koyama,Kei (voice),2
149,58158,Taro Ishida,Colonel Shikishima,3
149,239550,Mizuho Suzuki,Doctor Ônishi,4
149,1681,Tessyo Genda,Ryûsaku (voice),5
149,1683,Koichi Kitamura,Priestess Miyako / Council A (voice),6
149,1684,Yuriko Fuchizaki,Kaori (voice),7
149,1685,Masaaki Okura,Yamagata (voice),8
149,1686,Takeshi Kusao,Kai (voice),9
11543,57755,Woody Harrelson,Roy Munson,0
11543,1811,Randy Quaid,Ishmael Boorg,1
11543,25308,Vanessa Angel,Claudia,2
11543,1532,Bill Murray,Ernie McCracken,3
11543,1534,Chris Elliott,The Gambler,4
11543,101975,William Jordan,Mr. Boorg,5
11543,1824206,Nancy Frey-Jarecki,Sarah Boorg,6
11543,14700,Richard Tyson,Owner Of Stiffy's,7
11543,7401,Lin Shaye,Landlady,8
11543,60672,Zen Gesner,Thomas,9
4147,31,Tom Hanks,Michael Sullivan,0
4147,3636,Paul Newman,John Rooney,1
4147,9642,Jude Law,Harlen Maguire,2
4147,78198,Tyler Hoechlin,"Michael Sullivan, Jr.",3
4147,8784,Daniel Craig,Connor Rooney,4
4147,2283,Stanley Tucci,Frank Nitti,5
4147,10431,Jennifer Jason Leigh,Annie Sullivan,6
4147,19977,Liam Aiken,Peter Sullivan,7
4147,19152,Dylan Baker,Alexander Rance,8
4147,8785,Ciarán Hinds,Finn McGovern,9
186,2299,Josh Hartnett,Slevin,0
186,192,Morgan Freeman,The Boss,1
186,2282,Ben Kingsley,The Rabbi,2
186,140,Lucy Liu,Lindsey,3
186,62,Bruce Willis,Mr. Goodkat,4
186,2283,Stanley Tucci,Det. Brikowski,5
186,34,Mykelti Williamson,Sloe,6
186,12978,Peter Outerbridge,Dumbrowski,7
186,205104,Michael Rubenfeld,Yitzchok,8
186,34395,Kevin Chamberlin,Marty,9
10328,26472,Steve Guttenberg,Jack Bonner,0
10328,194670,Tahnee Welch,Kitty,1
10328,6197,Brian Dennehy,Walter,2
10328,18156,Don Ameche,Arthur Selwyn,3
10328,11065,Wilford Brimley,Benjamin Luckett,4
10328,7668,Hume Cronyn,Joseph Finley,5
10328,21151,Maureen Stapleton,Mary Luckett,6
10328,64929,Jack Gilford,Bernie Lefkowitz,7
10328,5698,Jessica Tandy,Alma Finley,8
10328,15661,Clint Howard,John Dexter,9
388,5292,Denzel Washington,Keith Frazier,0
388,2296,Clive Owen,Dalton Russell,1
388,1038,Jodie Foster,Madeleine White,2
388,290,Christopher Plummer,Arthur Case,3
388,5293,Willem Dafoe,John Darius,4
388,5294,Chiwetel Ejiofor,Bill Mitchell,5
388,5295,Carlos Andrés Gómez,Steve,6
388,4889,Kim Director,Stevie,7
388,5296,James Ransone,Steve-O,8
388,5297,Bernie Rachelle,Chaim,9
331,4783,Sam Neill,Dr. Alan Grant,0
331,3905,William H. Macy,Paul Kirby,1
331,4939,Téa Leoni,Amanda Kirby,2
331,4941,Alessandro Nivola,Billy Brennan,3
331,4940,Trevor Morgan,Eric Kirby,4
331,2169,Michael Jeter,Udesky,5
331,4942,John Diehl,Cooper,6
331,4943,Bruce A. Young,Nash,7
331,4784,Laura Dern,Ellie,8
331,4944,Taylor Nichols,Mark,9
473,6432,Sean Gullette,Maximillian Cohen,0
473,1173,Mark Margolis,Sol Robeson,1
473,6437,Ben Shenkman,Lenny Meyer,2
473,177560,Pamela Hart,Marcy Dawson,3
473,6438,Stephen Pearlman,Rabbi Cohen,4
473,6439,Samia Shoaib,Devi,5
473,1982,Ajay Naidu,Farroukh,6
473,6440,Kristyn Mae-Anne Lao,Jenna,7
473,6441,Espher Lao Nieves,Jenna's Mom,8
473,1402326,Joanne Gordon,Mrs. Ovadia,9
8987,5064,Meryl Streep,Gail Hartman,0
8987,11064,David Strathairn,Tom Hartman,1
8987,4724,Kevin Bacon,Wade,2
8987,4764,John C. Reilly,Terry,3
8987,4787,Joseph Mazzello,Roarke Hartman,4
8987,4589,Benjamin Bratt,Ranger Johnny,5
8987,131725,William Lucking,Frank,6
8987,56490,Stephanie Sawyer,Willa,7
8987,1219410,Elizabeth Hoffman,Gail's Mother,8
8987,1020281,Victor Galloway,Gail's Father,9
1945,1038,Jodie Foster,Nell Kellty,0
1945,3896,Liam Neeson,Dr. Lovell,1
1945,20162,Natasha Richardson,Dr. Paula Olsen,2
1945,20163,Richard Libertini,Dr. Paley,3
1945,20164,Robin Mullins,Mary Peterson,4
1945,12538,Nick Searcy,Sheriff Todd Peterson,5
1945,4654,Jeremy Davies,Billy Fisher,6
1945,20165,O'Neal Compton,"Don Fontana, Lovell's Attorney",7
1945,20166,Joe Inscoe,Judge,8
1945,20167,Stephanie Dawn Wood,Ruthie Lovell,9
8834,2461,Mel Gibson,Jerry Fletcher,0
8834,1204,Julia Roberts,Alice Sutton,1
8834,2387,Patrick Stewart,Dr. Jonas,2
8834,56040,Cylk Cozart,Agent Lowry,3
8834,14328,Steve Kahan,Mr. Wilson,4
8834,54854,Terry Alexander,Flip,5
8834,58293,Alex McArthur,Cynic,6
8834,155560,Rod McLachlan,Justice Guard,7
8834,167566,Michael Potts,Justice Guard,8
8834,164002,Jim Sterling,Justice Guard,9
11287,31,Tom Hanks,Jimmy Dugan,0
11287,16935,Geena Davis,Dottie Hinson (C),1
11287,15309,Lori Petty,Kit Keller (P),2
11287,3125,Madonna,Mae Mordabito (CF),3
11287,12929,Rosie O'Donnell,Doris Murphy (3B),4
11287,53570,Megan Cavanagh,Marla Hooch (2B),5
11287,8189,Tracy Reiner,Betty Horn (LF/P),6
11287,138240,Bitty Schram,Evelyn Gardner (RF),7
11287,59260,Ann Cusack,Shirley Baker (LF),8
11287,25023,Anne Ramsay,Helen Haley (1B),9
1885,2877,Ralph Macchio,Daniel,0
1885,23915,Pat Morita,Miyagi,1
1885,1951,Elisabeth Shue,Ali,2
1885,56124,William Zabka,Johnny,3
1885,56117,Martin Kove,Kreese,4
1885,23916,Randee Heller,Lucille,5
1885,23918,Ron Thomas,Bobby,6
1885,23919,Rob Garrison,Tommy,7
1885,23920,Chad McQueen,Dutch,8
1885,102435,Tony O'Dell,Jimmy,9
38757,16855,Mandy Moore,Rapunzel (voice),0
38757,69899,Zachary Levi,Flynn Rider (voice),1
38757,2517,Donna Murphy,Mother Gothel (voice),2
38757,2372,Ron Perlman,Stabbington Brother (voice),3
38757,22132,M.C. Gainey,Captain of the Guard (voice),4
38757,4175,Jeffrey Tambor,Big Nose Thug (voice),5
38757,18,Brad Garrett,Hook Hand Thug (voice),6
38757,1219029,Paul F. Tompkins,Short Thug (voice),7
38757,10460,Richard Kiel,Vlad (voice),8
38757,1273208,Delaney Rose Stein,Young Rapunzel / Little Girl (voice),9
11472,3291,Hugh Grant,Samuel Faulkner,0
11472,1231,Julianne Moore,Rebecca Taylor,1
11472,74036,Tom Arnold,Marty Dwyer,2
11472,3234,Joan Cusack,Gail Dwyer,3
11472,4785,Jeff Goldblum,Sean Fletcher,4
11472,2157,Robin Williams,Dr. Kosevich,5
11472,149209,Mia Cottet,Lili,6
11472,112085,Joey Simmrin,Truman,7
11472,34486,Ashley Johnson,Shannon Dwyer,8
11472,57674,Alexa PenaVega,Molly Dwyer,9
69,73421,Joaquin Phoenix,John R. Cash,0
69,368,Reese Witherspoon,June Carter,1
69,417,Ginnifer Goodwin,Vivian Cash,2
69,418,Robert Patrick,Ray Cash,3
69,424,Dallas Roberts,Sam Phillips,4
69,425,Dan John Miller,Luther Perkins,5
69,426,Larry Bagby,Marshall Grant,6
69,1231850,Shelby Lynne,Carrie Cash,7
69,419,Tyler Hilton,Elvis Presley,8
69,422,Waylon Payne,Jerry Lee Lewis,9
9740,4173,Anthony Hopkins,Dr. Hannibal Lecter,0
9740,1231,Julianne Moore,Clarice M. Starling,1
9740,64,Gary Oldman,Mason Verger,2
9740,11477,Ray Liotta,Paul Krendler,3
9740,3753,Giancarlo Giannini,Insp. Renaldo Pazzi,4
9740,6752,Željko Ivanek,Dr. Cordell Doemling,5
9740,13936,Frankie Faison,Barney Matthews,6
9740,3809,Francesca Neri,Allegra Pazzi,7
9740,91756,Hazelle Goodman,Evelda Drumgo,8
9740,7219,David Andrews,FBI Agent Pearsall,9
879,4483,Dustin Hoffman,Captain Hook,0
879,2157,Robin Williams,Peter Banning / Peter Pan,1
879,1204,Julia Roberts,Tinkerbell,2
879,382,Bob Hoskins,Smee,3
879,10978,Maggie Smith,Granny Wendy,4
879,6692,Caroline Goodall,Moira,5
879,13389,Charlie Korsmo,Jack,6
879,13390,Amber Scott,Maggie,7
879,199640,Laurel Cronin,Liza,8
879,110001,Phil Collins,Inspector Good,9
11688,60950,David Spade,Kuzco (voice),0
11688,1230,John Goodman,Pacha (voice),1
11688,70243,Eartha Kitt,Yzma (voice),2
11688,9657,Patrick Warburton,Kronk (voice),3
11688,61980,Wendie Malick,Chicha (voice),4
11688,1381716,Kellyann Kelso,Chaca (voice),5
11688,102320,Eli Russell Linnetz,Tipo (voice),6
11688,16842,Stephen J. Anderson,Additional Voices (voice),7
11688,78317,Bob Bergen,Bucky / Additional Voices (voice),8
11688,70615,Rodger Bumpass,Additional Voices (voice),9
2636,16483,Sylvester Stallone,Ray Quick,0
2636,4430,Sharon Stone,May Munro,1
2636,4512,James Woods,Ned Trent,2
2636,522,Rod Steiger,Joe Leon,3
2636,21315,Eric Roberts,Tomas Leon,4
2636,26651,Mario Ernesto Sánchez,Charlie,5
2636,26652,Sergio Doré Jr.,Strongarm,6
2636,26653,Chase Randolph,Stan Munro,7
2636,26654,Jeana Bell,Alice Munro,8
2636,26655,Brittany Paige Bouck,Young May,9
4543,280,Terry Gilliam,Various Roles,0
4543,10722,Graham Chapman,Various Roles,1
4543,8930,John Cleese,Various Roles,2
4543,10713,Eric Idle,Various Roles,3
4543,10707,Terry Jones,Various Roles,4
4543,383,Michael Palin,Various Roles,5
4543,10733,Carol Cleveland,Various Roles,6
4543,37891,Simon Jones,Cedric,7
4543,13475,Patricia Quinn,Mrs. Williams,8
4543,37892,Judy Loe,Nurse #1,9
12162,17604,Jeremy Renner,Staff Sergeant William James,0
12162,53650,Anthony Mackie,Sergeant JT Sanborn,1
12162,49271,Brian Geraghty,Specialist Owen Eldridge,2
12162,52,David Morse,Colonel Reed,3
12162,529,Guy Pearce,Sergeant Matt Thompson,4
12162,19034,Evangeline Lilly,Connie James,5
12162,5469,Ralph Fiennes,Contractor Team Leader,6
12162,122029,Christian Camargo,Colonel John Cambridge,7
12162,96438,Christopher Sayegh,Beckham,8
12162,1291852,David Gueriera,First Sergeant,9
586,4483,Dustin Hoffman,Stanley Motss,0
586,380,Robert De Niro,Conrad Brean,1
586,8256,Anne Heche,Winifred Ames,2
586,57755,Woody Harrelson,Sergeant William Schumann,3
586,5724,Denis Leary,Fad King,4
586,8261,Willie Nelson,Johnny Dean,5
586,8263,Andrea Martin,Liz Butsky,6
586,205,Kirsten Dunst,Tracy Lime,7
586,3905,William H. Macy,CIA Agent Charles Young,8
586,28638,David Koechner,Director,9
273248,2231,Samuel L. Jackson,Major Marquis Warren,0
273248,6856,Kurt Russell,John 'The Hangman' Ruth,1
273248,10431,Jennifer Jason Leigh,Daisy Domergue,2
273248,27740,Walton Goggins,Sheriff Chris Mannix,3
273248,76961,Demián Bichir,Bob,4
273248,3129,Tim Roth,Oswaldo Mobray,5
273248,147,Michael Madsen,Joe Gage,6
273248,6905,Bruce Dern,General Sandy Smithers,7
273248,87312,James Parks,O. B. Jackson,8
273248,1133063,Dana Gourrier,Minnie,9
559,2219,Tobey Maguire,Spider-Man / Peter Parker,0
559,205,Kirsten Dunst,Mary Jane Watson,1
559,17051,James Franco,New Goblin / Harry Osborn,2
559,19159,Thomas Haden Church,Sandman / Flint Marko,3
559,17052,Topher Grace,Venom / Eddie Brock,4
559,18997,Bryce Dallas Howard,Gwen Stacy,5
559,18998,Rosemary Harris,May Parker,6
559,18999,J.K. Simmons,J. Jonah Jameson,7
559,2505,James Cromwell,Captain Stacy,8
559,19152,Dylan Baker,Dr. Curt Connors,9
1995,11701,Angelina Jolie,Lara Croft,0
1995,20508,Iain Glen,Manfred Powell,1
1995,8784,Daniel Craig,Alex West,2
1995,1284,Noah Taylor,Bryce,3
1995,20511,Chris Barrie,Hillary,4
1995,10127,Jon Voight,Lord Richard Croft,5
1995,7031,Julian Rhind-Tutt,Mr. Pimms,6
1995,10655,Leslie Phillips,Wilson,7
1995,20510,Richard Johnson,Distinguished Gentleman,8
1995,20509,Robert Phillips,Assault Team Leader (Julius),9
609,10080,JoBeth Williams,Diane Freeling,0
609,8977,Craig T. Nelson,Steve Freeling,1
609,10083,Beatrice Straight,Dr. Lesh,2
609,10084,Dominique Dunne,Dana Freeling,3
609,10086,Heather O'Rourke,Carol Anne Freeling,4
609,10085,Oliver Robins,Robbie Freeling,5
609,10091,Zelda Rubinstein,Tangina Barrons,6
609,10090,Richard Lawson,Ryan,7
609,10089,Martin Casella,Dr. Marty Casey,8
609,10087,Michael McManus,Ben Tuthill,9
10719,23659,Will Ferrell,Buddy,0
10719,3085,James Caan,Walter,1
10719,64930,Bob Newhart,Papa Elf,2
10719,68812,Ed Asner,Santa,3
10719,2453,Mary Steenburgen,Emily,4
10719,11664,Zooey Deschanel,Jovie,5
10719,27974,Daniel Tay,Michael,6
10719,62066,Faizon Love,Gimbels Manager,7
10719,22970,Peter Dinklage,Miles Finch,8
10719,12110,Amy Sedaris,Deb,9
561,6384,Keanu Reeves,John Constantine,0
561,3293,Rachel Weisz,Angela Dodson / Isabel Dodson,1
561,10959,Shia LaBeouf,Chas Kramer,2
561,938,Djimon Hounsou,Midnite,3
561,10960,Max Baker,Beeman,4
561,3201,Pruitt Taylor Vince,Father Hennessy,5
561,10961,Gavin Rossdale,Balthazar,6
561,3063,Tilda Swinton,Gabriel,7
561,53,Peter Stormare,Lucifer,8
561,10962,Jesse Ramirez,Scavenger,9
6114,64,Gary Oldman,Dracula,0
6114,1920,Winona Ryder,Mina Murray / Elisabeta,1
6114,4173,Anthony Hopkins,Professor Abraham Van Helsing,2
6114,6384,Keanu Reeves,Jonathan Harker,3
6114,41381,Sadie Frost,Lucy Westenra,4
6114,2130,Cary Elwes,Lord Arthur Holmwood,5
6114,20766,Richard E. Grant,Dr. Jack Seward,6
6114,20215,Billy Campbell,Quincey P. Morris,7
6114,2887,Tom Waits,R.M. Renfield,8
6114,28782,Monica Bellucci,Dracula's Bride,9
10539,1652305,Paul Terry,James Henry Trotter,0
10539,6199,Miriam Margolyes,Aunt Sponge / Glowworm (voice),1
10539,34901,Joanna Lumley,Aunt Spiker,2
10539,4935,Pete Postlethwaite,The Magic Man,3
10539,4001,Simon Callow,Grasshopper (voice),4
10539,3037,Richard Dreyfuss,Centipede (voice),5
10539,52951,Jane Leeves,Ladybug (voice),6
10539,4038,Susan Sarandon,Miss Spider (voice),7
10539,11207,David Thewlis,Earthworm (voice),8
10539,63544,Steven Culp,James' Father,9
194662,2232,Michael Keaton,Riggan,0
194662,54693,Emma Stone,Sam,1
194662,58225,Zach Galifianakis,Jake,2
194662,819,Edward Norton,Mike,3
194662,127558,Andrea Riseborough,Laura,4
194662,3489,Naomi Watts,Lesley,5
194662,39388,Amy Ryan,Sylvia,6
194662,30083,Lindsay Duncan,Tabitha,7
194662,28044,Merritt Wever,Annie,8
194662,155222,Jeremy Shamos,Ralph,9
60308,287,Brad Pitt,Billy Beane,0
60308,21007,Jonah Hill,Peter Brand,1
60308,1233,Philip Seymour Hoffman,Art Howe,2
60308,32,Robin Wright,Sharon,3
60308,73457,Chris Pratt,Scott Hatteberg,4
60308,55205,Stephen Bishop,David Justice,5
60308,31508,Reed Diamond,Mark Shapiro,6
60308,84685,Brent Jennings,Ron Washington,7
60308,181067,Ken Medlock,Grady Fuson,8
60308,16859,Tammy Blanchard,Elizabeth Hatteberg,9
9475,1158,Al Pacino,Lt. Col. Frank Slade,0
9475,5577,Chris O'Donnell,Charlie Simms,1
9475,8986,James Rebhorn,Mr. Trask,2
9475,5503,Gabrielle Anwar,Donna,3
9475,1233,Philip Seymour Hoffman,"George Willis, Jr.",4
9475,88748,Richard Venture,W.R. Slade,5
9475,11367,Bradley Whitford,Randy,6
9475,12260,Ron Eldard,Officer Gore,7
9475,571251,Rochelle Oliver,Gretchen,8
9475,1800161,Margaret Eginton,Gail,9
70981,87722,Noomi Rapace,Elizabeth Shaw,0
70981,17288,Michael Fassbender,David,1
70981,6885,Charlize Theron,Meredith Vickers,2
70981,17605,Idris Elba,Janek,3
70981,529,Guy Pearce,Peter Weyland,4
70981,130253,Logan Marshall-Green,Charlie Holloway,5
70981,16702,Sean Harris,Fifield,6
70981,28847,Rafe Spall,Millburn,7
70981,228968,Emun Elliott,Chance,8
70981,30082,Benedict Wong,Ravel,9
853,9642,Jude Law,Vassili Zaitsev,0
853,12763,Joseph Fiennes,Commisar Danilov,1
853,3293,Rachel Weisz,Tania Chernova,2
853,228,Ed Harris,Major König,3
853,382,Bob Hoskins,Nikita Khrushchev,4
853,2372,Ron Perlman,Koulikov,5
853,10627,Eva Mattes,Mother Filipov,6
853,12764,Gabriel Thomson,Sacha Filipov,7
853,4534,Matthias Habich,General Paulus,8
853,12765,Alexander Schwan,Young Vassili Zaitsev,9
11224,68652,Ilene Woods,Cinderella (voice),0
11224,67289,Eleanor Audley,Lady Tremaine (voice),1
11224,67290,Verna Felton,Fairy Godmother (voice),2
11224,68653,Claire Du Brey,(credit only) (voice),3
11224,179371,Rhoda Williams,Drizella (voice),4
11224,137461,James MacDonald,Gus / Jaq (voice),5
11224,38236,Helene Stanley,(credit only),6
11224,85361,Luis van Rooten,King / Grand Duke (voice),7
11224,30144,Don Barclay,Doorman (voice),8
11224,148111,Lucille Bliss,Anastasia (voice),9
1245,4173,Anthony Hopkins,James Stevens,0
1245,7056,Emma Thompson,Miss Kenton,1
1245,1292,James Fox,Lord Darlington,2
1245,20006,Christopher Reeve,Jack Lewis,3
1245,3291,Hugh Grant,Reginald Cardinal,4
1245,386,Peter Vaughan,William Stevens,5
1245,21343,Ben Chaplin,"Charlie, Head Footman",6
1245,1220068,Paula Jacobs,"Mrs. Mortimer, the cook",7
1245,3568,Patrick Godfrey,Spencer,8
1245,2369,Michael Lonsdale,Dupont D'Ivry,9
14291,85313,Max Pomeranc,Josh Waitzkin,0
14291,3266,Joe Mantegna,Fred Waitzkin,1
14291,11148,Joan Allen,Bonnie Waitzkin,2
14291,2282,Ben Kingsley,Bruce Pandolfini,3
14291,2975,Laurence Fishburne,Vinnie,4
14291,554247,Michael Nirenberg,Jonathan Poe,5
14291,41957,Robert Stephens,Poe's Teacher,6
14291,19839,David Paymer,Kalev,7
14291,69301,Hal Scardino,Morgan,8
14291,3905,William H. Macy,Tunafish Father,9
217,3,Harrison Ford,Indiana Jones,0
217,112,Cate Blanchett,Irina Spalko,1
217,650,Karen Allen,Marion Ravenwood,2
217,10959,Shia LaBeouf,Mutt Williams,3
217,5538,Ray Winstone,George 'Mac' McHale,4
217,5049,John Hurt,Professor Harold Oxley,5
217,388,Jim Broadbent,Dean Charles Stanforth,6
217,52761,Igor Jijikine,Antonin Dovchenko,7
217,173269,Dimitri Diatchenko,Russian Suit,8
217,109667,Ilia Volok,Russian Suit,9
4133,85,Johnny Depp,George Jung,0
4133,955,Penélope Cruz,Mirtha Jung,1
4133,679,Franka Potente,Barbara Buckley,2
4133,3052,Rachel Griffiths,Ermine Jung,3
4133,11477,Ray Liotta,Fred Jung,4
4133,31384,Jordi Mollà,Diego Delgado,5
4133,7248,Cliff Curtis,Pablo Escobar,6
4133,5129,Paul Reubens,Derek Foreal,7
4133,30488,Miguel Sandoval,Augusto Oliveras,8
4133,7268,Max Perlich,Kevin Dulli,9
61791,1333,Andy Serkis,Caesar,0
61791,17051,James Franco,Will Rodman,1
61791,76792,Freida Pinto,Caroline Aranha,2
61791,12074,John Lithgow,Charles Rodman,3
61791,1248,Brian Cox,John Landon,4
61791,10993,Tom Felton,Dodge Landon,5
61791,51383,Tyler Labine,Robert Franklin,6
61791,58395,Karin Konoval,Maurice / Court Clerk,7
61791,236696,Terry Notary,Rocket / Bright Eyes,8
61791,189696,Christopher Gordon,Koba,9
4964,19274,Seth Rogen,Ben Stone,0
4964,25541,Katherine Heigl,Alison Scott,1
4964,22226,Paul Rudd,Pete,2
4964,41087,Leslie Mann,Debbie,3
4964,41088,Jason Segel,Jason,4
4964,449,Jay Baruchel,Jay,5
4964,21007,Jonah Hill,Jonah,6
4964,41089,Martin Starr,Martin,7
4964,93285,Lo Mutuc,Jodi,8
4964,963429,Iris Apatow,Charlotte,9
109445,40462,Kristen Bell,Anna (voice),0
109445,19394,Idina Menzel,Elsa (voice),1
109445,221611,Jonathan Groff,Kristoff (voice),2
109445,54415,Josh Gad,Olaf (voice),3
109445,1188241,Santino Fontana,Hans (voice),4
109445,21088,Alan Tudyk,Duke (voice),5
109445,8785,Ciarán Hinds,Pabbie / Grandpa (voice),6
109445,70238,Chris Williams,Oaken (voice),7
109445,16842,Stephen J. Anderson,Kai (voice),8
109445,1297610,Maia Wilson,Bulda (voice),9
335984,30614,Ryan Gosling,'K',0
335984,3,Harrison Ford,Rick Deckard,1
335984,224513,Ana de Armas,Joi,2
335984,543530,Dave Bautista,Sapper Morton,3
335984,32,Robin Wright,Lieutenant Joshi,4
335984,104632,Sylvia Hoeks,Luv,5
335984,1110405,Mackenzie Davis,Mariette,6
335984,7499,Jared Leto,Niander Wallace,7
335984,1013973,Carla Juri,Dr. Ana Stelline,8
335984,765,Hiam Abbass,Freysa,9
783,2282,Ben Kingsley,Mahatma Gandhi,0
783,11850,Candice Bergen,Margaret Bourke-White,1
783,9126,Edward Fox,General Dyer,2
783,11857,John Gielgud,Lord Irwin,3
783,12726,Trevor Howard,Judge Broomfield,4
783,11859,John Mills,Lord Chelmsford,5
783,11849,Rohini Hattangadi,Kasturba Gandhi,6
783,8349,Martin Sheen,Vince Walker,7
783,11854,Ian Charleson,Reverend Charlie Andrews,8
783,20807,Harsh Nayyar,Nathuram Godse,9
11113,1932,Audrey Hepburn,Eliza Doolittle,0
11113,35321,Rex Harrison,Professor Henry Higgins,1
11113,12727,Stanley Holloway,Alfred P. Doolittle,2
11113,15387,Wilfrid Hyde-White,Colonel Hugh Pickering,3
11113,3366,Gladys Cooper,Mrs. Higgins,4
11113,140914,Jeremy Brett,Freddy Eynsford-Hill,5
11113,6609,Theodore Bikel,Zoltan Karpathy,6
11113,89895,Mona Washbourne,Mrs. Pearce,7
11113,95263,Isobel Elsom,Mrs. Eynsford-Hill,8
11113,126656,John Holland,Butler,9
8488,2888,Will Smith,Hitch,0
8488,8170,Eva Mendes,Sara,1
8488,32895,Kevin James,Albert,2
8488,38425,Amber Valletta,Allegra,3
8488,55256,Julie Ann Emery,Casey,4
8488,55257,Adam Arkin,Max,5
8488,55258,Robinne Lee,Cressida,6
8488,203809,Nathan Lee Graham,Geoff,7
8488,4688,Michael Rapaport,Ben,8
8488,52886,Jeffrey Donovan,Vance,9
8584,18897,Jackie Chan,Chon Wang,0
8584,887,Owen Wilson,Roy O'Bannon,1
8584,140,Lucy Liu,Princess Pei Pei,2
8584,3982,Xander Berkeley,Nathan Van Cleef,3
8584,2974,Roger Yuan,Lo Fong,4
8584,120725,Yu Rongguang,Imperial Guard,5
8584,27740,Walton Goggins,Wallace,6
8584,554278,Brandon Merrill,Indian Wife,7
8584,25527,Jason Connery,Andrews,8
8584,43933,Adrien Dorval,Blue,9
11977,54812,Chevy Chase,Ty Webb,0
11977,3198,Rodney Dangerfield,Al Czervik,1
11977,71146,Ted Knight,Judge Smails,2
11977,1532,Bill Murray,Carl Spackler,3
11977,38085,Michael O'Keefe,Danny Noonan,4
11977,55203,Sarah Holcomb,Maggie O'Hooligan,5
11977,2548,Cindy Morgan,Lacey Underall,6
11977,12692,Albert Salmi,Mr. Noonan,7
11977,167367,Scott Colomby,Tony D'Annunzio,8
11977,940742,Dan Resin,Dr. Beeper,9
271110,16828,Chris Evans,Steve Rogers / Captain America,0
271110,3223,Robert Downey Jr.,Tony Stark / Iron Man,1
271110,1245,Scarlett Johansson,Natasha Romanoff / Black Widow,2
271110,60898,Sebastian Stan,Bucky Barnes / Winter Soldier,3
271110,53650,Anthony Mackie,Sam Wilson / Falcon,4
271110,1896,Don Cheadle,Lieutenant James Rhodes / War Machine,5
271110,17604,Jeremy Renner,Clint Barton / Hawkeye,6
271110,172069,Chadwick Boseman,T'Challa / Black Panther,7
271110,6162,Paul Bettany,Vision,8
271110,550843,Elizabeth Olsen,Wanda Maximoff / Scarlet Witch,9
11216,24366,Philippe Noiret,Alfredo,0
11216,20030,Jacques Perrin,Salvatore 'Totò' Di Vita (adult),1
11216,27643,Marco Leonardi,Salvatore 'Totò' Di Vita (teen),2
11216,68635,Salvatore Cascio,Salvatore 'Totò' Di Vita (child),3
11216,120152,Agnese Nano,Elena Mendola (teen) / Elena's daughter (in Director's cut),4
11216,70083,Antonella Attili,Maria Di Vita (young),5
11216,25780,Pupella Maggio,Maria Di Vita (aged),6
11216,1959,Brigitte Fossey,Elena Mendola (adult),7
11216,52657,Enzo Cannavale,Spaccafico,8
11216,1014911,Isa Danieli,Anna,9
1103,6856,Kurt Russell,Snake Plissken,0
1103,4078,Lee Van Cleef,Police Commissioner Bob Hauk,1
1103,7502,Ernest Borgnine,Cabbie,2
1103,9221,Donald Pleasence,President of the United States,3
1103,6542,Isaac Hayes,The Duke of New York,4
1103,47456,Season Hubley,Girl in Chock Full O'Nuts,5
1103,5048,Harry Dean Stanton,Harold 'Brain' Helman,6
1103,11782,Adrienne Barbeau,Maggie,7
1103,11784,Tom Atkins,Rehme,8
1103,11786,Charles Cyphers,Secretary of State,9
9472,4937,Vince Vaughn,Peter La Fleur,0
9472,15286,Christine Taylor,Kate Veatch,1
9472,7399,Ben Stiller,White Goodman,2
9472,9626,Rip Torn,Patches O'Houlihan,3
9472,15033,Justin Long,Justin,4
9472,17401,Stephen Root,Gordon,5
9472,59231,Joel David Moore,Owen,6
9472,1214427,Chris Williams,Dwight,7
9472,21088,Alan Tudyk,Steve the Pirate,8
9472,1294,Missi Pyle,Fran Stalinovskovichdaviddivichski,9
4547,1038,Jodie Foster,Meg Altman,0
4547,37917,Kristen Stewart,Sarah Altman,1
4547,2178,Forest Whitaker,Burnham,2
4547,20309,Dwight Yoakam,Raoul,3
4547,7499,Jared Leto,Junior,4
4547,5274,Patrick Bauchau,Stephen Altman,5
4547,37042,Ann Magnuson,Lydia Lynch,6
4547,15865,Ian Buchanan,Evan Kurlander,7
4547,12047,Andrew Kevin Walker,Sleepy Neighbor,8
4547,36189,Paul Schulze,Officer Keeney,9
8960,2888,Will Smith,John Hancock,0
8960,6885,Charlize Theron,Mary,1
8960,23532,Jason Bateman,Ray,2
8960,66658,Jae Head,Aaron,3
8960,1665,Eddie Marsan,Red,4
8960,66634,David Mattey,Man Mountain,5
8960,2799682,Maetrix Fitten,Matrix,6
8960,539,Thomas Lennon,Mike,7
8960,16478,Johnny Galecki,Jeremy,8
8960,66623,Hayley Marie Norman,Hottie,9
1777,17087,Michael Moore,Self,0
1777,1539343,John Conyers,Self,1
1777,122287,Abdul Henderson,Self,2
1777,2157380,Craig Unger,Self,3
1777,19011,George W. Bush,Self (archive footage),4
1777,120576,Saddam Hussein,Self (archive footage),5
1777,84384,Osama bin Laden,Self (archive footage),6
1777,44127,Larry King,Self (archive footage),7
1777,46432,George H. W. Bush,Self (archive footage),8
1777,116341,Bill Clinton,Self (archive footage),9
4944,1461,George Clooney,Harry Pfarrer,0
4944,3910,Frances McDormand,Linda Litzke,1
4944,287,Brad Pitt,Chad Feldheimer,2
4944,6949,John Malkovich,Osborne Cox,3
4944,3063,Tilda Swinton,Katie Cox,4
4944,28633,Richard Jenkins,Ted,5
4944,126713,Elizabeth Marvel,Sandy Pfarrer,6
4944,33533,David Rasche,CIA Officer,7
4944,18999,J.K. Simmons,CIA Superior,8
4944,53573,Olek Krupa,Krapotkin,9
10478,1269,Kevin Costner,Roy 'Tin Cup' McAvoy,0
10478,14343,Rene Russo,Dr. Molly Griswold,1
10478,25129,Don Johnson,David Simms,2
10478,11159,Cheech Marin,Romeo Posar,3
10478,53602,Linda Hart,Doreen,4
10478,83362,Dennis Burkley,Earl,5
10478,16937,Rex Linn,Dewey,6
10478,20748,Lou Myers,Clint,7
10478,3205,Richard Lineback,Curt,8
10478,156756,George Perez,Jose,9
254,3489,Naomi Watts,Ann Darrow,0
254,3490,Adrien Brody,Jack Driscoll,1
254,70851,Jack Black,Carl Denham,2
254,1333,Andy Serkis,Kong / Lumpy,3
254,3492,Colin Hanks,Preston,4
254,3491,Thomas Kretschmann,Captain Englehorn,5
254,478,Jamie Bell,Jimmy,6
254,3497,Kyle Chandler,Bruce Baxter,7
254,3493,Evan Parke,Hayes,8
254,3494,Lobo Chan,Choy,9
9675,13242,Paul Giamatti,Miles,0
9675,19159,Thomas Haden Church,Jack,1
9675,12519,Virginia Madsen,Maya,2
9675,25540,Sandra Oh,Stephanie,3
9675,57823,Marylouise Burke,Miles's Mother,4
9675,14984,Jessica Hecht,Victoria,5
9675,1223003,Missy Doty,Cammi,6
9675,22132,M.C. Gainey,Cammi's Husband,7
9675,109740,Alysia Reiner,Christine Erganian,8
9675,1127469,Shake Tukhmanyan,Mrs. Erganian,9
9587,1920,Winona Ryder,Jo March,0
9587,17187,Trini Alvarado,Meg March,1
9587,20767,Samantha Mathis,Older Amy March,2
9587,205,Kirsten Dunst,Younger Amy March,3
9587,6194,Claire Danes,Beth March,4
9587,3894,Christian Bale,Laurie,5
9587,4038,Susan Sarandon,Mrs. March,6
9587,5168,Gabriel Byrne,Friedrich Bhaer,7
9587,7036,Eric Stoltz,John Brooke,8
9587,12642,John Neville,Mr. Laurence,9
7340,5606,Sissy Spacek,Carrie,0
7340,6721,Piper Laurie,Margaret White,1
7340,27563,Amy Irving,Sue Snell,2
7340,45415,William Katt,Tommy Ross,3
7340,8891,John Travolta,Billy Nolan,4
7340,44038,Nancy Allen,Chris Hargenson,5
7340,52462,Betty Buckley,Miss Collins,6
7340,15500,P. J. Soles,Norma,7
7340,11793,Priscilla Pointer,Mrs. Snell,8
7340,7085,Sydney Lassick,Mr. Fromm,9
14275,134119,William Gates,Self,0
14275,134120,Arthur Agee,Self,1
14275,3954832,Gene Pingatore,Self,2
14275,122449,Steve James,Narrator (voice),3
14275,1224931,Dick Vitale,Self,4
14275,1222350,Bobby Knight,Self,5
14275,5281,Spike Lee,Self,6
14275,1225387,Isiah Thomas,Self,7
64688,21007,Jonah Hill,Schmidt,0
64688,38673,Channing Tatum,Jenko,1
64688,60073,Brie Larson,Molly Tracey,2
64688,54697,Dave Franco,Eric Molson,3
64688,71403,Rob Riggle,Mr. Walters,4
64688,11827,DeRay Davis,Domingo,5
64688,9778,Ice Cube,Captain Dickson,6
64688,996700,Dax Flame,Zack,7
64688,51382,Chris Parnell,Mr. Gordon,8
64688,475512,Ellie Kemper,Ms. Griggs,9
1648,6384,Keanu Reeves,Ted 'Theodore' Logan,0
1648,18355,Alex Winter,Bill S. Preston,1
1648,15903,George Carlin,Rufus,2
1648,18359,Terry Camilleri,Napoleon,3
1648,2550,Dan Shor,Billy the Kid,4
1648,18360,Tony Steedman,Socrates,5
1648,18361,Rod Loomis,Freud,6
1648,61704,Al Leong,Genghis Khan,7
1648,35157,Jane Wiedlin,Joan of Arc,8
1648,157502,Robert V. Barron,Abraham Lincoln,9
75656,44735,Jesse Eisenberg,J. Daniel Atlas,0
75656,57755,Woody Harrelson,Merritt McKinney,1
75656,52848,Isla Fisher,Henley Reeves,2
75656,54697,Dave Franco,Jack Wilder,3
75656,103,Mark Ruffalo,Dylan Rhodes,4
75656,19119,Mélanie Laurent,Alma Dray,5
75656,192,Morgan Freeman,Thaddeus Bradley,6
75656,3895,Michael Caine,Arthur Tressler,7
75656,50217,Michael Kelly,Agent Fuller,8
75656,4238,Common,Evans,9
7446,7399,Ben Stiller,Tugg Speedman,0
7446,3223,Robert Downey Jr.,Kirk Lazarus,1
7446,70851,Jack Black,Jeff Portnoy,2
7446,449,Jay Baruchel,Kevin Sandusky,3
7446,53336,Brandon T. Jackson,Alpa Chino,4
7446,1115122,Brandon Soo Hoo,Tran,5
7446,10297,Matthew McConaughey,Rick Peck,6
7446,500,Tom Cruise,Les Grossman,7
7446,1733,Nick Nolte,Four Leaf Tayback,8
7446,62862,Danny McBride,Cody,9
888,1230,John Goodman,Fred Flintstone,0
888,20,Elizabeth Perkins,Wilma Flintstone,1
888,8872,Rick Moranis,Barney Rubble,2
888,12929,Rosie O'Donnell,Betty Rubble,3
888,6677,Kyle MacLachlan,Cliff Vandercave,4
888,4587,Halle Berry,Sharon Stone,5
888,3635,Elizabeth Taylor,Pearl Slaghoople,6
888,9175,Dann Florek,Mr. Slate,7
888,13591,Richard Moll,Hoagie,8
888,13592,Irwin Keyes,Joe Rockhead,9
9535,380,Robert De Niro,Paul Vitti,0
9535,7904,Billy Crystal,Dr. Ben Sobel,1
9535,14406,Lisa Kudrow,Laura MacNamara Sobel,2
9535,9046,Chazz Palminteri,Primo Sidone,3
9535,1179646,Kresh Novakovic,'50s Gangster,4
9535,1698607,Bart Tangredi,"Young Vitti, Sr.",5
9535,1698609,Michael Straka,Young Dominic Manetta,6
9535,13605,Joseph Rigano,Dominic Manetta,7
9535,60023,Joe Viterelli,Jelly,8
9535,2102159,Richard C. Castellano,Jimmy Boots,9
546554,8784,Daniel Craig,Benoit Blanc,0
546554,16828,Chris Evans,Ransom Drysdale,1
546554,224513,Ana de Armas,Marta Cabrera,2
546554,8944,Jamie Lee Curtis,Linda Drysdale,3
546554,335,Michael Shannon,Walt Thrombey,4
546554,25129,Don Johnson,Richard Drysdale,5
546554,3051,Toni Collette,Joni Thrombey,6
546554,1200864,LaKeith Stanfield,Lieutenant Elliott,7
546554,290,Christopher Plummer,Harlan Thrombey,8
546554,1636738,Katherine Langford,Meg Thrombey,9
71,478,Jamie Bell,Billy Elliot,0
71,480,Gary Lewis,Jackie Elliot,1
71,477,Julie Walters,Mrs Wilkinson,2
71,481,Jean Heywood,Grandma,3
71,479,Jamie Draven,Tony Elliot,4
71,482,Stuart Wells,Michael Caffrey,5
71,1241113,Mike Elliot,George Watson,6
71,3182293,Billy Fane,Mr Braithwaite,7
71,483,Nicola Blackwell,Debbie Wilkinson,8
71,3182294,Carol McGuigan,Librarian,9
11017,19292,Adam Sandler,Billy Madison,0
11017,11367,Bradley Whitford,Eric Gordon,1
11017,33489,Josh Mostel,Principal Max Anderson,2
11017,20751,Bridgette Wilson,Veronica Vaughn,3
11017,7333,Darren McGavin,Brian Madison,4
11017,77075,Norm Macdonald,Frank,5
11017,188694,Mark Beltzman,Jack,6
11017,11519,Larry Hankin,Carl Alphonse,7
11017,77226,Theresa Merritt,Juanita,8
11017,954122,Dina Platias,Miss Lippy,9
152,1748,William Shatner,Admiral James T. Kirk,0
152,1749,Leonard Nimoy,Mr. Spock,1
152,1750,DeForest Kelley,Dr. Leonard 'Bones' McCoy,2
152,1751,James Doohan,Cmdr. Montgomery 'Scotty' Scott,3
152,1752,George Takei,Lt. Cmdr. Hikaru Sulu,4
152,1754,Walter Koenig,Lt. Pavel Chekov,5
152,1753,Nichelle Nichols,Lt. Cmdr. Uhura,6
152,1756,Stephen Collins,Captain William Decker,7
152,1757,Persis Khambatta,Lt. Ilia / The Probe,8
152,1755,Majel Barrett,Dr. Christine Chapel,9
455,231610,Parminder Nagra,Jesminder 'Jess' Kaur Bhamra,0
455,116,Keira Knightley,Juliette 'Jules' Paxton,1
455,1244,Jonathan Rhys Meyers,Joe,2
455,6217,Anupam Kher,Mr. Bhamra,3
455,6218,Shaheen Khan,Mrs. Bhamra,4
455,128645,Archie Panjabi,Pinky Bhamra,5
455,990,Frank Harper,Alan Paxton,6
455,6238,Juliet Stevenson,Paula Paxton,7
455,1248490,Shaznay Lewis,Mel,8
455,6239,Ameet Chana,Tony,9
22881,18277,Sandra Bullock,Leigh Anne Tuohy,0
22881,74428,Tim McGraw,Sean Tuohy,1
22881,112560,Quinton Aaron,Michael Oher,2
22881,66658,Jae Head,S.J. Tuohy,3
22881,112561,Lily Collins,Collins Tuohy,4
22881,1472,Ray McKinnon,Coach Cotton,5
22881,21165,Kim Dickens,Mrs. Boswell,6
22881,53260,Adriane Lenox,Denise Oher,7
22881,8534,Kathy Bates,Miss Sue,8
22881,112562,Catherine Dyer,Mrs. Smith,9
9323,34923,Atsuko Tanaka,Motoko Kusanagi (voice),0
9323,40451,Akio Otsuka,Batou (voice),1
9323,625,Iemasa Kayumi,Puppetmaster (voice),2
9323,20664,Koichi Yamadera,Togusa (voice),3
9323,83933,Yutaka Nakano,Ishikawa (voice),4
9323,12199,Tamio Ohki,Aramaki (voice),5
9323,1681,Tessyo Genda,Director Nakamura (voice),6
9323,1765827,Masakazu Namaki,Dr. Willis (voice),7
9323,1241453,Masato Yamanouchi,Minister of Foreign Affairs (voice),8
9323,548015,Shinji Ogawa,Gaikôkan (voice),9
82690,4764,John C. Reilly,Ralph (voice),0
82690,7404,Sarah Silverman,Vanellope (voice),1
82690,58737,Jack McBrayer,Felix (voice),2
82690,43775,Jane Lynch,Calhoun (voice),3
82690,21088,Alan Tudyk,King Candy (voice),4
82690,165787,Rich Moore,Sour Bill / Zangief (voice),5
82690,1223658,Raymond S. Persi,Gene / Zombie (voice),6
82690,125167,Mindy Kaling,Taffyta Muttonfudge (voice),7
82690,95002,Jamie Elman,Rancis Fluggerbutter (voice),8
82690,76245,Adam Carolla,Wynnchel (voice),9
805,12021,Mia Farrow,Rosemary Woodhouse,0
805,11147,John Cassavetes,Guy Woodhouse,1
805,4970,Ruth Gordon,Minnie Castevet,2
805,12022,Sidney Blackmer,Roman Castevet,3
805,12023,Maurice Evans,Hutch,4
805,1208,Ralph Bellamy,Dr. Sapirstein,5
805,12024,Victoria Vetri,Terry,6
805,12025,Patsy Kelly,Laura-Louise,7
805,3339,Elisha Cook Jr.,Mr. Nicklas,8
805,12026,Emmaline Henry,Elise Dunstan,9
796,11863,Sarah Michelle Gellar,Kathryn Merteuil,0
796,11864,Ryan Phillippe,Sébastian Valmont,1
796,368,Reese Witherspoon,Annette Hargrove,2
796,11826,Selma Blair,Cecile Caldwell,3
796,7071,Louise Fletcher,Helen Rosemond,4
796,11866,Joshua Jackson,Blaine Tuttle,5
796,11867,Eric Mabius,Greg McConnell,6
796,11868,Sean Patrick Thomas,Ronald Clifford,7
796,12967,Swoosie Kurtz,Dr.  Greenbaum,8
796,11870,Christine Baranski,Bunny Caldwell,9
847,11184,Warwick Davis,Willow,0
847,5576,Val Kilmer,Madmartigan,1
847,12656,Joanne Whalley,Sorsha,2
847,12658,Patricia Hayes,Raziel,3
847,12660,Gavan O'Herlihy,Airk,4
847,12662,Phil Fondacaro,Vohnkar,5
847,10942,Pat Roach,General Kael,6
847,1539,Rick Overton,Franjean,7
847,7166,Kevin Pollak,Rool,8
847,12659,Billy Barty,High Aldwin,9
6280,1100,Arnold Schwarzenegger,Dr. Alex Hesse,0
6280,518,Danny DeVito,Dr. Larry Arbogast,1
6280,7056,Emma Thompson,Dr. Diana Reddin,2
6280,8924,Frank Langella,Noah Banes,3
6280,14699,Pamela Reed,Angela,4
6280,106791,Aida Turturro,Louise,5
6280,19151,James Eckhouse,Ned Sneller,6
6280,53570,Megan Cavanagh,Willow,7
6280,93620,Welker White,Jenny,8
6280,52003,Kathleen Chalfant,Casitas Madres Receptionist,9
44264,1229,Jeff Bridges,Rooster Cogburn,0
44264,130640,Hailee Steinfeld,Mattie Ross,1
44264,1892,Matt Damon,LaBoeuf,2
44264,16851,Josh Brolin,Tom Chaney,3
44264,12834,Barry Pepper,Lucky Ned Pepper,4
44264,43364,Dakin Matthews,Col. Stonehill,5
44264,54856,Jarlath Conroy,Undertaker,6
44264,61260,Paul Rae,Emmett Quincy,7
44264,93210,Domhnall Gleeson,Moon (The Kid),8
44264,126713,Elizabeth Marvel,40-Year-Old Mattie,9
841,6677,Kyle MacLachlan,Paul Atreides,0
841,12513,Francesca Annis,Lady Jessica,1
841,2387,Patrick Stewart,Gurney Halleck,2
841,12516,Linda Hunt,Shadout Mapes,3
841,12515,José Ferrer,Padisha Emperor Shaddam IV,4
841,12517,Freddie Jones,Thufir Hawat,5
841,1370,Brad Dourif,Piter De Vries,6
841,12518,Richard Jordan,Duncan Idaho,7
841,12519,Virginia Madsen,Princess Irulan,8
841,12520,Silvana Mangano,Reverend Mother Ramallo,9
2759,1331,Hugo Weaving,Anthony 'Tick' Belrose / Mitzi Del Bra,0
2759,529,Guy Pearce,Adam Whitely / Felicia Jollygoodfellow,1
2759,28641,Terence Stamp,Bernadette Bassenger,2
2759,23,Bill Hunter,Bob Spart,3
2759,1230360,Sarah Chadwick,Marion Barber,4
2759,1530258,June Marie Bennett,Shirley,5
2759,126332,Rebel Penfold-Russell,Logowoman,6
2759,2241372,John Casey,Bartender,7
2759,2517522,Murray Davies,Miner,8
2759,2517523,Frank Cornelius,Piano Player,9
475,6449,Warren Beatty,Clyde Barrow,0
475,6450,Faye Dunaway,Bonnie Parker,1
475,6451,Michael J. Pollard,C. W. Moss,2
475,193,Gene Hackman,Buck Barrow,3
475,6461,Estelle Parsons,Blanche,4
475,6462,Denver Pyle,Frank Hamer,5
475,6463,Dub Taylor,Ivan Moss,6
475,6464,Evans Evans,Velma Davis,7
475,3460,Gene Wilder,Eugene Grizzard,8
475,6798,Mabel Cavitt,Bonnie's mother (uncredited),9
102899,22226,Paul Rudd,Scott Lang / Ant-Man,0
102899,3392,Michael Douglas,Dr. Hank Pym,1
102899,19034,Evangeline Lilly,Hope van Dyne,2
102899,74541,Corey Stoll,Darren Cross / Yellowjacket,3
102899,21127,Bobby Cannavale,Paxton,4
102899,53650,Anthony Mackie,Sam Wilson / Falcon,5
102899,20750,Judy Greer,Maggie Lang,6
102899,1360010,Abby Ryder Fortson,Cassie Lang,7
102899,454,Michael Peña,Luis,8
102899,83854,David Dastmalchian,Kurt,9
9869,3,Harrison Ford,Jack Ryan,0
9869,10427,Anne Archer,"Dr. Caroline ""Cathy"" Ryan",1
9869,2155,Thora Birch,Sally Ryan,2
9869,48,Sean Bean,Sean Miller,3
9869,29459,Patrick Bergin,Kevin O'Donnell,4
9869,6416,Polly Walker,Annette,5
9869,1292,James Fox,Lord William Holmes,6
9869,2231,Samuel L. Jackson,Lt. Cmdr. Robby Jackson,7
9869,15152,James Earl Jones,Adm. James Greer,8
9869,194,Richard Harris,Paddy O'Neil,9
943,2461,Mel Gibson,Martin Riggs,0
943,2047,Danny Glover,Roger Murtaugh,1
943,4517,Joe Pesci,Leo Getz,2
943,14343,Rene Russo,Lorna Cole,3
943,14344,Stuart Wilson,Jack Travis,4
943,14328,Steve Kahan,Captain Murphy,5
943,23967,Mary Ellen Trainor,Stephanie Woods,6
943,14313,Darlene Love,Trish Murtaugh,7
943,14314,Traci Wolfe,Rianne Murtaugh,8
943,14317,Ebonie Smith,Carrie Murtaugh,9
11360,32437,Edward Brophy,Timothy Q. Mouse (voice) (uncredited),0
11360,2530995,Margaret Wright,Casey Jr. (voice) (uncredited),1
11360,67290,Verna Felton,Elephant Matriarch / Mrs. Jumbo (voice) (uncredited),2
11360,114955,Sarah Selby,Prissy the Elephant (voice) (uncredited),3
11360,193820,Noreen Gammill,Catty the Elephant (voice) (uncredited),4
11360,3203000,Dorothy Scott,Giddy the Elephant (voice) (uncredited),5
11360,9084,Herman Bing,The Ringmaster (voice) (uncredited),6
11360,30236,Cliff Edwards,Dandy Crow (voice) (uncredited),7
11360,222315,Jim Carmichael,Dopey Crow (voice) (uncredited),8
11360,1513985,Hall Johnson,Deacon Crow (voice) (uncredited),9
13597,7487,David Bowie,Jareth,0
13597,6161,Jennifer Connelly,Sarah,1
13597,68794,Toby Froud,Toby,2
13597,68795,Shelley Thompson,Stepmother,3
13597,47808,Christopher Malcolm,Father,4
13597,65298,Brian Henson,Hoggle / Goblin (voice),5
13597,193254,David Shaughnessy,Didymus / The Hat,6
13597,1329518,Ron Mueck,Ludo / Firey 2 / Goblin (voice),7
13597,3548,Timothy Bateson,The Worm / Goblin (voice),8
13597,1225208,Denise Bryer,The Junk Lady (voice),9
10218,15277,Jon Favreau,Mike Peters,0
10218,4937,Vince Vaughn,Trent Walker,1
10218,17402,Ron Livingston,Rob,2
10218,64715,Patrick Van Horn,Sue,3
10218,110141,Alex Désert,Charles,4
10218,69122,Heather Graham,Lorraine,5
10218,171233,Deena Martin,Christy,6
10218,177114,Katherine Kendall,Lisa,7
10218,35980,Brooke Langton,Nikki,8
10218,41690,Blake Lindsley,Girl with Cigar,9
152532,10297,Matthew McConaughey,Ron Woodroof,0
152532,9278,Jennifer Garner,Eve,1
152532,7499,Jared Leto,Rayon,2
152532,81681,Denis O'Hare,Dr. Sevard,3
152532,18324,Steve Zahn,Tucker,4
152532,21710,Michael O'Neill,Richard Barkley,5
152532,424,Dallas Roberts,David Wayne,6
152532,2171,Griffin Dunne,Dr. Vass,7
152532,114000,Kevin Rankin,T.J.,8
152532,230995,Donna DuPlantier,Nurse Frazin,9
1598,380,Robert De Niro,Max Cady,0
1598,1733,Nick Nolte,Sam Bowden,1
1598,4431,Jessica Lange,Leigh Bowden,2
1598,3196,Juliette Lewis,Danielle Bowden,3
1598,10671,Joe Don Baker,Claude Kersek,4
1598,10158,Robert Mitchum,Lieutenant Elgart,5
1598,8487,Gregory Peck,Lee Heller,6
1598,1936,Martin Balsam,Judge,7
1598,7796,Illeana Douglas,Lori Davis,8
1598,17874,Fred Thompson,Tom Broadbent,9
36643,517,Pierce Brosnan,James Bond,0
36643,1957,Sophie Marceau,Elektra,1
36643,18023,Robert Carlyle,Renard,2
36643,9205,Denise Richards,Christmas Jones,3
36643,1923,Robbie Coltrane,Valentin Zukovsky,4
36643,5309,Judi Dench,M,5
36643,9906,Desmond Llewelyn,Q,6
36643,8930,John Cleese,R,7
36643,10777,Maria Grazia Cucinotta,Cigar Girl,8
36643,10699,Samantha Bond,Miss Moneypenny,9
421,1532,Bill Murray,Steve Zissou,0
421,887,Owen Wilson,Ned Plimpton,1
421,112,Cate Blanchett,Jane Winslett-Richardson,2
421,5657,Anjelica Huston,Eleanor Zissou,3
421,5293,Willem Dafoe,Klaus Daimler,4
421,4785,Jeff Goldblum,Alistair Hennessey,5
421,5658,Michael Gambon,Oseary Drakoulias,6
421,1284,Noah Taylor,Vladimir Wolodarsky,7
421,4971,Bud Cort,Bill Ubell,8
421,5659,Seu Jorge,Pelé dos Santos,9
54138,62064,Chris Pine,Captain James T. Kirk,0
54138,17306,Zachary Quinto,Commander Spock,1
54138,8691,Zoe Saldaña,Lieutenant Nyota Uhura,2
54138,71580,Benedict Cumberbatch,John Harrison / Khan,3
54138,1372,Karl Urban,Dr. Leonard 'Bones' McCoy,4
54138,11108,Simon Pegg,Lieutenant Commander Montgomery 'Scotty' Scott,5
54138,21089,Bruce Greenwood,Admiral Christopher Pike,6
54138,27811,Peter Weller,Admiral Alexander Marcus,7
54138,59860,Alice Eve,Dr. Carol Marcus,8
54138,21028,Anton Yelchin,Ensign Pavel Chekov,9
15144,21625,Molly Ringwald,Samantha Baker,0
15144,140777,Michael Schoeffling,Jake Ryan,1
15144,16181,Haviland Morris,Caroline Mulford,2
15144,16183,Gedde Watanabe,Long Duk Dong,3
15144,1904,Anthony Michael Hall,Geek (Ted),4
15144,71241,Justin Henry,Mike Baker,5
15144,15900,Paul Dooley,Jim Baker,6
15144,203731,Carlin Glynn,Brenda Baker,7
15144,21525,Blanche Baker,Ginny Baker,8
15144,29719,Edward Andrews,Howard Baker,9
9631,2231,Samuel L. Jackson,Lt. Danny Roman,0
9631,1979,Kevin Spacey,Lt. Chris Sabian,1
9631,52,David Morse,Cdr. Adam Beck,2
9631,12122,Ron Rifkin,Cdr. Grant Frost,3
9631,34691,John Spencer,Chief Al Travis,4
9631,22131,J.T. Walsh,Insp. Terence Niebaum,5
9631,6751,Siobhan Fallon Hogan,Maggie,6
9631,13242,Paul Giamatti,Rudy,7
9631,21848,Regina Taylor,Karen Roman,8
9631,156532,Bruce Beatty,Markus,9
324857,587506,Shameik Moore,Miles Morales (voice),0
324857,543505,Jake Johnson,Peter B. Parker (voice),1
324857,130640,Hailee Steinfeld,Gwen Stacy (voice),2
324857,932967,Mahershala Ali,Uncle Aaron (voice),3
324857,226366,Brian Tyree Henry,Jefferson Davis (voice),4
324857,10437,Lily Tomlin,Aunt May (voice),5
324857,141610,Luna Lauren Vélez,Rio Morales (voice),6
324857,37153,Zoë Kravitz,Mary Jane (voice),7
324857,933558,John Mulaney,Spider-Ham (voice),8
324857,1443708,Kimiko Glenn,Peni Parker (voice),9
298,1461,George Clooney,Danny Ocean,0
298,287,Brad Pitt,Rusty Ryan,1
298,1158,Al Pacino,Willy Bank,2
298,1892,Matt Damon,Linus Caldwell,3
298,1896,Don Cheadle,Basher Tarr,4
298,1897,Bernie Mac,Frank Catton,5
298,6913,Ellen Barkin,Abigail Sponder,6
298,1893,Casey Affleck,Virgil Malloy,7
298,1894,Scott Caan,Turk Malloy,8
298,1895,Carl Reiner,Saul Bloom,9
11777,504,Tim Robbins,Ed Walters,0
11777,5344,Meg Ryan,Catherine Boyd,1
11777,6837,Walter Matthau,Albert Einstein,2
11777,23708,Lou Jacobi,Kurt Godel,3
11777,69300,Gene Saks,Boris Podolsky,4
11777,20626,Joseph Maher,Nathan Liebknecht,5
11777,11275,Stephen Fry,James Morland,6
11777,4252,Tony Shalhoub,Bob Watters,7
11777,11805,Frank Whaley,Frank,8
11777,1466,Charles Durning,Louis Bamberger,9
1710,10205,Sigourney Weaver,Helen Hudson,0
1710,18686,Holly Hunter,M.J. Monahan,1
1710,20212,Dermot Mulroney,Ruben Goetz,2
1710,18687,William McNamara,Peter Foley,3
1710,18688,Harry Connick Jr.,Daryll Lee Cullum,4
1710,5169,J.E. Freeman,Lt. Quinn,5
1710,883,Will Patton,Nicoletti,6
1710,60205,John Rothman,Andy,7
1710,1235964,Shannon O'Hurley,Susan Schiffer,8
1710,95838,Bob Greene,Pachulski,9
10998,3392,Michael Douglas,Dan Gallagher,0
10998,515,Glenn Close,"Alexandra ""Alex"" Forrest",1
10998,10427,Anne Archer,Beth Gallagher,2
10998,45865,Ellen Hamilton Latzen,Ellen Gallagher,3
10998,52043,Stuart Pankin,Jimmy,4
10998,157459,Ellen Foley,Hildy,5
10998,56266,Fred Gwynne,Arthur,6
10998,168649,Tom Brennan,Howard Rogerson,7
10998,2207,Lois Smith,Martha,8
10998,9628,Mike Nussbaum,Bob Drimmer,9
6075,1158,Al Pacino,Carlito Brigante,0
6075,2228,Sean Penn,David Kleinfeld,1
6075,14698,Penelope Ann Miller,Gail,2
6075,5723,John Leguizamo,Benny Blanco,3
6075,47769,Ingrid Rogers,Steffie,4
6075,40481,Luis Guzmán,Pachanga,5
6075,8986,James Rebhorn,Norwalk,6
6075,47770,Joseph Siravo,Vincent Taglialucci,7
6075,110,Viggo Mortensen,Lalin,8
6075,47771,Richard Foronjy,Pete Amadesso,9
2907,27888,Raúl Juliá,Gomez Addams,0
2907,5657,Anjelica Huston,Morticia Addams,1
2907,1062,Christopher Lloyd,Uncle Fester,2
2907,6486,Dan Hedaya,Tully Alford,3
2907,10776,Elizabeth Wilson,Abigail Craven,4
2907,119864,Judith Malina,Granny,5
2907,9631,Carel Struycken,Lurch,6
2907,13314,Dana Ivey,Margaret Alford,7
2907,41243,Paul Benedict,Judge Womack,8
2907,6886,Christina Ricci,Wednesday Addams,9
37136,7633,Leslie Nielsen,Frank Drebin,0
37136,12949,Priscilla Presley,Jane Spencer,1
37136,1793,Ricardo Montalban,Vincent Ludwig,2
37136,12950,George Kennedy,Ed Hocken,3
37136,12951,O. J. Simpson,Nordberg,4
37136,162869,Susan Beaubian,Mrs. Nordberg,5
37136,12957,Nancy Marchand,Mayor,6
37136,13422,Raye Birk,Pahpshmir,7
37136,218220,Jeannette Charles,Queen Elizabeth II,8
37136,122592,Ed Williams,Ted Olsen,9
137106,73457,Chris Pratt,Emmet Brickowski (voice),0
137106,9281,Elizabeth Banks,Wyldstyle / Lucy (voice),1
137106,23659,Will Ferrell,Lord Business / President Business / The Man Upstairs,2
137106,192,Morgan Freeman,Vitruvius (voice),3
137106,21200,Will Arnett,Batman / Bruce Wayne (voice),4
137106,3896,Liam Neeson,Bad Cop / Good Cop / Pa Cop (voice),5
137106,88029,Alison Brie,Unikitty (voice),6
137106,17039,Nick Offerman,Metal Beard (voice),7
137106,95101,Charlie Day,Benny (voice),8
137106,1340685,Jadon Sand,Finn,9
9909,1160,Michelle Pfeiffer,Louanne Johnson,0
9909,10477,George Dzundza,Hal Griffith,1
9909,24047,Courtney B. Vance,Mr. George Grandey,2
9909,11902,Robin Bartlett,Mrs. Carla Nichols,3
9909,168638,Beatrice Winde,Mary Benton,4
9909,12642,John Neville,Waiter,5
9909,81726,Lorraine Toussaint,Irene Roberts,6
9909,28863,Renoly Santiago,Raul Sanchero,7
9909,975133,Wade Dominguez,Emilio Ramirez,8
9909,188642,Bruklin Harris,Callie Roberts,9
167,1229,Jeff Bridges,Dr. Mark Powell,0
167,1979,Kevin Spacey,Prot,1
167,1980,Mary McCormack,Rachel Powell,2
167,1981,Alfre Woodard,Claudia Villars,3
167,1737,David Patrick Kelly,Howie,4
167,1985,Saul Williams,Ernie,5
167,1986,Peter Gerety,Sal,6
167,1989,Celia Weston,Mrs. Archer,7
167,1982,Ajay Naidu,Dr. Chakaraborty,8
167,1988,Tracy Vilar,Maria,9
11674,515,Glenn Close,Cruella de Vil,0
11674,8447,Jeff Daniels,Roger,1
11674,20810,Joely Richardson,Anita,2
11674,23709,Joan Plowright,Nanny,3
11674,41419,Hugh Laurie,Jasper,4
11674,20999,Mark Williams,Horace,5
11674,940,John Shrapnel,Skinner,6
11674,41043,Tim McInnerny,Alonzo,7
11674,67028,Hugh Fraser,Frederick,8
11674,2845670,Zohren Weiss,Herbert,9
22970,210824,Kristen Connolly,Dana Polk,0
22970,51533,Fran Kranz,Marty Mikalski,1
22970,74568,Chris Hemsworth,Curt Vaughn,2
22970,210695,Jesse Williams,Holden McCrea,3
22970,486603,Anna Hutchison,Jules Louden,4
22970,28633,Richard Jenkins,Richard Sitterson,5
22970,11367,Bradley Whitford,Steve Hadley,6
22970,81133,Amy Acker,Wendy Lin,7
22970,31137,Brian J. White,Daniel Truman,8
22970,10205,Sigourney Weaver,The Director,9
2978,1532,Bill Murray,Dr. Peter Venkman,0
2978,707,Dan Aykroyd,Dr. Raymond Stantz,1
2978,10205,Sigourney Weaver,Dana Barrett,2
2978,1524,Harold Ramis,Dr. Egon Spengler,3
2978,8874,Ernie Hudson,Winston Zeddemore,4
2978,8872,Rick Moranis,Louis Tully,5
2978,8873,Annie Potts,Janine Melnitz,6
2978,12688,Peter MacNicol,Janosz Poha,7
2978,1166,Harris Yulin,The Judge,8
2978,8875,David Margulies,The Mayor of NY,9
665,10017,Charlton Heston,Judah Ben-Hur,0
665,10020,Stephen Boyd,Messala,1
665,10021,Hugh Griffith,Scheich Ildirim,2
665,10018,Jack Hawkins,Quintus Arrius,3
665,10019,Haya Harareet,Esther,4
665,10022,Martha Scott,Miriam,5
665,10023,Cathy O'Donnell,Tirzah,6
665,10024,Sam Jaffe,Simonides,7
665,10027,Finlay Currie,Balthasar,8
665,10025,Frank Thring,Pontius Pilatus,9
2080,6968,Hugh Jackman,Logan / Wolverine,0
2080,23626,Liev Schreiber,Victor Creed,1
2080,6413,Danny Huston,Stryker,2
2080,21044,Lynn Collins,Kayla Silverfox,3
2080,79072,Kevin Durand,Fred Dukes,4
2080,1330,Dominic Monaghan,Bradley,5
2080,60900,Taylor Kitsch,Remy LeBeau,6
2080,82093,Daniel Henney,Agent Zero,7
2080,10859,Ryan Reynolds,Wade Wilson,8
2080,82092,will.i.am,John Wraith,9
142,1810,Heath Ledger,Ennis Del Mar,0
142,131,Jake Gyllenhaal,Jack Twist,1
142,1812,Michelle Williams,Alma Beers,2
142,1813,Anne Hathaway,Lureen Newsome,3
142,1811,Randy Quaid,Joe Aguirre,4
142,1817,Linda Cardellini,Cassie Cartwright,5
142,1772,Anna Faris,Lashawn Malone,6
142,35029,David Harbour,Randall Malone,7
142,10362,Roberta Maxwell,Jack's Mother,8
142,51072,Kate Mara,Alma Del Mar Jr. (age 19),9
11353,67773,Steve Martin,Bobby Bowfinger,0
11353,776,Eddie Murphy,Kit Ramsey / Jeffernson 'Jiff' Ramsey,1
11353,69122,Heather Graham,Daisy,2
11353,11870,Christine Baranski,Carol,3
11353,6213,Jamie Kennedy,Dave,4
11353,27860,Barry Newman,"Hal, Kit's Agent",5
11353,20804,Adam Alexi-Malle,Afrim,6
11353,92276,Kohl Sudduth,Slater,7
11353,28641,Terence Stamp,Terry Stricter,8
11353,3223,Robert Downey Jr.,Jerry Renfro,9
688,5064,Meryl Streep,Francesca Johnson,0
688,190,Clint Eastwood,Robert Kincaid,1
688,6907,Annie Corley,Caroline Johnson,2
688,10379,Victor Slezak,Michael Johnson,3
688,10380,Jim Haynie,Richard Johnson,4
688,10381,Sarah Zahn,Young Carolyn,5
688,10382,Christopher Kroon,Young Michael,6
688,10383,Phyllis Lyons,Betty,7
688,10386,Debra Monk,Madge,8
688,10388,Richard Lage,Lawyer Peterson,9
696,1243,Woody Allen,Isaac Davis,0
696,3092,Diane Keaton,Mary Wilkie,1
696,4776,Michael Murphy,Yale,2
696,10447,Mariel Hemingway,Tracy,3
696,5064,Meryl Streep,Jill,4
696,10448,Anne Byrne Hoffman,Emily,5
696,10449,Karen Ludwig,Connie,6
696,10450,Michael O'Donoghue,Dennis,7
696,80482,Gary Weis,Television Director,8
696,67951,Kenny Vance,Television Producer,9
944,2461,Mel Gibson,Martin Riggs,0
944,2047,Danny Glover,Roger Murtaugh,1
944,4517,Joe Pesci,Leo Getz,2
944,14343,Rene Russo,Lorna Cole,3
944,2632,Chris Rock,Det.Lee Butters,4
944,1336,Jet Li,Wah Sing Ku,5
944,14328,Steve Kahan,Captain Murphy,6
944,8400,Kim Chan,Benny Chan,7
944,14313,Darlene Love,Trish Murtaugh,8
944,14314,Traci Wolfe,Rianne Murtaugh,9
65,325,Eminem,Jimmy,0
65,326,Kim Basinger,Stephanie,1
65,327,Mekhi Phifer,Future,2
65,328,Brittany Murphy,Alex,3
65,333,Evan Jones,Cheddar Bob,4
65,334,Omar Benson Miller,Sol George,5
65,341,De'Angelo Wilson,DJ IZ,6
65,342,Eugene Byrd,Wink,7
65,343,Taryn Manning,Janeane,8
65,344,Larry Hudson,Bouncer,9
9476,1810,Heath Ledger,William Thatcher,0
9476,17328,Rufus Sewell,Count Adhemar,1
9476,27855,Shannyn Sossamon,Jocelyn,2
9476,6162,Paul Bettany,Geoffrey Chaucer,3
9476,42279,Laura Fraser,Kate,4
9476,13633,Mark Addy,Roland,5
9476,21088,Alan Tudyk,Wat,6
9476,82923,Bérénice Bejo,Christiana,7
9476,32559,Scott Handy,Germaine,8
9476,17648,James Purefoy,Colville,9
2028,3036,John Cusack,Lloyd Dobler,0
2028,3126,Ione Skye,Diane Court,1
2028,4251,John Mahoney,James Court,2
2028,3127,Lili Taylor,Corey Flood,3
2028,21062,Amy Brooks,D.C.,4
2028,21063,Pamela Adlon,Rebecca,5
2028,21064,Jason Gould,Mike Cameron,6
2028,11628,Loren Dean,Joe,7
2028,21065,Johnny Green,Luke,8
2028,12799,Jeremy Piven,Mark,9
982,4347,Frank Sinatra,Capt./Maj. Bennett Marco,0
982,14729,Laurence Harvey,Raymond Shaw,1
982,14730,Angela Lansbury,Mrs. Iselin,2
982,7302,Janet Leigh,Eugenie Rose Chaney,3
982,14732,James Gregory,Sen. John Yerkes Iselin,4
982,14731,Henry Silva,Chunjin,5
982,14733,Leslie Parrish,Jocelyn Jordan,6
982,1943,John McGiver,Sen. Thomas Jordan,7
982,14734,Khigh Dhiegh,Dr. Yen Lo,8
982,3342,James Edwards,Cpl. Allen Melvin,9
3933,85,Johnny Depp,Victor Van Dort (voice),0
3933,1283,Helena Bonham Carter,Corpse Bride (voice),1
3933,1639,Emily Watson,Victoria Everglot (voice),2
3933,30364,Tracey Ullman,Nell Van Dort / Hildegarde (voice),3
3933,34900,Paul Whitehouse,William Van Dort / Mayhew / Paul the Head Waiter (voice),4
3933,34901,Joanna Lumley,Maudeline Everglot (voice),5
3933,3926,Albert Finney,Finis Everglot (voice),6
3933,20766,Richard E. Grant,Barkis Bittern (voice),7
3933,113,Christopher Lee,Pastor Galswells (voice),8
3933,3796,Michael Gough,Elder Gutknecht (voice),9
9879,3416,Demi Moore,Erin Grant,0
9879,16475,Burt Reynolds,David Dilbeck,1
9879,23346,Armand Assante,Lt. Al Garcia,2
9879,10182,Ving Rhames,Shad,3
9879,418,Robert Patrick,Darrell Grant,4
9879,925,Paul Guilfoyle,Malcolm Moldovsky,5
9879,20848,Rumer Willis,Angela Grant,6
9879,60796,Jerry Grayson,Orly,7
9879,53963,Robert Stanton,Erb Crandal,8
9879,52043,Stuart Pankin,Alan Mordecai,9
59436,887,Owen Wilson,Gil,0
59436,53714,Rachel McAdams,Inez,1
59436,8534,Kathy Bates,Gertrude Stein,2
59436,29685,Kurt Fuller,John,3
59436,3490,Adrien Brody,Salvador Dalí,4
59436,937039,Carla Bruni,Museum Guide,5
59436,8293,Marion Cotillard,Adriana,6
59436,3968,Michael Sheen,Paul,7
59436,971329,Nina Arianda,Carol,8
59436,91606,Tom Hiddleston,F. Scott Fitzgerald,9
9008,1158,Al Pacino,Lowell Bergman,0
9008,934,Russell Crowe,Jeffrey Wigand,1
9008,290,Christopher Plummer,Mike Wallace,2
9008,6200,Diane Venora,Liane Wigand,3
9008,4492,Philip Baker Hall,Don Hewitt,4
9008,32225,Lindsay Crouse,Sharon Tiller,5
9008,5578,Debi Mazar,Debbie De Luca,6
9008,537,Stephen Tobolowsky,Eric Kluster,7
9008,10132,Colm Feore,Richard Scruggs,8
9008,14888,Bruce McGill,Ron Motley,9
12092,67228,Kathryn Beaumont,Alice (voice),0
12092,5833,Ed Wynn,Mad Hatter (voice),1
12092,29283,Richard Haydn,Caterpillar (voice),2
12092,34759,Sterling Holloway,Cheshire Cat (voice),3
12092,142527,Jerry Colonna,March Hare (voice),4
12092,67290,Verna Felton,Queen of Hearts (voice),5
12092,22602,J. Pat O'Malley,Walrus / Carpenter / Dee / Dum (voice),6
12092,67230,Bill Thompson,White Rabbit / Dodo (voice),7
12092,93897,Heather Angel,Alice's Sister (voice),8
12092,132709,Joseph Kearns,Doorknob (voice),9
1051,193,Gene Hackman,"Jimmy ""Popeye"" Doyle",0
1051,6355,Roy Scheider,Buddy Russo,1
1051,14821,Fernando Rey,Alain Charnier,2
1051,15183,Tony Lo Bianco,Sal Boca,3
1051,15184,Marcel Bozzuffi,Pierre Nicoli,4
1051,15185,Frédéric de Pasquale,Devereaux,5
1051,15186,Bill Hickman,Mulderig,6
1051,1904215,Ann Rebbot,Marie Charnier,7
1051,15187,Harold Gary,Weinstock,8
1051,15188,Arlene Farber,Angie Boca,9
9285,33654,Breckin Meyer,Josh,0
9285,57599,Seann William Scott,E.L.,1
9285,20189,Amy Smart,Beth,2
9285,57133,Paulo Costanzo,Rubin,3
9285,132078,DJ Qualls,Kyle,4
9285,52478,Rachel Blanchard,Tiffany,5
9285,6165,Anthony Rapp,Jacob,6
9285,10430,Fred Ward,Earl Edwards,7
9285,36423,Tom Green,Barry,8
9285,43120,Andy Dick,Motel Clerk,9
9509,5292,Denzel Washington,John W. Creasy,0
9509,501,Dakota Fanning,Lupita Ramos,1
9509,4690,Christopher Walken,Paul Rayburn,2
9509,8329,Radha Mitchell,Lisa Ramos,3
9509,47775,Marc Anthony,Samuel Ramos,4
9509,3753,Giancarlo Giannini,Miguel Manzano,5
9509,10768,Rachel Ticotin,Mariana Garcia Guerrero,6
9509,2295,Mickey Rourke,Jordan Kalfus,7
9509,61059,Roberto Sosa,Daniel Sanchez,8
9509,69865,Jesús Ochoa,Victor Fuentes,9
10764,8784,Daniel Craig,James Bond,0
10764,18182,Olga Kurylenko,Camille,1
10764,8789,Mathieu Amalric,Dominic Greene,2
10764,5309,Judi Dench,M,3
10764,3753,Giancarlo Giannini,Mathis,4
10764,59620,Gemma Arterton,Strawberry Fields,5
10764,2954,Jeffrey Wright,Felix Leiter,6
10764,35029,David Harbour,Gregg Beam,7
10764,2244,Jesper Christensen,Mr. White,8
10764,62892,Anatole Taubman,Elvis,9
12230,8229,Rod Taylor,Pongo (voice),0
12230,22602,J. Pat O'Malley,Colonel / Jasper (voice),1
12230,71779,Betty Lou Gerson,Cruella De Vil / Miss Birdwell (voice),2
12230,71780,Martha Wentworth,Nanny / Queenie / Lucy (voice),3
12230,71781,Ben Wright,Roger (voice),4
12230,71782,Cate Bauer,Perdita (voice),5
12230,16063,David Frankham,Sergeant Tibbs (voice),6
12230,14509,Frederick Worlock,Horace / Inspector Craven (voice),7
12230,140821,Lisa Davis,Anita (voice),8
12230,48962,Tom Conway,Quizmaster / Collie (voice),9
9066,56881,Shelley Long,Carol Brady,0
9066,21163,Gary Cole,Mike Brady,1
9066,15286,Christine Taylor,Marcia Brady,2
9066,31468,Christopher Daniel Barnes,Greg Brady,3
9066,112052,Jennifer Elise Cox,Jan Brady,4
9066,1231709,Paul Sutera,Peter Brady,5
9066,116437,Olivia Hack,Cindy Brady,6
9066,1011102,Jesse Lee Soffer,Bobby Brady,7
9066,1224522,Henriette Mantel,Alice Nelson,8
9066,57353,David Graf,Sam Franklin,9
5175,18897,Jackie Chan,Yan Naing Lee,0
5175,66,Chris Tucker,James Carter,1
5175,11389,John Lone,Ricky Tan,2
5175,41901,Roselyn Sánchez,Isabella Molina,3
5175,1339,Zhang Ziyi,Hu Li,4
5175,7169,Alan King,Steve Reign,5
5175,1166,Harris Yulin,Agent Sterling,6
5175,10885,Kenneth Tsang,Captain Chin,7
5175,101012,Lisa LoCicero,Receptionist,8
5175,73590,Meiling Melançon,Girl in Car,9
9322,57298,Anne Parillaud,Nikita,0
9322,7037,Jean-Hugues Anglade,Marco,1
9322,10698,Tchéky Karyo,Bob,2
9322,1003,Jean Reno,"Victor, the Cleaner",3
9322,2170,Marc Duret,Rico,4
9322,14812,Jeanne Moreau,Armande,5
9322,57299,Patrick Fontana,Coyotte,6
9322,24763,Roland Blanche,Interrogation Cop,7
9322,72090,Jacques Boudet,The Pharmacist,8
9322,2168,Jean Bouise,The Embassy Attaché,9
765,11357,Bruce Campbell,Ash,0
765,11749,Sarah Berry,Annie,1
765,11750,Dan Hicks,Jake,2
765,11751,Kassie DePaiva,Bobby Joe,3
765,11769,Ted Raimi,Possessed Henrietta,4
765,11753,Denise Bixler,Linda,5
765,11754,Richard Domeier,Ed,6
765,11755,John Peakes,Professor Knowby,7
765,11756,Lou Hancock,Henrietta,8
765,1840027,Snowy Winters,Dancer,9
1630,57755,Woody Harrelson,Larry Flynt,0
1630,7621,Courtney Love,Althea Leasure,1
1630,819,Edward Norton,Alan Isaacman,2
1630,18235,Brett Harrelson,Jimmy Flynt,3
1630,18236,Donna Hanover,Ruth Carter Stapleton,4
1630,2505,James Cromwell,Charles Keating,5
1630,1064,Crispin Glover,Arlo,6
1630,3418,Vincent Schiavelli,Chester,7
1630,104418,Miles Chapin,Miles,8
1630,60093,James Carville,Simon Leis,9
10315,1461,George Clooney,Mr. Fox (voice),0
10315,5064,Meryl Streep,Mrs. Fox (voice),1
10315,17881,Jason Schwartzman,Ash Fox (voice),2
10315,1332415,Eric Chase Anderson,Kristofferson Silverfox (voice),3
10315,486,Wallace Wolodarsky,Kylie (voice),4
10315,5293,Willem Dafoe,Rat (voice),5
10315,5658,Michael Gambon,Franklin Bean (voice),6
10315,1332416,Robin Hurlstone,Walter Boggis (voice),7
10315,992097,Hugo Guinness,Nathan Bunce (voice),8
10315,1532,Bill Murray,Clive Badger (voice),9
383498,10859,Ryan Reynolds,Wade Wilson / Deadpool / Juggernaut (voice),0
383498,16851,Josh Brolin,Cable,1
383498,54882,Morena Baccarin,Vanessa,2
383498,1139349,Julian Dennison,Firefist,3
383498,1545693,Zazie Beetz,Domino,4
383498,51990,T.J. Miller,Weasel,5
383498,122750,Leslie Uggams,Blind Al,6
383498,1109702,Karan Soni,Dopinder,7
383498,1492326,Brianna Hildebrand,Negasonic Teenage Warhead,8
383498,1292258,Jack Kesy,Black Tom,9
1725,2769,Natalie Wood,Maria,0
1725,6679,Richard Beymer,Tony,1
1725,6725,Russ Tamblyn,Riff,2
1725,13299,Rita Moreno,Anita,3
1725,24880,George Chakiris,Bernardo,4
1725,14063,Simon Oakland,Schrank,5
1725,18870,Ned Glass,Doc,6
1725,18871,William Bramley,Krupke,7
1725,18872,Tucker Smith,Ice,8
1725,151333,Tony Mordente,Action,9
8619,934,Russell Crowe,Captain Jack Aubrey,0
8619,6162,Paul Bettany,Dr. Stephen Maturin,1
8619,19655,James D'Arcy,1st Lt. Thomas Pullings,2
8619,47643,Robert Pugh,"Mr. Allen, Master",3
8619,59081,David Threlfall,"Preserved Killick, Captain's Steward",4
8619,229672,Lee Ingleby,Midshipman Hollom,5
8619,215661,Max Pirkis,Midshipman Blakeney,6
8619,1032202,Max Benitz,Midshipman Calamy,7
8619,1329,Billy Boyd,"Barrent Bonden, Coxswain",8
8619,219496,Edward Woodall,2nd Lt. William Mowett,9
1633,8534,Kathy Bates,Evelyn Couch,0
1633,5698,Jessica Tandy,Ninny Threadgoode,1
1633,18248,Mary-Louise Parker,Ruth Jamison,2
1633,31140,Mary Stuart Masterson,Idgie Threadgoode,3
1633,18249,Cicely Tyson,Sipsey,4
1633,16936,Stan Shaw,Big George,5
1633,5577,Chris O'Donnell,Buddy Threadgoode,6
1633,2886,Gailard Sartain,Ed Couch,7
1633,83411,Timothy Scott,Smokey Lonesome,8
1633,96228,Gary Basaraba,Grady Kilgore,9
772,11510,Macaulay Culkin,Kevin,0
772,4517,Joe Pesci,Harry,1
772,11511,Daniel Stern,Marv,2
772,11514,Catherine O'Hara,Kate,3
772,11512,John Heard,Peter,4
772,18345,Brenda Fricker,Pigeon Lady,5
772,13472,Tim Curry,Concierge,6
772,11516,Devin Ratray,Buzz,7
772,11517,Gerry Bamman,Uncle Frank,8
772,60949,Rob Schneider,Cedric,9
8843,16866,Jennifer Lopez,Catherine Deane,0
8843,4937,Vince Vaughn,Peter Novak,1
8843,7132,Vincent D'Onofrio,Carl Rudolph Stargher,2
8843,56513,Catherine Sutherland,Anne Marie Vicksey,3
8843,16433,James Gammon,Teddy Lee,4
8843,94509,Colton James,Edward Baines,5
8843,19152,Dylan Baker,Henry West,6
8843,17352,Marianne Jean-Baptiste,Dr. Miriam Kent,7
8843,19468,Gerry Becker,Dr. Barry Cooperman,8
8843,1475,Musetta Vander,Ella Baines,9
281,5469,Ralph Fiennes,Lenny Nero,0
281,9780,Angela Bassett,Lornette 'Mace' Mason,1
281,3196,Juliette Lewis,Faith Justin,2
281,3197,Tom Sizemore,Max Peltier,3
281,7486,Michael Wincott,Philo Gant,4
281,7132,Vincent D'Onofrio,Burton Steckler,5
281,2683,Glenn Plummer,Jeriko One,6
281,14607,Brigitte Bako,Iris,7
281,6396,Richard Edson,Tick,8
281,886,William Fichtner,Dwayne Engelman,9
79,1336,Jet Li,Nameless,0
79,1337,Tony Leung Chiu-wai,Broken Sword,1
79,1338,Maggie Cheung,Flying Snow,2
79,1341,Donnie Yen,Sky,3
79,1339,Zhang Ziyi,Moon,4
79,1340,Chen Daoming,King of Qin,5
79,1342,Liu Zhongyuan,Old Scholar,6
79,1343,Zheng Tianyong,Old Servant,7
79,1344,Qin Yan,Prime Minister,8
79,1594123,Zhang Yakun,The Qin Guards' Commander,9
7984,11856,Daniel Day-Lewis,Gerry Conlon,0
7984,4935,Pete Postlethwaite,Giuseppe Conlon,1
7984,7056,Emma Thompson,Gareth Peirce,2
7984,28743,John Lynch,Paul Hill,3
7984,13328,Corin Redgrave,Robert Dixon,4
7984,53515,Beatie Edney,Carole Richardson,5
7984,42642,John Benfield,Chief PO Barker,6
7984,19868,Paterson Joseph,Benbay,7
7984,76109,Marie Jones,Sarah Conlon,8
7984,43131,Gerard McSorley,Belfast Detective Pavis,9
377,5141,Heather Langenkamp,Nancy Thompson,0
377,85,Johnny Depp,Glen Lantz,1
377,5139,Robert Englund,Fred Krueger,2
377,13656,Amanda Wyss,Tina Gray,3
377,13657,Jsu Garcia,Rod Lane,4
377,11163,John Saxon,Lt. Donald Thompson,5
377,13652,Ronee Blakley,Marge Thompson,6
377,12826,Charles Fleischer,Dr. King,7
377,13660,Joseph Whipp,Sergeant Parker,8
377,7401,Lin Shaye,Teacher,9
2293,11662,Jason Lee,Brodie,0
2293,23646,Jeremy London,T.S. Quint,1
2293,19144,Shannen Doherty,Rene,2
2293,4174,Claire Forlani,Brandi,3
2293,880,Ben Affleck,Shannon,4
2293,16484,Joey Lauren Adams,Gwen,5
2293,23647,Renée Humphrey,Tricia,6
2293,19303,Kevin Smith,Silent Bob,7
2293,19302,Jason Mewes,Jay,8
2293,824,Ethan Suplee,Willam,9
953,7399,Ben Stiller,Alex (voice),0
953,2632,Chris Rock,Marty (voice),1
953,14409,David Schwimmer,Melman (voice),2
953,9575,Jada Pinkett Smith,Gloria (voice),3
953,6730,Sacha Baron Cohen,King Julien (voice),4
953,5726,Cedric the Entertainer,Maurice (voice),5
953,28637,Andy Richter,Mort (voice),6
953,18864,Tom McGrath,Skipper / Fossa / Panicky Man on Subway (voice),7
953,12097,Christopher Knights,Private (voice),8
953,12098,Chris Miller,Kowalski (voice),9
10776,8872,Rick Moranis,Seymour Krelborn,0
10776,13420,Ellen Greene,Audrey,1
10776,14830,Vincent Gardenia,Mushnik,2
10776,1227338,Levi Stubbs,Audrey II (voice),3
10776,67773,Steve Martin,"Orin Scrivello, D.D.S.",4
10776,83600,Tichina Arnold,Crystal,5
10776,2805806,Michelle Weeks,Ronnette,6
10776,141823,Tisha Campbell,Chiffon,7
10776,26485,Jim Belushi,Patrick Martin,8
10776,7180,John Candy,Wink Wilkinson,9
4982,5292,Denzel Washington,Frank Lucas,0
4982,934,Russell Crowe,Richie Roberts,1
4982,16851,Josh Brolin,Detective Trupo,2
4982,5294,Chiwetel Ejiofor,Huey Lucas,3
4982,9777,Cuba Gooding Jr.,Nicky Barnes,4
4982,40376,Lymari Nadal,Eva,5
4982,15854,Ted Levine,Lou Toback,6
4982,23346,Armand Assante,Dominic Cattano,7
4982,40543,John Ortiz,Javier J. Rivera,8
4982,16861,John Hawkes,Freddie Spearman,9
84892,33235,Logan Lerman,Charlie,0
84892,10990,Emma Watson,Sam,1
84892,132157,Ezra Miller,Patrick,2
84892,52404,Mae Whitman,Mary Elizabeth,3
84892,61114,Kate Walsh,Mother,4
84892,32597,Dylan McDermott,Father,5
84892,15091,Melanie Lynskey,Aunt Helen,6
84892,19961,Nina Dobrev,Candace,7
84892,27104,Johnny Simmons,Brad,8
84892,3234,Joan Cusack,Dr. Burton,9
14836,501,Dakota Fanning,Coraline Jones (voice),0
14836,10742,Teri Hatcher,Mel Jones / Other Mother (voice),1
14836,12094,Jennifer Saunders,Miss April Spink / Other Spink (voice),2
14836,5539,Dawn French,Miss Miriam Forcible / Other Forcible (voice),3
14836,65827,Keith David,The Cat (voice),4
14836,77344,John Hodgman,Charlie Jones / Other Father (voice),5
14836,55426,Robert Bailey Jr.,Wyborne 'Wybie' Lovat (voice),6
14836,6972,Ian McShane,Mr. Sergei Alexander Bobinsky / Other Bobinsky (voice),7
14836,2011351,Aankha Neal,Sweet Ghost Girl (voice),8
14836,2011353,George Selick,Ghost Boy (voice),9
9571,52474,Jason London,Pink,0
9571,10297,Matthew McConaughey,Wooderson,1
9571,16484,Joey Lauren Adams,Simone,2
9571,51792,Rory Cochrane,Slater,3
9571,56934,Wiley Wiggins,Mitch,4
9571,6163,Adam Goldberg,Mike,5
9571,6165,Anthony Rapp,Tony,6
9571,58000,Sasha Jenson,Don,7
9571,586101,Shawn Andrews,Pickford,8
9571,63,Milla Jovovich,Michelle,9
131631,72129,Jennifer Lawrence,Katniss Everdeen,0
131631,27972,Josh Hutcherson,Peeta Mellark,1
131631,96066,Liam Hemsworth,Gale Hawthorne,2
131631,57755,Woody Harrelson,Haymitch Abernathy,3
131631,9281,Elizabeth Banks,Effie Trinket,4
131631,1231,Julianne Moore,President Alma Coin,5
131631,1233,Philip Seymour Hoffman,Plutarch Heavensbee,6
131631,2954,Jeffrey Wright,Beetee Latier,7
131631,2283,Stanley Tucci,Caesar Flickerman,8
131631,55636,Donald Sutherland,President Coriolanus Snow,9
819,4724,Kevin Bacon,Nokes,0
819,380,Robert De Niro,Father Bobby,1
819,4483,Dustin Hoffman,Danny Snyder,2
819,9257,Bruno Kirby,Shakes' Father,3
819,12261,Jason Patric,Shakes,4
819,287,Brad Pitt,Michael,5
819,6613,Minnie Driver,Carol,6
819,51214,Brad Renfro,Young Michael,7
819,12260,Ron Eldard,John,8
819,8289,Billy Crudup,Tommy,9
9870,41088,Jason Segel,Peter Bretter,0
9870,40462,Kristen Bell,Sarah Marshall,1
9870,18973,Mila Kunis,Rachel Jansen,2
9870,59919,Russell Brand,Aldous Snow,3
9870,19278,Bill Hader,Brian Bretter,4
9870,21007,Jonah Hill,Matthew Van Der Wyk,5
9870,448309,Liz Cackowski,Liz Bretter,6
9870,58737,Jack McBrayer,Darald,7
9870,59257,Maria Thayer,Wyoma,8
9870,22226,Paul Rudd,Chuck,9
354912,1193391,Anthony Gonzalez,Miguel Rivera (voice),0
354912,258,Gael García Bernal,Héctor (voice),1
354912,4589,Benjamin Bratt,Ernesto de la Cruz (voice),2
354912,10402,Alanna Ubach,Mamá Imelda (voice),3
354912,154004,Renée Victor,Abuelita (voice),4
354912,545087,Jaime Camil,Papá (voice),5
354912,22767,Alfonso Arau,Papá Julio (voice),6
354912,178667,Herbert Siguenza,Tío Oscar / Tío Felipe (voice),7
354912,86498,Gabriel Iglesias,Clerk (voice),8
354912,4992,Lombardo Boyar,Plaza Mariachi / Gustavo (voice),9
72190,287,Brad Pitt,Gerry Lane,0
72190,175826,Mireille Enos,Karen Lane,1
72190,1180907,Daniella Kertesz,Segen,2
72190,18473,James Badge Dale,Captain Speke,3
72190,119297,Ludi Boeken,Jurgen Warmbrunn,4
72190,28657,Matthew Fox,Parajumper,5
72190,2607,Fana Mokoena,Thierry Umutoni,6
72190,52,David Morse,Ex-CIA Agent,7
72190,78050,Elyes Gabel,Andrew Fassbach,8
72190,1186840,Sterling Jerins,Constance Lane,9
4806,1204,Julia Roberts,Maggie Carpenter,0
4806,1205,Richard Gere,Ike Graham,1
4806,3234,Joan Cusack,Peggy Flemming,2
4806,1210,Héctor Elizondo,Fisher,3
4806,12931,Rita Wilson,Ellie,4
4806,15900,Paul Dooley,Walter,5
4806,22227,Christopher Meloni,Coach Bob,6
4806,10825,Donal Logue,Priest Brian,7
4806,129759,Reg Rogers,George Bug Guy,8
4806,75604,Yul Vazquez,Dead Head Gill,9
4518,112,Cate Blanchett,Elizabeth I,0
4518,12763,Joseph Fiennes,"Robert Dudley, Earl of Leicester",1
4518,118,Geoffrey Rush,Sir Francis Walsingham,2
4518,2040,Christopher Eccleston,Duke of Norfolk,3
4518,11857,John Gielgud,The Pope,4
4518,4786,Richard Attenborough,Sir William Cecil,5
4518,20234,Fanny Ardant,Mary of Guise,6
4518,37758,Éric Cantona,Monsieur de Foix,7
4518,1925,Vincent Cassel,Duc d'Anjou,8
4518,37759,Kathy Burke,Queen Mary Tudor,9
968,1158,Al Pacino,Sonny,0
968,3096,John Cazale,Sal,1
968,1466,Charles Durning,Moretti,2
968,14541,Chris Sarandon,Leon,3
968,14542,James Broderick,Sheldon,4
968,14544,Penelope Allen,Sylvia,5
968,14545,Sully Boyar,Mulvaney,6
968,14546,Beulah Garrick,Margaret,7
968,10556,Carol Kane,Jenny,8
968,14547,Sandra Kazan,Deborah,9
3179,17403,Mike Judge,Beavis / Butt-Head / Tom Anderson / Van Driessen / Principal McVicker (voice),0
3179,62,Bruce Willis,Muddy (voice),1
3179,3416,Demi Moore,Dallas (voice),2
3179,9599,Cloris Leachman,Old Woman On Plane and Bus (voice),3
3179,2493,Robert Stack,Agent Flemming (voice),4
3179,1757788,Jacqueline Barba,Agent Hurly (voice),5
3179,1218045,Pamela Blair,Flight Attendant / White House Tour Guide (voice),6
3179,10866,Eric Bogosian,Ranger at Old Faithful / Press Secretary / Lieutenant at Strategic Air Command (voice),7
3179,55098,Kristofor Brown,Man on Plane / Man in Confession Booth #2 / Old Guy/Jim (voice),8
3179,1757780,Tony Darling,Motley Crue Roadie #2 / Tourist Man (voice),9
9100,17346,Robin Tunney,Sarah,0
9100,826,Fairuza Balk,Nancy,1
9100,9206,Neve Campbell,Bonnie,2
9100,19222,Rachel True,Rochelle,3
9100,22108,Skeet Ulrich,Chris,4
9100,15286,Christine Taylor,Laura Lizzie,5
9100,33654,Breckin Meyer,Mitt,6
9100,211998,Nathaniel Marston,Trey,7
9100,44301,Cliff DeYoung,Mr. Bailey,8
9100,42123,Assumpta Serna,Lirio,9
10510,11717,Mara Wilson,Susan Walker,0
10510,4786,Richard Attenborough,Kris Kringle,1
10510,32597,Dylan McDermott,Bryan Bedford,2
10510,20,Elizabeth Perkins,Dorey Walker,3
10510,22131,J.T. Walsh,Ed Collins,4
10510,1736,James Remar,Jack Duff,5
10510,10360,Robert Prosky,Judge Henry Harper,6
10510,10489,Jack McGee,Tony Falacchi,7
10510,41421,Jennifer Morrison,Denice,8
10510,52951,Jane Leeves,Alberta Leonard,9
62177,9015,Kelly Macdonald,Merida (voice),0
62177,7056,Emma Thompson,Elinor (voice),1
62177,9188,Billy Connolly,Fergus (voice),2
62177,477,Julie Walters,The Witch (voice),3
62177,1923,Robbie Coltrane,Lord Dingwall (voice),4
62177,9013,Kevin McKidd,Lord MacGuffin / Young MacGuffin (voice),5
62177,24264,Craig Ferguson,Lord Macintosh (voice),6
62177,1113604,Peigi Barker,Young Merida (voice),7
62177,137262,Steve Purcell,The Crow (voice),8
62177,9152,Patrick Doyle,Martin (voice),9
403,192,Morgan Freeman,Hoke Colburn,0
403,5698,Jessica Tandy,Daisy Werthan,1
403,707,Dan Aykroyd,Boolie Werthan,2
403,5699,Patti LuPone,Florine Werthan,3
403,5700,Esther Rolle,Idella,4
403,5701,Joann Havrilla,Miss McClatchey,5
403,5702,William Hall Jr.,Oscar,6
403,1403815,Alvin M. Sugarman,Dr. Weil,7
403,5703,Clarice F. Geigerman,Nonie,8
403,5704,Muriel Moore,Miriam,9
10112,57329,Phil Harris,O'Malley (voice),0
10112,44714,Eva Gabor,Duchess (voice),1
10112,34759,Sterling Holloway,Roquefort (voice),2
10112,7077,Scatman Crothers,Scat Cat (voice),3
10112,77548,Paul Winchell,Chinese Cat (voice),4
10112,951459,Lord Tim Hudson,English Cat (voice),5
10112,82779,Vito Scotti,Italian Cat (voice),6
10112,150739,Thurl Ravenscroft,Russian Cat (voice),7
10112,949102,Dean Clark,Berlioz (voice),8
10112,950035,Liz English,Marie (voice),9
2112,2461,Mel Gibson,Porter,0
2112,2518,Gregg Henry,Val Resnick,1
2112,49,Maria Bello,Rosie,2
2112,19839,David Paymer,Arthur Stegman,3
2112,1103,Bill Duke,Det. Hicks,4
2112,13549,Deborah Kara Unger,Mrs. Lynn Porter,5
2112,5589,John Glover,Phil,6
2112,21416,William Devane,Carter,7
2112,140,Lucy Liu,Pearl,8
2112,10823,Kris Kristofferson,Bronson,9
56292,500,Tom Cruise,Ethan Hunt,0
56292,52851,Paula Patton,Jane,1
56292,11108,Simon Pegg,Benji,2
56292,17604,Jeremy Renner,Brandt,3
56292,6283,Michael Nyqvist,Hendricks,4
56292,86151,Vladimir Mashkov,Sidorov,5
56292,92428,Samuli Edelmann,Wistrom,6
56292,6079,Ivan Shvedoff,Leonid Lisenker,7
56292,72118,Anil Kapoor,Brij Nath,8
56292,121529,Léa Seydoux,Sabine Moreau,9
146233,6968,Hugh Jackman,Keller Dover,0
146233,131,Jake Gyllenhaal,Detective Loki,1
146233,19492,Viola Davis,Nancy Birch,2
146233,49,Maria Bello,Grace Dover,3
146233,18288,Terrence Howard,Franklin Birch,4
146233,6832,Melissa Leo,Holly Jones,5
146233,17142,Paul Dano,Alex Jones,6
146233,112476,Dylan Minnette,Ralph Dover,7
146233,587036,Zoë Soul,Eliza Birch,8
146233,1224251,Erin Gerasimovich,Anna Dover,9
1844,1922,Catherine Zeta-Jones,Virginia 'Gin' Baker,0
1844,738,Sean Connery,Robert 'Mac' MacDougal,1
1844,883,Will Patton,Hector Cruz,2
1844,7868,Maury Chaykin,Conrad Greene,3
1844,10182,Ving Rhames,Aaron Thibadeaux,4
1844,2449,Kevin McNally,Haas,5
1844,82410,Terry O'Neill,Quinn,6
1844,152281,Madhav Sharma,Security Chief,7
1844,696,David Yip,Chief of Police,8
1844,79888,Tim Potter,Millennium Man,9
8741,8767,Jim Caviezel,Pvt. Robert Witt,0
8741,1733,Nick Nolte,Lt. Col. Gordon Tall,1
8741,2228,Sean Penn,1st Sgt. Edward Welsh,2
8741,21343,Ben Chaplin,Pvt. Jack Bell,3
8741,13550,Elias Koteas,Capt. James Staros,4
8741,3036,John Cusack,Capt. John Gaff,5
8741,6066,Dash Mihok,Pfc. Don Doll,6
8741,4764,John C. Reilly,Sgt. Maynard Storm,7
8741,57755,Woody Harrelson,Sgt. William Keck,8
8741,502,Miranda Otto,Marty Bell,9
11448,1243,Woody Allen,Lenny,0
11448,23931,Mira Sorvino,Linda Ash,1
11448,1283,Helena Bonham Carter,Amanda,2
11448,1164,F. Murray Abraham,Chorleiter,3
11448,10560,Donald Symington,Amanda's Father,4
11448,29545,Claire Bloom,Amanda's Mother,5
11448,3019,Olympia Dukakis,Jocasta,6
11448,4688,Michael Rapaport,Kevin,7
11448,28010,David Ogden Stiers,Laius,8
11448,5251,Jack Warden,Tiresias,9
13342,2228,Sean Penn,Jeff Spicoli,0
13342,10431,Jennifer Jason Leigh,Stacy Hamilton,1
13342,777,Judge Reinhold,Brad Hamilton,2
13342,16171,Phoebe Cates,Linda Barrett,3
13342,118946,Brian Backer,"Mark ""Rat"" Ratner",4
13342,61217,Robert Romanus,Mike Damone,5
13342,4093,Ray Walston,Mr. Hand,6
13342,9997,Scott Thomson,Arnold,7
13342,3418,Vincent Schiavelli,Mr. Vargas,8
13342,13656,Amanda Wyss,Lisa,9
320,1158,Al Pacino,Will Dormer,0
320,2157,Robin Williams,Walter Finch,1
320,448,Hilary Swank,Ellie Burr,2
320,16307,Maura Tierney,Rachel Clement,3
320,42993,Martin Donovan,Hap Eckhart,4
320,18070,Nicky Katt,Fred Duggar,5
320,15900,Paul Dooley,Chief Nyback,6
320,23495,Jonathan Jackson,Randy Stetz,7
320,544,Larry Holden,Farrell,8
320,27136,Katharine Isabelle,Tanya Francke,9
8871,206,Jim Carrey,Grinch,0
8871,20480,Taylor Momsen,Cindy Lou Who,1
8871,4175,Jeffrey Tambor,Mayor Augustus Maywho,2
8871,11870,Christine Baranski,Martha May Whovier,3
8871,58549,Bill Irwin,Lou Lou Who,4
8871,28640,Molly Shannon,Betty Lou Who,5
8871,15661,Clint Howard,Whobris,6
8871,167661,Josh Ryan Evans,8-Year-Old Grinch,7
8871,13924,Mindy Sterling,Clarnella,8
8871,18997,Bryce Dallas Howard,Surprised Who,9
10669,10127,Jon Voight,Ed Gentry,0
10669,16475,Burt Reynolds,Lewis Medlock,1
10669,13726,Ned Beatty,Bobby Trippe,2
10669,780,Ronny Cox,Drew Ballinger,3
10669,66178,Ed Ramey,Old Man at the Gas-Station,4
10669,1152299,Billy Redden,Lonnie - The Banjo Boy,5
10669,153393,Seamon Glass,First Griner,6
10669,138884,Randall Deal,Second Griner,7
10669,16555,Bill McKinney,Mountain Man,8
10669,1533240,Herbert 'Cowboy' Coward,Toothless Man,9
10331,97913,Judith O'Dea,Barbra,0
10331,97912,Duane Jones,Ben,1
10331,97915,Marilyn Eastman,Helen Cooper,2
10331,97914,Karl Hardman,Harry Cooper,3
10331,97917,Judith Ridley,Judy,4
10331,97916,Keith Wayne,Tom,5
10331,97918,Kyra Schon,Karen Cooper / Corpse in House,6
10331,97919,Charles Craig,TV Newscaster / Zombie,7
10331,97920,S. William Hinzman,Zombie,8
10331,97921,Bill Cardille,Field Reporter,9
11544,1580,Daveigh Chase,Lilo (voice),0
11544,66193,Chris Sanders,Stitch (voice),1
11544,13445,Tia Carrere,Nani (voice),2
11544,28010,David Ogden Stiers,Jumba (voice),3
11544,58955,Kevin McDonald,Pleakley (voice),4
11544,10182,Ving Rhames,Cobra Bubbles (voice),5
11544,937681,Zoe Caldwell,Grand Councilwoman (voice),6
11544,58319,Jason Scott Lee,David Kawena (voice),7
11544,24362,Kevin Michael Richardson,Captain Gantu (voice),8
11544,76003,Susan Hegarty,Rescue Lady (voice),9
343,4970,Ruth Gordon,Maude,0
343,4971,Bud Cort,Harold,1
343,19616,Vivian Pickles,Mrs. Chasen,2
343,4973,Cyril Cusack,Glaucus,3
343,4974,Charles Tyner,Uncle Victor,4
343,4975,Ellen Geer,Sunshine Doré,5
343,4976,Eric Christmas,Priest,6
343,4977,G. Wood,Psychiatrist,7
343,4978,Judy Engles,Candy Gulf,8
343,4979,Shari Summers,Edith Phern,9
3170,30161,Donnie Dunagan,Young Bambi (voice) (uncredited),0
3170,31704,Peter Behn,Young Thumper (voice) (uncredited),1
3170,31703,Stan Alexander,Young Flower (voice) (uncredited),2
3170,11503,Cammie King,Young Faline (voice) (uncredited),3
3170,34279,Will Wright,Friend Owl (voice) (uncredited),4
3170,31702,Hardie Albright,Adolescent Bambi (voice) (uncredited),5
3170,107445,Ann Gillis,Adolescent Faline (voice) (uncredited),6
3170,31707,Tim Davis,Adolescent Thumper / Adolescent Flower (voice) (uncredited),7
3170,31705,Sam Edwards,Adult Thumper (voice) (uncredited),8
3170,34759,Sterling Holloway,Adult Flower (voice) (uncredited),9
8367,1269,Kevin Costner,Robin of Locksley / Robin Hood,0
8367,192,Morgan Freeman,Azeem,1
8367,1161,Mary Elizabeth Mastrantonio,Marian,2
8367,2224,Christian Slater,Will Scarlett,3
8367,4566,Alan Rickman,Sheriff of Nottingham,4
8367,8326,Geraldine McEwan,Mortianna,5
8367,8316,Michael McShane,Friar Tuck,6
8367,8318,Brian Blessed,Lord Locksley,7
8367,7486,Michael Wincott,Guy of Gisborne,8
8367,8319,Nick Brimble,Little John,9
866,85,Johnny Depp,Sir James Matthew Barrie,0
866,204,Kate Winslet,Sylvia Llewelyn Davies,1
866,1666,Julie Christie,Mrs. Emma du Maurier,2
866,4483,Dustin Hoffman,Charles Frohman,3
866,1281,Freddie Highmore,Peter Llewelyn Davies,4
866,8329,Radha Mitchell,Mary Ansell Barrie,5
866,13010,Kate Maberly,Wendy,6
866,13011,Joe Prospero,Jack Llewelyn Davies,7
866,13012,Nick Roud,George Llewelyn Davies,8
866,13013,Luke Spill,Michael Llewelyn Davies,9
902,2372,Ron Perlman,One,0
902,2413,Dominique Pinon,The Diver / The Clones,1
902,13842,Judith Vittet,Miette,2
902,13843,Daniel Emilfork,Krank,3
902,13687,Jean-Claude Dreyfus,Marcello,4
902,13845,Geneviève Brunet,The Octopus,5
902,13846,Odile Mallet,The Octopus,6
902,4394,Mireille Mossé,Miss Bismuth,7
902,2410,Serge Merlin,Gabriel Marie,8
902,2407,Rufus,Peeler,9
929,4756,Matthew Broderick,Dr. Niko Tatopoulos,0
929,1003,Jean Reno,Philippe Roaché,1
929,3208,Maria Pitillo,Audrey Timmonds,2
929,5587,Hank Azaria,Victor 'Animal' Palotti,3
929,14721,Kevin Dunn,Colonel Hicks,4
929,4250,Michael Lerner,Mayor Ebert,5
929,6008,Harry Shearer,Charles Caiman,6
929,14722,Arabella Field,Lucy Palotti,7
929,14723,Vicki Lewis,Dr. Elsie Chapman,8
929,14737,Doug Savant,Sergeant O'Neal,9
1634,18259,Jason James Richter,Jesse,0
1634,2983400,Keiko,Willy,1
1634,15309,Lori Petty,Rae Lindley,2
1634,18260,August Schellenberg,Randolph Johnson,3
1634,147,Michael Madsen,Glen Greenwood,4
1634,18261,Jayne Atkinson,Annie Greenwood,5
1634,11086,Michael Ironside,Dial,6
1634,18262,Richard Riehle,Wade,7
1634,34,Mykelti Williamson,Dwight Mercer,8
1634,58744,Michael Bacall,Perry,9
12155,76070,Mia Wasikowska,Alice Kingsleigh,0
12155,85,Johnny Depp,Tarrant Hightopp / Mad Hatter,1
12155,1813,Anne Hathaway,Mirana / White Queen,2
12155,1283,Helena Bonham Carter,Iracebeth / Red Queen,3
12155,1064,Crispin Glover,Ilosovic Stayne / Knave of Hearts,4
12155,26209,Matt Lucas,Tweedledee / Tweedledum,5
12155,4566,Alan Rickman,Absolem / Caterpillar (voice),6
12155,11275,Stephen Fry,Cheshire Cat (voice),7
12155,3968,Michael Sheen,Nivens McTwisp / White Rabbit (voice),8
12155,9191,Timothy Spall,Bayard Hamar / Bloodhound (voice),9
8393,16758,Marius Weyers,Andrew Steyn,0
8393,55676,Sandra Prinsloo,Kate Thompson,1
8393,55674,N!xau,Xi,2
8393,55677,Louw Verwey,Sam Boga,3
8393,55675,Michael Thys,Mpudi,4
8393,1099025,Nic De Jager,Jack Hind,5
8393,1099026,Fanyana H. Sidumo,Card 1,6
8393,1099027,Joe Seakatsie,Card 2,7
8393,33718,Brian O'Shaughnessy,Mr. Thompson,8
8393,59804,Ken Gampu,President,9
948,9221,Donald Pleasence,Loomis,0
948,8944,Jamie Lee Curtis,Laurie,1
948,11787,Nancy Kyes,Annie,2
948,15500,P. J. Soles,Lynda,3
948,11786,Charles Cyphers,Brackett,4
948,15503,Kyle Richards,Lindsey,5
948,15505,Brian Andrews,Tommy,6
948,15506,John Michael Graham,Bob,7
948,15508,Nancy Stephens,Marion,8
948,13392,Arthur Malet,Graveyard Keeper,9
693,7399,Ben Stiller,Greg Focker,0
693,380,Robert De Niro,Jack Byrnes,1
693,4483,Dustin Hoffman,Bernie Focker,2
693,10400,Barbra Streisand,Rozalin Focker,3
693,10401,Blythe Danner,Dina Byrnes,4
693,10399,Teri Polo,Pam Byrnes,5
693,887,Owen Wilson,Kevin Rawley,6
693,1003453,Spencer Pickren,Little Jack 'L.J.' Byrnes,7
693,1003454,Bradley Pickren,Little Jack 'L.J.' Byrnes,8
693,10402,Alanna Ubach,Isabel Villalobos,9
10559,6065,Dennis Quaid,Frank Sullivan,0
10559,8767,Jim Caviezel,John Sullivan,1
10559,25878,Shawn Doyle,Jack Shepard,2
10559,31167,Elizabeth Mitchell,Julia Sullivan,3
10559,6861,Andre Braugher,Satch DeLeon,4
10559,11315,Noah Emmerich,Gordo Hersch,5
10559,65756,Melissa Errico,Samantha Thomas,6
10559,65762,Jordan Bridges,Graham Gibson,7
10559,65757,Daniel Henson,Johnny Sullivan (6 Years),8
10559,39995,Michael Cera,Gordy Jr. (10 Years),9
577,2227,Nicole Kidman,Suzanne Stone,0
577,2876,Matt Dillon,Larry Maretto,1
577,73421,Joaquin Phoenix,Jimmy Emmett,2
577,1893,Casey Affleck,Russel Hines,3
577,7796,Illeana Douglas,Janice Maretto,4
577,2841,Alison Folland,Lydia Mertz,5
577,6486,Dan Hedaya,Joe Maretto,6
577,4201,Wayne Knight,Ed Grant,7
577,2115,Kurtwood Smith,Earl Stone,8
577,11318,Holland Taylor,Carol Stone,9
1635,3061,Ewan McGregor,Lincoln Six Echo / Tom Lincoln,0
1635,1245,Scarlett Johansson,Jordan Two Delta / Sarah Jordan,1
1635,938,Djimon Hounsou,Albert Laurent,2
1635,48,Sean Bean,Dr. Bernard Merrick,3
1635,884,Steve Buscemi,James 'Mac' McCord,4
1635,61981,Michael Clarke Duncan,Starkweather Two Delta / Jamal Starkweather,5
1635,29445,Ethan Phillips,Jones Three Echo,6
1635,146391,Brian Stepanek,Gandu Three Echo,7
1635,154968,Noa Tishby,Community Announcer,8
1635,154684,Siobhan Flynn,Lima One Alpha,9
5236,3223,Robert Downey Jr.,Harry Lockhart,0
5236,5576,Val Kilmer,Gay Perry,1
5236,11705,Michelle Monaghan,Harmony Faith Lane,2
5236,21246,Corbin Bernsen,Harlan Dexter,3
5236,6066,Dash Mihok,Mr. Frying Pan,4
5236,1211,Larry Miller,Dabney Shaw,5
5236,17345,Rockmond Dunbar,Mr. Fire,6
5236,27855,Shannyn Sossamon,Pink Hair Girl,7
5236,42158,Angela Lindvall,Flicka,8
5236,42159,Indio Falconer Downey,Harry Age 9,9
11635,36422,Luke Wilson,Mitch Martin,0
11635,23659,Will Ferrell,Frank Ricard,1
11635,4937,Vince Vaughn,"Bernard ""Beanie"" Campbell",2
11635,12799,Jeremy Piven,Dean Gordon Pritchard,3
11635,9280,Ellen Pompeo,Nicole,4
11635,60951,Craig Kilborn,Mark,5
11635,68495,Perrey Reeves,Marissa,6
11635,239981,Sara Tanaka,Megan,7
11635,3196,Juliette Lewis,Heidi,8
11635,25837,Elisha Cuthbert,Darcie,9
11412,16935,Geena Davis,Samantha Caine / Charly Baltimore,0
11412,2231,Samuel L. Jackson,Mitch Henessey,1
11412,8979,Patrick Malahide,Leland Perkins,2
11412,14886,Craig Bierko,Timothy,3
11412,1248,Brian Cox,Dr. Nathan Waldman,4
11412,141748,Sharon Washington,Fran Henessey,5
11412,52,David Morse,Luke / Daedalus,6
11412,3173,G.D. Spradlin,President,7
11412,126471,Tom Amandes,Hal,8
11412,37252,Yvonne Zima,Caitlin Caine,9
339403,1159982,Ansel Elgort,Baby,0
339403,1979,Kevin Spacey,Doc,1
339403,1016168,Lily James,Debora,2
339403,65717,Jon Hamm,Buddy,3
339403,134,Jamie Foxx,Bats,4
339403,19498,Jon Bernthal,Griff,5
339403,1222992,Eiza González,Darling,6
339403,1237,Flea,Eddie,7
339403,1635143,CJ Jones,Joseph,8
339403,124495,Lanny Joon,J.D.,9
36819,2390902,Craig Warnock,Kevin,0
36819,154971,David Rappaport,Randall,1
36819,130,Kenny Baker,Fidgit,2
36819,219382,Mike Edmonds,Og,3
36819,995639,Malcolm Dixon,Strutter,4
36819,995640,Tiny Ross,Vermin,5
36819,132538,Jack Purvis,Wally,6
36819,65,Ian Holm,Napoleon,7
36819,8930,John Cleese,Robin Hood,8
36819,738,Sean Connery,King Agamemnon / Fireman,9
10890,1532,Bill Murray,John Winger,0
10890,1524,Harold Ramis,Russell Ziskey,1
10890,8255,Warren Oates,Sgt. Hulka,2
10890,15500,P. J. Soles,Stella Hansen,3
10890,586,Sean Young,Louise Cooper,4
10890,7180,John Candy,"Dewey ""Ox"" Oxberger",5
10890,14101,John Larroquette,Capt. Stillman,6
10890,95140,John Voldstad,Stillman's Aid,7
10890,4942,John Diehl,Cruiser,8
10890,119776,Lance LeGault,Col. Glass,9
431,5888,Nicole De Boer,Leaven,0
431,5889,Nicky Guadagni,Holloway,1
431,5900,Maurice Dean Wint,Quentin,2
431,5892,David Hewlett,Worth,3
431,5894,Andrew Miller,Kazan,4
431,5897,Wayne Robson,Rennes,5
431,2320,Julian Richings,Alderson,6
8536,20006,Christopher Reeve,Superman / Clark Kent,0
8536,20011,Margot Kidder,Lois Lane,1
8536,28641,Terence Stamp,General Zod,2
8536,31364,Sarah Douglas,Ursa,3
8536,41224,Jack O'Halloran,Non,4
8536,193,Gene Hackman,Lex Luthor,5
8536,13726,Ned Beatty,Otis,6
8536,55278,Jackie Cooper,Perry White,7
8536,26483,Valerie Perrine,Eve Teschmacher,8
8536,13326,Susannah York,Lara,9
1930,37625,Andrew Garfield,Spider-Man / Peter Parker,0
1930,54693,Emma Stone,Gwen Stacy,1
1930,7026,Rhys Ifans,The Lizard / Dr. Curt Connors,2
1930,5724,Denis Leary,Captain Stacy,3
1930,8349,Martin Sheen,Uncle Ben,4
1930,35,Sally Field,Aunt May,5
1930,76793,Irrfan Khan,Rajit Ratha,6
1930,55152,Campbell Scott,Richard Parker,7
1930,6368,Embeth Davidtz,Mary Parker,8
1930,231547,Chris Zylka,Flash Thompson,9
11639,55983,Jim Henson,"Jen / High Priest, Ritual Master",0
11639,70772,Kathryn Mullen,"Kira, a Gelfling",1
11639,7908,Frank Oz,"Aughra, a Keeper of Secrets / Chamberlain",2
11639,64181,Dave Goelz,"Fizzgig, a Friendly Monster / General, Garthim Master",3
11639,64180,Steve Whitmire,Scientist (voice),4
11639,1228891,Louise Gold,Gourmand,5
11639,1696852,Brian Meehl,Ornamentalist / Urzah / Dying Master,6
11639,202729,Stephen Garlick,Jen (voice),7
11639,174420,Lisa Maxwell,Kira (voice),8
11639,8226,Billie Whitelaw,Aughra (voice),9
44115,17051,James Franco,Aron Ralston,0
44115,51072,Kate Mara,Kristi Moore,1
44115,20354,Amber Tamblyn,Megan McBride,2
44115,11291,Clémence Poésy,Rana,3
44115,51988,Lizzy Caplan,Sonja Ralston,4
44115,20879,Kate Burton,Aron's Mom,5
44115,4515,Treat Williams,Aron's Dad,6
44115,142182,Sean Bott,Aron's Friend,7
44115,63484,Fenton Quinn,Blue John,8
44115,1178035,John Lawrence,Brion,9
9576,4483,Dustin Hoffman,Michael Dorsey / Dorothy Michaels,0
9576,4431,Jessica Lange,Julie Nichols,1
9576,8437,Teri Garr,Sandy Lester,2
9576,12850,Dabney Coleman,Ron Carlisle,3
9576,1466,Charles Durning,Les Nichols,4
9576,1532,Bill Murray,Jeff Slater,5
9576,2226,Sydney Pollack,George Fields,6
9576,57351,George Gaynes,John Van Horn,7
9576,16935,Geena Davis,April,8
9576,24293,Doris Belack,Rita,9
9532,50398,Devon Sawa,Alex Browning,0
9532,17303,Ali Larter,Clear Rivers,1
9532,43442,Kerr Smith,Carter Horton,2
9532,58392,Kristen Cloke,Valerie Lewton,3
9532,43774,Daniel Roebuck,Agent Weine,4
9532,40377,Roger Guenveur Smith,Agent Schreck,5
9532,86397,Chad Donella,Tod Waggner,6
9532,57599,Seann William Scott,Billy Hitchcock,7
9532,19384,Tony Todd,Bludworth,8
9532,19275,Amanda Detmer,Terry Chaney,9
200,2387,Patrick Stewart,Captain Jean-Luc Picard,0
200,1213786,Brent Spiner,Lt. Commander Data,1
200,2391,Michael Dorn,Lt. Commander Worf,2
200,2388,Jonathan Frakes,Commander William T. Riker,3
200,1164,F. Murray Abraham,Ad'har Ru'afo,4
200,2516,Anthony Zerbe,Vice-Adm. Dougherty,5
200,2518,Gregg Henry,Gallatin,6
200,2517,Donna Murphy,Anij,7
200,2393,Marina Sirtis,Counselor Deanna Troi,8
200,2392,Gates McFadden,Doctor Beverly Crusher,9
1576,63,Milla Jovovich,Alice,0
1576,17647,Michelle Rodriguez,Rain,1
1576,11867,Eric Mabius,Matt,2
1576,17648,James Purefoy,Spence,3
1576,557323,Martin Crewes,Kaplan,4
1576,5414,Colin Salmon,One,5
1576,47779,Pasquale Aleardi,J.D.,6
1576,7059,Heike Makatsch,Lisa,7
1576,146784,Ryan McCluskey,Mr. Grey,8
1576,1104994,Oscar Pearce,Mr. Red,9
1817,72466,Colin Farrell,Stu Shepard,0
1817,2628,Kiefer Sutherland,The Caller,1
1817,2178,Forest Whitaker,Captain Ramey,2
1817,8329,Radha Mitchell,Kelly Shepard,3
1817,3897,Katie Holmes,Pamela McFadden,4
1817,45245,Paula Jai Parker,Felicia,5
1817,174223,Arian Ash,Corky,6
1817,68430,Tia Texada,Asia,7
1817,42557,John Enos III,Leon,8
1817,55755,Richard T. Jones,Sergeant Cole,9
11970,15455,Tate Donovan,Hercules (voice),0
11970,20903,Josh Keaton,Young Hercules (voice),1
11970,45566,Roger Bart,Young Hercules (singing voice),2
11970,518,Danny DeVito,Philoctetes (voice),3
11970,4512,James Woods,Hades (voice),4
11970,86128,Susan Egan,Meg (voice),5
11970,95024,Bobcat Goldthwait,Pain (voice),6
11970,40009,Matt Frewer,Panic (voice),7
11970,9626,Rip Torn,Zeus (voice),8
11970,46780,Samantha Eggar,Hera (voice),9
599,8252,William Holden,Joe Gillis,0
599,8629,Gloria Swanson,Norma Desmond,1
599,8630,Erich von Stroheim,Max von Mayerling,2
599,8631,Nancy Olson,Betty Schaefer,3
599,8632,Fred Clark,Sheldrake,4
599,8633,Lloyd Gough,Morino,5
599,8634,Jack Webb,Artie Green,6
599,975597,Franklyn Farnum,Undertaker,7
599,82750,Larry J. Blake,Finance Man #1,8
599,130894,Charles Dayton,Finance Man #2,9
11202,862,George C. Scott,General George S. Patton Jr.,0
11202,9857,Karl Malden,General Omar N. Bradley,1
11202,40551,Stephen Young,Captain Chester B. Hansen,2
11202,15650,Michael Strong,Brigadier General Hobart Carver,3
11202,12431,Carey Loftin,General Bradley's Driver,4
11202,1089965,Albert Dumortier,Moroccan Minister,5
11202,13733,Frank Latimore,Lieutenant Colonel Henry Davenport,6
11202,58495,Morgan Paull,Captain Richard N. Jenson,7
11202,32021,Karl Michael Vogler,Field Marshal Erwin Rommel,8
11202,15186,Bill Hickman,General Patton's Driver,9
391,190,Clint Eastwood,Joe,0
391,16309,Marianne Koch,Marisol,1
391,14276,Gian Maria Volonté,Ramón Rojo,2
391,16310,Wolfgang Lukschy,John Baxter,3
391,16312,Sieghardt Rupp,Esteban Rojo,4
391,14279,Joseph Egger,Piripero,5
391,16313,Antonio Prieto,Don Benito Rojo / Don Miguel Rojo,6
391,16311,José Calvo,Silvanito,7
391,16314,Margarita Lozano,Consuelo Baxter,8
391,16316,Daniel Martín,Julián,9
10693,50997,Bobby Driscoll,Peter Pan (voice),0
10693,67228,Kathryn Beaumont,Wendy Darling (voice),1
10693,16421,Hans Conried,Captain Hook / Mr. Darling (voice),2
10693,67230,Bill Thompson,Mr. Smee (voice),3
10693,93897,Heather Angel,Mrs. Darling (voice),4
10693,143574,Paul Collins,John Darling (voice),5
10693,1079611,Tommy Luske,Michael Darling (voice),6
10693,61676,Candy Candido,Indian Chief (voice),7
10693,48962,Tom Conway,Narrator (voice),8
10693,15098,June Foray,Mermaid / Squaw (voice) (uncredited),9
9346,500,Tom Cruise,Joel Goodson,0
9346,28412,Rebecca De Mornay,Lana,1
9346,532,Joe Pantoliano,Guido,2
9346,15416,Richard Masur,Rutherford,3
9346,4689,Bronson Pinchot,Barry,4
9346,87003,Curtis Armstrong,Miles Dalby,5
9346,13028,Nicholas Pryor,Joel's Father,6
9346,20217,Janet Carroll,Joel's Mother,7
9346,1220746,Shera Danese,Vicki,8
9346,97943,Raphael Sbarge,Glenn,9
9430,98,Sarah Polley,Ronna Martin,0
9430,18082,Timothy Olyphant,Todd Gaines,1
9430,3897,Katie Holmes,Claire Montgomery,2
9430,59284,Desmond Askew,Simon Baines,3
9430,12217,Jay Mohr,Zack,4
9430,24965,Scott Wolf,Adam,5
9430,17637,Taye Diggs,Marcus,6
9430,886,William Fichtner,Burke,7
9430,19223,Nathan Bexton,Mannie,8
9430,33654,Breckin Meyer,Tiny,9
1850,206,Jim Carrey,Andy Kaufman / Tony Clifton,0
1850,518,Danny DeVito,George Shapiro,1
1850,7621,Courtney Love,Lynne Margulies,2
1850,13242,Paul Giamatti,Bob Zmuda,3
1850,3418,Vincent Schiavelli,Maynard Smith,4
1850,14987,Peter Bonerz,Ed Weinberger,5
1850,238321,Jerry Lawler,Himself,6
1850,19468,Gerry Becker,Stanley Kaufman,7
1850,19469,Leslie Lyles,Janice Kaufman,8
1850,19470,Greyson Erik Pendry,Little Michael Kaufman,9
9533,819,Edward Norton,Will Graham,0
9533,4173,Anthony Hopkins,Hannibal Lecter,1
9533,5469,Ralph Fiennes,Francis Dolarhyde,2
9533,1639,Emily Watson,Reba McClane,3
9533,1037,Harvey Keitel,Jack Crawford,4
9533,1233,Philip Seymour Hoffman,Freddy Lounds,5
9533,16293,Anthony Heald,Dr. Chilton,6
9533,18248,Mary-Louise Parker,Molly Graham,7
9533,62821,Tyler Patrick Jones,Josh Graham,8
9533,2131,Ken Leung,Lloyd Bowman,9
7191,51988,Lizzy Caplan,Marlena,0
7191,51989,Jessica Lucas,Lily,1
7191,51990,T.J. Miller,Hud,2
7191,51991,Michael Stahl-David,Rob Hawkins,3
7191,6858,Mike Vogel,Jason Hawkins,4
7191,51992,Odette Annable,Beth McIntyre,5
7191,51993,Anjul Nigam,Bodega Cashier,6
7191,51994,Margot Farley,Jenn,7
7191,51995,Theo Rossi,Antonio,8
7191,51996,Brian Klugman,Charlie,9
6947,18997,Bryce Dallas Howard,Ivy Walker,0
6947,73421,Joaquin Phoenix,Lucius Hunt,1
6947,3490,Adrien Brody,Noah Percy,2
6947,227,William Hurt,Edward Walker,3
6947,10205,Sigourney Weaver,Alice Hunt,4
6947,2039,Brendan Gleeson,August Nicholson,5
6947,1956,Cherry Jones,Mrs. Clack,6
6947,1989,Celia Weston,Vivian Percy,7
6947,51532,John Christopher Jones,Robert Percy,8
6947,1479,Frank Collison,Victor,9
2069,14408,Matthew Perry,Nicholas 'Oz' Oseransky,0
2069,62,Bruce Willis,Jimmy 'Tulipán' Tudeski,1
2069,57395,Natasha Henstridge,Cynthia Tudeski,2
2069,2956,Amanda Peet,Jill St. Claire,3
2069,61981,Michael Clarke Duncan,Franklin 'Frankie Figs' Figueroa,4
2069,2165,Rosanna Arquette,Sophie Oseransky,5
2069,7166,Kevin Pollak,Janni Pytor Gogolak,6
2069,16846,Harland Williams,Special Agent Steve Hanson,7
2069,938316,Carmen Ferlan,Sophie's Mom,8
2069,1091239,Serge Christianssens,Mr. Boulez,9
9824,7399,Ben Stiller,Mr. Furious / Roy,0
9824,5587,Hank Azaria,Blue Raja / Jeffrey,1
9824,3905,William H. Macy,Shoveler / Eddie,2
9824,17141,Greg Kinnear,Captain Amazing / Lance,3
9824,59645,Kel Mitchell,Invisible Boy,4
9824,5129,Paul Reubens,Spleen,5
9824,21197,Janeane Garofalo,Bowler / Carol,6
9824,15853,Wes Studi,Sphinx,7
9824,4174,Claire Forlani,Monica,8
9824,118,Geoffrey Rush,Casanova Frankenstein,9
646,738,Sean Connery,James Bond,0
646,9871,Ursula Andress,Honey Ryder,1
646,9872,Joseph Wiseman,Dr. No,2
646,9873,Jack Lord,Felix Leiter,3
646,7682,Anthony Dawson,Professor R. J. Dent,4
646,9875,Zena Marshall,Miss Taro,5
646,9876,John Kitzmiller,Quarrel,6
646,9877,Eunice Gayson,Sylvia Trench,7
646,9874,Bernard Lee,M,8
646,9878,Lois Maxwell,Miss Moneypenny,9
37735,54693,Emma Stone,Olive,0
37735,110927,Penn Badgley,Woodchuck Todd,1
37735,29220,Amanda Bynes,Marianne,2
37735,59283,Dan Byrd,Brandon,3
37735,19159,Thomas Haden Church,Mr. Griffith,4
37735,1276,Patricia Clarkson,Rosemary,5
37735,55086,Cam Gigandet,Micah,6
37735,14406,Lisa Kudrow,Mrs. Griffith,7
37735,56890,Malcolm McDowell,Principal Gibbons,8
37735,90033,Aly Michalka,Rhiannon,9
8413,2975,Laurence Fishburne,Miller,0
8413,4783,Sam Neill,Weir,1
8413,8183,Kathleen Quinlan,Peters,2
8413,20810,Joely Richardson,Starck,3
8413,55755,Richard T. Jones,Cooper,4
8413,22133,Jack Noseworthy,Justin,5
8413,11355,Jason Isaacs,D.J.,6
8413,28848,Sean Pertwee,Smith,7
8413,93477,Peter Marinker,Kilpack,8
8413,1052953,Holley Chant,Claire,9
8966,37917,Kristen Stewart,Bella Swan,0
8966,11288,Robert Pattinson,Edward Cullen,1
8966,21029,Billy Burke,Charlie Swan,2
8966,56857,Peter Facinelli,Dr. Carlisle Cullen,3
8966,45827,Ashley Greene,Alice Cullen,4
8966,84215,Jackson Rathbone,Jasper,5
8966,59252,Nikki Reed,Rosalie,6
8966,34502,Kellan Lutz,Emmet Cullen,7
8966,53755,Elizabeth Reaser,Esme Cullen,8
8966,84214,Taylor Lautner,Jacob Black,9
9591,31,Tom Hanks,Mr. White,0
9591,16857,Tom Everett Scott,Guy Patterson,1
9591,882,Liv Tyler,Faye Dolan,2
9591,51670,Johnathon Schaech,Jimmy Mattingly,3
9591,18324,Steve Zahn,Lenny Haise,4
9591,58019,Ethan Embry,T.B. Player,5
9591,6885,Charlize Theron,Tina,6
9591,52057,Obba Babatundé,Lamarr,7
9591,1771,Giovanni Ribisi,Chad,8
9591,8191,Chris Ellis,Phil Horace,9
1368,16483,Sylvester Stallone,John Rambo,0
1368,16554,Richard Crenna,Col. Samuel Trautman,1
1368,6197,Brian Dennehy,Hope Sheriff Will Teasle,2
1368,16555,Bill McKinney,State Police Capt. Dave Kern,3
1368,16556,Jack Starrett,Deputy Sgt. Arthur Galt,4
1368,16557,Michael Talbott,Deputy Balford,5
1368,15824,Chris Mulkey,Deputy Ward,6
1368,16558,John McLiam,Orval the Dog Man,7
1368,16559,Alf Humphreys,Deputy Lester,8
1368,16560,David Caruso,Deputy Mitch,9
314365,103,Mark Ruffalo,Michael Rezendes,0
314365,2232,Michael Keaton,Walter 'Robby' Robinson,1
314365,53714,Rachel McAdams,Sacha Pfeiffer,2
314365,23626,Liev Schreiber,Marty Baron,3
314365,21134,John Slattery,"Ben Bradlee, Jr.",4
314365,175829,Brian d'Arcy James,Matt Carroll,5
314365,2283,Stanley Tucci,Mitchell Garabedian,6
314365,1217270,Elena Wohl,Barbara,7
314365,1616703,Gene Amoroso,Steve Kurkjian,8
314365,60091,Doug Murray,Peter Canellos,9
814,14463,David Naughton,David Kessler,0
814,2171,Griffin Dunne,Jack Goodman,1
814,14464,Jenny Agutter,Nurse Alex Price,2
814,14465,John Woodvine,Dr. J.S. Hirsch,3
814,178097,Don McKillop,Inspector Villiers,4
814,14468,Brian Glover,Chess Player,5
814,939,David Schofield,Dart Player,6
814,14466,Lila Kaye,Barmaid,7
814,14469,Rik Mayall,Second Chess Player,8
814,14470,Sean Baker,Second Dart Player,9
1927,8783,Eric Bana,Bruce Banner,0
1927,6161,Jennifer Connelly,Betty Ross,1
1927,16431,Sam Elliott,Ross,2
1927,6164,Josh Lucas,Talbot,3
1927,1733,Nick Nolte,Father,4
1927,20048,Paul Kersey,Young David Banner,5
1927,155873,Todd Tesen,Young Ross,6
1927,20047,Cara Buono,Edith Banner,7
1927,114000,Kevin Rankin,Harper,8
1927,1989,Celia Weston,Mrs. Krenzler,9
530,7317,Peter Sallis,Wallace (voice),0
10061,6856,Kurt Russell,Snake Plissken,0
10061,825,Stacy Keach,Malloy,1
10061,884,Steve Buscemi,Eddie,2
10061,157904,A. J. Langer,Utopia,3
10061,19153,Cliff Robertson,President,4
10061,11357,Bruce Campbell,Surgeon General of Beverly Hills,5
10061,2230,Pam Grier,Hershe Las Palamas,6
10061,8949,Peter Fonda,Pipeline,7
10061,35529,Georges Corraface,Cuervo Jones,8
10061,62036,Robert Carradine,Skinhead,9
10428,9012,Jonny Lee Miller,Dade Murphy / 'Crash Override' / 'Zero Cool',0
10428,11701,Angelina Jolie,Kate Libby / 'Acid Burn',1
10428,26457,Matthew Lillard,Emmanuelle Goldstein / 'Cereal Killer',2
10428,17772,Jesse Bradford,Joey Pardella,3
10428,28863,Renoly Santiago,Ramon Sanchez / 'Phantom Phreak',4
10428,65141,Laurence Mason,Paul Cook / 'Lord Nikon',5
10428,26473,Fisher Stevens,Eugene Belford / 'The Plague' / Mr. Babbage,6
10428,11478,Lorraine Bracco,Margo,7
10428,17859,Wendell Pierce,S.S. Agent Richard Gill,8
10428,33241,Michael Gaston,S.S. Agent Bob,9
2294,19302,Jason Mewes,Jay,0
2294,19303,Kevin Smith,Silent Bob,1
2294,880,Ben Affleck,Holden McNeil / Ben Affleck,2
2294,21596,Shannon Elizabeth,Justice,3
2294,13446,Eliza Dushku,Sissy,4
2294,17303,Ali Larter,Chrissy,5
2294,23658,Jennifer Schwalbach Smith,Missy,6
2294,23659,Will Ferrell,Federal Wildlife Marshal Willenholly,7
2294,2632,Chris Rock,Chaka Luther King,8
2294,11662,Jason Lee,Brodie Bruce / Banky Edwards,9
284054,172069,Chadwick Boseman,T'Challa / Black Panther,0
284054,135651,Michael B. Jordan,Erik Killmonger,1
284054,1267329,Lupita Nyong'o,Nakia,2
284054,82104,Danai Gurira,Okoye,3
284054,7060,Martin Freeman,Everett K. Ross,4
284054,206919,Daniel Kaluuya,W'Kabi,5
284054,1083010,Letitia Wright,Shuri,6
284054,1447932,Winston Duke,M'Baku,7
284054,1225953,Sterling K. Brown,N'Jobu,8
284054,9780,Angela Bassett,Ramonda,9
1092,7664,Joseph Cotten,Holly Martins,0
1092,15385,Alida Valli,Anna Schmidt,1
1092,12726,Trevor Howard,Major Calloway,2
1092,40,Orson Welles,Harry Lime,3
1092,14120,Paul Hörbiger,Karl the Porter,4
1092,29177,Ernst Deutsch,'Baron' Kurtz,5
1092,13376,Erich Ponto,Dr. Winkel,6
1092,15386,Siegfried Breuer,Popescu,7
1092,15388,Hedwig Bleibtreu,Anna's Landlady,8
1092,9874,Bernard Lee,Sergeant Paine,9
9383,4724,Kevin Bacon,Sebastian Caine,0
9383,1951,Elisabeth Shue,Linda McKay,1
9383,16851,Josh Brolin,Matthew Kensington,2
9383,21165,Kim Dickens,Sarah Kennedy,3
9383,17305,Greg Grunberg,Carter Abbey,4
9383,9998,Joey Slotnick,Frank Chase,5
9383,1218108,Mary Randle,Janice Walton,6
9383,21416,William Devane,Dr. Kramer,7
9383,25702,Rhona Mitra,Sebastian's Neighbor,8
9383,109870,Tom Woodruff Jr.,Isabelle the Gorilla,9
135397,73457,Chris Pratt,Owen,0
135397,18997,Bryce Dallas Howard,Claire,1
135397,76793,Irrfan Khan,Masrani,2
135397,7132,Vincent D'Onofrio,Hoskins,3
135397,17181,Ty Simpkins,Gray,4
135397,1108907,Nick Robinson,Zach,5
135397,543505,Jake Johnson,Lowery,6
135397,78423,Omar Sy,Barry,7
135397,14592,BD Wong,Dr. Henry Wu,8
135397,20750,Judy Greer,Karen,9
2270,23458,Charlie Cox,Tristan Thorn,0
2270,6194,Claire Danes,Yvaine,1
2270,1160,Michelle Pfeiffer,Lamia,2
2270,2983,Mark Strong,Septimus,3
2270,973,Jason Flemyng,Primus,4
2270,380,Robert De Niro,Captain Shakespeare,5
2270,23459,Sienna Miller,Victoria,6
2270,84035,Sarah Alexander,Empusa,7
2270,33450,Joanna Scanlan,Mormo,8
2270,207295,Melanie Hill,Ditchwater Sal,9
3512,23880,Steven Seagal,Casey Ryback,0
3512,10866,Eric Bogosian,Travis Dane,1
3512,25541,Katherine Heigl,Sarah Ryback,2
3512,9779,Morris Chestnut,Bobby Zachs,3
3512,5616,Everett McGill,Penn,4
3512,32290,Brenda Bakke,Cap. Linda Gilder,5
3512,11803,Peter Greene,Merc #1,6
3512,32289,Andy Romano,Admiral Bates,7
3512,49877,Nick Mancuso,Tom Breaker,8
3512,783,Jonathan Banks,Scotty,9
13885,85,Johnny Depp,Sweeney Todd,0
13885,1283,Helena Bonham Carter,Mrs. Lovett,1
13885,4566,Alan Rickman,Judge Turpin,2
13885,9191,Timothy Spall,Beadle,3
13885,6730,Sacha Baron Cohen,Pirelli,4
13885,83356,Jamie Campbell Bower,Anthony,5
13885,1161753,Laura Michelle Kelly,Lucy / Beggar Woman,6
13885,444008,Jayne Wisener,Johanna,7
13885,1161752,Ed Sanders,Toby,8
13885,4304089,Gracie May Weldon,Baby Johanna,9
3597,33259,Jennifer Love Hewitt,Julie James,0
3597,33260,Freddie Prinze Jr.,Ray Bronson,1
3597,11863,Sarah Michelle Gellar,Helen Shivers,2
3597,11864,Ryan Phillippe,Barry Cox,3
3597,20751,Bridgette Wilson,Elsa Shivers,4
3597,16478,Johnny Galecki,Max Neurick,5
3597,17348,Muse Watson,Benjamin Willis / Fisherman,6
3597,8256,Anne Heche,Melissa Egan,7
3597,33262,Stuart Greer,David Caporizo,8
3597,33269,Dan Albright,Sheriff,9
657,738,Sean Connery,James Bond,0
657,9896,Daniela Bianchi,Tatiana 'Tanja' Romanova,1
657,96973,Pedro Armendáriz,Ali Kerim Bey,2
657,8606,Robert Shaw,Donald 'Red' Grant,3
657,9898,Lotte Lenya,Rosa Klebb,4
657,9874,Bernard Lee,M,5
657,9878,Lois Maxwell,Miss Moneypenny,6
657,9877,Eunice Gayson,Sylvia Trench,7
657,6610,Walter Gotell,Morzeny,8
657,9899,Francis de Wolff,Vavra,9
9611,23931,Mira Sorvino,Romy White,0
9611,14406,Lisa Kudrow,Michele Weinberger,1
9611,21197,Janeane Garofalo,Heather Mooney,2
9611,10697,Alan Cumming,Sandy Frink,3
9611,19455,Julia Campbell,Christy Masters,4
9611,149209,Mia Cottet,Cheryl Quick,5
9611,90658,Kristin Bauer,Kelly Possenger,6
9611,55422,Elaine Hendrix,Lisa Luder,7
9611,90610,Vincent Ventresca,Billy Christianson,8
9611,20187,Camryn Manheim,Toby Walters,9
10003,5576,Val Kilmer,Simon Templar,0
10003,1951,Elisabeth Shue,Emma Russell,1
10003,1118,Rade Šerbedžija,Ivan Tretiak,2
10003,7030,Henry Goodman,Dr. Lev Botvin,3
10003,2629,Alun Armstrong,Inspector Teal,4
10003,742,Michael Byrne,Vereshagin,5
10003,146399,Irina Apeksimova,Frankie,6
10003,90356,Lev Prygunov,General Sklarov,7
10003,87416,Charlotte Cornwell,Inspector Rabineau,8
10003,1246,Emily Mortimer,Woman on Plane,9
1909,85,Johnny Depp,Don Juan DeMarco,0
1909,3084,Marlon Brando,Dr. Jack Mickler,1
1909,6450,Faye Dunaway,Marilyn Mickler,2
1909,19888,Géraldine Pailhas,Dona Ana,3
1909,19889,Bob Dishy,Dr. Paul Showalter,4
1909,10768,Rachel Ticotin,Doña Inez,5
1909,10680,Talisa Soto,Doña Julia,6
1909,25214,Stephen Singer,Dr. Bill Dunsmore,7
1909,25215,Jo Champa,Sultana Gulbeyaz,8
1909,1536,Marita Geraghty,Woman in Restaurant,9
9738,65524,Ioan Gruffudd,Reed Richards,0
9738,56731,Jessica Alba,Sue Storm,1
9738,16828,Chris Evans,Johnny Storm,2
9738,19654,Michael Chiklis,Ben Grimm,3
9738,20402,Julian McMahon,Victor Von Doom,4
9738,184581,Hamish Linklater,Leonard,5
9738,11703,Kerry Washington,Alicia Masters,6
9738,8332,Laurie Holden,Debbie McIlvane,7
9738,77036,David Parker,Ernie,8
9738,27111,Kevin McNulty,Jimmy O'Hoolihan,9
2005,2395,Whoopi Goldberg,Deloris Van Cartier / Sister Mary Clarence,0
2005,10978,Maggie Smith,Mother Superior,1
2005,11074,Kathy Najimy,Sister Mary Patrick,2
2005,20623,Wendy Makkena,Sister Mary Robert,3
2005,20624,Mary Wickes,Sister Mary Lazarus,4
2005,1037,Harvey Keitel,Vince LaRocca,5
2005,5502,Bill Nunn,Lt. Eddie Souther,6
2005,20625,Robert Miranda,Joey,7
2005,4255,Richard Portnow,Willy,8
2005,85171,Ellen Albertini Dow,Choir Nun,9
1593,7399,Ben Stiller,Larry Daley,0
1593,17832,Carla Gugino,Rebecca,1
1593,61303,Dick Van Dyke,Cecil,2
1593,1937,Mickey Rooney,Gus,3
1593,8854,Bill Cobbs,Reginald,4
1593,17834,Jake Cherry,Nick Daley,5
1593,17835,Ricky Gervais,Dr. McPhee,6
1593,2157,Robin Williams,Theodore Roosevelt,7
1593,17836,Kim Raver,Erica Daley,8
1593,17837,Patrick Gallagher,Attila the Hun,9
2609,67773,Steve Martin,Neal Page,0
2609,7180,John Candy,Del Griffith,1
2609,27260,Laila Robins,Susan Page,2
2609,21731,Michael McKean,State Trooper,3
2609,19152,Dylan Baker,Owen,4
2609,4724,Kevin Bacon,Taxi Racer,5
2609,27261,Olivia Burnette,Marti Page,6
2609,27262,Carol Bruce,Joy Page,7
2609,27263,Diana Douglas,Peg,8
2609,4790,Martin Ferrero,Motel Clerk,9
12163,2295,Mickey Rourke,Randy,0
12163,3141,Marisa Tomei,Cassidy,1
12163,38940,Evan Rachel Wood,Stephanie,2
12163,1173,Mark Margolis,Lenny,3
12163,176031,Todd Barry,Wayne,4
12163,19490,Wass Stevens,Nick Volpe,5
12163,52860,Judah Friedlander,Scott Brumberg,6
12163,1216224,Ernest Miller,The Ayatollah,7
12163,83213,Dylan Keith Summers,Necro Butcher,8
12163,2171546,Tommy Farra,Tommy Rotten,9
374720,1687041,Fionn Whitehead,Tommy,0
374720,2524,Tom Hardy,Farrier,1
374720,40900,Mark Rylance,Mr. Dawson,2
374720,11181,Kenneth Branagh,Commander Bolton,3
374720,2037,Cillian Murphy,Shivering Soldier,4
374720,1290466,Barry Keoghan,George,5
374720,1052109,Harry Styles,Alex,6
374720,145143,Aneurin Barnard,Gibson,7
374720,579211,Damien Bonnard,French Soldier,8
374720,1324608,Lee Armstrong,Grenadier,9
9705,8891,John Travolta,Gabriel,0
9705,6968,Hugh Jackman,Stanley,1
9705,4587,Halle Berry,Ginger,2
9705,1896,Don Cheadle,Roberts,3
9705,980,Vinnie Jones,Marco,4
9705,9880,Sam Shepard,Senator Reisman,5
9705,70767,Drea de Matteo,Melissa,6
9705,25848,Rudolf Martin,Axl Torvalds,7
9705,7471,Zach Grenier,A.D. Joy,8
9705,177918,Camryn Grimes,Holly,9
226,448,Hilary Swank,Brandon Teena,0
226,2838,Chloë Sevigny,Lana Tisdel,1
226,133,Peter Sarsgaard,John Lotter,2
226,2839,Brendan Sexton III,Tom Nissen,3
226,78788,Alicia Goranson,Candace,4
226,2841,Alison Folland,Kate,5
226,2842,Jeannetta Arnette,Lana's Mom,6
226,2843,Rob Campbell,Brian,7
226,2844,Matt McGrath,Lonny,8
226,2845,Cheyenne Rushing,Nicole,9
36586,10814,Wesley Snipes,Blade,0
36586,10823,Kris Kristofferson,Whistler,1
36586,2372,Ron Perlman,Reinhardt,2
36586,10839,Leonor Varela,Nyssa,3
36586,4886,Norman Reedus,Scud,4
36586,3491,Thomas Kretschmann,Damaskinos,5
36586,10843,Luke Goss,Nomak,6
36586,31841,Matt Schulze,Chupa,7
36586,115787,Danny John-Jules,Asad,8
36586,1341,Donnie Yen,Snowman,9
122917,1327,Ian McKellen,Gandalf the Grey,0
122917,7060,Martin Freeman,Bilbo Baggins,1
122917,30315,Richard Armitage,Thorin Oakenshield,2
122917,114,Orlando Bloom,Legolas,3
122917,19034,Evangeline Lilly,Tauriel,4
122917,114019,Luke Evans,Bard,5
122917,72095,Lee Pace,King Thranduil,6
122917,71580,Benedict Cumberbatch,Smaug / Sauron (voice),7
122917,25136,Ken Stott,Balin,8
122917,207558,Aidan Turner,Kili,9
5176,934,Russell Crowe,Ben Wade,0
5176,3894,Christian Bale,Dan Evans,1
5176,8949,Peter Fonda,Byron McElroy,2
5176,15370,Gretchen Mol,Alice Evans,3
5176,11107,Ben Foster,Charlie Prince,4
5176,424,Dallas Roberts,Grayson Butterfield,5
5176,21088,Alan Tudyk,Doc Potter,6
5176,5025,Vinessa Shaw,Emmy Nelson,7
5176,33235,Logan Lerman,William Evans,8
5176,79072,Kevin Durand,Tucker,9
277,3967,Kate Beckinsale,Selene,0
277,100,Scott Speedman,Michael Corvin,1
277,3968,Michael Sheen,Lucian,2
277,3969,Shane Brolly,Kraven,3
277,2440,Bill Nighy,Viktor,4
277,3970,Erwin Leder,Singe,5
277,3971,Sophia Myles,Erika,6
277,1119,Robbie Gee,Kahn,7
277,3972,Wentworth Miller,Dr. Adam Lockwood,8
277,3952,Kevin Grevioux,Raze,9
503475,7317,Peter Sallis,Wallace,0
503475,77287,Anne Reid,Wendolene,1
110415,16828,Chris Evans,Curtis,0
110415,20738,Song Kang-ho,Namgoong Minsu,1
110415,228,Ed Harris,Wilford,2
110415,5049,John Hurt,Gilliam,3
110415,3063,Tilda Swinton,Mason,4
110415,478,Jamie Bell,Edgar,5
110415,6944,Octavia Spencer,Tanya,6
110415,1125,Ewen Bremner,Andrew,7
110415,21689,Ko Asung,Yona,8
110415,17486,Alison Pill,Teacher,9
75612,500,Tom Cruise,Jack,0
75612,192,Morgan Freeman,Beech,1
75612,18182,Olga Kurylenko,Julia,2
75612,127558,Andrea Riseborough,Victoria,3
75612,12795,Nikolaj Coster-Waldau,Sykes,4
75612,6832,Melissa Leo,Sally,5
75612,20494,Zoë Bell,Kara,6
75612,1171690,Abigail Lowe,Julia's Child,7
75612,1171689,Isabelle Lowe,Julia's Child,8
75612,1171691,Booch O'Connell,Tourist (uncredited),9
50646,4495,Steve Carell,Cal,0
50646,30614,Ryan Gosling,Jacob,1
50646,1231,Julianne Moore,Emily,2
50646,54693,Emma Stone,Hannah,3
50646,124644,Lio Tipton,Jessica,4
50646,51297,Jonah Bobo,Robbie,5
50646,125025,Joey King,Molly,6
50646,3141,Marisa Tomei,Kate,7
50646,79024,Beth Littleford,Claire,8
50646,3911,John Carroll Lynch,Bernie,9
617,4724,Kevin Bacon,Sergeant Ray Duquette,0
617,2876,Matt Dillon,Sam Lombardo,1
617,9206,Neve Campbell,Suzie Toller,2
617,9205,Denise Richards,Kelly Van Ryan,3
617,9207,Theresa Russell,Sandra Van Ryan,4
617,1532,Bill Murray,Kenneth Bowden,5
617,9209,Daphne Rubin-Vega,Detective Gloria Perez,6
617,9208,Robert Wagner,Tom Baxter,7
617,44831,Carrie Snodgress,Ruby,8
617,9210,Jeff Perry,District Attorney Bryce Hunter,9
50014,54693,Emma Stone,Skeeter Phelan,0
50014,19492,Viola Davis,Aibileen Clark,1
50014,18997,Bryce Dallas Howard,Hilly Holbrook,2
50014,6944,Octavia Spencer,Minny Jackson,3
50014,83002,Jessica Chastain,Celia Foote,4
50014,999605,Ahna O'Reilly,Elizabeth Leefolt,5
50014,19,Allison Janney,Charlotte Phelan,6
50014,221098,Anna Camp,Jolene French,7
50014,4804041,Eleanor Henry,Mae Mobley,8
50014,4804042,Emma Henry,Mae Mobley,9
11005,380,Robert De Niro,Leonard Lowe,0
11005,2157,Robin Williams,Malcolm Sayer,1
11005,11512,John Heard,Dr. Kaufman,2
11005,199,Julie Kavner,Eleanor Costello,3
11005,14698,Penelope Ann Miller,Paula,4
11005,67761,Ruth Nelson,Mrs. Lowe,5
11005,2201,Max von Sydow,Peter Ingham,6
11005,32394,Anne Meara,Miriam,7
11005,77135,Dexter Gordon,Rolando,8
11005,2701,George Martin,Frank,9
1571,62,Bruce Willis,John McClane,0
1571,18082,Timothy Olyphant,Thomas Gabriel,1
1571,15033,Justin Long,Matt Farrell,2
1571,7248,Cliff Curtis,Deputy Director Miguel Bowman,3
1571,17628,Mary Elizabeth Winstead,Lucy McClane,4
1571,21047,Jonathan Sadowski,Trey,5
1571,21045,Maggie Q,Mai Linh,6
1571,74124,Andrew Friedman,Casper,7
1571,19303,Kevin Smith,Warlock - Frederick Kaludis,8
1571,21051,Yorgo Constantine,Russo,9
470,2228,Sean Penn,Paul Rivers,0
470,3489,Naomi Watts,Cristina Peck,1
470,1121,Benicio del Toro,Jack Jordan,2
470,4273,Charlotte Gainsbourg,Mary Rivers,3
470,6413,Danny Huston,Michael Peck,4
470,6832,Melissa Leo,Marianne Jordan,5
470,20387,Clea DuVall,Claudia,6
470,6830,Carly Nahon,Cathy,7
470,6831,Claire Pakis,Laura,8
470,2999115,Nick Nichols,Boy,9
22947,1461,George Clooney,Ryan Bingham,0
22947,21657,Vera Farmiga,Alex Goran,1
22947,84223,Anna Kendrick,Natalie Keener,2
22947,16431,Sam Elliott,Maynard Finch,3
22947,26930,Amy Morton,Kara Bingham,4
22947,23532,Jason Bateman,Craig Gregory,5
22947,15091,Melanie Lynskey,Julie Bingham,6
22947,18999,J.K. Simmons,Bob,7
22947,62862,Danny McBride,Jim Miller,8
22947,58225,Zach Galifianakis,Steve,9
76,569,Ethan Hawke,Jesse,0
76,1146,Julie Delpy,Céline,1
76,571,Andrea Eckert,Wife on Train,2
76,572,Hanno Pöschl,Husband on Train,3
76,573,Karl Bruckschwaiger,Guy on Bridge,4
76,574,Tex Rubinowitz,Guy on Bridge,5
76,146859,Erni Mangold,Palm Reader,6
76,3735,Dominik Castell,Street Poet,7
76,3738,Haymon Maria Buttinger,Bartender,8
76,3737,Harold Waiglein,Guitarist in Club,9
3989,34517,Trey Parker,Gary Johnston / Joe / Kim Jong Il / Hans Blix / Carson / Matt Damon / Drunk in Bar / Tim Robbins / Sean Penn / Michael Moore / Helen Hunt / Susan Sarandon (voice),0
3989,34518,Matt Stone,Chris / George Clooney / Danny Glover / Ethan Hawke (voice),1
3989,34519,Kristen Miller,Lisa (voice),2
3989,2702004,Chelsea Marguerite,Police Officer / French Mother / French Police (voice),3
3989,34520,Masasa Moyo,Sarah (voice),4
3989,31162,Daran Norris,Spottswoode (voice),5
3989,60279,Fred Tatasciore,Samuel L. Jackson (voice),6
3989,181234,Phil Hendrie,I.N.T.E.L.L.I.G.E.N.C.E. / Chechnyan Terrorist (voice),7
3989,204131,Jeremy Shada,Jean Francois (voice),8
3989,34521,Maurice LaMarche,Alec Baldwin (voice),9
76203,5294,Chiwetel Ejiofor,Solomon Northup,0
76203,17288,Michael Fassbender,Edwin Epps,1
76203,1267329,Lupita Nyong'o,Patsey,2
76203,71580,Benedict Cumberbatch,William Ford,3
76203,17142,Paul Dano,John Tibeats,4
76203,34490,Sarah Paulson,Mary Epps,5
76203,467633,Adepero Oduye,Eliza,6
76203,59233,Scoot McNairy,Brown,7
76203,13242,Paul Giamatti,Theophilus Freeman,8
76203,287,Brad Pitt,Samuel Bass,9
8914,9825,Saffron Burrows,Dr. Susan McAlester,0
8914,11155,Thomas Jane,Carter Blake,1
8914,36424,LL Cool J,Preacher,2
8914,2231,Samuel L. Jackson,Russell Franklin,3
8914,28744,Jacqueline McKenzie,Janice Higgins,4
8914,4688,Michael Rapaport,Tom Scoggins,5
8914,1640,Stellan Skarsgård,Jim Whitlock,6
8914,106791,Aida Turturro,Brenda Kerns,7
8914,139997,Cristos,Boat Captain,8
8914,141808,Daniel Rey,Helicopter Pilot,9
72105,13240,Mark Wahlberg,John Bennett,0
72105,18973,Mila Kunis,Lori Collins,1
72105,52139,Seth MacFarlane,Ted (voice),2
72105,74949,Joel McHale,Rex,3
72105,1771,Giovanni Ribisi,Donny,4
72105,9657,Patrick Warburton,Guy,5
72105,59841,Matt Walsh,Thomas,6
72105,207150,Jessica Barth,Tami-Lynn,7
72105,1204318,Aedin Mincks,Robert,8
72105,17200,Bill Smitrovich,Frank,9
13466,131,Jake Gyllenhaal,Homer Hickam,0
13466,2955,Chris Cooper,John Hickam,1
13466,26999,Chris Owen,Quentin Wilson,2
13466,4784,Laura Dern,Miss Riley,3
13466,10128,William Lee Scott,Roy Lee,4
13466,9186,Chad Lindberg,O'Dell,5
13466,71886,Natalie Canerday,Elsie Hickam,6
13466,2368,Elya Baskin,Ike Bykovsky,7
13466,8191,Chris Ellis,Principal Turner,8
13466,74584,Scott Thomas,Jim Hickam,9
1389,1461,George Clooney,Jack Foley,0
1389,16866,Jennifer Lopez,Karen Sisco,1
1389,10182,Ving Rhames,Buddy Bragg,2
1389,1896,Don Cheadle,Maurice 'Snoopy' Miller,3
1389,18324,Steve Zahn,Glenn Michaels,4
1389,1117,Dennis Farina,Marshall Sisco,5
1389,2229,Catherine Keener,Adele Delisi,6
1389,21353,Isaiah Washington,Kenneth,7
1389,13,Albert Brooks,Richard Ripley,8
1389,40481,Luis Guzmán,José 'Chino' Chirino,9
838,3037,Richard Dreyfuss,Curt Henderson,0
838,6159,Ron Howard,Steve Bolander,1
838,12406,Paul Le Mat,John Milner,2
838,1270,Charles Martin Smith,Terry 'The Toad' Fields,3
838,8434,Cindy Williams,Laurie Henderson,4
838,12407,Candy Clark,Debbie Dunham,5
838,12408,Mackenzie Phillips,Carol,6
838,12409,Wolfman Jack,XERB Disc Jockey,7
838,12410,Bo Hopkins,Joe Young,8
838,12411,Manuel Padilla Jr.,Carlos,9
892,2413,Dominique Pinon,Louison,0
892,13686,Marie-Laure Dougnac,Julie Clapet,1
892,13687,Jean-Claude Dreyfus,Clapet,2
892,13688,Karin Viard,Mademoiselle Plusse,3
892,13689,Ticky Holgado,Marcel Tapioca,4
892,13690,Pascal Benezech,Tried to Escape,5
892,13691,Edith Ker,Grandmother,6
892,2407,Rufus,Robert Kube,7
892,13692,Jacques Mathou,Roger Kube,8
892,13693,Chick Ortega,Postman,9
2924,6856,Kurt Russell,Stephen McCaffrey,0
2924,13021,William Baldwin,Brian McCaffrey,1
2924,380,Robert De Niro,Donald Rimgale,2
2924,55636,Donald Sutherland,Ronald Bartel,3
2924,10431,Jennifer Jason Leigh,Jennifer Vaitkus,4
2924,349,Scott Glenn,John 'Axe' Adcox,5
2924,28412,Rebecca De Mornay,Helen McCaffrey,6
2924,48012,Jason Gedrick,Tim Kirzminski,7
2924,22131,J.T. Walsh,Alderman Marty Swayzak,8
2924,83197,Anthony Mockus Sr.,Chief John Fitzgerald,9
36669,517,Pierce Brosnan,James Bond,0
36669,4587,Halle Berry,Jinx,1
36669,10881,Toby Stephens,Gustav Graves,2
36669,10882,Rosamund Pike,Miranda Frost,3
36669,10883,Rick Yune,Zao,4
36669,5309,Judi Dench,M,5
36669,8930,John Cleese,Q,6
36669,147,Michael Madsen,Falco,7
36669,10884,Will Yun Lee,Colonel Moon,8
36669,10885,Kenneth Tsang,General Moon,9
10882,67287,Mary Costa,Princess Aurora (voice),0
10882,67288,Bill Shirley,Prince Phillip (voice),1
10882,67289,Eleanor Audley,Maleficent (voice),2
10882,67290,Verna Felton,Flora / Queen Leah (voice),3
10882,64871,Barbara Luddy,Merryweather (voice),4
10882,103448,Barbara Jo Allen,Fauna (voice),5
10882,11172,Taylor Holmes,King Stefan (voice),6
10882,67230,Bill Thompson,King Hubert (voice),7
10882,19404,Marvin Miller,Narrator (voice) (uncredited),8
10882,61676,Candy Candido,Maleficent’s Goon (voice) (uncredited),9
865,1100,Arnold Schwarzenegger,Ben Richards,0
865,96623,Richard Dawson,Damon Killian,1
865,2051,María Conchita Alonso,Amber Mendez,2
865,5050,Yaphet Kotto,William Laughlin,3
865,4774,Jim Brown,Fireball,4
865,1104,Jesse Ventura,Captain Freedom,5
865,3013,Erland van Lidth,Dynamo,6
865,13003,Marvin J. McIntyre,Harold Weiss,7
865,13004,Gus Rethwisch,Buzzsaw,8
865,13006,Professor Toru Tanaka,Subzero,9
11355,69597,Drew Barrymore,Josie Geller,0
11355,15234,David Arquette,Rob Geller,1
11355,28640,Molly Shannon,Anita,2
11355,15424,Michael Vartan,Sam Coulson,3
11355,56731,Jessica Alba,Kirsten,4
11355,4764,John C. Reilly,Gus Strauss,5
11355,17051,James Franco,Jason,6
11355,6944,Octavia Spencer,Cynthia,7
11355,66962,Jenny Bicks,Miss Haskell,8
11355,1201,Garry Marshall,Rigfort,9
2788,1920,Winona Ryder,Lelaina Pierce,0
2788,569,Ethan Hawke,Troy Dyer,1
2788,21197,Janeane Garofalo,Vickie Miner,2
2788,18324,Steve Zahn,Sammy Gray,3
2788,7399,Ben Stiller,Michael Grates,4
2788,12967,Swoosie Kurtz,Charlane McGregor,5
2788,28101,Harry O'Reilly,Wes McGregor,6
2788,28102,Susan Norfleet,Helen Anne Pierce,7
2788,10671,Joe Don Baker,Tom Pierce,8
2788,9137,Renée Zellweger,Tami,9
2157,227,William Hurt,Prof. John Robinson,0
2157,14407,Matt LeBlanc,Maj. Don West,1
2157,13920,Mimi Rogers,Dr. Maureen Robinson,2
2157,69122,Heather Graham,Dr. Judy Robinson,3
2157,64,Gary Oldman,Dr. Zachary Smith,4
2157,22082,Lacey Chabert,Penny Robinson,5
2157,135526,Jack Johnson,Will Robinson,6
2157,15440,Jared Harris,Older Will Robinson,7
2157,161433,Mark Goddard,General,8
2157,1120,Lennie James,Jeb Walker,9
7863,118,Geoffrey Rush,David Helfgott - Adult,0
7863,1284,Noah Taylor,David Helfgott - Adolescent,1
7863,12647,Armin Mueller-Stahl,Peter,2
7863,29791,Lynn Redgrave,Gillian,3
7863,14306,Googie Withers,Katharine Susannah Prichard,4
7863,1192653,Sonia Todd,Sylvia,5
7863,15340,Nicholas Bell,Ben Rosen,6
7863,11857,John Gielgud,Cecil Parkes,7
7863,1192652,Justin Braine,Tony,8
7863,3070,Chris Haywood,Sam,9
1911,3131,Antonio Banderas,Ahmed Ibh Fahdlan,0
1911,6200,Diane Venora,Queen Weilew,1
1911,19899,Dennis Storhøi,Herger (Joyous),2
1911,19898,Vladimir Kulich,Buliwyf,3
1911,5004,Omar Sharif,Melchisidek,4
1911,71180,Anders T. Andersen,Wigliff (King's Son),5
1911,19903,Richard Bremmer,Skeld (Superstitious),6
1911,2220,Tony Curran,Weath (Musician),7
1911,19902,Mischa Hausserman,Rethel (Archer),8
1911,156000,Neil Maffin,Roneth,9
177,2157,Robin Williams,Parry,0
177,1229,Jeff Bridges,Jack,1
177,99,Amanda Plummer,Lydia,2
177,2167,Mercedes Ruehl,Anne,3
177,2169,Michael Jeter,Homeless Cabaret Singer,4
177,2719690,William Jay Marshall,Jamaican Bum,5
177,936505,Chris Howell,Red Knight,6
177,981542,Adam Bryant,Radio Engineer,7
177,11075,Paul Lombardi,Radio Engineer,8
177,11076,David Hyde Pierce,Lou Rosen,9
10189,19274,Seth Rogen,Dale Denton,0
10189,17051,James Franco,Saul Silver,1
10189,21163,Gary Cole,Ted,2
10189,62862,Danny McBride,Red,3
10189,4810,Rosie Perez,Carol,4
10189,18472,Kevin Corrigan,Budlofsky,5
10189,64342,Craig Robinson,Matheson,6
10189,55085,Amber Heard,Angie Anderson,7
10189,42157,Ed Begley Jr.,Robert,8
10189,4496,Nora Dunn,Shannon,9
9549,9880,Sam Shepard,Chuck Yeager,0
9549,349,Scott Glenn,Alan Shepard,1
9549,228,Ed Harris,John Glenn,2
9549,6065,Dennis Quaid,Gordon Cooper,3
9549,10430,Fred Ward,Gus Grissom,4
9549,10767,Barbara Hershey,Glennis Yeager,5
9549,31440,Kim Stanley,Pancho Barnes,6
9549,5047,Veronica Cartwright,Betty Grissom,7
9549,14699,Pamela Reed,Trudy Cooper,8
9549,48810,Scott Paulin,Deke Slayton,9
37135,3417,Tony Goldwyn,Tarzan (voice),0
37135,6613,Minnie Driver,Jane Porter (voice),1
37135,515,Glenn Close,Kala (voice),2
37135,15789,Alex D. Linz,Young Tarzan (voice),3
37135,12929,Rosie O'Donnell,Terk (voice),4
37135,8318,Brian Blessed,Clayton (voice),5
37135,15788,Nigel Hawthorne,Professor Archimedes Q. Porter (voice),6
37135,2714,Lance Henriksen,Kerchak (voice),7
37135,4201,Wayne Knight,Tantor (voice),8
37135,116869,Taylor Dempsey,Young Tantor (voice),9
3573,12052,Gwyneth Paltrow,Emma Woodhouse,0
3573,18325,Jeremy Northam,Mr. Knightley,1
3573,3051,Toni Collette,Harriet Smith,2
3573,10697,Alan Cumming,Mr. Elton,3
3573,3061,Ewan McGregor,Frank Churchill,4
3573,21245,Greta Scacchi,Mrs. Weston,5
3573,32990,Sophie Thompson,Miss Bates,6
3573,6238,Juliet Stevenson,Mrs. Elton,7
3573,32989,Denys Hawthorne,Mr. Woodhouse,8
3573,6416,Polly Walker,Jane Fairfax,9
10201,206,Jim Carrey,Carl Allen,0
10201,11664,Zooey Deschanel,Renee Allison,1
10201,51329,Bradley Cooper,Peter,2
10201,8265,John Michael Higgins,Nick,3
10201,82666,Rhys Darby,Norman,4
10201,18972,Danny Masterson,Rooney,5
10201,58068,Fionnula Flanagan,Tillie,6
10201,28641,Terence Stamp,Terence,7
10201,64154,Sasha Alexander,Lucy,8
10201,60952,Molly Sims,Stephanie,9
12665,2453,Mary Steenburgen,Jessie Caldwell,0
12665,54789,Sean Patrick Flanery,Jeremy 'Powder' Reed,1
12665,2714,Lance Henriksen,Sheriff Doug Barnum,2
12665,4785,Jeff Goldblum,Donald Ripley,3
12665,36637,Brandon Smith,Deputy Harley Duncan,4
12665,91448,Bradford Tatum,John Box,5
12665,59369,Susan Tyrrell,Maxine,6
12665,53646,Missy Crider,Lindsey Kelloway,7
12665,6719,Ray Wise,Dr. Aaron Stripler,8
12665,93523,Esteban Powell,Mitch,9
277834,1564846,Auliʻi Cravalho,Moana (voice),0
277834,18918,Dwayne Johnson,Maui (voice),1
277834,15298,Rachel House,Gramma Tala (voice),2
277834,7242,Temuera Morrison,Chief Tui (voice),3
277834,55936,Jemaine Clement,Tamatoa (voice),4
277834,151246,Nicole Scherzinger,Sina (voice),5
277834,21088,Alan Tudyk,Heihei / Villager #3 (voice),6
277834,1716550,Louise Bush,Toddler Moana (voice),7
277834,89843,Oscar Kightley,Fisherman (voice),8
277834,1349600,Troy Polamalu,Villager #1 (voice),9
9387,1100,Arnold Schwarzenegger,Conan,0
9387,15152,James Earl Jones,Thulsa Doom,1
9387,45378,Sandahl Bergman,Valeria,2
9387,100563,Ben Davidson,Rexor,3
9387,98473,Cassandra Gava,The Witch,4
9387,4330,Gerry Lopez,Subotai,5
9387,10134,Mako,The Wizard,6
9387,100564,Valérie Quennessen,The Princess,7
9387,98102,William Smith,Conan's Father,8
9387,2201,Max von Sydow,King Osric,9
820,1269,Kevin Costner,Jim Garrison,0
820,2176,Tommy Lee Jones,Clay Shaw,1
820,64,Gary Oldman,Lee Harvey Oswald,2
820,4724,Kevin Bacon,Willie O'Keefe,3
820,12132,Michael Rooker,Bill Broussard,4
820,3151,Jack Lemmon,Jack Martin,5
820,12133,Laurie Metcalf,Susie Cox,6
820,5606,Sissy Spacek,Liz Garrison,7
820,4517,Joe Pesci,David Ferrie,8
820,7180,John Candy,Dean Andrews,9
8051,19292,Adam Sandler,Barry Egan,0
8051,1639,Emily Watson,Lena Leonard,1
8051,1233,Philip Seymour Hoffman,Dean Trumbell,2
8051,40481,Luis Guzmán,Lance,3
8051,25884,Mary Lynn Rajskub,Elizabeth Egan,4
8051,53684,Robert Smigel,Walter the Dentist,5
8051,177063,Jason Andrews,Operator Carter (voice),6
8051,79025,Don McManus,Plastic (voice),7
8051,554026,David Schrempf,Customer #1,8
8051,554027,Seann Conway,Customer #2,9
10403,504,Tim Robbins,Griffin Mill,0
10403,21245,Greta Scacchi,June Gudmundsdottir,1
10403,10430,Fred Ward,Walter Stuckel,2
10403,2395,Whoopi Goldberg,Detective Avery,3
10403,8212,Peter Gallagher,Larry Levy,4
10403,591,Brion James,Joel Levison,5
10403,65528,Cynthia Stevenson,Bonnie Sherow,6
10403,7132,Vincent D'Onofrio,David Kahane,7
10403,923,Dean Stockwell,Andy Civella,8
10403,20766,Richard E. Grant,Tom Oakley,9
9480,880,Ben Affleck,Matt Murdock / Daredevil,0
9480,9278,Jennifer Garner,Elektra,1
9480,72466,Colin Farrell,Bullseye,2
9480,61981,Michael Clarke Duncan,Kingpin / Fisk,3
9480,532,Joe Pantoliano,Urich,4
9480,15277,Jon Favreau,Franklin Nelson,5
9480,56153,Scott Terra,Young Matt,6
9480,9280,Ellen Pompeo,Karen Page,7
9480,2221,Leland Orser,Wesley,8
9480,42200,Lennie Loftin,Manolis,9
76338,74568,Chris Hemsworth,Thor,0
76338,524,Natalie Portman,Jane Foster,1
76338,91606,Tom Hiddleston,Loki,2
76338,2040,Christopher Eccleston,Malekith,3
76338,4173,Anthony Hopkins,Odin,4
76338,59817,Jaimie Alexander,Sif,5
76338,69899,Zachary Levi,Fandral,6
76338,56614,Ray Stevenson,Volstagg,7
76338,13275,Tadanobu Asano,Hogun,8
76338,17605,Idris Elba,Heimdall,9
4233,9206,Neve Campbell,Sidney Prescott,0
4233,14405,Courteney Cox,Gale Weathers,1
4233,15234,David Arquette,Dewey Riley,2
4233,3035,Jerry O'Connell,Derek,3
4233,21215,Elise Neal,Hallie,4
4233,18082,Timothy Olyphant,Mickey,5
4233,6213,Jamie Kennedy,Randy Meeks,6
4233,12133,Laurie Metcalf,Debbie Salt,7
4233,11863,Sarah Michelle Gellar,Cici,8
4233,23626,Liev Schreiber,Cotton Weary,9
1548,2155,Thora Birch,Enid,0
1548,1245,Scarlett Johansson,Rebecca,1
1548,884,Steve Buscemi,Seymour,2
1548,51214,Brad Renfro,Josh,3
1548,7796,Illeana Douglas,Roberta Allsworth,4
1548,12438,Bob Balaban,Enid's Dad,5
1548,31714,Stacey Travis,Dana,6
1548,141052,Charles C. Stevenson Jr.,Norman,7
1548,35701,Dave Sheridan,Doug,8
1548,77338,Tom McGowan,Joe,9
10398,2176,Tommy Lee Jones,Travis Lehman,0
10398,15852,Ashley Judd,Libby Parsons,1
10398,942021,Benjamin Weir,Four-Year-Old Matty Parsons,2
10398,63791,Jay Brazeau,Bobby Long,3
10398,21089,Bruce Greenwood,Nick Parsons,4
10398,21021,John Maclaren,Rudy,5
10398,168273,Ed Evanko,Warren,6
10398,49425,Annabeth Gish,Angie Green,7
10398,4219626,Bruce Campbell,Bartender at Party,8
10398,43458,Brennan Elliott,Yuppie Man,9
11382,3036,John Cusack,David Shayne,0
11382,9046,Chazz Palminteri,Cheech,1
11382,1902,Dianne Wiest,Helen Sinclair,2
11382,7906,Jennifer Tilly,Olive Neal,3
11382,18248,Mary-Louise Parker,Ellen,4
11382,30364,Tracey Ullman,Eden Brent,5
11382,388,Jim Broadbent,Warner Purcell,6
11382,60023,Joe Viterelli,Nick Valenti,7
11382,7420,Harvey Fierstein,Sid Loomis,8
11382,3026,Rob Reiner,Sheldon Flender,9
11827,70615,Rodger Bumpass,Hanover Fiste / Dr. Anrak (voice),0
11827,7180,John Candy,Desk Sergeant / Dan / Den / Robot (voice),1
11827,61185,Jackie Burroughs,Katherine (voice),2
11827,59196,Joe Flaherty,Lawyer / General (voice),3
11827,87461,Don Francks,Grimaldi / Co-Pilot / Barbarian (voice),4
11827,93644,Marilyn Lightstone,Whore / Queen (voice),5
11827,26510,Eugene Levy,Sternn / Male Reporter / Edsel (voice),6
11827,1524,Harold Ramis,Zeke (voice),7
11827,1282665,Caroline Semple,Girl (voice),8
11827,2557,Richard Romanus,Harry Canyon (voice),9
10684,5292,Denzel Washington,Lieutenant Colonel Nathaniel Serling,0
10684,5344,Meg Ryan,Captain Karen Emma Walden,1
10684,38560,Lou Diamond Phillips,Staff Sergeant John Monfriez,2
10684,21030,Michael Moriarty,Brigadier General Hershberg,3
10684,1892,Matt Damon,Ilario,4
10684,4689,Bronson Pinchot,Bruno,5
10684,41688,Seth Gilliam,Stephen Altameyer,6
10684,21848,Regina Taylor,Meredith Serling,7
10684,6752,Željko Ivanek,Banacek,8
10684,349,Scott Glenn,Gartner,9
3050,776,Eddie Murphy,Dr. John Dolittle,0
3050,15531,Ossie Davis,Archer Dolittle,1
3050,17485,Oliver Platt,Dr. Mark Weller,2
3050,1039,Peter Boyle,Calloway,3
3050,31028,Richard Schiff,Dr. Gene Reiss,4
3050,31029,Kristen Wilson,Lisa,5
3050,4175,Jeffrey Tambor,Dr. Fish,6
3050,31031,Kyla Pratt,Maya,7
3050,66896,Raven-Symoné,Charisse,8
3050,31032,Steven Gilborn,Dr. Litvack,9
4348,116,Keira Knightley,Elizabeth Bennet,0
4348,15576,Matthew Macfadyen,Mr. Darcy,1
4348,4154,Brenda Blethyn,Mrs. Bennet,2
4348,10882,Rosamund Pike,Jane Bennet,3
4348,36662,Carey Mulligan,Kitty Bennet,4
4348,20089,Jena Malone,Lydia Bennet,5
4348,66441,Talulah Riley,Mary Bennet,6
4348,55636,Donald Sutherland,Mr. Bennet,7
4348,36665,Simon Woods,Mr. Bingley,8
4348,5309,Judi Dench,Lady Catherine de Bourgh,9
8698,738,Sean Connery,Allan Quatermain,0
8698,6497,Naseeruddin Shah,Captain Nemo,1
8698,81295,Shane West,Tom Sawyer,2
8698,42307,Peta Wilson,Mina Harker,3
8698,56778,Stuart Townsend,Dorian Gray,4
8698,973,Jason Flemyng,Dr. Henry Jekyll / Edward Hyde,5
8698,2220,Tony Curran,Rodney Skinner / The Invisible Man,6
8698,12206,Richard Roxburgh,M,7
8698,21942,Max Ryan,Dante,8
8698,43034,Tom Goodman-Hill,Sanderson Reed,9
110,1350,Irène Jacob,Valentine,0
110,1352,Jean-Louis Trintignant,The Judge,1
110,1354,Frédérique Feder,Karin,2
110,1356,Jean-Pierre Lorit,Auguste,3
110,49025,Samuel Le Bihan,Photographer,4
110,27983,Marion Stalens,Veterinarian,5
110,73873,Teco Celio,Bartender,6
110,2276196,Bernard Escalon,Record Dealer,7
110,2287855,Jean Schlegel,Neighbor,8
110,2287856,Elżbieta Jasińska,Woman,9
38055,23659,Will Ferrell,Megamind (voice),0
38055,287,Brad Pitt,Metro Man (voice),1
38055,56323,Tina Fey,Roxanne Ritchi (voice),2
38055,21007,Jonah Hill,Tighten (voice),3
38055,212,David Cross,Minion (voice),4
38055,7399,Ben Stiller,Bernard (voice),5
38055,15009,Justin Theroux,Megaminds's Father (voice),6
38055,936672,Jessica Schulte,Megamind's Mother (voice),7
38055,18864,Tom McGrath,Lord Scott / Prison Guard (voice),8
38055,1364656,Emily Nordwind,Lady Scott (voice),9
14534,1328,Sean Astin,Daniel E. 'Rudy' Ruettiger,0
14534,15277,Jon Favreau,D-Bob,1
14534,13726,Ned Beatty,Daniel Ruettiger,2
14534,3127,Lili Taylor,Sherry,3
14534,17764,Charles S. Dutton,Fortune,4
14534,4937,Vince Vaughn,Jamie O'Hara,5
14534,76986,Greta Lind,Mary,6
14534,76989,Christopher Reed,Pete,7
14534,76990,Deborah Wittenberg,Young Sherry,8
14534,76992,Kevin Duda,9-Year-Old Bernie,9
10802,19189,Elizabeth Berkley,Nomi Malone,0
10802,6677,Kyle MacLachlan,Zack Carey,1
10802,11150,Gina Gershon,Cristal Connors,2
10802,2683,Glenn Plummer,James Smith,3
10802,2055,Robert Davi,Al Torres,4
10802,105626,Alan Rachins,Tony Moss,5
10802,77279,Gina Ravera,Molly Abrams,6
10802,955883,Lin Tucci,Henrietta Bazoom,7
10802,9312,Greg Travis,Phil Newkirk,8
10802,37254,Al Ruscio,Mr. Karlman,9
1907,6193,Leonardo DiCaprio,Richard,0
1907,19163,Virginie Ledoyen,Françoise,1
1907,19866,Guillaume Canet,Étienne,2
1907,3063,Tilda Swinton,Sal,3
1907,19867,Staffan Kihlbom,Christo,4
1907,19868,Paterson Joseph,Keaty,5
1907,19869,Peter Youngblood Hills,Zeph,6
1907,18023,Robert Carlyle,Daffy,7
1907,19870,Jerry Swindall,Sammy,8
1907,19871,Lars Arentz-Hansen,Bugs,9
2114,21702,Ming-Na Wen,Dr. Aki Ross (voice),0
2114,55636,Donald Sutherland,Dr. Sid (voice),1
2114,7447,Alec Baldwin,Cap. Gray Edwards (voice),2
2114,10182,Ving Rhames,Sgt. Ryan Whitaker (voice),3
2114,884,Steve Buscemi,Off. Neil Fleming (voice),4
2114,21703,Peri Gilpin,Off. Jane Proudfoot (voice),5
2114,4512,James Woods,General Hein (voice),6
2114,65827,Keith David,Council Member (voice),7
2114,14500,Jean Simmons,Council Member (voice),8
2114,29797,Matt McKenzie,Major Elliot (voice),9
172,1748,William Shatner,Captain James T. Kirk,0
172,1749,Leonard Nimoy,Captain Spock,1
172,1750,DeForest Kelley,Dr. Leonard 'Bones' McCoy,2
172,1751,James Doohan,Captain Montgomery 'Scotty' Scott,3
172,1752,George Takei,Cmdr. Hikaru Sulu,4
172,1754,Walter Koenig,Cmdr. Pavel Chekov,5
172,1753,Nichelle Nichols,Cmdr. Uhura,6
172,2077,Laurence Luckinbill,Sybok,7
172,2076,David Warner,St. John Talbot,8
172,2078,Charles Cooper,Gen. Korrd,9
266856,37632,Eddie Redmayne,Stephen Hawking,0
266856,72855,Felicity Jones,Jane Hawking,1
266856,23458,Charlie Cox,Jonathan Hellyer Jones,2
266856,1639,Emily Watson,Beryl Wilde,3
266856,16358,Simon McBurney,Frank Hawking,4
266856,11207,David Thewlis,Dennis Sciama,5
266856,76944,Maxine Peake,Elaine Mason,6
266856,205258,Harry Lloyd,Brian,7
266856,1361963,Tom Prior,Robert Hawking (Age 17),8
266856,1387383,Sophie Perry,Lucy Hawking (Age 14),9
10537,5576,Val Kilmer,Jim Morrison,0
10537,5344,Meg Ryan,Pamela Courson,1
10537,6677,Kyle MacLachlan,Ray Manzarek,2
10537,11805,Frank Whaley,Robby Krieger,3
10537,6863,Kevin Dillon,John Densmore,4
10537,7486,Michael Wincott,Paul Rothchild,5
10537,147,Michael Madsen,Tom Baker,6
10537,1044946,Josh Evans,Bill Siddons,7
10537,83362,Dennis Burkley,Dog,8
10537,80117,Billy Idol,Cat,9
1443,205,Kirsten Dunst,Lux Lisbon,0
1443,2299,Josh Hartnett,Trip Fontaine,1
1443,4512,James Woods,Mr. Lisbon,2
1443,3391,Kathleen Turner,Mrs. Lisbon,3
1443,60650,Michael Paré,Adult Trip Fontaine,4
1443,17236,A.J. Cook,Mary Lisbon,5
1443,204997,Hanna Hall,Cecilia Lisbon,6
1443,17238,Leslie Hayman,Therese Lisbon,7
1443,17239,Chelse Swain,Bonnie Lisbon,8
1443,1771,Giovanni Ribisi,Narrator (voice),9
14161,3036,John Cusack,Jackson Curtis,0
14161,2956,Amanda Peet,Kate Curtis,1
14161,5294,Chiwetel Ejiofor,Adrian Helmsley,2
14161,9030,Thandiwe Newton,Laura Wilson,3
14161,17485,Oliver Platt,Carl Anheuser,4
14161,17867,Tom McCarthy,Gordon Silberman,5
14161,57755,Woody Harrelson,Charlie Frost,6
14161,2047,Danny Glover,President Thomas Wilson,7
14161,83852,Liam James,Noah Curtis,8
14161,74227,Morgan Lily,Lilly Curtis,9
9837,5576,Val Kilmer,Moses (voice),0
9837,5469,Ralph Fiennes,Rameses (voice),1
9837,1160,Michelle Pfeiffer,Tzipporah (voice),2
9837,18277,Sandra Bullock,Miriam (voice),3
9837,4785,Jeff Goldblum,Aaron (voice),4
9837,2047,Danny Glover,Jethro (voice),5
9837,2387,Patrick Stewart,Seti (voice),6
9837,15735,Helen Mirren,Queen (voice),7
9837,67773,Steve Martin,Hotep (voice),8
9837,519,Martin Short,Huy (voice),9
37094,3392,Michael Douglas,D-Fens,0
37094,3087,Robert Duvall,Prendergast,1
37094,10767,Barbara Hershey,Beth,2
37094,10768,Rachel Ticotin,Sandra,3
37094,4514,Tuesday Weld,Mrs. Prendergast,4
37094,8351,Frederic Forrest,Surplus Store Owner,5
37094,2207,Lois Smith,D-Fens' Mother,6
37094,1402302,Joey Singer,Adele (Beth's Child),7
37094,116778,Ebbe Roe Smith,Guy on Freeway,8
37094,17355,Michael Paul Chan,Mr. Lee,9
11522,21625,Molly Ringwald,Andie Walsh,0
11522,37041,Andrew McCarthy,Blane McDonough,1
11522,69718,Jon Cryer,Philip F. 'Duckie' Dale,2
11522,8873,Annie Potts,Iona,3
11522,5048,Harry Dean Stanton,Jack Walsh,4
11522,13548,James Spader,Steff McKee,5
11522,19740,Kate Vernon,Benny Hanson,6
11522,558311,Alexa Kenin,Jena Hoeman,7
11522,141046,Emily Longstreth,Kate,8
11522,10380,Jim Haynie,Donnelly,9
83542,31,Tom Hanks,Dr. Henry Goose / Hotel Manager / Isaac Sachs / Dermot Hoggins / Cavendish Look-a-Like Actor / Zachry,0
83542,4587,Halle Berry,Native Woman / Jocasta Ayrs / Luisa Rey / Indian Party Guest / Ovid / Meronym,1
83542,388,Jim Broadbent,Captain Molyneux / Vyvyan Ayrs / Timothy Cavendish / Korean Musician / Prescient 2,2
83542,1331,Hugo Weaving,Haskell Moore / Tadeusz Kesselring / Bill Smoke / Nurse Noakes / Boardman Mephi / Old Georgie,3
83542,38941,Jim Sturgess,Adam Ewing / Poor Hotel Guest / Megan's Dad / Highlander / Hae-Joo Chang / Adam / Zachry Brother-in-Law,4
83542,21688,Bae Doona,Tilda / Megan's Mom / Mexican Woman / Sonmi-451 / Sonmi-351 / Sonmi Prostitute,5
83542,17064,Ben Whishaw,Cabin Boy / Robert Frobisher / Store Clerk / Georgette / Tribesman,6
83542,19655,James D'Arcy,Young Rufus Sixsmith / Old Rufus Sixsmith / Nurse James / Archivist,7
83542,71057,Zhou Xun,Talbot / Hotel Manager / Yoona-939 / Rose,8
83542,65827,Keith David,Kupaka / Joe Napier / An-kor Apis / Prescient,9
859,515,Glenn Close,Marquise Isabelle de Merteuil,0
859,6949,John Malkovich,Vicomte Sébastien de Valmont,1
859,1160,Michelle Pfeiffer,Madame Marie de Tourvel,2
859,139,Uma Thurman,Cécile de Volanges,3
859,12967,Swoosie Kurtz,Madame de Volanges,4
859,6384,Keanu Reeves,Le Chevalier Raphael Danceny,5
859,12969,Mildred Natwick,Madame de Rosemonde,6
859,12982,Peter Capaldi,Azolan,7
859,12983,Joe Sheridan,Georges,8
859,12984,Valerie Gogan,Julie,9
20504,5292,Denzel Washington,Eli,0
20504,64,Gary Oldman,Carnegie,1
20504,18973,Mila Kunis,Solara,2
20504,56614,Ray Stevenson,Redridge,3
20504,3130,Jennifer Beals,Claudia,4
20504,5658,Michael Gambon,George,5
20504,2887,Tom Waits,Engineer,6
20504,47468,Frances de la Tour,Martha,7
20504,333,Evan Jones,Martz,8
20504,86237,Joe Pingue,Hoyt,9
1024,15091,Melanie Lynskey,Pauline Parker,0
1024,204,Kate Winslet,Juliet Hulme,1
1024,15092,Sarah Peirse,Honorah Parker Rieper,2
1024,15094,Diana Kent,Hilda Hulme,3
1024,5475,Clive Merrison,Dr. Henry Hulme,4
1024,15093,Simon O'Connor,Herbert Rieper,5
1024,173451,Jed Brophy,John / Nicholas,6
1024,1238424,Peter Elliott,Bill Perry,7
1024,15095,Gilbert Goldie,Dr. Bennett,8
1024,1777907,Geoffrey Heath,Rev. Norris,9
2039,38225,Cher,Loretta Castorini,0
2039,2963,Nicolas Cage,Ronny Cammareri,1
2039,14830,Vincent Gardenia,Cosmo Castorini,2
2039,3019,Olympia Dukakis,Rose Castorini,3
2039,1004,Danny Aiello,Mr. Johnny Cammareri,4
2039,20972,Julie Bovasso,Rita Cappomaggi,5
2039,4251,John Mahoney,Perry,6
2039,20973,Louis Guss,Raymond Capomaggi,7
2039,2371,Feodor Chaliapin Jr.,Old Man,8
2039,20974,Anita Gillette,Mona,9
259316,37632,Eddie Redmayne,Newt,0
259316,77795,Katherine Waterston,Porpentina 'Tina' Goldstein,1
259316,58873,Dan Fogler,Jacob Kowalski,2
259316,998225,Alison Sudol,Queenie,3
259316,72466,Colin Farrell,Graves,4
259316,10127,Jon Voight,Shaw Senior,5
259316,2372,Ron Perlman,Gnarlak,6
259316,85,Johnny Depp,Grindelwald,7
259316,37153,Zoë Kravitz,Lestrange,8
259316,132157,Ezra Miller,Credence Barebone,9
9304,2232,Michael Keaton,Doug Kinney,0
9304,1533,Andie MacDowell,Laura Kinney,1
9304,1166,Harris Yulin,Leeds,2
9304,26510,Eugene Levy,Vic,3
9304,186573,Zack Duhame,Zack Kinney,4
9304,553473,Katie Schlossberg,Jennifer Kinney,5
9304,15416,Richard Masur,Del King,6
9304,59260,Ann Cusack,Noreen,7
9304,11077,John de Lancie,Ted,8
9304,116109,Judith Kahan,Franny,9
273481,5081,Emily Blunt,Kate Macer,0
273481,1121,Benicio del Toro,Alejandro Gillick,1
273481,16851,Josh Brolin,Matt Graver,2
273481,8536,Victor Garber,Dave Jennings,3
273481,19498,Jon Bernthal,Ted,4
273481,206919,Daniel Kaluuya,Reggie Wayne,5
273481,52886,Jeffrey Donovan,Steve Forsing,6
273481,17688,Raoul Max Trujillo,Rafael,7
273481,36634,Julio Cesar Cedillo,Fausto Alarcon,8
273481,167145,Hank Rogerson,Phil Coopers,9
6471,67773,Steve Martin,Navin R. Johnson,0
6471,40389,Bernadette Peters,Marie Kimble Johnson,1
6471,52030,Catlin Adams,Patty Bernstein,2
6471,52031,Mabel King,Mother,3
6471,52032,Richard Ward,Father,4
6471,8555,Carl Gottlieb,Iron Balls McGinty,5
6471,1911,Dick Anthony Williams,Taj,6
6471,17695,Bill Macy,Stan Fox,7
6471,588,M. Emmet Walsh,Madman,8
6471,14835,Dick O'Neill,Frosty,9
9481,5292,Denzel Washington,Lincoln Rhyme,0
9481,11701,Angelina Jolie,Amelia Donaghy,1
9481,15758,Queen Latifah,Thelma,2
9481,12132,Michael Rooker,Captain Howard Cheney,3
9481,69298,Michael McGlone,Detective Kenny Solomon,4
9481,40481,Luis Guzmán,Eddie Ortiz,5
9481,2221,Leland Orser,Richard Thompson,6
9481,21179,John Benjamin Hickey,Dr. Barry Lehman,7
9481,21127,Bobby Cannavale,"Steve, Amelia's Boyfriend",8
9481,18977,Ed O'Neill,Detective Paulie Sellitto,9
1865,85,Johnny Depp,Jack Sparrow,0
1865,955,Penélope Cruz,Angelica,1
1865,118,Geoffrey Rush,Hector Barbossa,2
1865,6972,Ian McShane,"Edward ""Blackbeard"" Teach",3
1865,2449,Kevin McNally,Joshamee Gibbs,4
1865,237455,Sam Claflin,Philip,5
1865,469759,Àstrid Bergès-Frisbey,Syrena,6
1865,1115,Stephen Graham,Scrum,7
1865,1430,Keith Richards,Captain Teague,8
1865,10983,Richard Griffiths,King George,9
122906,93210,Domhnall Gleeson,Tim Lake,0
122906,53714,Rachel McAdams,Mary,1
122906,2440,Bill Nighy,Dad,2
122906,2441,Tom Hollander,Harry,3
122906,234352,Margot Robbie,Charlotte,4
122906,1095524,Lydia Wilson,Kit Kat,5
122906,30083,Lindsay Duncan,Mum,6
122906,156356,Richard Cordery,Uncle D,7
122906,1394375,Joshua McGuire,Rory,8
122906,1221073,Will Merrick,Jay,9
1955,4173,Anthony Hopkins,Frederick Treves,0
1955,5049,John Hurt,John Merrick,1
1955,10774,Anne Bancroft,Mrs Kendal,2
1955,11857,John Gielgud,Carr Gomm,3
1955,13325,Wendy Hiller,Mothershead,4
1955,12517,Freddie Jones,Bytes,5
1955,1821,Michael Elphick,Night Porter,6
1955,159159,Hannah Gordon,Mrs Treves,7
1955,643171,Helen Ryan,Princess Alex,8
1955,11282,John Standing,Fox,9
11318,15788,Nigel Hawthorne,George III,0
11318,15735,Helen Mirren,Queen Charlotte,1
11318,65,Ian Holm,Willis,2
11318,192846,Anthony Calf,Fitzroy,3
11318,18191,Amanda Donohoe,Lady Pembroke,4
11318,11278,Rupert Graves,Greville,5
11318,10746,Geoffrey Palmer,Warren,6
11318,5473,Julian Wadham,Pitt,7
11318,8937,John Wood,Thurlow,8
11318,4757,Rupert Everett,Prince of Wales,9
864,12974,Leon,Derice Bannock,0
864,12975,Doug E. Doug,Sanka Coffie,1
864,12976,Rawle D. Lewis,Junior Bevil,2
864,12977,Malik Yoba,Yul Brenner,3
864,7180,John Candy,Irv,4
864,10361,Raymond J. Barry,Kurt Hemphill,5
864,12978,Peter Outerbridge,Josef Grool,6
864,12979,Paul Cœur,Roger,7
864,12980,Larry Gilman,Larry,8
864,940039,Charles Hyatt,"Whitby Bevil, Sr.",9
10663,19292,Adam Sandler,Bobby Boucher,0
10663,8534,Kathy Bates,Mama Boucher,1
10663,31903,Henry Winkler,Coach Klein,2
10663,826,Fairuza Balk,Vicki Vallencourt,3
10663,67764,Jerry Reed,Red Beaulieu,4
10663,37947,Lawrence Gilliard Jr.,Derek Wallace,5
10663,21485,Blake Clark,Farmer Fran,6
10663,20819,Peter Dante,Gee Grenouille,7
10663,58477,Jonathan Loughran,Lyle Robideaux,8
10663,124016,Al Whiting,Casey Bugge,9
68726,56365,Charlie Hunnam,Raleigh Becket,0
68726,18054,Rinko Kikuchi,Mako Mori,1
68726,17605,Idris Elba,Stacker Pentecost,2
68726,94864,Max Martini,Herc Hansen,3
68726,5365,Clifton Collins Jr.,Tendo Choi,4
68726,2372,Ron Perlman,Hannibal Chau,5
68726,95101,Charlie Day,Dr. Newton Geiszler,6
68726,39659,Burn Gorman,Dr. Hermann Gottlieb,7
68726,1038379,Robert Kazinsky,Chuck Hansen,8
68726,112692,Robert Maillet,Lt. Aleksis Kaidanovsky,9
10409,24589,Paul Mercurio,Scott Hastings,0
10409,65010,Tara Morice,Fran,1
10409,23,Bill Hunter,Barry Fife,2
10409,65011,Pat Thomson,Shirley Hastings,3
10409,14226,Gia Carides,Liz Holt,4
10409,127137,Peter Whitford,Les Kendall,5
10409,150536,Barry Otto,Doug Hastings,6
10409,543654,John Hannan,Ken Railings,7
10409,543656,Sonia Kruger,Tina Sparkle,8
10409,110008,Kris McQuade,Charm Leachman,9
3536,10297,Matthew McConaughey,Lt. Andrew Tyler,0
3536,2053,Bill Paxton,Lt. Cmdr. Mike Dahlgren,1
3536,1037,Harvey Keitel,CPO Henry Klough,2
3536,32362,Jon Bon Jovi,Lt. Pete Emmett,3
3536,18181,David Keith,Maj. Matthew Coonen,4
3536,3491,Thomas Kretschmann,Capt. Lt. Gunther Wassner,5
3536,4177,Jake Weber,Lt. Hirsch,6
3536,22133,Jack Noseworthy,Bill Wentz,7
3536,4729,Tom Guiry,Ted Trigger Fitzgerald,8
3536,32363,Will Estes,Ronald Rabbit Parker,9
1724,819,Edward Norton,Bruce Banner,0
1724,882,Liv Tyler,Betty Ross,1
1724,3129,Tim Roth,Emil Blonsky,2
1724,227,William Hurt,General 'Thunderbolt' Ross,3
1724,1462,Tim Blake Nelson,Samuel Sterns,4
1724,15232,Ty Burrell,Leonard,5
1724,68277,Christina Cabot,Major Kathleen Sparr,6
1724,68278,Peter Mensah,General Joe Greller,7
1724,19137,Lou Ferrigno,Voice of The Incredible Hulk / Security Guard,8
1724,1215283,Paul Soles,Stanley,9
1562,18023,Robert Carlyle,Donald Harris,0
1562,9827,Rose Byrne,Scarlet,1
1562,17604,Jeremy Renner,Sergeant Doyle,2
1562,6195,Harold Perrineau,Flynn,3
1562,2462,Catherine McCormack,Alice,4
1562,17607,Mackintosh Muggleton,Andy Harris,5
1562,17606,Imogen Poots,Tammy Harris,6
1562,17605,Idris Elba,General Stone,7
1562,108620,Amanda Walker,Sally,8
1562,2972,Shahid Ahmed,Jacob,9
956,500,Tom Cruise,Ethan Hunt,0
956,1233,Philip Seymour Hoffman,Owen Davian,1
956,10182,Ving Rhames,Luther,2
956,8289,Billy Crudup,Musgrave,3
956,11705,Michelle Monaghan,Julia,4
956,1244,Jonathan Rhys Meyers,Declan,5
956,41292,Keri Russell,Lindsey Farris,6
956,21045,Maggie Q,Zhen,7
956,11108,Simon Pegg,Benji,8
956,1665,Eddie Marsan,Brownway,9
1654,18391,Lee Marvin,Maj. John Reisman,0
1654,7502,Ernest Borgnine,Maj. Gen. Worden,1
1654,4960,Charles Bronson,Joseph Wladislaw,2
1654,4774,Jim Brown,Robert Jefferson,3
1654,11147,John Cassavetes,Victor Franko,4
1654,58423,Richard Jaeckel,Sergeant Bowren,5
1654,12950,George Kennedy,Major Max Armbruster,6
1654,108655,Trini López,Pedro Jiminez,7
1654,14562,Ralph Meeker,Captain Stuart Kinder,8
1654,8253,Robert Ryan,Col. Everett Dasher Breed,9
10220,1892,Matt Damon,Mike McDermott,0
10220,819,Edward Norton,Lester 'Worm' Murphy,1
10220,1241,John Turturro,Joey Knish,2
10220,15370,Gretchen Mol,Jo,3
10220,6949,John Malkovich,Teddy KGB,4
10220,10696,Famke Janssen,Petra,5
10220,2641,Martin Landau,Abe Petrovsky,6
10220,18313,Michael Rispoli,Grama,7
10220,5725,Goran Višnjić,Maurice,8
10220,171476,Mal Z. Lawrence,Irving,9
11236,13010,Kate Maberly,Mary Lennox,0
11236,68689,Heydon Prowse,Colin Craven,1
11236,55468,Andrew Knott,Dickon,2
11236,10978,Maggie Smith,Mrs. Medlock,3
11236,1350,Irène Jacob,Mary's Mother / Lilias Craven,4
11236,1215193,Laura Crossley,Martha,5
11236,28743,John Lynch,Lord Archibald Craven,6
11236,141521,Walter Sparrow,Ben Weatherstaff,7
11236,1542809,Valerie Hill,Cook,8
11236,1542810,Andrea Pickering,Betty Butterworth,9
11362,8767,Jim Caviezel,Edmond Dantes,0
11362,529,Guy Pearce,Fernand Mondego,1
11362,194,Richard Harris,Abbé Faria,2
11362,22063,James Frain,J.F. Villefort,3
11362,52776,Dagmara Dominczyk,Mercedes Iguanada,4
11362,7486,Michael Wincott,Armand Dorleac,5
11362,40481,Luis Guzmán,Jacopo,6
11362,64102,Christopher Adamson,Maurice,7
11362,136152,JB Blanc,Luigi Vampa,8
11362,73968,Henry Cavill,Albert Mondego,9
49530,71070,Amanda Seyfried,Sylvia Weis,0
49530,12111,Justin Timberlake,Will Salas,1
49530,2037,Cillian Murphy,Raymond Leon,2
49530,52646,Vincent Kartheiser,Philippe Weis,3
49530,59315,Olivia Wilde,Rachel Salas,4
49530,66743,Matt Bomer,Henry Hamilton,5
49530,16478,Johnny Galecki,Borel,6
49530,53652,Collins Pennie,Timekeeper Jaeger,7
49530,60901,Toby Hemingway,Timekeeper Kors,8
49530,83861,Brendan Miller,Kolber,9
4234,9206,Neve Campbell,Sidney Prescott,0
4234,15234,David Arquette,Dewey Riley,1
4234,14405,Courteney Cox,Gale Weathers,2
4234,7489,Parker Posey,Jennifer Jolie,3
4234,18352,Patrick Dempsey,Mark Kincaid,4
4234,35595,Scott Foley,Roman Bridger,5
4234,35598,Matt Keeslar,Tom Prinze,6
4234,35597,Jenny McCarthy,Sarah Darling,7
4234,1246,Emily Mortimer,Angelina Tyler,8
4234,35596,Deon Richmond,Tyson Fox,9
984,190,Clint Eastwood,Harry,0
984,14785,Harry Guardino,Bressler,1
984,14784,Reni Santoni,Chico,2
984,17580,John Vernon,The Mayor,3
984,14782,Andrew Robinson,Killer,4
984,95564,John Larch,Chief,5
984,14786,John Mitchum,De Georgio,6
984,14787,Mae Mercer,Mrs. Russell,7
984,14788,Lyn Edgington,Norma,8
984,14789,Ruth Kobart,Bus Driver,9
10714,58319,Jason Scott Lee,Mowgli,0
10714,2130,Cary Elwes,Captain William Boone,1
10714,17286,Lena Headey,Katherine 'Kitty' Brydon,2
10714,4783,Sam Neill,Colonel Geofferey Brydon,3
10714,8930,John Cleese,Dr. Julius Plumford,4
10714,973,Jason Flemyng,Wilkins,5
10714,25079,Stefan Kalipha,Buldeo,6
10714,63141,Ron Donachie,Harley,7
10714,1088414,Anirudh Agarwal,Tabaqui,8
10714,57452,Faran Tahir,Nathoo,9
4108,976,Jason Statham,Frank Martin,0
4108,21911,Shu Qi,Lai,1
4108,7693,François Berléand,Tarconi,2
4108,31841,Matt Schulze,Wall Street,3
4108,11397,Ric Young,Mr Kwai,4
4108,61609,Doug Rand,Leader,5
4108,1090711,Didier Saint Melin,Boss,6
4108,61623,Tonio Descanvelle,Thug 1,7
4108,1710010,Laurent Desponds,Thug 2,8
4108,2637265,Matthieu Albertini,Thug 3,9
10647,1979,Kevin Spacey,Eugene Simonet,0
10647,9994,Helen Hunt,Arlene McKinney,1
10647,4301,Angie Dickinson,Grace,2
10647,9640,Haley Joel Osment,Trevor McKinney,3
10647,12217,Jay Mohr,Chris Chandler,4
10647,8767,Jim Caviezel,Jerry,5
10647,32362,Jon Bon Jovi,Ricky McKinney,6
10647,116774,David Ramsey,Sidney Parker,7
10647,81830,Gary Werntz,Mr. Thorsen,8
10647,81375,Colleen Flynn,Woman on Bridge,9
1406,7904,Billy Crystal,Mitch Robbins,0
1406,11511,Daniel Stern,Phil Berquist,1
1406,9257,Bruno Kirby,Ed Furillo,2
1406,33487,Patricia Wettig,Barbara Robbins,3
1406,33488,Helen Slater,Bonnie Rayburn,4
1406,33495,Lindsay Crystal,Holly Robbins,5
1406,31005,Noble Willingham,Clay Stone,6
1406,3785,Jack Palance,Curly Washburn,7
1406,3801,Tracey Walter,Cookie,8
1406,33489,Josh Mostel,Barry Shalowitz,9
108,1137,Juliette Binoche,Julie,0
108,1138,Benoît Régent,Olivier,1
108,1139,Florence Pernel,Sandrine,2
108,1140,Charlotte Véry,Lucille,3
108,1141,Hélène Vincent,Journalist,4
108,1142,Philippe Volter,Real Estate Agent,5
108,17894,Claude Duneton,Doctor,6
108,38170,Hugues Quester,Patrice (Julie's Husband),7
108,267962,Emmanuelle Riva,Mother,8
108,53428,Florence Vignon,The Copyist,9
64682,6193,Leonardo DiCaprio,Jay Gatsby,0
64682,2219,Tobey Maguire,Nick Carraway,1
64682,36662,Carey Mulligan,Daisy Buchanan,2
64682,33192,Joel Edgerton,Tom Buchanan,3
64682,1133349,Elizabeth Debicki,Jordan Baker,4
64682,52848,Isla Fisher,Myrtle Wilson,5
64682,76512,Jason Clarke,George Wilson,6
64682,35780,Amitabh Bachchan,Meyer Wolfsheim,7
64682,236851,Callan McAuliffe,Teen Jay Gatsby,8
64682,205474,Adelaide Clemens,Catherine,9
9919,11661,Kate Hudson,Andie Anderson,0
9919,10297,Matthew McConaughey,Benjamin Barry,1
9919,6163,Adam Goldberg,Tony,2
9919,10739,Bebe Neuwirth,Lana Jong,3
9919,39977,Michael Michele,Judy Spears,4
9919,92857,Shalom Harlow,Judy Green,5
9919,26715,Robert Klein,Phillip Warren,6
9919,17696,Kathryn Hahn,Michelle Rubin,7
9919,539,Thomas Lennon,Thayer,8
9919,24291,Annie Parisse,Jeannie Ashcroft,9
746,11389,John Lone,Pu Yi (Adult),0
746,6720,Joan Chen,Wan Jung,1
746,11390,Peter O'Toole,Reginald Johnston (R.J.),2
746,11394,Ruocheng Ying,The Governor,3
746,11395,Victor Wong,Chen Pao Shen,4
746,11392,Dennis Dun,Big Li,5
746,11382,Ryuichi Sakamoto,Amakasu,6
746,11396,Maggie Han,Eastern Jewel,7
746,11397,Ric Young,Interrogator,8
746,69033,Vivian Wu,Wen Hsiu,9
41154,2888,Will Smith,Agent J,0
41154,2176,Tommy Lee Jones,Agent K,1
41154,16851,Josh Brolin,Young Agent K,2
41154,55936,Jemaine Clement,Boris The Animal,3
41154,7056,Emma Thompson,Agent O,4
41154,72873,Michael Stuhlbarg,Griffin,5
41154,450,Mike Colter,Colonel,6
41154,151246,Nicole Scherzinger,Boris's Girlfriend,7
41154,87070,Michael Chernus,Jeffrey Price,8
41154,59860,Alice Eve,Young Agent O,9
625,8975,Sam Waterston,Sydney Schanberg,0
625,8976,Haing S. Ngor,Dith Pran,1
625,6949,John Malkovich,Al Rockoff,2
625,6104,Julian Sands,Jon Swain,3
625,8977,Craig T. Nelson,Military Attaché,4
625,8978,Spalding Gray,U.S. Consul,5
625,104795,Bill Paterson,Dr. MacEntire,6
625,11860,Athol Fugard,Dr. Sundesval,7
625,121635,Graham Kennedy,Dougal,8
625,8980,Katherine Krapum Chey,Ser Moeum (Pran's Wife),9
297762,90633,Gal Gadot,Diana Prince / Wonder Woman,0
297762,62064,Chris Pine,Steve Trevor,1
297762,935,Connie Nielsen,Hippolyta,2
297762,32,Robin Wright,Antiope,3
297762,6413,Danny Huston,Ludendorff,4
297762,11207,David Thewlis,Sir Patrick / Ares,5
297762,5419,Saïd Taghmaoui,Sameer,6
297762,1125,Ewen Bremner,Charlie,7
297762,1823591,Eugene Brave Rock,The Chief,8
297762,11111,Lucy Davis,Etta,9
55,263,Emilio Echevarría,El Chivo,0
55,258,Gael García Bernal,Octavio,1
55,261,Goya Toledo,Valeria,2
55,262,Álvaro Guerrero,Daniel,3
55,259,Vanessa Bauche,Susana,4
55,264,Jorge Salinas,Luis,5
55,260,Marco Pérez,Ramiro,6
55,265,Rodrigo Murray,Gustavo,7
55,266,Humberto Busto,Jorge,8
55,267,Gerardo Campbell,Mauricio,9
1779,17087,Michael Moore,Self,0
1779,1374980,Rhonda Britton,Self,1
1779,1090751,Fred Ross,Self,2
1779,1374979,Roger B. Smith,Self,3
1779,180738,Bob Eubanks,Self,4
1779,69479,James Blanchard,Self,5
1779,1250388,Kaye Lani Rae Rafko Wilson,Self,6
1779,24810,Pat Boone,Self,7
1779,1185117,Anita Bryant,Self,8
1779,18802,Ronald Reagan,Self (archive footage),9
10312,2157,Robin Williams,Patch Adams,0
10312,95604,Daniel London,Truman,1
10312,2140,Monica Potter,Carin,2
10312,1233,Philip Seymour Hoffman,Mitch,3
10312,4029,Bob Gunton,Dean Walcott,4
10312,14792,Josef Sommer,Dr. Eaton,5
10312,43853,Irma P. Hall,Joletta,6
10312,1070,Frances Lee McCain,Judy,7
10312,3907,Harve Presnell,Dean Anderson,8
10312,198772,Daniella Kuhn,Adelane,9
2832,3036,John Cusack,Ed,0
2832,11477,Ray Liotta,Rhodes,1
2832,2956,Amanda Peet,Paris,2
2832,16861,John Hawkes,Larry,3
2832,658,Alfred Molina,Doctor,4
2832,20387,Clea DuVall,Ginny,5
2832,11885,John C. McGinley,George,6
2832,10128,William Lee Scott,Lou,7
2832,28410,Jake Busey,Robert Maine,8
2832,3201,Pruitt Taylor Vince,Malcolm Rivers,9
764,11357,Bruce Campbell,Ash,0
764,11462,Ellen Sandweiss,Cheryl,1
764,11463,Richard DeManincor,Scott,2
764,11464,Betsy Baker,Linda,3
764,11465,Theresa Tilly,Shelly,4
764,1116941,Philip A. Gillis,Fake Shemp,5
764,1116942,Dorothy Tapert,Fake Shemp,6
764,1116943,Cheryl Klam,Fake Shemp,7
764,1116944,Barbara Carey,Fake Shemp,8
764,2809509,David Horton,Fake Shemp,9
82702,449,Jay Baruchel,Hiccup (voice),0
82702,112,Cate Blanchett,Valka (voice),1
82702,17276,Gerard Butler,Stoick (voice),2
82702,24264,Craig Ferguson,Gobber (voice),3
82702,59174,America Ferrera,Astrid (voice),4
82702,21007,Jonah Hill,Snotlout (voice),5
82702,54691,Christopher Mintz-Plasse,Fishlegs (voice),6
82702,51990,T.J. Miller,Tuffnut (voice),7
82702,41091,Kristen Wiig,Ruffnut (voice),8
82702,938,Djimon Hounsou,Drago (voice),9
212,2638,Cary Grant,Mortimer Brewster,0
212,2670,Priscilla Lane,Elaine Harper Brewster,1
212,2667,Josephine Hull,Aunt Abby Brewster,2
212,2668,Jean Adair,Aunt Martha Brewster,3
212,2669,Raymond Massey,Jonathan Brewster,4
212,2671,John Alexander,'Teddy Roosevelt' Brewster,5
212,2094,Peter Lorre,Dr. Einstein,6
212,2672,Jack Carson,Officer Patrick O'Hara,7
212,2437,Edward Everett Horton,Mr. Witherspoon,8
212,30537,James Gleason,Lt. Rooney,9
9339,19292,Adam Sandler,Michael Newman,0
9339,3967,Kate Beckinsale,Donna Newman,1
9339,4690,Christopher Walken,Morty,2
9339,28238,David Hasselhoff,Ammer,3
9339,31903,Henry Winkler,Ted,4
9339,199,Julie Kavner,Trudy,5
9339,1328,Sean Astin,Bill,6
9339,202062,Joseph Castanon,Ben at 7 years old,7
9339,21007,Jonah Hill,Ben at 17 years old,8
9339,134235,Jake Hoffman,Ben at 22-30 years old,9
11153,54812,Chevy Chase,Clark Griswold,0
11153,821,Beverly D'Angelo,Ellen Griswold,1
11153,1904,Anthony Michael Hall,Rusty Griswold,2
11153,70089,Imogene Coca,Aunt Edna,3
11153,1811,Randy Quaid,Cousin Eddie,4
11153,1217003,Dana Barron,Audrey Griswold,5
11153,115457,Eddie Bracken,Roy Walley,6
11153,1535,Brian Doyle-Murray,Kamp Komfort Clerk,7
11153,35109,Miriam Flynn,Cousin Catherine,8
11153,408,James Keach,Motorcycle Cop,9
10215,12052,Gwyneth Paltrow,Helen Quilley,0
10215,10727,John Hannah,James Hamilton,1
10215,28743,John Lynch,Gerry,2
10215,10478,Jeanne Tripplehorn,Lydia,3
10215,137925,Zara Turner,Anna,4
10215,61540,Douglas McFerran,Russell,5
10215,1256066,Paul Brightwell,Clive,6
10215,58778,Nina Young,Claudia,7
10215,77165,Virginia McKenna,James' Mother,8
10215,2449,Kevin McNally,Paul,9
3036,380,Robert De Niro,The Creature / Sharp Featured Man,0
3036,11181,Kenneth Branagh,Victor Frankenstein,1
3036,3999,Tom Hulce,Henry Clerval,2
3036,1283,Helena Bonham Carter,Elizabeth,3
3036,18992,Aidan Quinn,Cap. Robert Walton,4
3036,65,Ian Holm,Baron Frankenstein,5
3036,29859,Richard Briers,Grandfather,6
3036,8930,John Cleese,Prof. Waldman,7
3036,23076,Robert Hardy,Prof. Krempe,8
3036,20768,Cherie Lunghi,Caroline Beaufort Frankenstein,9
11561,1243,Woody Allen,Miles Monroe,0
11561,3092,Diane Keaton,Luna Schlosser,1
11561,41269,John Beck,Erno Windt,2
11561,69884,Mary Gregory,Dr. Melik,3
11561,30050,Brian Avery,Herald Cohen,4
11561,104630,Don Keefer,Dr. Tryon,5
11561,133774,Mews Small,Dr. Nero,6
11561,123722,Peter Hobbs,Dr. Dean,7
11561,107304,Spencer Milligan,Jeb Hrmthmg,8
11561,16558,John McLiam,Dr. Agon,9
9905,3061,Ewan McGregor,Alex Law,0
9905,2040,Christopher Eccleston,David Stephens,1
9905,17258,Kerry Fox,Juliet Miller,2
9905,25136,Ken Stott,Detective Inspector McCall,3
9905,20056,Keith Allen,Hugo,4
9905,149359,Colin McCredie,Cameron,5
9905,3064,Peter Mullan,Andy,6
9905,480,Gary Lewis,Visitor,7
9905,1739314,Frances Low,Doctor,8
9905,1739324,Robert David MacDonald,Lumsden,9
359940,3910,Frances McDormand,Mildred,0
359940,57755,Woody Harrelson,Willoughby,1
359940,6807,Sam Rockwell,Dixon,2
359940,37260,Abbie Cornish,Anne,3
359940,1105079,Lucas Hedges,Robbie,4
359940,6752,Željko Ivanek,Desk Sergeant,5
359940,572541,Caleb Landry Jones,Red Welby,6
359940,61011,Clarke Peters,Abercrombie,7
359940,1372369,Samara Weaving,Penelope,8
359940,16861,John Hawkes,Charlie,9
15472,6283,Michael Nyqvist,Mikael Blomkvist,0
15472,87722,Noomi Rapace,Lisbeth Salander,1
15472,79196,Lena Endre,Erika Berger,2
15472,87723,Sven-Bertil Taube,Henrik Vanger,3
15472,74709,Peter Haber,Martin Vanger,4
15472,21193,Peter Andersson,Nils Bjurman,5
15472,87724,Marika Lagercrantz,Cecilia Vanger,6
15472,47070,Ingvar Hirdwall,Dirch Frode,7
15472,55002,Björn Granath,Gustav Morell,8
15472,46866,Ewa Fröling,Harriet Vanger,9
8859,18976,Ashton Kutcher,Jesse,0
8859,57599,Seann William Scott,Chester,1
8859,9278,Jennifer Garner,Wanda,2
8859,80109,Marla Sokoloff,Wilma,3
8859,56128,Kristy Swanson,Christie Boner,4
8859,52794,David Herman,Nelson,5
8859,75316,Hal Sparks,Zoltan,6
8859,129122,Charlie O'Connell,Tommy,7
8859,42316,John Toles-Bey,Mr. Pizzacoli,8
8859,1410250,Christian Middelthon,Nordic Dude #1,9
2789,12835,Vin Diesel,Riddick,0
2789,10132,Colm Feore,Lord Marshal,1
2789,9030,Thandiwe Newton,Dame Vaako,2
2789,5309,Judi Dench,Aereon,3
2789,1372,Karl Urban,Vaako,4
2789,28109,Alexa Davalos,Kyra,5
2789,3900,Linus Roache,Purifier,6
2789,31387,Yorick van Wageningen,The Guv,7
2789,18461,Nick Chinlund,Toombs,8
2789,65827,Keith David,Abu 'Imam' al-Walid,9
804,8487,Gregory Peck,Joe Bradley,0
804,1932,Audrey Hepburn,Princess Ann,1
804,11998,Eddie Albert,Irving Radovich,2
804,11999,Hartley Power,Mr. Hennessy,3
804,12000,Harcourt Williams,Ambassador,4
804,12001,Margaret Rawlings,Countess Vereberg,5
804,12002,Tullio Carminati,General Provno,6
804,12003,Paolo Carlini,Mario Delani,7
804,12004,Claudio Ermelli,Giovanni,8
804,12005,Paola Borboni,Charwoman,9
9889,70851,Jack Black,Hal Larson,0
9889,12052,Gwyneth Paltrow,Rosemary Shanahan,1
9889,1206,Jason Alexander,Mauricio Wilson,2
9889,60023,Joe Viterelli,Steve Shanahan,3
9889,1214398,Rene Kirby,Walt,4
9889,14888,Bruce McGill,Reverend Larson,5
9889,283444,Tony Robbins,Tony Robbins,6
9889,65239,Susan Ward,Jill,7
9889,60672,Zen Gesner,Ralph,8
9889,78837,Brooke Burns,Katrina,9
4421,3416,Demi Moore,Lt. Jordan O'Neil,0
4421,110,Viggo Mortensen,Master Chief John James Urgayle,1
4421,9779,Morris Chestnut,McCool,2
4421,31532,Josh Hopkins,Flea,3
4421,37205,David Vadim,Cortez,4
4421,8767,Jim Caviezel,Slovnik,5
4421,37206,Boyd Kestner,Wickwire,6
4421,34839,Kevin Gage,Instructor Pyro,7
4421,37204,David Warshofsky,Instructor Johns,8
4421,37203,Jason Beghe,Royce,9
10515,65509,Keiko Yokozawa,Sheeta (voice),0
10515,65510,Mayumi Tanaka,Pazu (voice),1
10515,65511,Minori Terada,Muska (voice),2
10515,65512,Kotoe Hatsui,Dola (voice),3
10515,142455,Fujio Tokita,Uncle Pomme (voice),4
10515,617,Ichiro Nagai,Shogun Mouro (voice),5
10515,551814,Hiroshi Ito,Oyakata (voice),6
10515,105818,Machiko Washio,Okami (voice),7
10515,552678,Takuzō Kamiyama,Charles / Shalulu (voice),8
10515,142701,Yoshito Yasuhara,Louis (voice),9
3176,31078,Tatsuya Fujiwara,Shuya Nanahara (Boy #15),0
3176,31079,Aki Maeda,Noriko Nakagawa (Girl #15),1
3176,3317,Takeshi Kitano,Kitano,2
3176,31080,Taro Yamamoto,Shogo Kawada (Boy #5),3
3176,74862,Masanobu Ando,Kazuo Kiriyama (Boy #6),4
3176,58593,Ko Shibasaki,Mitsuko Souma (Girl #11),5
3176,2538,Chiaki Kuriyama,Takako Chigusa (Girl #13),6
3176,121796,Takashi Tsukamoto,Shinji Mimura (Boy #19),7
3176,105405,Sousuke Takaoka,Hiroki Sugimura (Boy #11),8
3176,1006725,Yukihiro Kotani,Yôshitoki Kuninobu (Boy #7),9
9067,15309,Lori Petty,Rebecca / Tank Girl,0
9067,3489,Naomi Watts,Jet Girl,1
9067,56890,Malcolm McDowell,Kesslee,2
9067,21411,Ice-T,T-Saint,3
9067,54865,Jeff Kober,Booga,4
9067,38951,Reg E. Cathey,Deetee,5
9067,9306,Scott Coffey,Donner,6
9067,1280,Don Harvey,Sgt. Small,7
9067,59260,Ann Cusack,Sub Girl,8
9067,13604,Iggy Pop,Rat Face,9
11929,8534,Kathy Bates,Dolores Claiborne,0
11929,10431,Jennifer Jason Leigh,Selena St. George,1
11929,33448,Judy Parfitt,Vera Donovan,2
11929,290,Christopher Plummer,John Mackey,3
11929,11064,David Strathairn,Joe St. George,4
11929,10866,Eric Bogosian,Peter,5
11929,4764,John C. Reilly,Const. Frank Stamshaw,6
11929,1218072,Ellen Muth,Young Selena,7
11929,4029,Bob Gunton,Mr. Pease,8
11929,1158858,Roy Cooper,Magistrate,9
240832,1245,Scarlett Johansson,Lucy,0
240832,192,Morgan Freeman,Professor Norman,1
240832,64880,Choi Min-sik,Mr. Jang,2
240832,2960,Amr Waked,Pierre Del Rio,3
240832,7031,Julian Rhind-Tutt,The Limey,4
240832,90060,Pilou Asbæk,Richard,5
240832,124644,Lio Tipton,Caroline,6
240832,1587629,Shin Yoo-ram,Jang's Lieutenant,7
240832,1587631,Seo Chong-ju,Jang's Lieutenant,8
240832,1367830,Nicolas Phongpheth,Jii,9
3116,4483,Dustin Hoffman,Ratso,0
3116,10127,Jon Voight,Joe Buck,1
3116,19335,Sylvia Miles,Cass,2
3116,1943,John McGiver,Mr. O'Daniel,3
3116,30585,Brenda Vaccaro,Shirley,4
3116,2549,Barnard Hughes,Towny,5
3116,8493,Ruth White,Sally Buck,6
3116,41258,Jennifer Salt,Annie,7
3116,109957,Gilman Rankin,Woodsy Niles,8
3116,3163522,Gary Owens,Little Joe,9
109424,31,Tom Hanks,Captain Richard Phillips,0
109424,1261694,Barkhad Abdi,Muse,1
109424,1266859,Barkhad Abdirahman,Bilal,2
109424,1266858,Faysal  Ahmed,Najee,3
109424,1266862,Mahat M. Ali,Elmi,4
109424,87070,Michael Chernus,Shane Murphy,5
109424,37204,David Warshofsky,Mike Perry,6
109424,17199,Corey Johnson,Ken Quinn,7
109424,15824,Chris Mulkey,John Cronan,8
109424,75604,Yul Vazquez,Captain Frank Castellano,9
9506,19292,Adam Sandler,Dave Buznik,0
9506,514,Jack Nicholson,Dr. Buddy Rydell,1
9506,3141,Marisa Tomei,Linda,2
9506,40481,Luis Guzmán,Lou,3
9506,20818,Allen Covert,Andrew,4
9506,71266,Lynne Thigpen,Judge Daniels,5
9506,29685,Kurt Fuller,Frank Head,6
9506,58477,Jonathan Loughran,Nate,7
9506,21858,Krista Allen,Stacy,8
9506,31717,January Jones,Gina,9
287,1269,Kevin Costner,Crash Davis,0
287,4038,Susan Sarandon,Annie Savoy,1
287,504,Tim Robbins,"Ebby Calvin ""Nuke"" LaLoosh",2
287,4039,Trey Wilson,Skip,3
287,4040,Robert Wuhl,Larry,4
287,4041,William O'Leary,Jimmy,5
287,4042,David Neidorf,Bobby,6
287,4043,Danny Gans,Deke,7
287,4045,Tom Silardi,Tony,8
287,4051,Jenny Robertson,Millie,9
612,8783,Eric Bana,Avner,0
612,8784,Daniel Craig,Steve,1
612,8785,Ciarán Hinds,Carl,2
612,2406,Mathieu Kassovitz,Robert,3
612,169,Hanns Zischler,Hans,4
612,8786,Ayelet Zurer,Daphna,5
612,118,Geoffrey Rush,Ephraim,6
612,8787,Gila Almagor,Avner's Mother,7
612,2369,Michael Lonsdale,Papa,8
612,8789,Mathieu Amalric,Louis,9
1535,4135,Robert Redford,Nathan Muir,0
1535,287,Brad Pitt,Tom Bishop,1
1535,2462,Catherine McCormack,Elizabeth Hadley,2
1535,8435,Stephen Dillane,Charles Harker,3
1535,17351,Larry Bryggman,Troy Folger,4
1535,17352,Marianne Jean-Baptiste,Gladys Jennip,5
1535,17353,Matthew Marsh,Dr. Byars,6
1535,17354,Todd Boyce,Robert Aiken,7
1535,17355,Michael Paul Chan,Vincent Vy Ngo,8
1535,17356,Garrick Hagon,Cy Wilson,9
1715,2219,Tobey Maguire,Homer Wells,0
1715,6885,Charlize Theron,Candy Kendall,1
1715,3895,Michael Caine,Dr. Wilbur Larch,2
1715,18792,Delroy Lindo,Arthur Rose,3
1715,22226,Paul Rudd,Lt. Wally Worthington,4
1715,13724,Jane Alexander,Nurse Edna,5
1715,1907,Kathy Baker,Nurse Angela,6
1715,4237,Erykah Badu,Rose Rose,7
1715,18793,Kieran Culkin,Buster,8
1715,18794,Kate Nelligan,Olive Worthington,9
5825,54812,Chevy Chase,Clark Griswold,0
5825,821,Beverly D'Angelo,Ellen Griswold,1
5825,3196,Juliette Lewis,Audrey Griswold,2
5825,16478,Johnny Galecki,Rusty Griswold,3
5825,18649,John Randolph,Clark Griswold Sr.,4
5825,6587,Diane Ladd,Nora,5
5825,5249,E.G. Marshall,Art,6
5825,45863,Doris Roberts,Francis,7
5825,15886,Julia Louis-Dreyfus,Margo Chester,8
5825,1811,Randy Quaid,Cousin Eddie,9
68724,1892,Matt Damon,Max,0
68724,1038,Jodie Foster,Delacourt,1
68724,82191,Sharlto Copley,Kruger,2
68724,8688,Diego Luna,Julio,3
68724,52583,Wagner Moura,Spider,4
68724,8602,Alice Braga,Frey,5
68724,886,William Fichtner,John Carlyle,6
68724,20191,Jose Pablo Cantillo,Sandro,7
68724,57452,Faran Tahir,President Patel,8
68724,206928,Maxwell Perry Cotton,Young Max,9
7131,6968,Hugh Jackman,Van Helsing,0
7131,3967,Kate Beckinsale,Anna Valerious,1
7131,12206,Richard Roxburgh,Count Vladislaus Dracula,2
7131,74651,Josie Maran,Marishka,3
7131,1371,David Wenham,Carl,4
7131,96892,Shuler Hensley,Frankenstein's Monster,5
7131,3623,Elena Anaya,Aleera,6
7131,18916,Kevin J. O'Connor,Igor,7
7131,2629,Alun Armstrong,Cardinal Jinette,8
7131,54500,Will Kemp,Velkan,9
20526,9828,Garrett Hedlund,Sam Flynn,0
20526,59315,Olivia Wilde,Quorra,1
20526,1229,Jeff Bridges,Kevin Flynn / Clu,2
20526,2547,Bruce Boxleitner,Alan Bradley / Tron,3
20526,22063,James Frain,Jarvis,4
20526,20403,Beau Garrett,Gem,5
20526,3968,Michael Sheen,Castor / Zuse,6
20526,1900168,Anis Cheurfa,Rinzler,7
20526,86268,Serinda Swan,Siren #2,8
20526,60033,Yaya DaCosta,Siren #3,9
981,2638,Cary Grant,C.K. Dexter Haven,0
981,6598,Katharine Hepburn,Tracy Lord,1
981,854,James Stewart,Macaulay 'Mike' Connor,2
981,14683,Ruth Hussey,Elizabeth 'Liz' Imbrie,3
981,102687,John Howard,George Kittredge,4
981,14685,Roland Young,Uncle Willie,5
981,14688,John Halliday,Seth Lord,6
981,14686,Mary Nash,Margaret Lord,7
981,14689,Virginia Weidler,Dinah Lord,8
981,10924,Henry Daniell,Sidney Kidd,9
10612,3291,Hugh Grant,Reginald Anson,0
10612,47615,Tara Fitzgerald,Betty,1
10612,17782,Colm Meaney,Morgan the Goat,2
10612,3547,Ian McNeice,George Garrad,3
10612,10985,Ian Hart,Johnny Shellshocked,4
10612,51879,Kenneth Griffith,Reverend Jones,5
10612,1127836,Tudor Vaughan,Thomas Twp,6
10612,1127837,Hugh Vaughan,Thomas Twp Two,7
10612,47643,Robert Pugh,Williams the Petroleum,8
10612,142744,Robert Blythe,Ivor,9
10163,20495,Jeff Fahey,Jobe Smith,0
10163,517,Pierce Brosnan,Lawrence Angelo,1
10163,64056,Jenny Wright,Marnie Burke,2
10163,15443,Mark Bringelson,Sebastian Timms,3
10163,18071,Geoffrey Lewis,Terry McKeen,4
10163,78690,Jeremy Slate,Francis McKeen,5
10163,14329,Dean Norris,Director,6
10163,175960,Colleen Coffey,Caroline Angelo,7
10163,31006,Troy Evans,Lieutenant Goodwin,8
10163,58119,Austin O'Brien,Peter Parkette,9
2655,1160,Michelle Pfeiffer,Claire Spencer,0
2655,3,Harrison Ford,Norman Spencer,1
2655,2958,Diana Scarwid,Jody,2
2655,3977,Joe Morton,Dr. Drayton,3
2655,1736,James Remar,Warren Feur,4
2655,502,Miranda Otto,Mary Feur,5
2655,19957,Wendy Crewson,Elena,6
2655,12889,Ray Baker,Stan Powell,7
2655,21202,Micole Mercurio,Mrs. Frank,8
2655,38425,Amber Valletta,Madison Frank,9
1164,287,Brad Pitt,Richard Jones,0
1164,18054,Rinko Kikuchi,Chieko,1
1164,270,Adriana Barraza,Amelia,2
1164,112,Cate Blanchett,Susan Jones,3
1164,18061,Satoshi Nikaido,Kenji Mamiya,4
1164,18045,Said Tarchani,Ahmed,5
1164,18044,Boubker Ait El Caid,Yussef,6
1164,258,Gael García Bernal,Santiago,7
1164,18052,Nathan Gamble,Mike Jones,8
1164,18050,Elle Fanning,Debbie Jones,9
12106,4430,Sharon Stone,Ellen,0
12106,193,Gene Hackman,Herod,1
12106,934,Russell Crowe,Cort,2
12106,6193,Leonardo DiCaprio,Kid,3
12106,2144,Tobin Bell,Dog Kelly,4
12106,66288,Roberts Blossom,Doc Wallace,5
12106,27116,Kevin Conway,Eugene Dred,6
12106,65827,Keith David,Sergeant Cantrell,7
12106,2714,Lance Henriksen,Ace Hanlon,8
12106,3798,Pat Hingle,Horace,9
533,7317,Peter Sallis,Wallace / Hutch (voice),0
533,5469,Ralph Fiennes,Victor Quartermaine (voice),1
533,1283,Helena Bonham Carter,Lady Campanula Tottington (voice),2
533,7318,Peter Kay,PC Mackintosh (voice),3
533,7319,Nicholas Smith,Reverend Clement Hedges (voice),4
533,7320,Liz Smith,Mrs. Mulch (voice),5
533,7321,John Thomson,Mr. Windfall (voice),6
533,34546,Mark Gatiss,Miss Blight (voice),7
533,127149,Vincent Ebrahim,Mr. Caliche (voice),8
533,8326,Geraldine McEwan,Miss Thripp (voice),9
1412,13548,James Spader,Graham Dalton,0
1412,1533,Andie MacDowell,Ann Bishop Mullany,1
1412,8212,Peter Gallagher,John Mullany,2
1412,1212,Laura San Giacomo,Cynthia Bishop,3
1412,32592,Ron Vawter,Therapist,4
1412,32593,Steven Brill,Barfly,5
1412,1403163,Alexandra Root,Girl on Tape,6
1412,1403165,Earl T. Taylor,Landlord,7
1412,1403169,David Foil,John's Colleague,8
81,613,Sumi Shimamoto,Nausicaä (voice),0
81,617,Ichiro Nagai,Mito (voice),1
81,616,Gorō Naya,Yupa (voice),2
81,622,Yoji Matsuda,Asbel (voice),3
81,624,Yoshiko Sakakibara,Kushana (voice),4
81,625,Iemasa Kayumi,Kurotowa (voice),5
81,615,Hisako Kyoda,Obaba (voice),6
81,614,Mahito Tsujimura,Jihl (voice),7
81,623,Mina Tominaga,Lastel (voice),8
81,618,Kohei Miyauchi,Gol (voice),9
49521,73968,Henry Cavill,Clark Kent / Kal-El,0
49521,9273,Amy Adams,Lois Lane,1
49521,335,Michael Shannon,General Zod,2
49521,2882,Diane Lane,Martha Kent,3
49521,934,Russell Crowe,Jor-El,4
49521,43202,Antje Traue,Faora-Ul,5
49521,9464,Harry Lennix,General Swanwick,6
49521,31028,Richard Schiff,Dr. Emil Hamilton,7
49521,22227,Christopher Meloni,Colonel Nathan Hardy,8
49521,1269,Kevin Costner,Jonathan Kent,9
10249,20215,Billy Campbell,Cliff Secord,0
10249,6161,Jennifer Connelly,Jenny Blake,1
10249,1903,Alan Arkin,A. 'Peevy' Peabody,2
10249,10669,Timothy Dalton,Neville Sinclair,3
10249,7004,Paul Sorvino,Eddie Valentine,4
10249,12646,Terry O'Quinn,Howard Hughes,5
10249,21523,Ed Lauter,Fitch,6
10249,4253,Jon Polito,Bigelow,7
10249,51551,James Handy,Wooly,8
10249,98579,Tiny Ron,Lothar / Good Old Boy,9
8388,54812,Chevy Chase,Dusty Bottoms,0
8388,67773,Steve Martin,Lucky Day,1
8388,519,Martin Short,Ned Nederlander,2
8388,22767,Alfonso Arau,El Guapo,3
8388,41737,Tony Plana,Jefe,4
8388,54813,Patrice Martinez,Carmen,5
8388,940922,Jorge Cervera Jr.,Bandito #1,6
8388,42146,Kai Wulff,German,7
8388,116137,Abel Franco,Papa Sanchez,8
8388,191545,Fred Asparagus,Bartender,9
1073,1229,Jeff Bridges,Michael Faraday,0
1073,504,Tim Robbins,Oliver Lang,1
1073,3234,Joan Cusack,Cheryl Lang,2
1073,15250,Hope Davis,Brooke Wolfe,3
1073,15251,Robert Gossett,FBI Agent Whit Carver,4
1073,15252,Mason Gamble,Brady Lang,5
1073,4012,Spencer Treat Clark,Grant Faraday,6
1073,15253,Stanley Anderson,Dr. Archer Scobee,7
1073,945486,Lee Stringer,Orderly,8
1073,97391,Darryl Cox,Troopmaster,9
7451,12835,Vin Diesel,Xander Cage,0
7451,18514,Asia Argento,Yelena,1
7451,20982,Marton Csokas,Yorgi,2
7451,2231,Samuel L. Jackson,Agent Augustus Gibbons,3
7451,53347,Michael Roof,Agent Toby Lee Shavers,4
7451,2341,Richy Müller,Milan Sova,5
7451,39849,Werner Daehn,Kirill,6
7451,53348,Petr Jákl,Kolya,7
7451,137332,Jan Filipenský,Viktor,8
7451,140250,Tom Everett,Senator Dick Hotchkiss,9
2067,33,Gary Sinise,Jim McConnell,0
2067,504,Tim Robbins,Woody Blake,1
2067,1896,Don Cheadle,Luke Graham,2
2067,935,Connie Nielsen,Terri Fisher,3
2067,3035,Jerry O'Connell,Phil Ohlmyer,4
2067,12978,Peter Outerbridge,Sergei Kirov,5
2067,21213,Kavan Smith,Nicholas Willis,6
2067,21214,Jill Teed,Renée Coté,7
2067,21215,Elise Neal,Debra Graham,8
2067,143307,Marilyn Norry,NASA Wive,9
613,2310,Bruno Ganz,Adolf Hitler,0
613,5644,Alexandra Maria Lara,Traudl Junge,1
613,680,Corinna Harfouch,Magda Goebbels,2
613,8796,Ulrich Matthes,Joseph Goebbels,3
613,8797,Juliane Köhler,Eva Braun,4
613,1086,Heino Ferch,Albert Speer,5
613,7803,Christian Berkel,Prof. Dr. Ernst-Günter Schenck,6
613,3491,Thomas Kretschmann,SS-Gruppenführer Hermann Fegelein,7
613,8799,Ulrich Noethen,Reichsführer SS Heinrich Himmler,8
613,8800,Birgit Minichmayr,Gerda Christian,9
26748,2955,Chris Cooper,Sam Deeds,0
26748,7430,Elizabeth Peña,Pilar Cruz,1
26748,10823,Kris Kristofferson,Charlie Wade,2
26748,10224,Clifton James,Hollis Pogue,3
26748,1163,Miriam Colon,Mercedes Cruz,4
26748,85170,Ron Canada,Otis Payne,5
26748,3977,Joe Morton,"Delmore ""Del"" Payne",6
26748,10297,Matthew McConaughey,Buddy Deeds,7
26748,103835,Jeff Monahan,Young Hollis,8
26748,18272,Gabriel Casseus,Young Otis,9
13310,74382,Kåre Hedebrant,Oskar,0
13310,74383,Lina Leandersson,Eli,1
13310,74384,Per Ragnar,Håkan,2
13310,74385,Henrik Dahl,Erik,3
13310,74386,Karin Bergquist,Yvonne,4
13310,74387,Peter Carlberg,Lacke,5
13310,74388,Ika Nord,Virginia,6
13310,6301,Mikael Rahm,Jocke,7
13310,74389,Karl-Robert Lindgren,Gösta,8
13310,74390,Anders T. Peedu,Morgan,9
39514,62,Bruce Willis,Frank Moses,0
39514,6949,John Malkovich,Marvin Boggs,1
39514,192,Morgan Freeman,Joe Matheson,2
39514,15735,Helen Mirren,Victoria,3
39514,18248,Mary-Louise Parker,Sarah Ross,4
39514,1372,Karl Urban,William Cooper,5
39514,3037,Richard Dreyfuss,Alexander Dunning,6
39514,1248,Brian Cox,Ivan Simanov,7
39514,27267,Rebecca Pidgeon,Cynthia Wilkes,8
39514,20402,Julian McMahon,VP Stanton,9
711,738,Sean Connery,William Forrester,0
711,10689,Rob Brown,Jamal Wallace,1
711,1164,F. Murray Abraham,Robert Crawford,2
711,10690,Anna Paquin,Claire Spence,3
711,3586024,Damany Mathis,Kenzo,4
711,6485,Busta Rhymes,Terrell Wallace,5
711,10691,April Grace,Ms. Joyce,6
711,10692,Michael Pitt,John Coleridge,7
711,8699,Michael Nouri,Dr. Spence,8
711,172705,Richard Easton,Prof. Matthews,9
19,74,Gustav Fröhlich,Freder Fredersen,0
19,75,Brigitte Helm,Maria / The Machine Man,1
19,73,Alfred Abel,Johann 'Joh' Fredersen,2
19,77,Rudolf Klein-Rogge,C.A. Rotwang,3
19,79,Theodor Loos,Josaphat,4
19,78,Fritz Rasp,The Thin Man,5
19,80,Erwin Biswanger,No. 11811 - Georgy,6
19,81,Heinrich George,Grot,7
19,20535,Fritz Alberti,Creative Human - Man Who Convinces Babel (uncredited),8
19,47173,Grete Berger,Working Woman (uncredited),9
244,3243,Robert Armstrong,Carl Denham,0
244,3242,Fay Wray,Ann Darrow,1
244,3244,Bruce Cabot,Jack Driscoll,2
244,3245,Frank Reicher,Captain Englehorn,3
244,1128885,Victor Wong,Ship's Cook Charlie,4
244,3262,James Flavin,Mate Briggs,5
244,3246,Sam Hardy,Charles Weston,6
244,3247,Noble Johnson,Skull Island Native Chief,7
244,3261,Steve Clemente,Skull Island Witch Doctor,8
244,1509,Roscoe Ates,Press Photographer (uncredited),9
379,5168,Gabriel Byrne,Tom Reagan,0
379,4726,Marcia Gay Harden,Verna,1
379,1241,John Turturro,Bernie Bernbaum,2
379,4253,Jon Polito,Johnny Caspar,3
379,5169,J.E. Freeman,Eddie Dane,4
379,3926,Albert Finney,Leo,5
379,5170,Mike Starr,Frankie,6
379,5171,Al Mancini,Tic-Tac,7
379,884,Steve Buscemi,Mink,8
379,5172,Richard Woods,Mayor Dale Levander,9
11282,68842,John Cho,Harold Lee,0
11282,53493,Kal Penn,Kumar Patel,1
11282,21124,Paula Garcés,Maria,2
11282,41686,Neil Patrick Harris,Neil Patrick Harris,3
11282,38582,David Krumholtz,Seth Goldstein,4
11282,52480,Eddie Kaye Thomas,Rosenberg,5
11282,22227,Christopher Meloni,Freakshow,6
11282,50463,Malin Akerman,Liane,7
11282,10859,Ryan Reynolds,Male Nurse,8
11282,20753,Fred Willard,Dr. Willoughby,9
619,1269,Kevin Costner,Frank Farmer,0
619,8851,Whitney Houston,Rachel Marron,1
619,7042,Gary Kemp,Sy Spector,2
619,8854,Bill Cobbs,Bill Devaney,3
619,8853,Ralph Waite,Herb Farmer,4
619,941,Tomas Arana,Greg Portman,5
619,8852,Michele Lamar Richards,Nicki Marron,6
619,5170,Mike Starr,Tony Scipelli,7
619,8855,Christopher Birt,Henry,8
619,8856,DeVaughn Nixon,Fletcher Marron,9
521,7124,Ray Milland,Tony Wendice,0
521,4070,Grace Kelly,Margot Wendice,1
521,7125,Robert Cummings,Mark Halliday,2
521,5182,John Williams,Chief Inspector Hubbard,3
521,7682,Anthony Dawson,Charles Swann,4
521,1217924,Leo Britt,Storyteller,5
521,73980,Patrick Allen,Detective Pearson,6
521,933880,George Leigh,Detective Williams,7
521,2781081,George Alderson,First Detective,8
521,87518,Robin Hughes,Police Sergeant O'Brien,9
313369,30614,Ryan Gosling,Sebastian,0
313369,54693,Emma Stone,Mia,1
313369,113461,John Legend,Keith,2
313369,14892,Rosemarie DeWitt,Laura,3
313369,168877,Finn Wittrock,Greg,4
313369,1486488,Callie Hernandez,Tracy,5
313369,1457238,Sonoya Mizuno,Caitlin,6
313369,1427680,Jessica Rothe,Alexis,7
313369,16857,Tom Everett Scott,David,8
313369,928532,Josh Pence,Josh,9
2107,67773,Steve Martin,Harris K. Telemacher,0
2107,21618,Victoria Tennant,Sara McDowel,1
2107,20766,Richard E. Grant,Roland Mackey,2
2107,21619,Marilu Henner,Trudi,3
2107,520,Sarah Jessica Parker,SanDeE,4
2107,21620,Susan Forristal,Ariel,5
2107,7166,Kevin Pollak,Frank Swan,6
2107,5176,Sam McMurray,Morris Frost,7
2107,2387,Patrick Stewart,Mr. Perdue,8
2107,1591225,Andrew Amador,"Bob, News Anchor",9
335,4959,Claudia Cardinale,Jill,0
335,4958,Henry Fonda,Frank,1
335,4765,Jason Robards,'Cheyenne',2
335,4960,Charles Bronson,'Harmonica',3
335,4961,Gabriele Ferzetti,Morton,4
335,4962,Paolo Stoppa,Sam,5
335,4963,Woody Strode,Frank's Gunman,6
335,4965,Jack Elam,Frank's Gunman,7
335,4966,Keenan Wynn,Sheriff,8
335,4968,Frank Wolff,Brett McBain,9
925,1004,Danny Aiello,Sal,0
925,15531,Ossie Davis,Da Mayor,1
925,15532,Ruby Dee,Mother Sister,2
925,6396,Richard Edson,Vito,3
925,4808,Giancarlo Esposito,Buggin Out,4
925,5281,Spike Lee,Mookie,5
925,5502,Bill Nunn,Radio Raheem,6
925,1241,John Turturro,Pino,7
925,15534,Paul Benjamin,ML,8
925,13936,Frankie Faison,Coconut Sid,9
9313,6193,Leonardo DiCaprio,King Louis XIV / Philippe,0
9313,5168,Gabriel Byrne,D'Artagnan,1
9313,16940,Jeremy Irons,Aramis,2
9313,6949,John Malkovich,Athos,3
9313,16927,Gérard Depardieu,Porthos,4
9313,57298,Anne Parillaud,Queen Mother Anne,5
9313,73937,Judith Godrèche,Christine,6
9313,38331,Edward Atterton,Lt. Andre,7
9313,133,Peter Sarsgaard,Raoul,8
9313,41419,Hugh Laurie,King's Advisor,9
198663,527393,Dylan O'Brien,Thomas,0
198663,115150,Kaya Scodelario,Teresa Agnes,1
198663,25663,Thomas Brodie-Sangster,Newt,2
198663,1310760,Ki Hong Lee,Minho,3
198663,93491,Will Poulter,Gally,4
198663,78062,Aml Ameen,Alby,5
198663,1276,Patricia Clarkson,Ava Paige,6
198663,1389339,Blake Cooper,Chuck,7
198663,1036196,Dexter Darden,Frypan,8
198663,512316,Jacob Latimore,Jeff,9
702,10538,Vivien Leigh,Blanche DuBois,0
702,3084,Marlon Brando,Stanley Kowalski,1
702,10539,Kim Hunter,Stella Kowalski,2
702,9857,Karl Malden,Harold Mitchell,3
702,3143,Rudy Bond,Steve,4
702,2757,Nick Dennis,Pablo Gonzales,5
702,10540,Peg Hillias,Eunice,6
702,10541,Wright King,A Collector,7
702,10542,Richard Garrick,A Doctor,8
702,10543,Ann Dere,The Matron,9
9504,1158,Al Pacino,Ricky Roma,0
9504,3151,Jack Lemmon,Shelley Levene,1
9504,7447,Alec Baldwin,Blake,2
9504,1903,Alan Arkin,George Aaronow,3
9504,228,Ed Harris,Dave Moss,4
9504,1979,Kevin Spacey,John Williamson,5
9504,378,Jonathan Pryce,James Lingk,6
9504,27545,Bruce Altman,Larry Spannel,7
9504,8693,Jude Ciccolella,Detective,8
9504,21384,Paul Butler,Policeman,9
12104,47991,Bob Geldof,Pink,0
12104,71247,Christine Hargreaves,Pink's Mother,1
12104,71248,James Laurenson,Pink's Father,2
12104,71249,Eleanor David,Pink's Wife,3
12104,980082,Kevin McKeon,Young Pink,4
12104,382,Bob Hoskins,Rock and Roll Manager,5
12104,980076,David Bingham,Little Pink,6
12104,64056,Jenny Wright,American Groupie,7
12104,994272,Alex McAvoy,Teacher,8
12104,201569,Ellis Dale,English Doctor,9
9602,776,Eddie Murphy,Prince Akeem / Clarence / Randy Watson / Saul,0
9602,44994,Arsenio Hall,Semmi / Extremely Ugly Girl / Morris / Reverend Brown,1
9602,155783,Shari Headley,Lisa McDowell,2
9602,22384,John Amos,Cleo McDowell,3
9602,15152,James Earl Jones,King Jaffe Joffer,4
9602,58074,Madge Sinclair,Queen Aoleon,5
9602,23628,Eriq La Salle,Darryl Jenks,6
9602,167736,Allison Dean,Patrice McDowell,7
9602,13936,Frankie Faison,Landlord,8
9602,44795,Louie Anderson,Maurice,9
297,287,Brad Pitt,Joe Black / Young Man in Coffee Shop,0
297,4173,Anthony Hopkins,William Parrish,1
297,4174,Claire Forlani,Susan Parrish,2
297,4177,Jake Weber,Drew,3
297,4726,Marcia Gay Harden,Allison,4
297,4175,Jeffrey Tambor,Quince,5
297,4192,David S. Howard,Eddie Sloane,6
297,4193,Lois Kelly-Miller,Jamaican Woman,7
297,4194,Jahnni St. John,Jamaican Woman's Daughter,8
297,4195,Richard Clarke,Butler,9
11967,2880,Emilio Estevez,William H. Bonney,0
11967,2628,Kiefer Sutherland,Doc Scurlock,1
11967,38560,Lou Diamond Phillips,Chavez y Chavez,2
11967,6952,Charlie Sheen,Dick Brewer,3
11967,20212,Dermot Mulroney,Dirty Steve Stephens,4
11967,1953,Casey Siemaszko,Charley Bowdre,5
11967,28641,Terence Stamp,John Tunstall,6
11967,3785,Jack Palance,L. G. Murphy,7
11967,12646,Terry O'Quinn,Alex McSween,8
11967,1129541,Sharon Thomas Cain,Susan McSween,9
5279,10978,Maggie Smith,Constance Trentham,0
5279,5658,Michael Gambon,William McCordle,1
5279,5470,Kristin Scott Thomas,Sylvia McCordle,2
5279,38809,Camilla Rutherford,Isobel McCordle,3
5279,4391,Charles Dance,Raymond Stockbridge,4
5279,10988,Geraldine Somerville,Louisa Stockbridge,5
5279,2441,Tom Hollander,Anthony Meredith,6
5279,11277,Natasha Wightman,Lavinia Meredith,7
5279,18325,Jeremy Northam,Ivor Novello,8
5279,12438,Bob Balaban,Morris Weissman,9
4538,887,Owen Wilson,Francis,0
4538,3490,Adrien Brody,Peter,1
4538,17881,Jason Schwartzman,Jack,2
4538,66443,Amara Karan,Rita,3
4538,486,Wallace Wolodarsky,Brendan,4
4538,5301,Waris Ahluwalia,The Chief Steward,5
4538,76793,Irrfan Khan,The Father,6
4538,23393,Barbet Schroeder,The Mechanic,7
4538,38809,Camilla Rutherford,Alice,8
4538,1532,Bill Murray,The Businessman,9
11004,3392,Michael Douglas,Grady Tripp,0
11004,2219,Tobey Maguire,James Leer,1
11004,3910,Frances McDormand,Sara Gaskell,2
11004,3223,Robert Downey Jr.,Terry Crabtree,3
11004,3897,Katie Holmes,Hannah Green,4
11004,9626,Rip Torn,Q,5
11004,3058923,Richard Knox,Vernon Hardapple,6
11004,209,Jane Adams,Oola,7
11004,1188782,Michael Cavadias,Miss Sloviak,8
11004,19576,Richard Thomas,Walter Gaskell,9
119450,1333,Andy Serkis,Caesar,0
119450,76512,Jason Clarke,Malcolm,1
119450,20286,Toby Kebbell,Koba,2
119450,64,Gary Oldman,Dreyfus,3
119450,41292,Keri Russell,Ellie,4
119450,113505,Kodi Smit-McPhee,Alexander,5
119450,557930,Nick Thurston,Blue Eyes,6
119450,58395,Karin Konoval,Maurice,7
119450,236696,Terry Notary,Rocket,8
119450,576041,Doc Shaw,Ash,9
10322,12446,Peter Sellers,Chance,0
10322,4090,Shirley MacLaine,Eve Rand,1
10322,19550,Melvyn Douglas,Benjamin Rand,2
10322,5251,Jack Warden,President 'Bobby',3
10322,15413,Richard Dysart,Dr. Robert Allenby,4
10322,5403,Richard Basehart,Vladimir Skrapinov,5
10322,20160,Ruth Attaway,Louise,6
10322,15412,David Clennon,Thomas Franklin,7
10322,164131,Fran Brill,Sally Hayes,8
10322,1192920,Denise DuBarry,Johanna Franklin,9
11176,55983,Jim Henson,Kermit the Frog / Rowlf / Dr. Teeth / Waldorf / Doc Hopper's Men / Link Hogthrob / Swedish Chef (voice),0
11176,7908,Frank Oz,Miss Piggy / Fozzie Bear / Animal / Sam the Eagle / Doc Hopper's Men / Marvin Suggs / Swedish Chef (hands) / Motorcycle Guy (voice),1
11176,68455,Jerry Nelson,Floyd Pepper / Robin the Frog / Crazy Harry / Lew Zealand / Camilla / Dr. Bunsen Honeydew (assistant) (voice),2
11176,68456,Richard Hunt,Scooter / Statler / Janice / Sweetums / Beaker / Fozzie Bear (assistant) (voice),3
11176,64181,Dave Goelz,The Great Gonzo / Dr. Bunsen Honeydew / Zoot / Doglion / Iraqian in El Sleezo Cafe / Pig (voice),4
11176,1466,Charles Durning,Doc Hopper,5
11176,6168,Austin Pendleton,Max,6
11176,101879,Edgar Bergen,Himself / Charlie McCarthy (voice),7
11176,69951,Milton Berle,Mad Man Mooney,8
11176,14639,Mel Brooks,Professor Max Krassman,9
921,934,Russell Crowe,Jim Braddock,0
921,9137,Renée Zellweger,Mae Braddock,1
921,13242,Paul Giamatti,Joe Gould,2
921,14886,Craig Bierko,Max Baer,3
921,14887,Paddy Considine,Mike Wilson,4
921,14888,Bruce McGill,Jimmy Johnston,5
921,5922,David Huband,Ford Bond,6
921,14889,Connor Price,Jay Braddock,7
921,14890,Ariel Waller,Rosemarie Braddock,8
921,14891,Patrick Louis,Howard Braddock,9
10830,11717,Mara Wilson,Matilda,0
10830,518,Danny DeVito,Mr. Wormwood / Narrator (voice),1
10830,24203,Rhea Perlman,Mrs. Wormwood,2
10830,6368,Embeth Davidtz,Miss Honey,3
10830,11213,Pam Ferris,Trunchbull,4
10830,5129,Paul Reubens,FBI Agent,5
10830,3801,Tracey Walter,FBI Agent,6
10830,8188,Jean Speegle Howard,Miss Phelps,7
10830,109693,Brian Levinson,Michael,8
10830,2059552,Sara Magdalin,"Matilda, 4 Years",9
1523,2178,Forest Whitaker,Idi Amin,0
1523,5530,James McAvoy,Dr. Nicholas Garrigan,1
1523,16358,Simon McBurney,British Diplomat,2
1523,12214,Gillian Anderson,Sarah Merrit,3
1523,11703,Kerry Washington,Kay Amin,4
1523,35013,David Oyelowo,Dr. Thomas Junju,5
1523,35014,Abby Mukiibi Nkaaga,Masanga,6
1523,35015,Adam Kotz,Dr. David Merrit,7
1523,35018,Barbara Rafferty,Mrs. Garrigan,8
1523,35017,David Ashton,Dr. Garrigan - Senior,9
8845,23880,Steven Seagal,Casey Ryback,0
8845,2176,Tommy Lee Jones,William Strannix,1
8845,2048,Gary Busey,Commander Krill,2
8845,23764,Erika Eleniak,Jordan Tate,3
8845,17782,Colm Meaney,Daumer,4
8845,58646,Damian Chapa,Tackman,5
8845,32289,Andy Romano,Admiral Bates,6
8845,54123,Patrick O'Neal,Captain Adams,7
8845,49877,Nick Mancuso,Tom Breaker,8
8845,58650,Raymond Cruz,Ramirez,9
10223,879,Billy Bob Thornton,Jacob Mitchell,0
10223,2053,Bill Paxton,Hank Mitchell,1
10223,2233,Bridget Fonda,Sarah Mitchell,2
10223,15011,Brent Briscoe,Lou Chambers,3
10223,5613,Jack Walsh,Tom Butler,4
10223,10486,Chelcie Ross,Carl Jenkins,5
10223,59206,Becky Ann Baker,Nancy Chambers,6
10223,21163,Gary Cole,Baxter,7
10223,2809407,Bob Davis,FBI Agent Renkins,8
10223,975947,Peter Syvertsen,FBI Agent Freemont,9
9336,26472,Steve Guttenberg,Carey Mahoney,0
9336,2109,Kim Cattrall,Karen Thompson,1
9336,27237,G.W. Bailey,Lieutenant Harris,2
9336,57349,Bubba Smith,Moses Hightower,3
9336,57350,Donovan Scott,Leslie Barbara,4
9336,57351,George Gaynes,Commandant Lassard,5
9336,57352,Andrew Rubin,George Martin,6
9336,57353,David Graf,Tackleberry,7
9336,22252,Leslie Easterbrook,Sergeant Callahan,8
9336,14672,Michael Winslow,Larvell Jones,9
30197,18861,Zero Mostel,Max Bialystock,0
30197,3460,Gene Wilder,Leo Bloom,1
30197,19178,Dick Shawn,Lorenzo St. DuBois (L.S.D.),2
30197,9601,Kenneth Mars,Franz Liebkind,3
30197,47504,Estelle Winwood,"""Hold Me Touch Me""",4
30197,105813,Christopher Hewett,Roger De Bris,5
30197,2172,Andréas Voutsinas,Carmen Ghia,6
30197,71898,Lee Meredith,Ulla,7
30197,56105,Renée Taylor,Eva Braun,8
30197,1087236,Michael Davis,Production Tenor,9
10153,4483,Dustin Hoffman,Dr. Norman Goodman,0
10153,4430,Sharon Stone,Dr. Elizabeth 'Beth' Halperin,1
10153,2231,Samuel L. Jackson,Dr. Harry Adams,2
10153,9979,Peter Coyote,Captain Harold C. Barnes,3
10153,23626,Liev Schreiber,Dr. Ted Fielding,4
10153,15758,Queen Latifah,Alice 'Teeny' Fletcher,5
10153,1525534,Marga Gómez,Jane Edmunds,6
10153,168702,Huey Lewis,Helicopter Pilot,7
10153,132434,Bernard Hocke,Seaman,8
10153,25544,James Pickens Jr.,O.S.S.A. Instructor,9
51540,23532,Jason Bateman,Nick Hendricks,0
51540,95101,Charlie Day,Dale Arbus,1
51540,58224,Jason Sudeikis,Kurt Buckman,2
51540,1979,Kevin Spacey,Dave Harken,3
51540,4491,Jennifer Aniston,Julia Harris,4
51540,72466,Colin Farrell,Bobby Pellitt,5
51540,134,Jamie Foxx,Motherfucker Jones,6
51540,55636,Donald Sutherland,Jack Pellit,7
51540,1211946,P.J. Byrne,Kenny Sommerfeld,8
51540,31171,Julie Bowen,Rhonda Harken,9
924,98,Sarah Polley,Ana,0
924,10182,Ving Rhames,Kenneth,1
924,4177,Jake Weber,Michael,2
924,50217,Michael Kelly,C.J.,3
924,327,Mekhi Phifer,Andre,4
924,101255,Inna Korobkina,Luda,5
924,7431,Kevin Zegers,Terry,6
924,15232,Ty Burrell,Steve,7
924,51936,Lindy Booth,Nicole,8
924,2129037,Michael Barry,Bart,9
12560,13022,Tom Berenger,Sam Weber,0
12560,515,Glenn Close,Sarah Cooper,1
12560,4785,Jeff Goldblum,Michael Gold,2
12560,227,William Hurt,Nick Carlton,3
12560,8945,Kevin Kline,Harold Cooper,4
12560,5960,Mary Kay Place,Meg Jones,5
12560,39117,Meg Tilly,Chloe,6
12560,10080,JoBeth Williams,Karen Bowens,7
12560,28167,Don Galloway,Richard Bowens,8
12560,133577,James Gillis,Minister,9
8909,5530,James McAvoy,Wesley Gibson,0
8909,11701,Angelina Jolie,Fox,1
8909,192,Morgan Freeman,Sloan,2
8909,28641,Terence Stamp,Pekwarsky,3
8909,3491,Thomas Kretschmann,Cross,4
8909,4238,Common,The Gunsmith,5
8909,73454,Kristen Hager,Cathy,6
8909,70903,Marc Warren,The Repairman,7
8909,2482,David O'Hara,Mr. X,8
8909,18283,Dato Bakhtadze,The Butcher,9
324552,6384,Keanu Reeves,John Wick,0
324552,4238,Common,Cassian,1
324552,2975,Laurence Fishburne,Bowery King,2
324552,59270,Riccardo Scamarcio,Santino D'Antonio,3
324552,1246972,Ruby Rose,Ares,4
324552,129101,Lance Reddick,Charon,5
324552,53,Peter Stormare,Abram Tarasov,6
324552,18354,Bridget Moynahan,Helen Wick,7
324552,22383,Franco Nero,Julius,8
324552,5723,John Leguizamo,Aurelio,9
466272,6193,Leonardo DiCaprio,Rick Dalton,0
466272,287,Brad Pitt,Cliff Booth,1
466272,234352,Margot Robbie,Sharon Tate,2
466272,46593,Emile Hirsch,Jay Sebring,3
466272,1392137,Margaret Qualley,'Pussycat',4
466272,18082,Timothy Olyphant,Jim Stacy,5
466272,1651362,Julia Butters,Trudi Fraser,6
466272,86654,Austin Butler,'Tex',7
466272,501,Dakota Fanning,'Squeaky',8
466272,6905,Bruce Dern,George Spahn,9
9443,29068,Ben Cross,Harold Abrahams,0
9443,11854,Ian Charleson,Eric Liddell,1
9443,47536,Cheryl Campbell,Jennie Liddell,2
9443,2506,Alice Krige,Sybil Gordon,3
9443,53517,Nigel Havers,Lord Andrew Lindsay,4
9443,65,Ian Holm,Sam Mussabini,5
9443,32357,Nicholas Farrell,Aubrey Montague,6
9443,73933,Daniel Gerroll,Henry Stallard,7
9443,11857,John Gielgud,Master of Trinity,8
9443,78157,Lindsay Anderson,Master of Caius,9
2755,514,Jack Nicholson,Warren Schmidt,0
2755,8534,Kathy Bates,Roberta Hertzel,1
2755,15250,Hope Davis,Jeannie Schmidt,2
2755,20212,Dermot Mulroney,Randall Hertzel,3
2755,35515,June Squibb,Helen Schmidt,4
2755,35516,Howard Hesseman,Larry Hertzel,5
2755,35518,Harry Groener,John Rusk,6
2755,35517,Connie Ray,Vicki Rusk,7
2755,41247,Len Cariou,Ray Nichols,8
2755,35519,Mark Venhuizen,Duncan Hertzel,9
228150,287,Brad Pitt,Don 'Wardaddy' Collier,0
228150,10959,Shia LaBeouf,Boyd 'Bible' Swan,1
228150,33235,Logan Lerman,Norman Ellison,2
228150,454,Michael Peña,Trini 'Gordo' Garcia,3
228150,19498,Jon Bernthal,Grady 'Coon-Ass' Travis,4
228150,83968,Jim Parrack,Sergeant Binkowski,5
228150,15376,Brad William Henke,Sergeant Davis,6
228150,1345133,Kevin Vance,Sergeant Peterson,7
228150,109438,Xavier Samuel,Lieutenant Parker,8
228150,11355,Jason Isaacs,Captain Waggoner,9
11814,1904,Anthony Michael Hall,Gary,0
11814,70572,Ilan Mitchell-Smith,Wyatt,1
11814,46948,Kelly LeBrock,Lisa,2
11814,2053,Bill Paxton,Chet,3
11814,20363,Suzanne Snyder,Deb,4
11814,72541,Judie Aronson,Hilly,5
11814,4004668,Barbara Lang,Lucy,6
11814,1218966,Ivor Barry,Henry,7
11814,2458617,Ann Coyle,Carmen,8
11814,3223,Robert Downey Jr.,Ian,9
10774,6450,Faye Dunaway,Diana Christensen,0
10774,8252,William Holden,Max Schumacher,1
10774,29903,Peter Finch,Howard Beale,2
10774,3087,Robert Duvall,Frank Hackett,3
10774,66712,Wesley Addy,Nelson Chaney,4
10774,13726,Ned Beatty,Arthur Jensen,5
10774,66713,Arthur Burghardt,Great Ahmed Kahn,6
10774,2244868,Bill Burrows,TV Director,7
10774,2244869,John Carpenter,George Bosch,8
10774,51549,Jordan Charney,Harry Hunter,9
654,3084,Marlon Brando,Terry Malloy,0
654,2639,Eva Marie Saint,Edie Doyle,1
654,9857,Karl Malden,Father Barry,2
654,5248,Lee J. Cobb,Johnny Friendly,3
654,522,Rod Steiger,Charley Malloy,4
654,9862,Pat Henning,Kayo Dugan,5
654,9865,Leif Erickson,Glover,6
654,9866,James Westerfield,Big Mac,7
654,589670,Tony Galento,Truck,8
654,977544,Tami Mauriello,Tillio,9
11774,70456,Emily Browning,Violet Baudelaire,0
11774,19977,Liam Aiken,Klaus Baudelaire,1
11774,146449,Kara Hoffman,Sunny Baudelaire,2
11774,146450,Shelby Hoffman,Sunny Baudelaire,3
11774,206,Jim Carrey,Count Olaf / Dr. Stephano / Captain Sham,4
11774,9642,Jude Law,Lemony Snicket,5
11774,9191,Timothy Spall,Mr. Poe,6
11774,5064,Meryl Streep,Josephine Anwhistle,7
11774,9188,Billy Connolly,Dr. Montgomery Montgomery,8
11774,11514,Catherine O'Hara,Justice Strauss,9
1547,12261,Jason Patric,Michael,0
1547,17444,Corey Haim,Sam,1
1547,1902,Dianne Wiest,Lucy,2
1547,2549,Barnard Hughes,Grandpa,3
1547,52995,Edward Herrmann,Max,4
1547,2628,Kiefer Sutherland,David,5
1547,9995,Jami Gertz,Star,6
1547,3034,Corey Feldman,Edgar Frog,7
1547,134800,Jamison Newlander,Alan Frog,8
1547,114149,Brooke McCarter,Paul,9
938,190,Clint Eastwood,Manco,0
938,4078,Lee Van Cleef,Col. Douglas Mortimer,1
938,14276,Gian Maria Volonté,El Indio,2
938,14278,Mara Krupp,Mary,3
938,5814,Luigi Pistilli,"Groggy, Member of Indio's Gang",4
938,14277,Klaus Kinski,Juan Wild - The Hunchback,5
938,2337471,Luis Rodríguez,"Manuel, Member of Indio's Gang",6
938,4661,Benito Stefanelli,Luke 'Hughie',7
938,14280,Panos Papadopulos,"Sancho Perez, Member of Indio's Gang",8
938,49895,Aldo Sambrell,Cuchillo,9
7270,2963,Nicolas Cage,Roy Waller,0
7270,6807,Sam Rockwell,Frank Mercer,1
7270,8291,Alison Lohman,Angela,2
7270,27545,Bruce Altman,Dr. Klein,3
7270,14888,Bruce McGill,Chuck Frechette,4
7270,4734,Jenny O'Hara,Mrs. Schaffer,5
7270,9276,Steve Eastin,Mr. Schaffer,6
7270,5151,Beth Grant,Laundry Lady,7
7270,68109,Sheila Kelley,Kathy,8
7270,51533,Fran Kranz,Slacker Boyfriend,9
9397,12640,David Duchovny,Dr. Ira Kane,0
9397,1231,Julianne Moore,"Dr. Allison Reed, CDC",1
9397,18270,Orlando Jones,Prof. Harry Phineas Block,2
9397,57599,Seann William Scott,Wayne Grey,3
9397,15854,Ted Levine,General Russell Woodman,4
9397,15232,Ty Burrell,Colonel Flemming,5
9397,824,Ethan Suplee,Deke,6
9397,175533,Michael Bower,Danny,7
9397,707,Dan Aykroyd,Governor Lewis,8
9397,21142,Gregory Itzin,Cartwright,9
9360,16866,Jennifer Lopez,Terri Flores,0
9360,9778,Ice Cube,Danny Rich,1
9360,10127,Jon Voight,Paul Serone,2
9360,7036,Eric Stoltz,Dr. Steven Cale,3
9360,8537,Jonathan Hyde,Warren Westridge,4
9360,887,Owen Wilson,Gary Dixon,5
9360,56152,Kari Wührer,Denise Kalberg,6
9360,177100,Vincent Castellanos,Mateo,7
9360,11160,Danny Trejo,Poacher,8
9360,15831,Frank Welker,Anaconda (voice),9
9749,54812,Chevy Chase,Irwin 'Fletch' Fletcher,0
9749,21561,Tim Matheson,Alan Stanwyk,1
9749,58866,Dana Wheeler-Nicholson,Gail Stanwyk,2
9749,10671,Joe Don Baker,Chief Jerry Karlin,3
9749,20163,Richard Libertini,Frank Walker,4
9749,16935,Geena Davis,Larry,5
9749,588,M. Emmet Walsh,Dr. Joseph Dolan,6
9749,66606,George Wendt,Fat Sam,7
9749,9601,Kenneth Mars,Stanton Boyd,8
9749,80746,Bill Henderson,Speaker,9
284,3151,Jack Lemmon,C.C. Baxter,0
284,4090,Shirley MacLaine,Fran Kubelik,1
284,4091,Fred MacMurray,Jeff D. Sheldrake,2
284,4093,Ray Walston,Joe Dobisch,3
284,4094,Jack Kruschen,Dr. Dreyfuss,4
284,571911,David Lewis,Al Kirkeby,5
284,4097,Hope Holiday,Margie MacDougall,6
284,3161,Joan Shawlee,Sylvia,7
284,4096,Naomi Stevens,Mrs. Mildred Dreyfuss,8
284,4099,Johnny Seven,Karl Matuschka,9
2925,18892,Goldie Hawn,Elise Elliot Atchison,0
2925,73931,Bette Midler,Brenda Morelli Cushman,1
2925,3092,Diane Keaton,Annie MacDuggan Paradis,2
2925,10978,Maggie Smith,Gunilla Garson Goldberg,3
2925,520,Sarah Jessica Parker,Shelly Stewart,4
2925,6486,Dan Hedaya,Morton Cushman,5
2925,8893,Stockard Channing,Cynthia Swann Griffin,6
2925,8536,Victor Garber,Bill Atchison,7
2925,1756,Stephen Collins,Aaron Paradis,8
2925,19189,Elizabeth Berkley,Phoebe LaVelle,9
338,3872,Daniel Brühl,Alex,0
338,4792,Katrin Sass,Mother,1
338,4793,Chulpan Khamatova,Lara,2
338,4794,Maria Simon,Ariane,3
338,4795,Florian Lukas,Denis,4
338,4796,Alexander Beyer,Rainer,5
338,3934,Burghart Klaußner,Alex's Father,6
338,697,Michael Gwisdek,Klapprath,7
338,4797,Christine Schorn,Ms. Schäfer,8
338,4798,Jürgen Holtz,Mr. Ganske,9
828,12282,Michael Rennie,Klaatu / Mr. Carpenter,0
828,1934,Patricia Neal,Helen Benson,1
828,3162,Billy Gray,Bobby Benson,2
828,10024,Sam Jaffe,Prof. Jacob Barnhardt,3
828,10609,Hugh Marlowe,Tom Stevens,4
828,12284,Lock Martin,Gort,5
828,1014356,Freeman Lusk,General Cutler,6
828,17662,Edith Evanson,Mrs. Crockett,7
828,14658,Frank Conroy,Mr. Harley,8
828,12283,Frances Bavier,Mrs. Barley,9
530915,146750,George MacKay,Lance Corporal Schofield,0
530915,1332971,Dean-Charles Chapman,Lance Corporal Blake,1
530915,2983,Mark Strong,Captain Smith,2
530915,125660,Andrew Scott,Lieutenant Leslie,3
530915,512991,Richard Madden,Lieutenant Blake,4
530915,2385743,Claire Duburcq,Lauri,5
530915,5472,Colin Firth,General Erinmore,6
530915,71580,Benedict Cumberbatch,Colonel MacKenzie,7
530915,1670,Daniel Mays,Sergeant Sanders,8
530915,40311,Adrian Scarborough,Major Hepburn,9
23168,880,Ben Affleck,Doug MacRay,0
23168,17604,Jeremy Renner,"James ""Jem"" Coughlin",1
23168,15556,Rebecca Hall,Claire Keesey,2
23168,65717,Jon Hamm,FBI S.A. Adam Frawley,3
23168,59175,Blake Lively,Krista Coughlin,4
23168,133067,George Carroll,"Albert ""Gloansy"" Magloan",5
23168,4935,Pete Postlethwaite,"Fergus ""Fergie"" Colm",6
23168,133068,Owen Burke,"Desmond ""Dez"" Elden",7
23168,39389,Titus Welliver,Dino Ciampa,8
23168,2955,Chris Cooper,Stephen MacRay,9
7551,5292,Denzel Washington,Doug Carlin,0
7551,52851,Paula Patton,Claire Kuchever,1
7551,5576,Val Kilmer,Paul Pryzwarra,2
7551,8767,Jim Caviezel,Carroll Oerstadt,3
7551,6163,Adam Goldberg,Denny,4
7551,20220,Elden Henson,Gunnars,5
7551,33655,Erika Alexander,Shanti,6
7551,21089,Bruce Greenwood,Jack McCready,7
7551,13525,Matt Craven,Larry Minuti,8
7551,16427,Enrique Castillo,Claire's Father,9
8856,2877,Ralph Macchio,Daniel,0
8856,23915,Pat Morita,Miyagi,1
8856,56123,Danny Kamekona,Sato,2
8856,29381,Nobu McCarthy,Yukie,3
8856,56120,Yuji Okumoto,Chozen,4
8856,3134,Tamlyn Tomita,Kumiko,5
8856,56121,Joey Miyashima,Toshio,6
8856,1080062,Arsenio Trinidad,Ichiro,7
8856,56122,Marc Hayashi,Taro,8
8856,56118,Charlie Tanimoto,Miyagi's Father,9
10096,9278,Jennifer Garner,Jenna Rink,0
10096,103,Mark Ruffalo,Matt Flamhaff,1
10096,20750,Judy Greer,Lucy Wyman,2
10096,1333,Andy Serkis,Richard Kneeland,3
10096,1907,Kathy Baker,Bev Rink,4
10096,58741,Phil Reeves,Wayne Rink,5
10096,21532,Sam Ball,Alex Carlson,6
10096,116691,Marcia DeBonis,Arlene,7
10096,63372,Christa B. Allen,Young Jenna,8
10096,63373,Sean Marquette,Young Matt,9
1367,16483,Sylvester Stallone,Robert 'Rocky' Balboa,0
1367,3094,Talia Shire,Adrianna 'Adrian' Balboa,1
1367,4521,Burt Young,Paulie Pennino,2
1367,1101,Carl Weathers,Apollo Creed,3
1367,16523,Burgess Meredith,Mickey Goldmill,4
1367,16504,Tony Burton,Tony 'Duke' Evers,5
1367,16525,Joe Spinell,Tony Gazzo,6
1367,16540,Leonard Gaines,Agent,7
1367,16541,Sylvia Meals,Mary Anne Creed,8
1367,1735,Frank McRae,Meat Foreman (uncredited),9
16859,68470,Minami Takayama,Kiki / Ursula (voice),0
16859,218144,Rei Sakuma,Jiji (voice),1
16859,68472,Kappei Yamaguchi,Tombo (voice),2
16859,57736,Keiko Toda,Osono (voice),3
16859,552598,Mieko Nobusawa,Kokiri (voice),4
16859,552599,Koichi Miura,Okino (voice),5
16859,40453,Haruko Katō,Old Lady (voice),6
16859,551769,Hiroko Seki,Bertha (voice),7
16859,1684,Yuriko Fuchizaki,Ketto (voice),8
16859,20664,Koichi Yamadera,Bakery Worker / Policeman (voice),9
9078,21877,Sebastian Cabot,The Narrator/Sir Ector (voice),0
9078,12158,Karl Swenson,Merlin (voice),1
9078,57313,Junius Matthews,Archimedes the Owl (voice),2
9078,71780,Martha Wentworth,Madam Mim / Old Lady Squirrel (voice),3
9078,7139,Norman Alden,Kay (voice),4
9078,159552,Rickie Sorensen,Wart (voice),5
9078,955923,Ginny Tyler,Little Girl Squirrel (voice),6
9078,6933,Alan Napier,Sir Pellinore (voice),7
9078,1287645,Richard Reitherman,Wart (voice),8
9078,1287646,Robert Reitherman,Wart (voice),9
9355,2461,Mel Gibson,Max Rockatansky,0
9355,1459,Tina Turner,Aunty Entity,1
9355,57424,Helen Buday,Savannah Nix,2
9355,27752,Bruce Spence,Jedediah the Pilot,3
9355,97985,Angelo Rossitto,Master,4
9355,1001970,Adam Cockburn,Jedediah Jr.,5
9355,10025,Frank Thring,The Collector,6
9355,952227,Paul Larsson,Blaster,7
9355,220829,Angry Anderson,Ironbar,8
9355,127135,Robert Grubb,Pig Killer,9
18129,5657,Anjelica Huston,Lilly Dillon,0
18129,3036,John Cusack,Roy Dillon,1
18129,516,Annette Bening,Myra Langtry,2
18129,109762,Jan Munroe,Guy in bar,3
18129,109763,Robert Weems,Racetrack Announcer,4
18129,537,Stephen Tobolowsky,Jeweler,5
18129,109764,Jimmy Noonan,Bartender,6
18129,109765,Richard Holden,Cop,7
18129,5732,Henry Jones,Sims,8
18129,19454,Michael Laskin,Irv,9
8065,38941,Jim Sturgess,Ben Campbell,0
8065,1979,Kevin Spacey,Micky Rosa,1
8065,7517,Kate Bosworth,Jill Taylor,2
8065,54247,Aaron Yoo,Choi,3
8065,51998,Liza Lapira,Kianna,4
8065,54414,Jacob Pitts,Fisher,5
8065,2975,Laurence Fishburne,Cole Williams,6
8065,10489,Jack McGee,Terry,7
8065,54415,Josh Gad,Miles,8
8065,54416,Sam Golzari,Cam,9
12477,72413,Tsutomu Tatsumi,Seita (voice),0
12477,72414,Ayano Shiraishi,Setsuko (voice),1
12477,72415,Yoshiko Shinohara,Mother (voice),2
12477,72416,Akemi Yamaguchi,Auntie (voice),3
12477,3773484,Masayo Sakai,Woman who takes care of Setsuko (voice),4
12477,3773478,Kozo Hashida,Obayashi Chairman (voice),5
12477,3773488,Kazumi Nozaki,Cousin (voice),6
12477,3773491,Yoshio Matsuoka,Gosaku (voice),7
12477,3773492,Masahiro Kanetake,Aunt's House Guest (voice),8
12477,3773494,Kiyoshi Yanagawa,Patrolman (voice),9
794,8487,Gregory Peck,Robert Thorn,0
794,855,Lee Remick,Katherine Thorn,1
794,2076,David Warner,Jennings,2
794,8226,Billie Whitelaw,Mrs. Baylock,3
794,11839,Harvey Stephens,Damien,4
794,11840,Patrick Troughton,Father Brennan,5
794,9912,Martin Benson,Father Spiletto,6
794,11841,Robert Rietti,Monk,7
794,11842,Tommy Duggan,Priest,8
794,11843,John Stride,The Psychiatrist,9
10054,57674,Alexa PenaVega,Carmen Cortez,0
10054,57675,Daryl Sabara,Juni Cortez,1
10054,3131,Antonio Banderas,Gregorio Cortez,2
10054,17832,Carla Gugino,Ingrid Cortez,3
10054,10697,Alan Cumming,Fegan Floop,4
10054,4252,Tony Shalhoub,Alexander Minion,5
10054,10742,Teri Hatcher,Ms. Gradenko,6
10054,418,Robert Patrick,Mr. Lisp,7
10054,46433,Dick Clark,Financier,8
10054,1461,George Clooney,Devlin,9
10162,2481,Ian Bannen,Jackie O'Shea,0
10162,1282,David Kelly,Michael O'Sullivan,1
10162,58068,Fionnula Flanagan,Annie O'Shea,2
10162,42571,Susan Lynch,Maggie O'Toole,3
10162,147054,Brendan Dempsey,Jim Kelly,4
10162,34715,James Nesbitt,Pig Finn,5
10162,1609635,Paul Vaughan,Narrator (voice),6
10162,1609636,Maura O'Malley,Mrs. Kennedy,7
10162,1609637,Robert Hickey,Maurice O'Toole,8
10162,58503,Paddy Ward,Brendy O'Toole,9
11886,70843,Brian Bedford,Robin Hood - A Fox (voice),0
11886,57329,Phil Harris,Little John - A Bear (voice),1
11886,14966,Andy Devine,Friar Tuck - A Badger (voice),2
11886,143770,Monica Evans,Maid Marian - A Vixen (voice),3
11886,14501,Peter Ustinov,Prince John - A Lion / King Richard (voice),4
11886,29427,Terry-Thomas,Sir Hiss - A Snake (voice),5
11886,21460,Pat Buttram,The Sheriff Of Nottingham - A Wolf (voice),6
11886,58770,Carole Shelley,Lady Kluck - A Chicken (voice),7
11886,134439,Roger Miller,Allan-a-Dale - The Rooster (voice),8
11886,30554,Ken Curtis,Nutsy - A Vulture (voice),9
10314,33260,Freddie Prinze Jr.,Zach Siler,0
10314,38581,Rachael Leigh Cook,Laney Boggs,1
10314,8167,Paul Walker,Dean Sampson,2
10314,58006,Jodi Lyn O'Keefe,Taylor Vaughan,3
10314,7166,Kevin Pollak,Wayne Boggs,4
10314,10690,Anna Paquin,Mackenzie Siler,5
10314,18793,Kieran Culkin,Simon Boggs,6
10314,20220,Elden Henson,Jesse Jackson,7
10314,26457,Matthew Lillard,Brock Hudson,8
10314,57108,Usher,Campus D.J.,9
10874,13472,Tim Curry,Long John Silver,0
10874,19996,Kevin Bishop,Jim Hawkins,1
10874,9188,Billy Connolly,Billy Bones,2
10874,12094,Jennifer Saunders,Mrs. Bluveridge,3
10874,64181,Dave Goelz,The Great Gonzo / Dr. Bunsen Honeydew / Waldorf / Mudwell the Mudbunny / Zoot (voice),4
10874,64180,Steve Whitmire,Kermit the Frog / Rizzo the Rat / Beaker (voice),5
10874,7908,Frank Oz,Miss Piggy / Fozzie Bear / Sam the Eagle / Animal (voice),6
10874,77156,Kevin Clash,Bad Polly / Black Dog / Spa'am / Chicken / Miss Piggy (assistant) / Fozzie Bear (assistant) / Sam the Eagle (assistant) / Animal (assistant) / Walleyed Pike / Monkey / Pirate / Real Old Tom (voice),7
10874,64182,Bill Barretta,Clueless Morgan / Swedish Chef / Blind Pew (hands) / Pirate / Pig / Skulls (voice),8
10874,68455,Jerry Nelson,Statler / Blind Pew / Mad Monty / Floyd Pepper / Lew Zealand / Tomato / Pirate / Skulls / Trelawney's Butler / Screaming Cat (voice),9
11257,1283,Helena Bonham Carter,Lucy Honeychurch,0
11257,6104,Julian Sands,George Emerson,1
11257,10978,Maggie Smith,Charlotte Bartlett,2
11257,656,Denholm Elliott,Mr. Emerson,3
11257,11856,Daniel Day-Lewis,Cecil Vyse,4
11257,4001,Simon Callow,The Reverend Mr. Beebe,5
11257,96408,Rosemary Leach,Mrs. Honeychurch,6
11257,11278,Rupert Graves,Freddy Honeychurch,7
11257,3568,Patrick Godfrey,The Reverend Mr. Eager,8
11257,5309,Judi Dench,Eleanor Lavish,9
584,8167,Paul Walker,Brian O'Conner,0
584,8169,Tyrese Gibson,Roman Pearce,1
584,8170,Eva Mendes,Monica Fuentes,2
584,6614,Cole Hauser,Carter Verone,3
584,8171,Ludacris,Tej Parker,4
584,1736,James Remar,Agent Markham,5
584,8175,Thom Barry,Agent Bilkins,6
584,8177,Michael Ealy,Slap Jack,7
584,534,Mark Boone Junior,Detective Whitworth,8
584,6278,Devon Aoki,Suki,9
9267,10722,Graham Chapman,Brother / Policeman / Defence attorney / British pedestrian / Mr. Harrison (Apricot) / The Colonel / 'Hell's Grannies' policeman / Jimmy Blankensop / Sir Edward Ross / Restaurant patron #1 / Letter Writer / Oliver St. John Mollusk / Mountie / Town Guild Lady,0
9267,8930,John Cleese,Announcer / Hungarian Citizen / self - Defence Teacher / Sir George Head / Policeman / Interviewer / Mr. Praline / Second General / Christopher Columbus / Mungo the Cook / Bank Robber / Accountant #2 (falling past the window) / Vocational Guidance Counselor / Vivian Smith Smythe Smith / Mountie / Town Guild Lady,1
9267,280,Terry Gilliam,Self-Defence Nun / Flasher / Uncle Sam / Caterpillar Man / Sign Holder / Conrad Poohs,2
9267,10713,Eric Idle,Prosecutor / Marriage Counselor / Arthur Nudge / Self-defence student #4 (interested in pointed sticks) / 'Hell's Grannies' analyst / Arthur Wilson / Arthur Wilson Two / Nightclub Emcee / Linkman / First General / Restaurant Manager / Lingerie Shop Owner / Accountant #1 (falling past the window) / Fairy Godmother / Rita Fairbanks / Simon Zinc Trumpet Harris / Mountie / Lady With Cookbook,3
9267,10707,Terry Jones,Stage Manager / Tobacconist / 2nd Hungarian Man / Squire / Self-defence student #3 / Tenant #1 / Flasher / Mouse Organist Ken Ewing / Fat Soldier / Waiter / Nude Organist / Brian / Nigel Incubator Jones,4
9267,383,Michael Palin,Gumby / Man with tape recorder / Phrasebook Author / Arthur Pewtey / Second self - defence student / Second Tenant / Lost His Wallet / Shrill Petrol Announcer / Milkman / Ernest Scribbler / Pet shop employee / Lumberjack / Headwaiter Gilberto / Herbert Anchovy / Blackmail Presenter / Gervais Brookhamster / Town Guild Lady,5
9267,10733,Carol Cleveland,Dierdre Pewtey / Storyteller / Milkman Collector / Restaurant Patron #2 / Elsbeth,6
9267,149979,Connie Booth,Best Girl,7
9267,1217949,Lesley Judd,Distraught Mother,8
10303,3392,Michael Douglas,Jack T. Colton,0
10303,3391,Kathleen Turner,Joan Wilder,1
10303,518,Danny DeVito,Ralph,2
10303,6783,Spiros Focás,Omar,3
10303,943150,Avner Eisenberg,Jewel,4
10303,1076195,Paul David Magid,Tarak,5
10303,1076196,Howard Jay Patterson,Barak,6
10303,1076197,Randall Edwin Nelson,Karak,7
10303,1076198,Samuel Ross Williams,Arak,8
10303,1076199,Timothy Daniel Furst,Sarak,9
6978,6856,Kurt Russell,Jack Burton,0
6978,2109,Kim Cattrall,Gracie Law,1
6978,11392,Dennis Dun,Wang Chi,2
6978,20904,James Hong,David Lo Pan,3
6978,11395,Victor Wong,Egg Shen,4
6978,20879,Kate Burton,Margo,5
6978,168246,Donald Li,Eddie Lee,6
6978,238896,Carter Huang Chia-Ta,Thunder,7
6978,97695,Peter Kwong,Rain,8
6978,53024,James Pax,Lightning,9
285923,6856,Kurt Russell,"Stuntman Mike (segment ""Death Proof"")",0
285923,16850,Rose McGowan,"Pam (segment ""Death Proof"") / Cherry (segment ""Planet Terror"")",1
285923,20494,Zoë Bell,"Herself (segment ""Death Proof"")",2
285923,6862,Freddy Rodríguez,"Wray (segment ""Planet Terror"")",3
285923,5916,Rosario Dawson,"Abernathy (segment ""Death Proof"")",4
285923,6407,Marley Shelton,"Dr. Dakota Block (McGraw) (segment ""Death Proof"") / Dakota (segment ""Planet Terror"")",5
285923,20491,Vanessa Ferlito,"Butterfly (segment ""Death Proof"")",6
285923,16851,Josh Brolin,"Block (segment ""Planet Terror"")",7
285923,20493,Sydney Tamiia Poitier,"Jungle Julia (segment ""Death Proof"")",8
285923,20495,Jeff Fahey,"JT (segment ""Planet Terror"")",9
9619,517,Pierce Brosnan,Harry Dalton,0
9619,2713,Linda Hamilton,Rachel Wando,1
9619,14722,Arabella Field,Nancy,2
9619,58727,Jamie Renée Smith,Lauren Wando,3
9619,108939,Jeremy Foley,Graham Wando,4
9619,1219410,Elizabeth Hoffman,Ruth,5
9619,15414,Charles Hallahan,Paul Dreyfus,6
9619,31511,Grant Heslov,Greg,7
9619,1219650,Kirk Trutner,Terry Furlong,8
9619,21629,Tzi Ma,Stan,9
40807,24045,Joseph Gordon-Levitt,Adam Lerner,0
40807,19274,Seth Rogen,Kyle Hirons,1
40807,84223,Anna Kendrick,Katherine McKay,2
40807,18997,Bryce Dallas Howard,Rachael,3
40807,5657,Anjelica Huston,Diane Lerner,4
40807,41746,Serge Houde,Richard Lerner,5
40807,4492,Philip Baker Hall,Alan,6
40807,40009,Matt Frewer,Mitch,7
40807,41436,Andrew Airlie,Dr. Ross,8
40807,89551,Peter Kelamis,Phil,9
1391,16971,Maribel Verdú,Luisa Cortés,0
1391,258,Gael García Bernal,Julio Zapata,1
1391,8688,Diego Luna,Tenoch Iturbide,2
1391,1603,Daniel Giménez Cacho,Narrator (voice),3
1391,224320,Diana Bracho,Silvia Allende de Iturbide,4
1391,7375,Verónica Langer,María Eugenia Calles de Huerta,5
1391,229615,María Aura,Cecilia Huerta,6
1391,263,Emilio Echevarría,Miguel Iturbide,7
1391,139590,Marta Aura,Enriqueta 'Queta' Allende,8
1391,105843,Silverio Palacios,Jesús 'Chuy' Carranza,9
169,2047,Danny Glover,Lieutenant Mike Harrigan,0
169,2048,Gary Busey,Peter Keyes,1
169,2049,Rubén Blades,Danny Archuleta,2
169,2051,María Conchita Alonso,Leona Cantrell,3
169,2053,Bill Paxton,Jerry Lambert,4
169,2055,Robert Davi,Captain Phil Heinemann,5
169,2059,Adam Baldwin,Garber,6
169,1109,Kevin Peter Hall,The Predator,7
169,2062,Kent McCord,Captain B. Pilgrim,8
169,2064,"Morton Downey, Jr.",Tony Pope,9
11359,69301,Hal Scardino,Omri,0
11359,69302,Litefoot,Little Bear,1
11359,32225,Lindsay Crouse,Jane,2
11359,28633,Richard Jenkins,Victor,3
11359,1318612,Rishi Bhat,Patrick,4
11359,4581,Steve Coogan,Tommy,5
11359,18181,David Keith,Boone,6
11359,34200,Sakina Jaffrey,Lucy,7
11359,52646,Vincent Kartheiser,Gillon,8
11359,14331,Nestor Serrano,Teacher,9
9880,1813,Anne Hathaway,Mia Thermopolis,0
9880,5823,Julie Andrews,Queen Clarisse Renaldi,1
9880,33656,Heather Matarazzo,Lilly Moscovitz,2
9880,6692,Caroline Goodall,Helen Thermopolis,3
9880,1210,Héctor Elizondo,Joe,4
9880,17242,Robert Schwartzman,Michael Moscovitz,5
9880,12901,Erik von Detten,Josh Bryant,6
9880,115730,Patrick John Flueger,Jeremiah Hart,7
9880,25540,Sandra Oh,Vice Principal Gupta,8
9880,16855,Mandy Moore,Lana Thomas,9
1588,205,Kirsten Dunst,Torrance Shipman,0
1588,13446,Eliza Dushku,Missy Pantone,1
1588,17772,Jesse Bradford,Cliff Pantone,2
1588,17773,Gabrielle Union,Isis,3
1588,1225571,Sherry Hursey,Christine Shipman,4
1588,1578,Holmes Osborne,Bruce Shipman,5
1588,17774,Clare Kramer,Courtney,6
1588,17775,Nicole Bilderback,Whitney,7
1588,168014,Tsianina Joelson,Darcy,8
1588,1155676,Shamari DeVoe,Lava,9
9276,2299,Josh Hartnett,Zeke,0
9276,109,Elijah Wood,Casey,1
9276,22123,Jordana Brewster,Delilah,2
9276,20387,Clea DuVall,Stokely,3
9276,52647,Shawn Hatosy,Stan,4
9276,25872,Laura Harris,Marybeth,5
9276,418,Robert Patrick,Coach Willis,6
9276,10739,Bebe Neuwirth,Principal Drake,7
9276,10696,Famke Janssen,Miss Burke,8
9276,6721,Piper Laurie,Mrs. Olson,9
38050,1892,Matt Damon,David Norris,0
38050,5081,Emily Blunt,Elise Sellas,1
38050,21134,John Slattery,Richardson,2
38050,53650,Anthony Mackie,Harry Mitchell,3
38050,50217,Michael Kelly,Charlie Traynor,4
38050,28641,Terence Stamp,Thompson,5
38050,83222,Shane McRae,"Adrian Troussant, Elise's Fiancé",6
38050,1124488,Lisa Thoreson,Suburban Mom,7
38050,1124489,Florence Kastriner,Suburban Mom,8
38050,1232567,Natalie Carter,Suburban Neighbor,9
13820,2880,Emilio Estevez,Otto Maddox,0
13820,5048,Harry Dean Stanton,Bud,1
13820,3801,Tracey Walter,Miller,2
13820,65554,Olivia Barash,Leila,3
13820,58623,Sy Richardson,Lite,4
13820,104059,Susan Barnes,Agent Rogersz,5
13820,97701,Fox Harris,J. Frank Parnell,6
13820,154713,Tom Finnegan,Oly,7
13820,100062,Del Zamora,Lagarto,8
13820,88031,Eddie Velez,Napo,9
11527,31431,Nigel Terry,King Arthur,0
11527,51812,Nicol Williamson,Merlin,1
11527,15735,Helen Mirren,Morgana,2
11527,31196,Nicholas Clay,Lancelot,3
11527,69735,Paul Geoffrey,Perceval,4
11527,20768,Cherie Lunghi,Guenevere,5
11527,78525,Robert Addie,Mordred,6
11527,5168,Gabriel Byrne,Uther,7
11527,104757,Keith Buckley,Uryens,8
11527,38402,Katrine Boorman,Igrayne,9
10779,521,Michael J. Fox,Frank Bannister,0
10779,17187,Trini Alvarado,Lucy Lynskey,1
10779,37822,Peter Dobson,Ray Lynskey,2
10779,41230,John Astin,The Judge,3
10779,27993,Jeffrey Combs,Milton Dammers,4
10779,62001,Dee Wallace,Patricia Bradley,5
10779,28410,Jake Busey,Johnny Bartlett,6
10779,8687,Chi McBride,Cyrus,7
10779,101776,Jim Fyfe,Stuart,8
10779,31006,Troy Evans,Sheriff Perry,9
333371,1230,John Goodman,Howard,0
333371,17628,Mary Elizabeth Winstead,Michelle,1
333371,17487,John Gallagher Jr.,Emmett,2
333371,60881,Douglas M. Griffin,Driver,3
333371,8269,Suzanne Cryer,Woman,4
333371,51329,Bradley Cooper,Ben (voice),5
333371,66655,Sumalee Montano,Voice on Radio (voice),6
333371,2204366,Frank Mottek,Radio Broadcaster (voice),7
910,4110,Humphrey Bogart,Philip Marlowe,0
910,7570,Lauren Bacall,Vivian Sternwood Rutledge,1
910,2673,John Ridgely,Eddie Mars,2
910,13975,Martha Vickers,Carmen Sternwood,3
910,13979,Louis Jean Heydt,Joe Brody,4
910,13976,Charles Waldron,General Sternwood,5
910,22093,Regis Toomey,Chief Inspector Bernie Ohls,6
910,130377,Sonia Darrin,Agnes Lowzier (uncredited),7
910,3339,Elisha Cook Jr.,Harry Jones,8
910,88649,Bob Steele,Lash Canino,9
221,2749,James Dean,Jim Stark,0
221,2769,Natalie Wood,Judy,1
221,2770,Sal Mineo,John 'Plato' Crawford,2
221,2771,Jim Backus,Frank Stark,3
221,2772,Ann Doran,Carol Stark,4
221,2775,Corey Allen,Buzz Gunderson,5
221,2776,William Hopper,Judy's Father,6
221,2777,Rochelle Hudson,Judy's Mother,7
221,2778,Dennis Hopper,Goon,8
221,2646,Edward Platt,Ray Fremick,9
9454,69597,Drew Barrymore,Danielle de Barbarac,0
9454,5657,Anjelica Huston,Baroness Rodmilla de Ghent,1
9454,15336,Dougray Scott,Prince Henry,2
9454,3568,Patrick Godfrey,Leonardo da Vinci,3
9454,17198,Megan Dodds,Marguerite de Ghent,4
9454,15091,Melanie Lynskey,Jacqueline de Ghent,5
9454,35257,Timothy West,King Francis,6
9454,33448,Judy Parfitt,Queen Marie,7
9454,229672,Lee Ingleby,Gustave,8
9454,1439728,Kate Lansbury,Paulette,9
490,6649,Gunnar Björnstrand,Jöns,0
490,6656,Bengt Ekerot,Death,1
490,6658,Nils Poppe,Jof,2
490,2201,Max von Sydow,Antonius Block,3
490,6657,Bibi Andersson,Mia,4
490,6659,Inga Gill,Lisa,5
490,6660,Maud Hansson,Witch,6
490,6661,Inga Landgré,Karin,7
490,6662,Gunnel Lindblom,Mute Girl,8
490,6663,Bertil Anderberg,Raval,9
860,4756,Matthew Broderick,David Lightman,0
860,12850,Dabney Coleman,McKittrick,1
860,8937,John Wood,Stephen Falken,2
860,12851,Ally Sheedy,Jennifer,3
860,12852,Barry Corbin,General Beringer,4
860,12853,Juanin Clay,Pat Healy,5
860,12854,Kent Williams,Cabot,6
860,12855,Dennis Lipscomb,Watson,7
860,12856,Joe Dorsey,Conley,8
860,12857,Irving Metzman,Richter,9
18240,18277,Sandra Bullock,Margaret Tate,0
18240,10859,Ryan Reynolds,Andrew Paxton,1
18240,50463,Malin Akerman,Gertrude,2
18240,8977,Craig T. Nelson,Joe Paxton,3
18240,2453,Mary Steenburgen,Grace Paxton,4
18240,71727,Betty White,Grandma Annie,5
18240,81681,Denis O'Hare,Mr. Gilbertson,6
18240,76094,Oscar Nuñez,Ramone,7
18240,20644,Aasif Mandvi,Bob Spaulding,8
18240,8699,Michael Nouri,Chairman Bergen,9
181808,2,Mark Hamill,Luke Skywalker / Dobbu Scay (voice),0
181808,4,Carrie Fisher,Leia Organa,1
181808,1023139,Adam Driver,Kylo Ren,2
181808,1315036,Daisy Ridley,Rey,3
181808,236695,John Boyega,Finn,4
181808,25072,Oscar Isaac,Poe Dameron,5
181808,1333,Andy Serkis,Snoke,6
181808,1267329,Lupita Nyong'o,Maz Kanata,7
181808,93210,Domhnall Gleeson,General Hux,8
181808,6,Anthony Daniels,C-3PO,9
9303,11150,Gina Gershon,Corky,0
9303,7906,Jennifer Tilly,Violet,1
9303,532,Joe Pantoliano,Caesar,2
9303,15213,John P. Ryan,Mickey Malnato,3
9303,22227,Christopher Meloni,Johnnie Marzzone,4
9303,21544,Richard C. Sarafian,Gino Marzzone,5
9303,152345,Barry Kivel,Shelly,6
9303,96554,Mary Mara,Bartender,7
9303,1429026,Susie Bright,Jesse,8
9303,1218682,Margaret Smith,Woman Cop,9
9101,7090,Kelsey Grammer,Lt. Commander Tom Dodge,0
9101,34485,Lauren Holly,Lt. Emily Lake,1
9101,60949,Rob Schneider,Lt. Marty Pascal,2
9101,5048,Harry Dean Stanton,Lt. Howard,3
9101,6905,Bruce Dern,Rear Admiral Yancy Graham,4
9101,3905,William H. Macy,Captain Knox,5
9101,9626,Rip Torn,Admiral Winslow,6
9101,236327,Ken Hudson Campbell,Seaman Buckman,7
9101,18271,Toby Huss,Seaman Nitro,8
9101,84077,Duane Martin,Planesman 1st Class Jefferson 'R.J.' Jackson,9
1946,10431,Jennifer Jason Leigh,Allegra Geller,0
1946,9642,Jude Law,Ted Pikul,1
1946,65,Ian Holm,Kiri Vinokur,2
1946,5293,Willem Dafoe,Gas,3
1946,20173,Don McKellar,Yevgeny Nourish,4
1946,540,Callum Keith Rennie,Hugo Carlaw,5
1946,2040,Christopher Eccleston,Seminar Leader,6
1946,98,Sarah Polley,Merle,7
1946,20175,Robert A. Silverman,D'Arcy Nader,8
1946,20176,Kris Lemche,Noel Dichter,9
7450,1892,Matt Damon,Cale (voice),0
7450,8984,Bill Pullman,Korso (voice),1
7450,69597,Drew Barrymore,Akima (voice),2
7450,5723,John Leguizamo,Gune (voice),3
7450,78729,Nathan Lane,Preed (voice),4
7450,21197,Janeane Garofalo,Stith (voice),5
7450,57690,Jim Breuer,The Cook (voice),6
7450,236327,Ken Hudson Campbell,Po (voice),7
7450,3815128,Thomas A. Chantler,Male Announcer (voice),8
7450,10075,Tsai Chin,Old Woman (voice),9
37686,518627,Joel Courtney,Joe Lamb,0
37686,18050,Elle Fanning,Alice Dainard,1
37686,518628,Riley Griffiths,Charles Kaznyk,2
37686,3497,Kyle Chandler,Jackson Lamb,3
37686,11315,Noah Emmerich,Nelec,4
37686,113926,AJ Michalka,Jen Kaznyk,5
37686,456066,Ryan Lee,Cary McCarthy,6
37686,12260,Ron Eldard,Louis Dainard,7
37686,222122,Gabriel Basso,Martin Read,8
37686,21089,Bruce Greenwood,Cooper,9
9471,6941,Cameron Diaz,Natalie Cook,0
9471,69597,Drew Barrymore,Dylan Sanders,1
9471,140,Lucy Liu,Alex Munday,2
9471,3416,Demi Moore,Madison Lee,3
9471,1897,Bernie Mac,Jimmy Bosley,4
9471,15009,Justin Theroux,Seamus O'Grady,5
9471,418,Robert Patrick,Ray Carter,6
9471,1064,Crispin Glover,Thin Man,7
9471,10959,Shia LaBeouf,Max Petroni,8
9471,36422,Luke Wilson,Pete Kominsky,9
62211,7904,Billy Crystal,Mike (voice),0
62211,1230,John Goodman,Sullivan (voice),1
62211,884,Steve Buscemi,Randy (voice),2
62211,15735,Helen Mirren,Dean Hardscrabble (voice),3
62211,21198,Peter Sohn,Squishy (voice),4
62211,155649,Joel Murray,Don (voice),5
62211,52601,Sean Hayes,Terri (voice),6
62211,21290,Dave Foley,Terry (voice),7
62211,95101,Charlie Day,Art (voice),8
62211,658,Alfred Molina,Professor Knight (voice),9
996,4091,Fred MacMurray,Walter Neff,0
996,14974,Barbara Stanwyck,Phyllis Dietrichson,1
996,13566,Edward G. Robinson,Barton Keyes,2
996,14975,Porter Hall,Mr. Jackson,3
996,14977,Jean Heather,Lola Dietrichson,4
996,14978,Tom Powers,Mr. Dietrichson,5
996,109844,Byron Barr,Nino Zachetti,6
996,14976,Richard Gaines,Edward S. Norton Jr.,7
996,14979,Fortunio Bonanova,Sam Garlopis,8
996,14980,John Philliber,Joe Pete,9
12133,23659,Will Ferrell,Brennan Huff,0
12133,4764,John C. Reilly,Dale Doback,1
12133,28633,Richard Jenkins,Dr. Robert Doback,2
12133,2453,Mary Steenburgen,Nancy Huff,3
12133,36801,Adam Scott,Derek Huff,4
12133,17696,Kathryn Hahn,Alice,5
12133,71402,Andrea Savage,Denise,6
12133,71403,Rob Riggle,Randy,7
12133,964809,Lurie Poston,Tommy,8
12133,1948767,Elizabeth Yozamp,Tiffany,9
3083,854,James Stewart,Jefferson Smith,0
3083,30210,Jean Arthur,Clarissa Saunders,1
3083,4113,Claude Rains,Joseph Paine,2
3083,30211,Edward Arnold,Jim Taylor,3
3083,30002,Guy Kibbee,Governor Hopper,4
3083,3383,Thomas Mitchell,Diz Moore,5
3083,8728,Eugene Pallette,Chick McGann,6
3083,17755,Beulah Bondi,Ma Smith,7
3083,33278,H.B. Warner,Senate Majority Leader,8
3083,30212,Harry Carey,President of the Senate,9
190859,51329,Bradley Cooper,Chris Kyle,0
190859,23459,Sienna Miller,Taya Renae Kyle,1
190859,59219,Kyle Gallner,Goat-Winston,2
190859,1530518,Cole Konis,Young Chris Kyle,3
190859,163139,Ben Reed,Wayne Kyle,4
190859,169334,Elise Robertson,Debbie Kyle,5
190859,39213,Keir O'Donnell,Jeff Kyle,6
190859,1530524,Luke Sunshine,Young Jeff Kyle,7
190859,1502954,Kevin Lacz,Dauber,8
190859,549063,Troy Vincent,Pastor,9
845,12497,Farley Granger,Guy Haines,0
845,12498,Ruth Roman,Anne Morton,1
845,12499,Robert Walker,Bruno Antony,2
845,2642,Leo G. Carroll,Senator Morton,3
845,12500,Patricia Hitchcock,Barbara Morton,4
845,12505,Kasey Rogers,Miriam Haines,5
845,12501,Marion Lorne,Mrs. Antony,6
845,12502,Jonathan Hale,Mr. Antony,7
845,5792,Howard St. John,Captain Turley,8
845,12503,John Brown,Prof. Collins,9
11446,33656,Heather Matarazzo,Dawn Wiener,0
11446,2839,Brendan Sexton III,Brandon McCarthy,1
11446,11867,Eric Mabius,Steve Rodgers,2
11446,80541,Matthew Faber,Mark Wiener,3
11446,974425,Daria Kalinina,Missy Wiener,4
11446,80542,Angela Pietropinto,Mrs. Weiner,5
11446,76764,Bill Buell,Mr. Wiener,6
11446,163671,Will Lyman,Mr. Edwards,7
11446,171672,Rica Martens,Mrs. Grissom,8
11446,171300,Stacey Moseley,Mary Ellen Moriarty,9
950,15757,Ray Romano,Manny (voice),0
950,5723,John Leguizamo,Sid (voice),1
950,5724,Denis Leary,Diego (voice),2
950,15758,Queen Latifah,Ellie (voice),3
950,57599,Seann William Scott,Crash (voice),4
950,15760,Josh Peck,Eddie (voice),5
950,14991,Jay Leno,Fast Tony (voice),6
950,21200,Will Arnett,Lone Gunslinger Vulture (voice),7
950,5713,Chris Wedge,Scrat (voice),8
950,5717,Peter Ackerman,Dung Beetle Dad (voice),9
3065,30020,Michael J. Nelson,Mike Nelson,0
3065,30019,Trace Beaulieu,Crow T. Robot (voice) / Dr. Clayton Forrester,1
3065,30022,Kevin Murphy,Tom Servo (voice),2
3065,30021,Jim Mallon,Gypsy (voice),3
3065,30023,John Brady,Benkitnorf,4
3065,12353,Rex Reason,Dr. Cal Meacham (archive footage),5
3065,85740,Faith Domergue,Dr. Ruth Adams (archive footage),6
3065,12351,Jeff Morrow,Exeter (archive footage),7
3065,12354,Lance Fuller,Brack (archive footage),8
3065,12357,Robert Nichols,Joe Wilson (archive footage),9
1272,2037,Cillian Murphy,Capa,0
1272,9827,Rose Byrne,Cassie,1
1272,16828,Chris Evans,Mace,2
1272,1620,Michelle Yeoh,Corazon,3
1272,7248,Cliff Curtis,Searle,4
1272,9195,Hiroyuki Sanada,Kaneda,5
1272,31711,Troy Garity,Harvey,6
1272,30082,Benedict Wong,Trey,7
1272,2983,Mark Strong,Pinbacker,8
1272,24618,Paloma Baeza,Capa's Sister,9
13595,18269,Brendan Fraser,Chester 'Chazz' Darvey,0
13595,884,Steve Buscemi,Rex,1
13595,19292,Adam Sandler,Pip,2
13595,3266,Joe Mantegna,Ian,3
13595,58198,Chris Farley,Officer Wilson,4
13595,21624,Judd Nelson,Jimmie Wing,5
13595,21412,Amy Locane,Kayla,6
13595,21731,Michael McKean,Milo Jackson,7
13595,15234,David Arquette,Carter,8
13595,42133,Nina Siemaszko,Suzzi,9
10535,7633,Leslie Nielsen,Dick Steele,0
10535,37045,Nicollette Sheridan,Veronique Ukrinsky,1
10535,1466,Charles Durning,The Director,2
10535,4726,Marcia Gay Harden,Miss Cheevus,3
10535,13473,Barry Bostwick,Norman Coleman,4
10535,65562,Andy Griffith,General Rancor,5
10535,159485,Stephanie Romanov,Victoria / Barbara Dahl,6
10535,10680,Talisa Soto,Desiree More,7
10535,8294,Robert Guillaume,Agent Steve Bishop,8
10535,42824,Carl Ciarfalio,Thug #1,9
2928,8891,John Travolta,Michael,0
2928,1533,Andie MacDowell,Dorothy Winters,1
2928,227,William Hurt,Frank Quinlan,2
2928,382,Bob Hoskins,Vartan Malt,3
2928,7866,Robert Pastorelli,Huey Driscoll,4
2928,28933,Jean Stapleton,Pansy Milbank,5
2928,8437,Teri Garr,Judge Esther Newberg,6
2928,17421,Wallace Langham,Bruce Craddock,7
2928,16484,Joey Lauren Adams,Anita,8
2928,17832,Carla Gugino,Bride,9
10137,521,Michael J. Fox,Stuart Little (voice),0
10137,16935,Geena Davis,Mrs. Little,1
10137,41419,Hugh Laurie,Mr. Little,2
10137,67778,Jonathan Lipnicki,George Little,3
10137,78729,Nathan Lane,Snowbell (voice),4
10137,9046,Chazz Palminteri,Smokey (voice),5
10137,18324,Steve Zahn,Monty (voice),6
10137,1219157,Jim Doughan,Lucky (voice) / Officer Allen,7
10137,58563,David Alan Grier,Red (voice),8
10137,9257,Bruno Kirby,Mr. Stout (voice),9
11368,20211,John Getz,Ray,0
11368,3910,Frances McDormand,Abby,1
11368,6486,Dan Hedaya,Julian Marty,2
11368,3017,Samm-Art Williams,Meurice,3
11368,588,M. Emmet Walsh,Private Detective,4
11368,565188,Deborah Neumann,Debra,5
11368,54764,Raquel Gavia,Landlady,6
11368,565189,Van Brooks,Man from Lubbock,7
11368,565190,Señor Marco,Mr. Garcia,8
11368,565191,William Creamer,Old Cracker,9
5683,5129,Paul Reubens,Pee-wee Herman,0
5683,15274,E. G. Daily,Dottie,1
5683,44818,Mark Holton,Francis,2
5683,5131,Diane Salinger,Simone,3
5683,44819,Judd Omen,Mickey,4
5683,44820,Irving Hellman,Mr. Crowtrey,5
5683,44823,Monte Landis,Mario,6
5683,101298,Damon Martin,Chip,7
5683,165041,Alice Nunn,Large Marge,8
5683,21390,David C. Glasser,BMX Kid,9
59,110,Viggo Mortensen,Tom Stall / Joey Cusack,0
59,49,Maria Bello,Edie Stall,1
59,228,Ed Harris,Carl Fogarty,2
59,227,William Hurt,Richie Cusack,3
59,225,Ashton Holmes,Jack Stall,4
59,229,Peter MacNeill,Sheriff Sam Carney,5
59,230,Stephen McHattie,Leland,6
59,231,Greg Bryk,Billy,7
59,232,Kyle Schmid,Bobby,8
59,233,Sumela Kay,Judy Danvers,9
10525,7904,Billy Crystal,Mickey Gordon,0
10525,26513,Debra Winger,Ellen Andrews Gordon,1
10525,3266,Joe Mantegna,Andy,2
10525,65528,Cynthia Stevenson,Liz,3
10525,15416,Richard Masur,Craig,4
10525,199,Julie Kavner,Lucy,5
10525,34691,John Spencer,Jack,6
10525,1028072,Mary Ann Hermansen,Knicks City Dancer,7
10525,1312327,Bill Laimbeer,Bill Laimbeer,8
10525,1214271,John Starks,John Starks,9
93456,4495,Steve Carell,Gru (voice),0
93456,41091,Kristen Wiig,Lucy (voice),1
93456,4589,Benjamin Bratt,Eduardo / El Macho (voice),2
93456,17743,Miranda Cosgrove,Margo (voice),3
93456,124750,Dana Gaier Ellis,Edith (voice),4
93456,122851,Elsie Fisher,Agnes (voice),5
93456,59919,Russell Brand,Dr. Nefario (voice),6
93456,83586,Ken Jeong,Floyd (voice),7
93456,4581,Steve Coogan,Silas (voice),8
93456,57412,Moisés Arias,Antonio (voice),9
16448,13524,Christopher Guest,Corky St. Clair,0
16448,26510,Eugene Levy,Dr. Allan Pearl,1
16448,20753,Fred Willard,Ron Albertson,2
16448,11514,Catherine O'Hara,Sheila Albertson,3
16448,75463,Michael Hitchcock,Steve Stark - Councilman,4
16448,1211,Larry Miller,Glenn Welsch - Mayor,5
16448,7489,Parker Posey,Libby Mae Brown,6
16448,12438,Bob Balaban,Lloyd Miller,7
16448,27530,Don Lake,Phil Burgess - Blaine Historian,8
16448,212,David Cross,UFO Expert,9
9357,2157,Robin Williams,"Seymour ""Sy"" Parrish",0
9357,935,Connie Nielsen,Nina Yorkin,1
9357,15424,Michael Vartan,Will Yorkin,2
9357,21163,Gary Cole,Bill Owens,3
9357,18662,Erin Daniels,Maya Burson,4
9357,9048,Clark Gregg,Paul Outerbridge,5
9357,12538,Nick Searcy,Repairman,6
9357,1172661,Dylan Smith,Jake Yorkin,7
9357,23628,Eriq La Salle,James Van Der Zee,8
9357,63469,Paul Kim Jr.,Yoshi Araki,9
10276,1532,Bill Murray,Bob Wiley,0
10276,3037,Richard Dreyfuss,Dr. Leo Marvin,1
10276,14415,Julie Hagerty,Fay Marvin,2
10276,13389,Charlie Korsmo,"Sigmund ""Siggy"" Marvin",3
10276,49824,Kathryn Erbe,Anna Marvin,4
10276,49835,Tom Aldredge,Mr. Guttman,5
10276,97267,Susan Willis,Mrs. Guttman,6
10276,9806,Roger Bowen,Phil,7
10276,164131,Fran Brill,Lily Marvin,8
10276,1469,Brian Reddy,"Carswell Fensterwald, M.D.",9
7485,13240,Mark Wahlberg,Bob Lee Swagger,0
7485,454,Michael Peña,Nick Memphis,1
7485,2047,Danny Glover,Colonel Isaac Johnson,2
7485,51072,Kate Mara,Sarah Fenn,3
7485,13550,Elias Koteas,Jack Payne,4
7485,25702,Rhona Mitra,Alourdes Galindo,5
7485,52702,Jonathan Walker,Louis Dobbler,6
7485,51036,Louis Ferreira,Howard Purnell,7
7485,1118,Rade Šerbedžija,Michael Sandor,8
7485,15455,Tate Donovan,Russ Turner,9
80,569,Ethan Hawke,Jesse,0
80,1146,Julie Delpy,Céline,1
80,649,Vernon Dobtcheff,Bookstore Manager,2
80,651,Louise Lemoine Torrès,Journalist #1,3
80,654,Rodolphe Pauly,Journalist #2,4
80,657,Mariane Plasteig,Waitress,5
80,3728,Diabolo,Philippe,6
80,3729,Denis Evrard,Boat Attendant,7
80,3730,Albert Delpy,Man at Grill,8
80,3731,Marie Pillet,Woman in Courtyard,9
624,8949,Peter Fonda,Wyatt,0
624,2778,Dennis Hopper,Billy,1
624,514,Jack Nicholson,George Hanson,2
624,8960,Antonio Mendoza,Jesus,3
624,8961,Phil Spector,Connection,4
624,1779781,Mac Mashourian,Bodyguard,5
624,98204,Warren Finnerty,Rancher,6
624,1779782,Tita Colorado,Rancher's Wife,7
624,8962,Luke Askew,Stranger on Highway,8
624,77485,Luana Anders,Lisa,9
10673,3392,Michael Douglas,Gordon Gekko,0
10673,6952,Charlie Sheen,Bud Fox,1
10673,8349,Martin Sheen,Carl Fox,2
10673,589,Daryl Hannah,Darien Taylor,3
10673,11885,John C. McGinley,Marvin,4
10673,11066,Hal Holbrook,Lou Mannheim,5
10673,586,Sean Young,Kate Gekko,6
10673,28641,Terence Stamp,Sir Larry Wildman,7
10673,13548,James Spader,Roger Barnes,8
10673,15100,Lauren Tom,Lady Broker,9
131634,72129,Jennifer Lawrence,Katniss Everdeen,0
131634,27972,Josh Hutcherson,Peeta Mellark,1
131634,96066,Liam Hemsworth,Gale Hawthorne,2
131634,57755,Woody Harrelson,Haymitch Abernathy,3
131634,9281,Elizabeth Banks,Effie Trinket,4
131634,1231,Julianne Moore,President Alma Coin,5
131634,1233,Philip Seymour Hoffman,Plutarch Heavensbee,6
131634,2954,Jeffrey Wright,Beetee Latier,7
131634,2283,Stanley Tucci,Caesar Flickerman,8
131634,55636,Donald Sutherland,President Coriolanus Snow,9
9647,1532,Bill Murray,Francis Cross,0
9647,650,Karen Allen,Claire Phillips,1
9647,24367,John Forsythe,Lew Hayward,2
9647,5589,John Glover,Bryce Cummings,3
9647,95024,Bobcat Goldthwait,Eliot Loudermilk,4
9647,10158,Robert Mitchum,Preston Rhinelander,5
9647,57116,David Johansen,Ghost of Christmas Past,6
9647,10556,Carol Kane,Ghost of Christmas Present,7
9647,1445671,Nicholas Phillips,Calvin Cooley,8
9647,6451,Michael J. Pollard,Herman,9
3063,10798,Groucho Marx,Rufus T. Firefly,0
3063,10800,Harpo Marx,Pinky,1
3063,10799,Chico Marx,Chicolini,2
3063,30014,Zeppo Marx,Bob Roland,3
3063,10804,Margaret Dumont,Gloria Teasdale,4
3063,30015,Raquel Torres,Vera Marcal,5
3063,4343,Louis Calhern,Ambassador Trentino,6
3063,30016,Edmund Breese,Zander,7
3063,4120,Leonid Kinskey,Sylvanian Agitator,8
3063,30017,Charles Middleton,Prosecutor,9
264644,60073,Brie Larson,Ma,0
264644,1277188,Jacob Tremblay,Jack,1
264644,11148,Joan Allen,Nancy,2
264644,144160,Sean Bridgers,Old Nick,3
264644,64712,Tom McCamus,Leo,4
264644,3905,William H. Macy,Robert,5
264644,59214,Cas Anvar,Dr. Mittal,6
264644,1232769,Amanda Brugel,Officer Parker,7
264644,19957,Wendy Crewson,Talk Show Hostess,8
264644,86237,Joe Pingue,Officer Grabowski,9
8592,6449,Warren Beatty,Dick Tracy,0
8592,1158,Al Pacino,Big Boy Caprice,1
8592,3125,Madonna,Breathless Mahoney,2
8592,4483,Dustin Hoffman,Mumbles,3
8592,3085,James Caan,Spaldoni,4
8592,13389,Charlie Korsmo,Kid,5
8592,21104,Glenne Headly,Tess Trueheart,6
8592,25503,Mandy Patinkin,88 Keys,7
8592,5950,Seymour Cassel,Sam Catchem,8
8592,1739,James Keane,Pat Patton,9
907,5004,Omar Sharif,Dr. Yuri Zhivago,0
907,1666,Julie Christie,Lara Antipova,1
907,400,Geraldine Chaplin,Tonya Gromeko,2
907,522,Rod Steiger,Viktor Komarovsky,3
907,12248,Alec Guinness,Gen. Yevgraf Zhivago,4
907,14011,Tom Courtenay,Pasha Antipov / Strelnikov,5
907,14012,Siobhán McKenna,Anna,6
907,12689,Ralph Richardson,Alexander Gromeko,7
907,47754,Rita Tushingham,The Girl,8
907,2265,Adrienne Corri,Amelia,9
3090,4110,Humphrey Bogart,Fred C. Dobbs,0
3090,19020,Walter Huston,Howard,1
3090,14517,Tim Holt,Bob Curtin,2
3090,30303,Bruce Bennett,James Cody,3
3090,14451,Barton MacLane,Pat McCormick,4
3090,30304,Alfonso Bedoya,Gold Hat,5
3090,30305,Arturo Soto Rangel,El Presidente,6
3090,30306,Manuel Dondé,El Jefe,7
3090,30307,José Torvay,Pablo,8
3090,9287,Robert Blake,Mexican Boy Selling Lottery Tickets (uncredited),9
173,2090,Kirk Douglas,Ned Land,0
173,2091,James Mason,Captain Nemo,1
173,2092,Paul Lukas,Prof. Pierre Arronax,2
173,2094,Peter Lorre,Conseil,3
173,2096,Robert J. Wilke,First Mate of the Nautilus,4
173,2097,Ted de Corsia,Capt. Farragut,5
173,2098,Carleton Young,John Howard,6
173,2099,J.M. Kerrigan,Billy,7
173,2101,Percy Helton,Coach Driver,8
173,1239950,Gloria Pall,Blonde Girlfriend (uncredited),9
8452,1100,Arnold Schwarzenegger,Adam Gibson,0
8452,4688,Michael Rapaport,Hank Morgan,1
8452,3417,Tony Goldwyn,Michael Drucker,2
8452,12132,Michael Rooker,Robert Marshall,3
8452,3087,Robert Duvall,Dr. Griffin Weir,4
8452,41819,Sarah Wynter,Talia Elsworth,5
8452,19957,Wendy Crewson,Natalie Gibson,6
8452,87073,Rodney Rowland,P. Wiley,7
8452,53256,Terry Crews,Vincent,8
8452,1218926,Colin Cunningham,Tripp,9
810,12073,Mike Myers,Shrek (voice),0
810,776,Eddie Murphy,Donkey (voice),1
810,6941,Cameron Diaz,Princess Fiona (voice),2
810,3131,Antonio Banderas,Puss in Boots (voice),3
810,5823,Julie Andrews,Queen Lillian (voice),4
810,8930,John Cleese,King Harold (voice),5
810,4757,Rupert Everett,Prince Charming (voice),6
810,10713,Eric Idle,Merlin (voice),7
810,12111,Justin Timberlake,Prince Artie (voice),8
810,89042,Susanne Blakeslee,Evil Queen (voice),9
26564,73033,Robert Crumb,Self,0
26564,95663,Aline Kominsky,Self,1
26564,1369235,Charles Crumb,Self,2
26564,1369236,Maxon Crumb,Self,3
26564,1250528,Robert Hughes,Self,4
26564,1885865,Martin Müller,Self,5
26564,4223940,Spain Rodriguez,Self,6
26564,5347613,Don Donahue,Self,7
26564,2154884,Dana Morgan,Self,8
26564,1836903,Trina Robbins,Self,9
4104,85,Johnny Depp,Sam,0
4104,31140,Mary Stuart Masterson,Juniper 'Joon' Pearl,1
4104,18992,Aidan Quinn,Benjamin 'Benny' Pearl,2
4104,1231,Julianne Moore,Ruthie,3
4104,17485,Oliver Platt,Eric,4
4104,30485,CCH Pounder,Dr. Garvey,5
4104,6486,Dan Hedaya,Thomas,6
4104,4887,Joe Grifasi,Mike,7
4104,3905,William H. Macy,Randy Burch,8
4104,157054,Liane Curtis,Claudia,9
11645,70131,Tatsuya Nakadai,Lord Hidetora Ichimonji,0
11645,70132,Akira Terao,Taro Takatora Ichimonji,1
11645,70133,Jinpachi Nezu,Jiro Masatora Ichimonji,2
11645,70134,Daisuke Ryū,Saburo Naotora Ichimonji,3
11645,72607,Mieko Harada,Lady Kaede,4
11645,237362,Yoshiko Miyazaki,Lady Sue,5
11645,149405,Mansai Nomura,Tsurumaru,6
11645,96637,Hisashi Igawa,Shuri Kurogane,7
11645,17538,Shinnosuke Ikehata,Kyoami,8
11645,19049,Masayuki Yui,Tango Hirayama,9
9470,57607,Stephen Chow,Sing,0
9470,119426,Yuen Qiu,Landlady,1
9470,57609,Yuen Wah,Landlord,2
9470,545277,Lam Tze-Chung,Sing's Sidekick,3
9470,83491,Bruce Leung Siu-Lung,The Beast,4
9470,83635,Huang Shengyi,Fong,5
9470,1173223,Danny Chan,Brother Sum,6
9470,1173216,Chiu Chi-Ling,Tailor,7
9470,78878,Xing Yu,Coolie,8
9470,3557920,Zhihua Dong,Donut,9
1371,16483,Sylvester Stallone,Robert 'Rocky' Balboa,0
1371,3094,Talia Shire,Adrianna 'Adrian' Balboa,1
1371,4521,Burt Young,Paulie Pennino,2
1371,1101,Carl Weathers,Apollo Creed,3
1371,16619,Mr. T,Clubber Lang,4
1371,16523,Burgess Meredith,Mickey Goldmill,5
1371,16504,Tony Burton,Tony 'Duke' Evers,6
1371,16620,Hulk Hogan,Thunderlips,7
1371,16621,Ina Fried,Robert 'Rocky' Balboa Jr.,8
1371,16528,Al Silvani,Al,9
1429,819,Edward Norton,Monty Brogan,0
1429,1233,Philip Seymour Hoffman,Jacob Elinsky,1
1429,12834,Barry Pepper,Frank Xavier Slaughtery,2
1429,5916,Rosario Dawson,Naturelle Riviera,3
1429,10690,Anna Paquin,Mary D'Annuzio,4
1429,1248,Brian Cox,James Brogan,5
1429,17490,Isiah Whitlock Jr.,Agent Flood,6
1429,27036,Tony Siragusa,Kostya Novotny,7
1429,27037,Levan Uchaneishvili,Uncle Nikolai,8
1429,80167,Tony Devon,Agent Allen,9
55721,41091,Kristen Wiig,Annie,0
55721,52792,Maya Rudolph,Lillian,1
55721,9827,Rose Byrne,Helen,2
55721,40477,Chris O'Dowd,Rhodes,3
55721,55536,Melissa McCarthy,Megan,4
55721,63234,Wendi McLendon-Covey,Rita,5
55721,475512,Ellie Kemper,Becca,6
55721,20362,Jill Clayburgh,Annie's Mom,7
55721,26209,Matt Lucas,Gil,8
55721,221581,Rebel Wilson,Brynn,9
11253,2372,Ron Perlman,Hellboy,0
11253,11826,Selma Blair,Liz Sherman,1
11253,17005,Doug Jones,Abe Sapien / Chamberlain / Angel of Death,2
11253,443770,John Alexander,Johann Krauss / Bethmoora Goblin,3
11253,52139,Seth MacFarlane,Johann Krauss (voice),4
11253,10843,Luke Goss,Prince Nuada,5
11253,221553,Anna Walton,Princess Nuala,6
11253,4175,Jeffrey Tambor,Tom Manning,7
11253,5049,John Hurt,Trevor Bruttenholm,8
11253,1050937,James Dodd,Johann Krauss,9
192,738,Sean Connery,William of Baskerville,0
192,2224,Christian Slater,Adso of Melk,1
192,2367,Helmut Qualtinger,Remigio da Varagine,2
192,2368,Elya Baskin,Severinus,3
192,2369,Michael Lonsdale,The Abbot,4
192,2370,Volker Prechtel,Malachia,5
192,2371,Feodor Chaliapin Jr.,Jorge de Burgos,6
192,21282,William Hickey,Ubertino da Casale,7
192,2377,Michael Habeck,Berengar,8
192,2376,Urs Althaus,Venantius,9
45317,13240,Mark Wahlberg,Micky Ward,0
45317,3894,Christian Bale,Dicky Eklund,1
45317,9273,Amy Adams,Charlene Fleming,2
45317,6832,Melissa Leo,Alice Ward,3
45317,1415263,Mickey O'Keefe,Mickey O'Keefe,4
45317,10489,Jack McGee,George Ward,5
45317,1371551,Melissa McMeekin,"""Little Alice"" Eklund",6
45317,999736,Bianca Hunter,"Cathy ""Pork"" Eklund",7
45317,999737,Erica McDermott,"Cindy ""Tar"" Eklund",8
45317,1722118,Jill Quigg,Donna Eklund Jaynes,9
447332,5081,Emily Blunt,Evelyn Abbott,0
447332,17697,John Krasinski,Lee Abbott,1
447332,1815539,Millicent Simmonds,Regan Abbott,2
447332,1590759,Noah Jupe,Marcus Abbott,3
447332,1924769,Cade Woodward,Beau Abbott,4
447332,169920,Leon Russom,Man in the Woods,5
447332,1496368,Rhoda Pell,Old Man's Dead Wife (uncredited),6
260513,8977,Craig T. Nelson,Bob Parr / Mr. Incredible (voice),0
260513,18686,Holly Hunter,Helen Parr / Elastigirl (voice),1
260513,59361,Sarah Vowell,Violet Parr (voice),2
260513,1852182,Huck Milner,Dashiell 'Dash' Parr (voice),3
260513,2229,Catherine Keener,Evelyn Deavor (voice),4
260513,59358,Eli Fucile,Jack-Jack Parr (voice),5
260513,59410,Bob Odenkirk,Winston Deavor (voice),6
260513,2231,Samuel L. Jackson,Lucius Best / Frozone (voice),7
260513,1075148,Michael Bird,Tony Rydinger (voice),8
260513,54830,Sophia Bush,Voyd (voice),9
290250,934,Russell Crowe,Jackson Healy,0
290250,30614,Ryan Gosling,Holland March,1
290250,1265629,Angourie Rice,Holly March,2
290250,66743,Matt Bomer,John Boy,3
290250,1392137,Margaret Qualley,Amelia Kuttner,4
290250,60033,Yaya DaCosta,Tally,5
290250,65827,Keith David,Older Guy,6
290250,1078613,Beau Knapp,Blueface,7
290250,2207,Lois Smith,Mrs. Glenn,8
290250,1210306,Murielle Telio,Misty Mountains,9
10451,1623,Lung Sihung,Mr. Chu,0
10451,65354,Yang Kuei-mei,Jia-Jen,1
10451,65353,Jacklyn Wu Chien-Lien,Jia-Chien,2
10451,65352,Wang Yu-wen,Jia-Ning,3
10451,26739,Sylvia Chang,Jin-Rong,4
10451,57054,Winston Chao,Li Kai,5
10451,71172,Chen Chao-jung,Guo Lun,6
10451,565145,Lester Chan Chit-Man,Raymond,7
10451,2950048,Chen Yu,Rachel,8
10451,57057,Gua Ah-leh,Madame Liang,9
891,4483,Dustin Hoffman,Carl Bernstein,0
891,4135,Robert Redford,Bob Woodward,1
891,5251,Jack Warden,Harry Rosenfeld,2
891,1936,Martin Balsam,Howard Simons,3
891,11066,Hal Holbrook,Deep Throat,4
891,4765,Jason Robards,Ben Bradlee,5
891,13724,Jane Alexander,Bookkeeper,6
891,13725,Meredith Baxter,Debbie Sloan,7
891,13726,Ned Beatty,Dardis,8
891,1756,Stephen Collins,Hugh Sloan,9
5551,190,Clint Eastwood,Frank Corvin,0
5551,2176,Tommy Lee Jones,Hawk Hawkins,1
5551,55636,Donald Sutherland,Jerry O'Neill,2
5551,16896,James Garner,Tank Sullivan,3
5551,2505,James Cromwell,Bob Gerson,4
5551,4726,Marcia Gay Harden,Sara Holland,5
5551,21416,William Devane,Eugene Davis,6
5551,11628,Loren Dean,Ethan Glance,7
5551,24047,Courtney B. Vance,Roger Hines,8
5551,15746,Barbara Babcock,Barbara Corvin,9
187017,21007,Jonah Hill,Schmidt,0
187017,38673,Channing Tatum,Jenko,1
187017,53,Peter Stormare,The Ghost,2
187017,986808,Wyatt Russell,Zook,3
187017,1187106,Amber Stevens West,Maya,4
187017,1226302,Jillian Bell,Mercedes,5
187017,9778,Ice Cube,Captain Dickson,6
187017,1795141,Keith Lucas,Keith Yang,7
187017,1795140,Kenneth Lucas,Kenny Yang,8
187017,17039,Nick Offerman,Deputy Chief Hardy,9
1991,6856,Kurt Russell,Stuntman Mike,0
1991,20494,Zoë Bell,Zoë Bell,1
1991,5916,Rosario Dawson,Abernathy,2
1991,20491,Vanessa Ferlito,Arlene,3
1991,20493,Sydney Tamiia Poitier,Jungle Julia,4
1991,10580,Tracie Thoms,Kim,5
1991,16850,Rose McGowan,Pam,6
1991,20492,Jordan Ladd,Shanna,7
1991,17628,Mary Elizabeth Winstead,Lee,8
1991,138,Quentin Tarantino,Warren,9
168672,3894,Christian Bale,Irving Rosenfeld,0
168672,51329,Bradley Cooper,Richie DiMaso,1
168672,9273,Amy Adams,Sydney Prosser,2
168672,17604,Jeremy Renner,Mayor Carmine Polito,3
168672,72129,Jennifer Lawrence,Rosalyn Rosenfeld,4
168672,52849,Louis C.K.,Stoddard Thorsen,5
168672,54738,Jack Huston,Pete Musane,6
168672,454,Michael Peña,Paco Hernandez / Sheik Abdullah,7
168672,74242,Shea Whigham,Carl Elway,8
168672,4941,Alessandro Nivola,Anthony Amado,9
10147,879,Billy Bob Thornton,Willie,0
10147,19754,Tony Cox,Marcus,1
10147,16858,Lauren Graham,Sue,2
10147,63992,Brett Kelly,The Kid,3
10147,15100,Lauren Tom,Lois,4
10147,27772,John Ritter,Bob Chipeska,5
10147,1897,Bernie Mac,Gin,6
10147,1982,Ajay Naidu,Hindustani Troublemaker,7
10147,24357,Alex Borstein,Milwaukee Mom with Photo,8
10147,73456,Lorna Scott,Milwaukee Mother,9
2252,110,Viggo Mortensen,Nikolai Luzhin,0
2252,3489,Naomi Watts,Anna Ivanovna Khitrova,1
2252,1925,Vincent Cassel,Kirill,2
2252,12647,Armin Mueller-Stahl,Semyon,3
2252,11281,Sinéad Cusack,Helen,4
2252,20425,Donald Sumpter,Yuri,5
2252,43553,Jerzy Skolimowski,Stepan,6
2252,43554,Josef Altin,Ekrem,7
2252,43556,Aleksandar Mikic,Soyka,8
2252,79610,Sarah-Jeanne Labrosse,Tatiana,9
6637,2963,Nicolas Cage,Ben Gates,0
6637,9824,Diane Kruger,Abigail Chase,1
6637,21180,Justin Bartha,Riley Poole,2
6637,228,Ed Harris,Mitch Wilkinson,3
6637,10127,Jon Voight,Patrick Gates,4
6637,15735,Helen Mirren,Emily Appleton,5
6637,1037,Harvey Keitel,Sadusky,6
6637,21089,Bruce Greenwood,The President,7
6637,15232,Ty Burrell,Connor,8
6637,1218790,Michael Maize,Daniel,9
395,5411,Sanaa Lathan,Alexa Woods,0
395,2714,Lance Henriksen,Charles Bishop Weyland,1
395,946696,Ian Whyte,Scar,2
395,5412,Raoul Bova,Sebastian de Rosa,3
395,1125,Ewen Bremner,Graeme Miller,4
395,5414,Colin Salmon,Maxwell Stafford,5
395,2478,Tommy Flanagan,Mark Verheiden,6
395,5415,Joseph Rye,Joe Connors,7
395,5416,Agathe de La Boulaye,Adele Rousseau,8
395,5417,Carsten Nørgaard,Rusten Quinn,9
11592,3391,Kathleen Turner,Beverly Sutphin,0
11592,8975,Sam Waterston,Eugene Sutphin,1
11592,70233,Ricki Lake,Misty Sutphin,2
11592,26457,Matthew Lillard,Chip Sutphin,3
11592,77245,Scott Morgan,Detective Pike,4
11592,361969,Walt MacPherson,Detective Gracey,5
11592,68494,Justin Whalin,Scotty,6
11592,163956,Patricia Dunnock,Birdie,7
11592,1387761,Lonnie Horsey,Carl,8
11592,9292,Mink Stole,Dottie Hinkle,9
2291,504,Tim Robbins,Jacob,0
2291,7430,Elizabeth Peña,Jezzie,1
2291,1004,Danny Aiello,Louis,2
2291,13525,Matt Craven,Michael,3
2291,3201,Pruitt Taylor Vince,Paul,4
2291,1206,Jason Alexander,Geary,5
2291,23627,Patricia Kalember,Sarah,6
2291,23628,Eriq La Salle,Frank,7
2291,10182,Ving Rhames,George,8
2291,4890,Brian Tarantina,Doug,9
5,3129,Tim Roth,Ted the Bellhop,0
5,3130,Jennifer Beals,Angela,1
5,2555,David Proval,Siegfried,2
5,3126,Ione Skye,Eva,3
5,3125,Madonna,Elspeth,4
5,3131,Antonio Banderas,Man,5
5,138,Quentin Tarantino,Chester,6
5,3137,Paul Calderon,Norman,7
5,62,Bruce Willis,Leo (uncredited),8
5,3132,Lana McKissack,Sarah,9
10336,64856,Michael Jai White,Al Simmons / Spawn,0
10336,8349,Martin Sheen,Jason Wynn,1
10336,5723,John Leguizamo,Clown / Violator,2
10336,4604,Theresa Randle,Wanda Blake,3
10336,51812,Nicol Williamson,Cogliostro,4
10336,61962,D. B. Sweeney,Terry Fitzgerald,5
10336,89251,Melinda Clarke,Jessica Priest,6
10336,8186,Miko Hughes,Zack,7
10336,1072036,Sydni Beaudoin,Cyan,8
10336,20582,Michael Papajohn,"Glen, Zack's Dad",9
12626,18686,Holly Hunter,Jane Craig,0
12626,227,William Hurt,Tom Grunick,1
12626,13,Albert Brooks,Aaron Altman,2
12626,10360,Robert Prosky,Ernie Merriman,3
12626,10475,Lois Chiles,Jennifer Mack,4
12626,3234,Joan Cusack,Blair Litton,5
12626,1691158,Peter Hackes,Paul Moore,6
12626,41517,Christian Clemenson,Bobby,7
12626,514,Jack Nicholson,Bill Rorich,8
12626,79654,Robert Katims,Martin Klein,9
45243,51329,Bradley Cooper,Phil Wenneck,0
45243,27105,Ed Helms,Stu Price,1
45243,58225,Zach Galifianakis,Alan Garner,2
45243,21180,Justin Bartha,Doug Billings,3
45243,543138,Mason Lee,Teddy,4
45243,83586,Ken Jeong,Mr. Chow,5
45243,13242,Paul Giamatti,Kingsley,6
45243,4175,Jeffrey Tambor,Sid Garner,7
45243,78324,Jamie Chung,Lauren,8
45243,83585,Sasha Barrese,Tracy,9
15171,8857,Debbie Reynolds,Charlotte (voice),0
15171,40209,Paul Lynde,Templeton (voice),1
15171,19439,Henry Gibson,Wilbur (voice),2
15171,106830,Rex Allen,Narrator (voice),3
15171,10022,Martha Scott,Mrs. Arable (voice),4
15171,106833,Dave Madden,Ram (voice),5
15171,75315,Danny Bonaduce,Avery Arable (voice),6
15171,16422,Don Messick,Jeffrey (voice),7
15171,134614,Herb Vigran,Lurvy (voice),8
15171,11025,Agnes Moorehead,Goose (voice),9
9607,382,Bob Hoskins,Mario Mario,0
9607,5723,John Leguizamo,Luigi Mario,1
9607,2778,Dennis Hopper,King Koopa,2
9607,20767,Samantha Mathis,Daisy,3
9607,26473,Fisher Stevens,Iggy,4
9607,6396,Richard Edson,Spike,5
9607,10981,Fiona Shaw,Lena,6
9607,1855006,Dana Kaminski,Daniella,7
9607,939703,Mojo Nixon,Toad,8
9607,3095,Gianni Russo,Scapelli,9
6282,15555,Piper Perabo,Violet Sanford (Jersey),0
6282,49,Maria Bello,Lil,1
6282,18354,Bridget Moynahan,Rachel,2
6282,77897,Tyra Banks,Zoe,3
6282,59592,Izabella Miko,Cammie,4
6282,1230,John Goodman,Bill,5
6282,87765,LeAnn Rimes,LeAnn Rimes,6
6282,28472,Adam Garcia,Kevin O'Donnell,7
6282,70304,Sarah Jane Morris,Girl at the Surprise Party,8
6282,15091,Melanie Lynskey,Gloria,9
873,2047,Danny Glover,Albert,0
873,2395,Whoopi Goldberg,Celie,1
873,13307,Margaret Avery,Shug Avery,2
873,13309,Oprah Winfrey,Sofia,3
873,13310,Willard E. Pugh,Harpo,4
873,13308,Akosua Busia,Nettie,5
873,13311,Desreta Jackson,Young Celie,6
873,13313,Adolph Caesar,Old Mr.,7
873,13312,Rae Dawn Chong,Squeak,8
873,13314,Dana Ivey,Miss Millie,9
3558,1920,Winona Ryder,Susanna,0
3558,11701,Angelina Jolie,Lisa,1
3558,20387,Clea DuVall,Georgina,2
3558,328,Brittany Murphy,Daisy,3
3558,32798,Elisabeth Moss,Polly,4
3558,7499,Jared Leto,Tobias Jacobs,5
3558,4175,Jeffrey Tambor,Dr. Potts,6
3558,13333,Vanessa Redgrave,Dr. Wick,7
3558,2395,Whoopi Goldberg,Valerie,8
3558,32799,Angela Bettis,Janet,9
1677,134,Jamie Foxx,Ray Charles,0
1677,11703,Kerry Washington,Della Bea Robinson,1
1677,9788,Regina King,Margie Hendricks,2
1677,9464,Harry Lennix,Joe Adams,3
1677,58924,Clifton Powell,Jeff Brown,4
1677,71913,Bokeem Woodbine,Fathead Newman,5
1677,1192675,Sharon Warren,Aretha Robinson,6
1677,1192676,C.J. Sanders,Young Ray Robinson,7
1677,87003,Curtis Armstrong,Ahmet Ertegun,8
1677,31028,Richard Schiff,Jerry Wexler,9
10549,11181,Kenneth Branagh,Prince Hamlet,0
10549,937,Derek Jacobi,King Claudius,1
10549,204,Kate Winslet,Ophelia,2
10549,1666,Julie Christie,Gertrude,3
10549,29859,Richard Briers,Polonius,4
10549,32357,Nicholas Farrell,Horatio,5
10549,17328,Rufus Sewell,Fortinbras,6
10549,81598,Reece Dinsdale,Guildenstern,7
10549,9191,Timothy Spall,Rosencrantz,8
10549,17483,Michael Maloney,Laertes,9
177677,500,Tom Cruise,Ethan Hunt,0
177677,17604,Jeremy Renner,William Brandt,1
177677,11108,Simon Pegg,Benji Dunn,2
177677,933238,Rebecca Ferguson,Ilsa Faust,3
177677,10182,Ving Rhames,Luther Stickell,4
177677,16702,Sean Harris,Lane,5
177677,16358,Simon McBurney,Atlee,6
177677,41894,Zhang Jingchu,Lauren,7
177677,2441,Tom Hollander,Prime Minister,8
177677,92429,Jens Hultén,Janik Vinter,9
14283,2231,Samuel L. Jackson,Charles Morritz (Montréal),0
14283,96974,Carlo Cecchi,Nicolo Bussotti (Cremona),1
14283,141715,Irene Grazioli,Anna Bussotti (Cremona),2
14283,141716,Anita Laurenzi,Cesca (Cremona),3
14283,141717,Tommaso Puntelli,Apprentice (Cremona),4
14283,141719,Aldo Brugnini,Assistant (Cremona),5
14283,141718,Samuele Amighetti,Boy (Cremona),6
14283,38898,Jean-Luc Bideau,Georges Poussin (Vienna),7
14283,141720,Christoph Koncz,Kaspar Weiss (Vienna),8
14283,2411,Clotilde Mollet,Antoinette Pussin (Vienna),9
8831,15111,Jean-Claude Van Damme,Max Walker,0
8831,29091,Mia Sara,Melissa Walker,1
8831,21399,Ron Silver,Senator Aaron McComb,2
8831,14888,Bruce McGill,Commander Eugene Matuzak,3
8831,21369,Gloria Reuben,Fielding,4
8831,61543,Scott Bellis,Ricky,5
8831,116047,Jason Schombing,Atwood,6
8831,42317,Scott Lawrence,Spota,7
8831,6074,Kenneth Welsh,Utley,8
8831,230136,Brent Woolsey,Shotgun,9
795,2963,Nicolas Cage,Seth,0
795,5344,Meg Ryan,Maggie,1
795,11901,Dennis Franz,Messinger,2
795,6861,Andre Braugher,Cassiel,3
795,10132,Colm Feore,Jordan,4
795,11902,Robin Bartlett,Anne,5
795,11903,Joanna Merlin,Teresa,6
795,11911,Sarah Dampf,Susan,7
795,11913,Rhonda Dotson,Susan's Mother,8
795,11915,Nigel Gibbs,Doctor,9
1374,16483,Sylvester Stallone,"Robert ""Rocky"" Balboa",0
1374,16644,Dolph Lundgren,Ivan Drago,1
1374,1101,Carl Weathers,Apollo Creed,2
1374,3094,Talia Shire,"Adrianna ""Adrian"" Balboa",3
1374,4521,Burt Young,Paulie Pennino,4
1374,921,Brigitte Nielsen,Ludmilla Vobet Drago,5
1374,16504,Tony Burton,"Tony ""Duke"" Evers",6
1374,15993,Michael Pataki,Nicoli Koloff,7
1374,16543,Stu Nahan,Commentator #1,8
1374,16645,R.J. Adams,Sports Announcer,9
2275,8891,John Travolta,Warrant Officer Paul Brenner,0
2275,289,Madeleine Stowe,Warrant Officer Sarah Sunhill,1
2275,2505,James Cromwell,General Joseph Campbell,2
2275,16327,Timothy Hutton,Colonel William Kent,3
2275,21474,Leslie Stefanson,Captain Elisabeth Campbell,4
2275,1473,Daniel von Bargen,Police Chief Yardley,5
2275,15864,Clarence Williams III,Colonel George Fowler,6
2275,4512,James Woods,Colonel Robert Moore,7
2275,38571,John Beasley,Colonel Dr. Donald Slesinger,8
2275,37206,Boyd Kestner,Captain Jake Elby,9
10858,4173,Anthony Hopkins,Richard Nixon,0
10858,11148,Joan Allen,Pat Nixon,1
10858,6280,Powers Boothe,Alexander Haig,2
10858,228,Ed Harris,E. Howard Hunt,3
10858,382,Bob Hoskins,J. Edgar Hoover,4
10858,5249,E.G. Marshall,John Mitchell,5
10858,19839,David Paymer,Ron Ziegler,6
10858,11076,David Hyde Pierce,John Dean,7
10858,7004,Paul Sorvino,Henry Kissinger,8
10858,2453,Mary Steenburgen,Hannah Nixon,9
14337,76624,Shane Carruth,Aaron,0
14337,76625,David Sullivan,Abe,1
14337,110171,Casey Gooden,Robert,2
14337,110172,Anand Upadhyaya,Philip,3
14337,110173,Carrie Crawford,Kara,4
14337,1080287,Jay Butler,Metalshop Worker,5
14337,1080288,John Carruth,Man On Couch #1,6
14337,1080289,Juan Tapia,Man On Couch #2,7
14337,1080290,Ashley Warren,Hostess,8
14337,1080291,Samantha Thomson,Rachel Granger,9
10158,57755,Woody Harrelson,Billy Hoyle,0
10158,10814,Wesley Snipes,Sidney Deane,1
10158,4810,Rosie Perez,Gloria Clement,2
10158,9782,Tyra Ferrell,Rhonda Deane,3
10158,56040,Cylk Cozart,Robert,4
10158,1315404,Marques Johnson,Raymond,5
10158,66554,Kadeem Hardison,Junior,6
10158,36040,Ernest Harden Jr.,George,7
10158,1194347,John Marshall Jones,Walter,8
10158,68223,David Roberson,T.J.,9
206487,569,Ethan Hawke,The Bartender,0
206487,235416,Sarah Snook,The Unmarried Mother,1
206487,1284,Noah Taylor,Mr. Robertson,2
206487,75175,Christopher Kirby,Mr. Miles,3
206487,213144,Madeleine West,Mrs. Stapleton,4
206487,199432,Jim Knobeloch,Dr. Belfort,5
206487,199313,Freya Stafford,Alice,6
206487,1189135,Elise Jansen,Nurse,7
206487,152548,Tyler Coppin,Dr. Heinlein,8
206487,126341,Christopher Stollery,The Interviewer,9
114150,84223,Anna Kendrick,Beca Mitchell,0
114150,221098,Anna Camp,Aubrey Posen,1
114150,29221,Brittany Snow,Chloe Beale,2
114150,73128,Skylar Astin,Jesse Swanson,3
114150,221581,Rebel Wilson,Fat Amy,4
114150,1072572,Ester Dean,Cynthia Rose,5
114150,1107297,Hana Mae Lee,Lilly Onakuramara,6
114150,212604,Adam Devine,Bumper Allen,7
114150,9281,Elizabeth Banks,Gail Abernathy-McKadden,8
114150,1107296,Ben Platt,Benji Applebaum,9
515001,2054851,Roman Griffin Davis,Jojo,0
515001,1356758,Thomasin McKenzie,Elsa,1
515001,1245,Scarlett Johansson,Rosie,2
515001,55934,Taika Waititi,Adolf,3
515001,6807,Sam Rockwell,Captain Klenzendorf,4
515001,221581,Rebel Wilson,Fraulein Rahm,5
515001,71586,Alfie Allen,Finkel,6
515001,39189,Stephen Merchant,Deertz,7
515001,2089892,Archie Yates,Yorki,8
515001,59096,Luke Brandon Field,Christoph,9
11520,3151,Jack Lemmon,John Gustafson,0
11520,6837,Walter Matthau,Max Goldman,1
11520,13567,Ann-Margret,Ariel Truax,2
11520,16523,Burgess Meredith,Grandpa Gustafson,3
11520,589,Daryl Hannah,Melanie,4
11520,7166,Kevin Pollak,Jacob Goldman,5
11520,15531,Ossie Davis,Chuck,6
11520,7795,Buck Henry,Snyder,7
11520,4443,Christopher McDonald,Mike,8
11520,3911,John Carroll Lynch,Moving Man,9
1452,17271,Brandon Routh,Clark Kent / Superman,0
1452,7517,Kate Bosworth,Lois Lane,1
1452,1979,Kevin Spacey,Lex Luthor,2
1452,11006,James Marsden,Richard White,3
1452,7489,Parker Posey,Kitty Kowalski,4
1452,8924,Frank Langella,Perry White,5
1452,53492,Sam Huntington,Jimmy Olsen,6
1452,2639,Eva Marie Saint,Martha Kent,7
1452,3084,Marlon Brando,Jor-El,8
1452,53493,Kal Penn,Stanford,9
705,3380,Bette Davis,Margo Channing,0
705,10606,Anne Baxter,Eve Harrington,1
705,3361,George Sanders,Addison DeWitt,2
705,10607,Celeste Holm,Karen Richards,3
705,10608,Gary Merrill,Bill Sampson,4
705,10609,Hugh Marlowe,Lloyd Richards,5
705,7684,Thelma Ritter,Birdie Coonan,6
705,10610,Gregory Ratoff,Max Fabian,7
705,3149,Marilyn Monroe,Miss Caswell,8
705,10611,Barbara Bates,Phoebe,9
8873,12073,Mike Myers,Wayne Campbell,0
8873,56159,Dana Carvey,Garth Algar,1
8873,4690,Christopher Walken,Bobby Cahn,2
8873,13445,Tia Carrere,Cassandra Wong,3
8873,58198,Chris Farley,Milton,4
8873,20904,James Hong,Jeff Wong,5
8873,37438,Rip Taylor,Himself,6
8873,37935,Steven Tyler,Himself,7
8873,235984,Joe Perry,Himself,8
8873,78460,Brad Whitford,Himself,9
9403,58098,Howard Stern,Howard Stern,0
9403,176012,Robin Quivers,Robin Quivers,1
9403,1980,Mary McCormack,Alison Stern,2
9403,1049208,Fred Norris,Fred Norris,3
9403,13242,Paul Giamatti,Kenny,4
9403,1220726,Gary Dell'Abate,Gary Dell'Abate,5
9403,545850,Jackie Martling,Jackie Martling,6
9403,52087,Carol Alt,Gloria,7
9403,4255,Richard Portnow,Ben Stern,8
9403,728,Kelly Bishop,Ray Stern,9
10149,1037,Harvey Keitel,Augustus 'Auggie' Wren,0
10149,227,William Hurt,Paul Benjamin,1
10149,8893,Stockard Channing,Ruby McNutt,2
10149,6195,Harold Perrineau,Thomas 'Rashid' Cole,3
10149,2178,Forest Whitaker,Cyrus Cole,4
10149,4808,Giancarlo Esposito,1st OTB Man / Tommy,5
10149,10963,José Zúñiga,2nd OTB Man / Jerry,6
10149,46395,Stephen Gevedon,OTB Man #3 / Dennis,7
10149,15440,Jared Harris,Jimmy Rose,8
10149,15852,Ashley Judd,Felicity,9
4464,2219,Tobey Maguire,Red Pollard,0
4464,37332,David McCullough,Narrator,1
4464,1229,Jeff Bridges,Charles Howard,2
4464,2955,Chris Cooper,Tom Smith,3
4464,9281,Elizabeth Banks,Marcela Howard,4
4464,38272,Gary L. Stevens,George Woolf,5
4464,8692,Eddie Jones,Samuel D. Riddle,6
4464,3905,William H. Macy,Tick Tock McGlaughlin,7
4464,22251,Royce D. Applegate,Dutch Doogan,8
4464,38273,Chris McCarron,Charley Kurtsinger,9
3082,13848,Charlie Chaplin,The Tramp (A Factory Worker),0
3082,14027,Paulette Goddard,A Gamin,1
3082,14438,Henry Bergman,Cafe Proprietor,2
3082,30194,Tiny Sandford,Big Bill,3
3082,30195,Chester Conklin,Mechanic,4
3082,13856,Hank Mann,Burglar,5
3082,30196,Stanley Blystone,Gamin's Father,6
3082,13855,Al Ernest Garcia,President of the Electro Steel Corp.,7
3082,30197,Richard Alexander,Prison Cellmate,8
3082,30198,Cecil Reynolds,Minister,9
1369,16483,Sylvester Stallone,John J. Rambo,0
1369,16554,Richard Crenna,Col. Samuel Trautman,1
1369,16119,Charles Napier,Marshall Murdock,2
1369,782,Steven Berkoff,Lt. Col. Podovsky,3
1369,16578,Julia Nickson,Co Bao,4
1369,56117,Martin Kove,Ericson,5
1369,16580,George Cheung,Capt Vinh,6
1369,16581,Andy Wood,Banks,7
1369,16582,William Ghent,Capt. Vinh,8
1369,16583,Vojislav Govedarica,Sgt. Yushin,9
548,7450,Toshirō Mifune,Tajômaru,0
548,7451,Machiko Kyō,Masako,1
548,7453,Takashi Shimura,Woodcutter,2
548,7452,Masayuki Mori,Takehiro,3
548,7454,Minoru Chiaki,Priest,4
548,7455,Kichijirō Ueda,Commoner,5
548,7456,Noriko Honma,Medium,6
548,7457,Daisuke Katō,Policeman,7
967,2090,Kirk Douglas,Spartacus,0
967,3359,Laurence Olivier,Marcus Licinius Crassus,1
967,14500,Jean Simmons,Varinia,2
967,10921,Charles Laughton,Sempronius Gracchus,3
967,14501,Peter Ustinov,Lentulus Batiatus,4
967,7304,John Gavin,Julius Caesar,5
967,3150,Tony Curtis,Antoninus,6
967,13026,Nina Foch,Helena Glabrus,7
967,14502,John Ireland,Crixus,8
967,14503,Herbert Lom,Tigranes Levantus,9
4248,1772,Anna Faris,Cindy,0
4248,35705,Regina Hall,Brenda,1
4248,9562,Marlon Wayans,Shorty,2
4248,35690,Shawn Wayans,Ray,3
4248,35769,Christopher Masterson,Buddy,4
4248,33676,Kathleen Robertson,Theo,5
4248,212,David Cross,Dwight,6
4248,4512,James Woods,Father McFeely,7
4248,13472,Tim Curry,Professor,8
4248,19149,Tori Spelling,Alex,9
37137,7633,Leslie Nielsen,Lt. Frank Drebin,0
37137,12949,Priscilla Presley,Jane Spencer,1
37137,12950,George Kennedy,Ed Hocken,2
37137,12951,O. J. Simpson,Nordberg,3
37137,128621,Robert Goulet,Quentin Hapsburg,4
37137,10983,Richard Griffiths,Dr. Meinheimer / Earl Hacker,5
37137,119113,Jacqueline Brookes,Commissioner Brumford,6
37137,3715,Anthony James,Hector Savage,7
37137,13399,Lloyd Bochner,Baggett,8
37137,158936,Tim O'Connor,Fenzwick,9
7512,36422,Luke Wilson,Joe Bauers,0
7512,52792,Maya Rudolph,Rita,1
7512,51298,Dax Shepard,Frito,2
7512,53256,Terry Crews,President Camacho,3
7512,52793,Anthony 'Citric' Campos,Secretary of Defense,4
7512,52794,David Herman,Secretary of State,5
7512,52795,Sonny Castillo,Prosecutor,6
7512,52796,Kevin McAfee,Bailiff,7
7512,52797,Robert Musgrave,Sgt. Keller,8
7512,182680,Michael McCafferty,Officer Collins,9
5994,2963,Nicolas Cage,Jack Campbell,0
5994,4939,Téa Leoni,Kate Reynolds,1
5994,1896,Don Cheadle,Cash,2
5994,12799,Jeremy Piven,Arnie,3
5994,3712,Saul Rubinek,Alan Mintz,4
5994,14792,Josef Sommer,Peter Lassiter,5
5994,2139,Makenzie Vega,Annie Campbell,6
5994,47056,Jake Milkovich,Josh Campbell,7
5994,47057,Ryan Milkovich,Josh Campbell,8
5994,47058,Lisa Thornhill,Evelyn Thompson,9
4771,1893,Casey Affleck,Patrick Kenzie,0
4771,11705,Michelle Monaghan,Angie Gennaro,1
4771,192,Morgan Freeman,Jack Doyle,2
4771,228,Ed Harris,Remy Bressant,3
4771,778,John Ashton,Nick Poole,4
4771,39388,Amy Ryan,Helene McCready,5
4771,23882,Amy Madigan,Bea McCready,6
4771,39389,Titus Welliver,Lionel McCready,7
4771,39390,Michael Kenneth Williams,Devin,8
4771,39391,Edi Gathegi,Cheese,9
293,4138,Craig Sheffer,Norman Maclean,0
293,287,Brad Pitt,Paul Maclean,1
293,4139,Tom Skerritt,Reverend Maclean,2
293,4154,Brenda Blethyn,Mrs. Maclean,3
293,18017,Emily Lloyd,Jessie Burns,4
293,3202,Edie McClurg,Mrs. Burns,5
293,4156,Stephen Shellen,Neal Burns,6
293,4157,Vann Gravage,Young Paul,7
293,4159,Nicole Burdette,Mabel,8
293,4158,Susan Traylor,Rawhide,9
11013,13548,James Spader,Mr. Grey,0
11013,1579,Maggie Gyllenhaal,Lee Holloway,1
11013,4654,Jeremy Davies,Peter,2
11013,21818,Lesley Ann Warren,Joan Holloway,3
11013,230,Stephen McHattie,Burt Holloway,4
11013,5274,Patrick Bauchau,Dr. Twardon,5
11013,156689,Jessica Tuck,Tricia O'Connor,6
11013,90609,Osgood Perkins,Jonathan,7
11013,21412,Amy Locane,Lee's Sister,8
11013,157176,Mary Joy,Sylvia,9
333339,1034681,Tye Sheridan,Parzival / Wade,0
333339,1173984,Olivia Cooke,Art3mis / Samantha,1
333339,77335,Ben Mendelsohn,Sorrento,2
333339,1059572,Lena Waithe,Aech / Helen,3
333339,51990,T.J. Miller,I-R0k (voice),4
333339,11108,Simon Pegg,Curator / Ogden Morrow,5
333339,40900,Mark Rylance,Anorak / Halliday,6
333339,1721235,Philip Zhao,Sho,7
333339,1561997,Win Morisaki,Daito,8
333339,1408809,Hannah John-Kamen,F'Nale Zandor,9
2018,16866,Jennifer Lopez,Mary Fiore,0
2018,10297,Matthew McConaughey,Steve Edison,1
2018,20746,Justin Chambers,Massimo,2
2018,20747,Joanna Gleason,Mrs. Donolly,3
2018,20748,Lou Myers,Burt Weinberg,4
2018,11074,Kathy Najimy,Geri,5
2018,20749,Charles Kimbrough,Mr. Donolly,6
2018,20750,Judy Greer,Penny,7
2018,20751,Bridgette Wilson,Fran Donolly,8
2018,20752,Alex Rocco,Salvatore,9
8247,17244,Hayden Christensen,David Rice,0
8247,478,Jamie Bell,Griffin,1
8247,2231,Samuel L. Jackson,Roland,2
8247,52783,Rachel Bilson,Millie Harris,3
8247,12132,Michael Rooker,William Rice,4
8247,2882,Diane Lane,Mary Rice,5
8247,1285,AnnaSophia Robb,Young Millie Harris,6
8247,41883,Max Thieriot,Young David Rice,7
8247,10135,Jesse James,Young Mark,8
8247,3999,Tom Hulce,Mr. Bowker,9
44826,77996,Asa Butterfield,Hugo Cabret,0
44826,2282,Ben Kingsley,Georges Méliès,1
44826,56734,Chloë Grace Moretz,Isabelle,2
44826,6730,Sacha Baron Cohen,Station Inspector,3
44826,5538,Ray Winstone,Uncle Claude,4
44826,1246,Emily Mortimer,Lisette,5
44826,113,Christopher Lee,Monsieur Labisse,6
44826,15737,Helen McCrory,Mama Jeanne,7
44826,72873,Michael Stuhlbarg,René Tabard,8
44826,47468,Frances de la Tour,Madame Emilie,9
303,2638,Cary Grant,Devlin,0
303,4111,Ingrid Bergman,Alicia Huberman,1
303,4113,Claude Rains,Alexander Sebastian,2
303,4343,Louis Calhern,Paul Prescott,3
303,4342,Leopoldine Konstantin,Madame Sebastian,4
303,4344,Reinhold Schünzel,Dr. Anderson,5
303,18586,Moroni Olsen,Walter Beardsley,6
303,5041,Ivan Triesault,Eric Mathis,7
303,5042,Alex Minotis,Joseph,8
303,96142,Wally Brown,Mr. Hopkins,9
9099,67773,Steve Martin,Ernest Bilko,0
9099,707,Dan Aykroyd,Colonel Hall,1
9099,14104,Phil Hartman,Major Thorn,2
9099,21104,Glenne Headly,Rita Robbins,3
9099,15028,Daryl Mitchell,Wally Holbrook,4
9099,7133,Max Casella,Dino Paparelli,5
9099,115786,Eric Edwards,Duane Doberman,6
9099,34841,Dan Ferro,Tony Morales,7
9099,1194347,John Marshall Jones,Sergeant Henshaw,8
9099,154838,Brian Leckner,Sam Fender,9
768,85,Johnny Depp,Fred Abberline,0
768,69122,Heather Graham,Mary Kelly,1
768,65,Ian Holm,Sir William Gull,2
768,1923,Robbie Coltrane,Peter Godley,3
768,385,Ian Richardson,Sir Charles Warren,4
768,973,Jason Flemyng,Netley,5
768,1641,Katrin Cartlidge,Dark Annie Chapman,6
768,25656,Terence Harvey,Ben Kidney,7
768,42571,Susan Lynch,Liz Stride,8
768,80365,Paul Rhys,Dr. Ferral,9
10803,13919,Michael York,Logan,0
10803,12518,Richard Jordan,Francis,1
10803,14464,Jenny Agutter,Jessica,2
10803,24368,Roscoe Lee Browne,Box,3
10803,28768,Farrah Fawcett,Holly,4
10803,24808,Michael Anderson Jr.,Doc,5
10803,14501,Peter Ustinov,Old Man,6
10803,179204,Randolph Roberts,2nd Sanctuary Man,7
10803,136872,Lara Lindsay,The Woman Runner,8
10803,1217505,Gary Morgan,Billy,9
10161,11856,Daniel Day-Lewis,Christy Brown,0
10161,18345,Brenda Fricker,Mrs. Brown,1
10161,64039,Alison Whelan,Sheila,2
10161,41285,Kirsten Sheridan,Sharon,3
10161,64041,Declan Croghan,Tom,4
10161,63367,Eanna MacLiam,Benny,5
10161,64042,Marie Conmee,Sadie,6
10161,4973,Cyril Cusack,Lord Castlewelland,7
10161,559208,Phelim Drew,Brian,8
10161,17026,Ruth McCabe,Mary,9
22625,5577,Chris O'Donnell,Jack Foley,0
22625,6613,Minnie Driver,Bernadette 'Benny' Hogan,1
22625,89021,Geraldine O'Rawe,Eve Malone,2
22625,9825,Saffron Burrows,Nan Mahon,3
22625,10697,Alan Cumming,Sean Walsh,4
22625,5472,Colin Firth,Simon Westward,5
22625,49735,Aidan Gillen,Aidan Lynch,6
22625,96671,Mick Lally,Dan Hogan,7
22625,1053297,Britta Smith,Mrs Hogan,8
22625,20282,John Kavanagh,Brian Mahon,9
1365,879,Billy Bob Thornton,Hank Grotowski,0
1365,1810,Heath Ledger,Sonny Grotowski,1
1365,4587,Halle Berry,Leticia Musgrove,2
1365,16450,Sean Combs,Lawrence Musgrove,3
1365,4239,Yasiin Bey,Ryrus Cooper,4
1365,16448,Will Rokos,Warden Velesco,5
1365,16447,Milo Addica,Tommy Roulaine,6
1365,16451,Coronji Calhoun,Tyrell Musgrove,7
1365,1039,Peter Boyle,Buck Grotowski,8
1365,16452,Taylor Simpson,Lucille,9
274870,72129,Jennifer Lawrence,Aurora Lane,0
274870,73457,Chris Pratt,Jim Preston,1
274870,3968,Michael Sheen,Arthur,2
274870,2975,Laurence Fishburne,Gus Mancuso,3
274870,1271,Andy Garcia,Captain Norris,4
274870,1497467,Vince Foster,Executive Officer,5
274870,1381473,Kara Flowers,Communications Officer,6
274870,1651277,Conor Brophy,Crew Member,7
274870,1455769,Julee Cerda,Instructor (Hologram),8
274870,1313564,Aurora Perrineau,Best Friend,9
8961,78029,Martin Lawrence,Detective Marcus Burnett,0
8961,2888,Will Smith,Detective Mike Lowrey,1
8961,31384,Jordi Mollà,Hector Juan Carlos 'Johnny' Tapia,2
8961,17773,Gabrielle Union,Syd,3
8961,53,Peter Stormare,Alexei,4
8961,4604,Theresa Randle,Theresa,5
8961,532,Joe Pantoliano,Captain Howard,6
8961,335,Michael Shannon,Floyd Poteet,7
8961,288,Jon Seda,Roberto,8
8961,75604,Yul Vazquez,Detective Mateo Reyes,9
311,380,Robert De Niro,Noodles,0
311,4512,James Woods,Max,1
311,4513,Elizabeth McGovern,Deborah,2
311,4517,Joe Pesci,Frankie,3
311,4521,Burt Young,Joe,4
311,4514,Tuesday Weld,Carol,5
311,4515,Treat Williams,Jimmy O'Donnell,6
311,1004,Danny Aiello,Police Chief Aiello,7
311,3174,Richard Bright,Chicken Joe,8
311,4516,James Hayden,Patsy,9
2119,500,Tom Cruise,Cole Trickle,0
2119,3087,Robert Duvall,Harry Hogge,1
2119,2227,Nicole Kidman,Dr. Claire Lewicki,2
2119,1811,Randy Quaid,Tim Dalander,3
2119,2130,Cary Elwes,Russ Wheeler,4
2119,12132,Michael Rooker,Rowdy Burns,5
2119,17874,Fred Thompson,Big John,6
2119,4764,John C. Reilly,Buck Bretherton,7
2119,21757,J.C. Quinn,Waddle,8
2119,771,Don Simpson,Aldo Bennedetti,9
68924,8945,Kevin Kline,Ben Hood,0
68924,11148,Joan Allen,Elena Hood,1
68924,10205,Sigourney Weaver,Janey Carver,2
68924,2977,Jamey Sheridan,Jim Carver,3
68924,6886,Christina Ricci,Wendy Hood,4
68924,2219,Tobey Maguire,Paul Hood,5
68924,109,Elijah Wood,Mikey Carver,6
68924,46530,Adam Hann-Byrd,Sandy Carver,7
68924,171652,Michael Cumpsty,Philip Edwards,8
68924,3897,Katie Holmes,Libbets Casey,9
9946,1100,Arnold Schwarzenegger,Jericho Cane,0
9946,5168,Gabriel Byrne,The Man,1
9946,17346,Robin Tunney,Christine York,2
9946,7166,Kevin Pollak,Bobby Chicago,3
9946,30485,CCH Pounder,Detective Margie Francis,4
9946,14325,Derrick O'Connor,Thomas Aquinas,5
9946,2133201,David Weisenberg,OB-GYN,6
9946,1263529,Rainer Judd,Christine's Mother,7
9946,6199,Miriam Margolyes,Mabel,8
9946,1646,Udo Kier,Head Priest,9
109,1145,Zbigniew Zamachowski,Karol Karol,0
109,1146,Julie Delpy,Dominique,1
109,1147,Janusz Gajos,Mikołaj,2
109,1148,Jerzy Stuhr,Jurek,3
109,1138501,Grzegorz Warchoł,Elegant,4
109,7119,Jerzy Nowak,Old Peasant,5
109,1149,Aleksander Bardini,Notary,6
109,6415,Cezary Harasimowicz,Inspector,7
109,2831,Jerzy Trela,Monsieur Bronek,8
109,83266,Cezary Pazura,Exchange Office Owner,9
1639,18277,Sandra Bullock,Annie,0
1639,12261,Jason Patric,Alex,1
1639,5293,Willem Dafoe,Geiger,2
1639,7242,Temuera Morrison,Juliano,3
1639,18280,Brian McCardie,Merced,4
1639,2683,Glenn Plummer,Maurice,5
1639,13023,Colleen Camp,Debbie,6
1639,10475,Lois Chiles,Celeste,7
1639,15105,Mike Hagerty,Harvey,8
1639,30044,Bo Svenson,Captain Pollard,9
116,1244,Jonathan Rhys Meyers,Chris Wilton,0
116,1245,Scarlett Johansson,Nola Rice,1
116,1246,Emily Mortimer,Chloe Hewett Wilton,2
116,1247,Matthew Goode,Tom Hewett,3
116,1248,Brian Cox,Alec Hewett,4
116,1249,Penelope Wilton,Eleanor Hewett,5
116,34715,James Nesbitt,Detective Banner,6
116,1125,Ewen Bremner,Inspector Dowd,7
116,195525,Miranda Raison,Heather,8
116,250,Margaret Tyzack,Mrs. Eastby,9
9447,15274,E. G. Daily,Babe (voice),0
9447,45586,Magda Szubanski,Mrs. Esme Cordelia Hoggett,1
9447,2505,James Cromwell,Farmer Arthur Hoggett,2
9447,1937,Mickey Rooney,"Fugly Floom, the Speechless Man in Hotel",3
9447,45386,Mary Stein,Miss Floom,4
9447,52699,Danny Mann,Ferdinand / Tug / Additional Character Voices (voice),5
9447,21104,Glenne Headly,Zootie (voice),6
9447,3214,Steven Wright,Bob (voice),7
9447,2467,James Cosmo,Thelonius (voice),8
9447,212913,Nathan Kress,Easy / Tough Pup (voice),9
223,3359,Laurence Olivier,Maxim de Winter,0
223,3360,Joan Fontaine,Mrs. de Winter,1
223,3361,George Sanders,Jack Favell,2
223,3362,Judith Anderson,Mrs. Danvers,3
223,3366,Gladys Cooper,Beatrice Lacy,4
223,3363,Nigel Bruce,Giles Lacy,5
223,3364,Reginald Denny,Frank Crawley,6
223,2438,C. Aubrey Smith,Colonel Julyan,7
223,8730,Melville Cooper,Coroner,8
223,3367,Florence Bates,Edythe Van Hopper,9
1381,6968,Hugh Jackman,Tomás / Tom Creo / Tommy,0
1381,3293,Rachel Weisz,Isabel / Izzi Creo,1
1381,9560,Ellen Burstyn,Dr. Lillian Guzetti,2
1381,1173,Mark Margolis,Father Avila,3
1381,230,Stephen McHattie,Grand Inquisitor Silecio,4
1381,20194,Fernando Hernández,Lord of Xibalba,5
1381,7248,Cliff Curtis,Captain Ariel,6
1381,11868,Sean Patrick Thomas,Antonio,7
1381,2517,Donna Murphy,Betty,8
1381,824,Ethan Suplee,Manny,9
157350,94185,Shailene Woodley,Tris,0
157350,587020,Theo James,Four,1
157350,15852,Ashley Judd,Natalie,2
157350,224181,Jai Courtney,Eric,3
157350,56614,Ray Stevenson,Marcus,4
157350,37153,Zoë Kravitz,Christina,5
157350,996701,Miles Teller,Peter,6
157350,3417,Tony Goldwyn,Andrew,7
157350,1159982,Ansel Elgort,Caleb,8
157350,21045,Maggie Q,Tori,9
9013,380,Robert De Niro,John Wesley “Jack” Walsh,0
9013,28164,Charles Grodin,Jonathan Mardukas aka “The Duke”,1
9013,5050,Yaphet Kotto,"Alonzo Mosely, Special Agent, F.B.I.",2
9013,778,John Ashton,"Marvin Dorfler, Headhunter",3
9013,1117,Dennis Farina,"Jimmy Serrano, Chicago mobster",4
9013,532,Joe Pantoliano,"Eddie Moscone, Bail Bonder",5
9013,47771,Richard Foronjy,"Tony Darvo, Serrano's henchman",6
9013,20625,Robert Miranda,"Joey, Serrano's henchman",7
9013,1273,Jack Kehoe,"Jerry Geisler, Tony's secretary",8
9013,64857,Wendy Phillips,"Gail, Jack's ex-wife",9
12102,4483,Dustin Hoffman,Ted Kramer,0
12102,5064,Meryl Streep,Joanna Kramer,1
12102,13724,Jane Alexander,Margaret Phelps,2
12102,71241,Justin Henry,Billy Kramer,3
12102,44846,Howard Duff,John Shaunessy,4
12102,14102,George Coe,Jim O'Connor,5
12102,10080,JoBeth Williams,Phyllis Bernard,6
12102,260967,Bill Moor,Gressen,7
12102,96137,Howland Chamberlain,Judge Atkins,8
12102,120293,Jack Ramage,Spencer,9
6620,4110,Humphrey Bogart,Linus Larrabee,0
6620,1932,Audrey Hepburn,Sabrina Fairchild,1
6620,8252,William Holden,David Larrabee,2
6620,50833,Walter Hampden,Oliver Larrabee,3
6620,5182,John Williams,Thomas Fairchild,4
6620,16759,Martha Hyer,Elizabeth Tyson,5
6620,50834,Joan Vohs,Gretchen Van Horn,6
6620,4121,Marcel Dalio,Baron St. Foritanel,7
6620,50835,Marcel Hillaire,Professor,8
6620,50836,Nella Walker,Maude Larrabee,9
11159,4154,Brenda Blethyn,Cynthia Rose Purley,0
11159,17352,Marianne Jean-Baptiste,Hortense Cumberbatch,1
11159,9191,Timothy Spall,Maurice Purley,2
11159,127164,Phyllis Logan,Monica Purley,3
11159,68384,Claire Rushbrook,Roxanne Purley,4
11159,93177,Lee Ross,Paul,5
11159,72305,Lesley Manville,The Social Worker,6
11159,42998,Elizabeth Berrington,Jane,7
11159,145694,Michele Austin,Dionne,8
11159,5319,Ron Cook,Stuart,9
1498,16060,Brian Tochi,Leonardo (voice),0
1498,6181,Josh Pais,Raphael (voice) / Passenger In Cab,1
1498,3034,Corey Feldman,Donatello (voice),2
1498,77157,Robbie Rist,Michelangelo (voice),3
1498,45041,Judith Hoag,April O'Neil,4
1498,13550,Elias Koteas,Casey Jones,5
1498,77156,Kevin Clash,Splinter (voice),6
1498,952996,David McCharen,The Shredder / Oroku Saki (voice),7
1498,81432,David Forman,Leonardo / Gang Member,8
1498,226789,Martin P. Robinson,Leonardo,9
288,4068,Gary Cooper,Marshal Will Kane,0
288,3383,Thomas Mitchell,Mayor Jonas Henderson,1
288,2177,Lloyd Bridges,Deputy Marshal Harvey Pell,2
288,4069,Katy Jurado,Helen Ramírez,3
288,4070,Grace Kelly,Amy Fowler Kane,4
288,4071,Otto Kruger,Judge Percy Mettrick,5
288,4072,Lon Chaney Jr.,Martin Howe,6
288,4073,Harry Morgan,Sam Fuller,7
288,4074,Ian MacDonald,Frank Miller,8
288,4075,Eve McVeagh,Mildred Fuller,9
10330,49265,Lindsay Lohan,Anna Coleman,0
10330,8944,Jamie Lee Curtis,Tess Coleman,1
10330,14833,Harold Gould,Grandpa,2
10330,62747,Chad Michael Murray,Jake,3
10330,19728,Mark Harmon,Ryan,4
10330,537,Stephen Tobolowsky,Mr. Bates,5
10330,61904,Christina Vidal Mitchell,Maddie,6
10330,137169,Ryan Malgarini,Harry Coleman,7
10330,159985,Haley Hudson,Peg,8
10330,74073,Rosalind Chao,Pei-Pei,9
1636,18269,Brendan Fraser,Elliot,0
1636,13918,Elizabeth Hurley,Devil,1
1636,1518,Frances O'Connor,Alison / Nicole,2
1636,18273,Miriam Shor,Carol / Penthouse Hostess,3
1636,18270,Orlando Jones,Dan / Esteban / Beach Jock / Sportscaster / African Party Guest,4
1636,17342,Paul Adelstein,Bob / Roberto / Beach Jock / Sportscaster / Lincoln Aide,5
1636,18271,Toby Huss,Jerry / Alejandro / Beach Jock / Sportscaster / Lance,6
1636,18272,Gabriel Casseus,Elliot's Cellmate,7
1636,1535,Brian Doyle-Murray,Priest,8
1636,35367,Jeff Doucette,Desk Sergeant,9
9444,5344,Meg Ryan,Anastasia (voice),0
9444,3036,John Cusack,Dimitri (voice),1
9444,7090,Kelsey Grammer,Vladimir (voice),2
9444,1062,Christopher Lloyd,Rasputin (voice),3
9444,5587,Hank Azaria,Bartok (voice),4
9444,40389,Bernadette Peters,Sophie (voice),5
9444,205,Kirsten Dunst,Young Anastasia (voice),6
9444,14730,Angela Lansbury,Dowager Empress Marie (voice),7
9444,77355,Rick Jones,Czar Nicholas / Servant / Revolutionary Soldier / Ticket Agent (voice),8
9444,8263,Andrea Martin,Phlegmenkoff / Old Woman (voice),9
1579,17678,Rudy Youngblood,Jaguar Paw,0
1579,17688,Raoul Max Trujillo,Zero Wolf,1
1579,17689,Gerardo Taracena,Middle Eye,2
1579,42009,Iazua Larios,Sky Flower,3
1579,62477,Antonio Monroy,Chilam,4
1579,4364,María Isabel Díaz Lago,Mother in Law,5
1579,17679,Dalia Hernández,Seven,6
1579,17680,Jonathan Brewer,Blunted,7
1579,17681,Morris Birdyellowhead,Flint Sky,8
1579,17682,Carlos Emilio Báez,Turtles Run,9
695,1533,Andie MacDowell,Ann Finnigan,0
695,52374,Bruce Davison,Howard Finnigan,1
695,3151,Jack Lemmon,Paul Finnigan,2
695,504,Tim Robbins,Gene Shepard,3
695,1231,Julianne Moore,Marian Wyman,4
695,2887,Tom Waits,Earl Piggot,5
695,10437,Lily Tomlin,Doreen Piggot,6
695,10430,Fred Ward,Stuart Kane,7
695,2969,Chris Penn,Jerry Kaiser,8
695,3910,Frances McDormand,Betty Weathers,9
9396,57147,Paul Hogan,Michael J. 'Crocodile' Dundee,0
9396,57166,Linda Kozlowski,Sue Charlton,1
9396,42841,John Meillon,Walter Reilly,2
9396,57593,Ernie Dingo,Charlie,3
9396,17764,Charles S. Dutton,Leroy Brown,4
9396,243333,Hechter Ubarry,Luis Rico,5
9396,1607,Juan Fernández,Miguel,6
9396,40481,Luis Guzmán,Jose,7
9396,17401,Stephen Root,DEA Agent (Toilet),8
9396,118937,Dennis Boutsikaris,Bob Tanner,9
534,3894,Christian Bale,John Connor,0
534,65731,Sam Worthington,Marcus Wright,1
534,56455,Moon Bloodgood,Blair Williams,2
534,1283,Helena Bonham Carter,Serena,3
534,21028,Anton Yelchin,Kyle Reese,4
534,4238,Common,Barnes,5
534,62307,Zach McGowan,Soldier on Osprey,6
534,18997,Bryce Dallas Howard,Kate Connor,7
534,13724,Jane Alexander,Virginia,8
534,11086,Michael Ironside,General Ashdown,9
638,4687,Patricia Arquette,Renee Madison / Alice Wakefield,0
638,8984,Bill Pullman,Fred Madison,1
638,9296,Balthazar Getty,Pete Dayton,2
638,9287,Robert Blake,Mystery Man,3
638,1162,Robert Loggia,Mr. Eddy / Dick Laurent,4
638,9289,Michael Massee,Andy,5
638,3270,Natasha Gregson Wagner,Sheila,6
638,9309,Richard Pryor,Arnie,7
638,2048,Gary Busey,Bill Dayton,8
638,9300,Lucy Butler,Candace Dayton,9
13448,31,Tom Hanks,Robert Langdon,0
13448,3061,Ewan McGregor,Camerlengo Patrick McKenna,1
13448,8786,Ayelet Zurer,Vittoria Vetra,2
13448,1640,Stellan Skarsgård,Commander Richter,3
13448,17839,Pierfrancesco Favino,Inspector Olivetti,4
13448,1018,Nikolaj Lie Kaas,Assassin,5
13448,12647,Armin Mueller-Stahl,Cardinal Strauss,6
13448,20258,Thure Lindhardt,Chartrand,7
13448,74487,David Pasquesi,Claudio Vincenzi,8
13448,74488,Cosimo Fusco,Father Simeon,9
9718,23659,Will Ferrell,Ricky Bobby,0
9718,4764,John C. Reilly,"Cal Naughton, Jr.",1
9718,6730,Sacha Baron Cohen,Jean Girard,2
9718,21163,Gary Cole,Reese Bobby,3
9718,57451,Leslie Bibb,Carley Bobby,4
9718,61981,Michael Clarke Duncan,Lucius Washington,5
9718,43775,Jane Lynch,Lucy Bobby,6
9718,9273,Amy Adams,Susan,7
9718,19974,Greg Germann,Larry Dennit Jr.,8
9718,28640,Molly Shannon,Mrs. Dennit,9
253,10222,Roger Moore,James Bond,0
253,5050,Yaphet Kotto,Kananga/Mr. Big,1
253,10223,Jane Seymour,Solitaire,2
253,10224,Clifton James,Sheriff J.W. Pepper,3
253,6772,Julius Harris,Tee Hee,4
253,10225,Geoffrey Holder,Baron Samedi,5
253,10226,David Hedison,Felix Leiter,6
253,10227,Gloria Hendry,Rosie Carver,7
253,9874,Bernard Lee,M,8
253,9878,Lois Maxwell,Miss Moneypenny,9
296098,31,Tom Hanks,James B. Donovan,0
296098,40900,Mark Rylance,Rudolf Abel,1
296098,39388,Amy Ryan,Mary Donovan,2
296098,21278,Alan Alda,Thomas Watters Jr.,3
296098,8197,Sebastian Koch,Wolfgang Vogel,4
296098,970216,Austin Stowell,Francis Gary Powers,5
296098,141034,Billy Magnussen,Doug Forrester,6
296098,1371012,Michael Simon Hall,Reporter,7
296098,91453,Edward James Hyland,Chief Justice Earl Warren,8
296098,79991,Stephen Kunken,William Tompkins,9
13667,3036,John Cusack,Lane Meyer,0
13667,13656,Amanda Wyss,Beth Truss,1
13667,80137,Diane Franklin,Monique Junot,2
13667,1073810,Aaron Dozier,Roy Stalin,3
13667,87003,Curtis Armstrong,Charles De Mar,4
13667,28010,David Ogden Stiers,Al Meyer,5
13667,15655,Kim Darby,Jenny Meyer,6
13667,87562,Demian Slade,Johnny Gasparini,7
13667,182416,Laura Waterbury,Mrs. Smith,8
13667,70804,Dan Schneider,Ricky Smith,9
5549,27811,Peter Weller,RoboCop,0
5549,44038,Nancy Allen,Officer Anne Lewis,1
5549,119232,Tom Noonan,Cain,2
5549,44049,Belinda Bauer,Dr. Juliette Faxx,3
5549,13310,Willard E. Pugh,Mayor Kuzak,4
5549,6836,Dan O'Herlihy,The Old Man,5
5549,44042,Felton Perry,Donald Johnson,6
5549,44055,Gabriel Damon,Hob,7
5549,105988,Galyn Görg,Angie,8
5549,91537,Stephen Lee,Duffy,9
15196,13472,Tim Curry,Wadsworth,0
15196,39015,Eileen Brennan,Mrs. Peacock,1
15196,29803,Madeline Kahn,Mrs. White,2
15196,1062,Christopher Lloyd,Professor Plum,3
15196,21731,Michael McKean,Mr. Green,4
15196,80742,Martin Mull,Colonel Mustard,5
15196,21818,Lesley Ann Warren,Miss Scarlet,6
15196,13023,Colleen Camp,Yvette,7
15196,80745,Lee Ving,Mr. Boddy,8
15196,80746,Bill Henderson,Cop,9
3509,6384,Keanu Reeves,Bob Arctor,0
3509,3223,Robert Downey Jr.,James Barris,1
3509,57755,Woody Harrelson,Ernie Luckman,2
3509,1920,Winona Ryder,Donna Hawthorne,3
3509,51792,Rory Cochrane,Charles Freck,4
3509,32238,Mitch Baker,Brown Bear Lodge Host,5
3509,1235693,Sean Allen,Additional Fred Scramble Suit Voice (voice),6
3509,1813368,Cliff Haby,Voice from Headquarters (voice),7
3509,32239,Steven Chester Prince,Cop,8
3509,32240,Natasha Valdez,Waitress,9
381,2638,Cary Grant,John Robie,0
381,4070,Grace Kelly,Frances Stevens,1
381,2640,Jessie Royce Landis,Jessie Stevens,2
381,5182,John Williams,H. H. Hughson,3
381,2566,Charles Vanel,Bertani,4
381,5183,Brigitte Auber,Danielle Foussard,5
381,5185,Jean Martinelli,Foussard,6
381,5186,Georgette Anys,Germaine,7
381,553626,René Blancard,Commissaire Lepic (uncredited),8
381,96140,William 'Wee Willie' Davis,Big Man in Kitchen (uncredited),9
832,2094,Peter Lorre,Hans Beckert,0
832,12322,Ellen Widmann,Frau Beckmann,1
832,12323,Inge Landgut,Elsie Beckmann,2
832,12324,Otto Wernicke,Inspector Karl Lohmann,3
832,79,Theodor Loos,Inspector Groeber,4
832,12325,Gustaf Gründgens,Schränker,5
832,12326,Friedrich Gnaß,Franz,6
832,28068,Fritz Odemar,The Cheater,7
832,219738,Paul Kemp,Pickpocket with Six Watches,8
832,28066,Theo Lingen,Bauernfänger,9
429617,1136406,Tom Holland,Peter Parker / Spider-Man,0
429617,131,Jake Gyllenhaal,Quentin Beck / Mysterio,1
429617,2231,Samuel L. Jackson,Nick Fury,2
429617,3141,Marisa Tomei,May Parker,3
429617,15277,Jon Favreau,Happy Hogan,4
429617,505710,Zendaya,MJ,5
429617,1649152,Jacob Batalon,Ned Leeds,6
429617,1291350,Tony Revolori,Flash Thompson,7
429617,1265629,Angourie Rice,Betty Brant,8
429617,1347947,Remy Hii,Brad Davis,9
1480,10017,Charlton Heston,Ramon Miguel Vargas,0
1480,7302,Janet Leigh,Susan 'Susie' Vargas,1
1480,40,Orson Welles,Police Captain Hank Quinlan,2
1480,33747,Joseph Calleia,Police Sergeant Pete Menzies,3
1480,30719,Akim Tamiroff,'Uncle' Joe Grandi,4
1480,94889,Joanna Moore,Marcia Linnekar,5
1480,14518,Ray Collins,District Attorney Adair,6
1480,12422,Dennis Weaver,Mirador Motel Night Manager,7
1480,94892,Valentin de Vargas,Pancho,8
1480,45525,Mort Mills,Al Schwartz - District Attorney's Assistant,9
381288,5530,James McAvoy,Dennis / Patricia / Hedwig / The Beast / Kevin Wendell Crumb / Barry / Orwell / Jade,0
381288,1397778,Anya Taylor-Joy,Casey Cooke,1
381288,1286328,Haley Lu Richardson,Claire Benoit,2
381288,1221085,Jessica Sula,Marcia,3
381288,52462,Betty Buckley,Dr. Karen Fletcher,4
381288,1657685,Izzie Coffey,Five-Year-Old Casey,5
381288,15376,Brad William Henke,Uncle John,6
381288,103545,Sebastian Arcelus,Casey's Father,7
381288,58544,Neal Huff,Mr. Benoit,8
381288,1739972,Ukee Washington,News Anchor,9
11011,11510,Macaulay Culkin,Richie Rich,0
11011,14101,John Larroquette,Van Dough,1
11011,52995,Edward Herrmann,Mr. Rich,2
11011,4003,Christine Ebersole,Mrs. Rich,3
11011,8537,Jonathan Hyde,Cadbury,4
11011,8316,Michael McShane,Professor Keenbean,5
11011,10486,Chelcie Ross,Ferguson,6
11011,155845,Mariangela Pino,Diane,7
11011,2266,Stephi Lineburg,Gloria,8
11011,952664,Michael Maccarone,Tony,9
592,193,Gene Hackman,Harry Caul,0
592,3096,John Cazale,Stan,1
592,922,Allen Garfield,William P. 'Bernie' Moran,2
592,8351,Frederic Forrest,Mark,3
592,8434,Cindy Williams,Ann,4
592,2979,Michael Higgins,Paul,5
592,8438,Elizabeth MacRae,Meredith,6
592,8437,Teri Garr,Amy Fredericks,7
592,3,Harrison Ford,Martin Stett,8
592,152718,Mark Wheeler,Receptionist,9
9944,1204,Julia Roberts,Darby Shaw,0
9944,5292,Denzel Washington,Gray Grantham,1
9944,9880,Sam Shepard,Thomas Callahan,2
9944,11512,John Heard,Gavin Vereek,3
9944,3417,Tony Goldwyn,Fletcher Coal,4
9944,65568,James B. Sikking,Denton Voyles,5
9944,7676,William Atherton,Bob Gminski,6
9944,73022,Robert Culp,The President,7
9944,2283,Stanley Tucci,Khamel,8
9944,7668,Hume Cronyn,Justice Rosenberg,9
138832,4491,Jennifer Aniston,Rose O'Reilly,0
138832,58224,Jason Sudeikis,David Clark,1
138832,34847,Emma Roberts,Casey Mathis,2
138832,93491,Will Poulter,Kenny Rossmore,3
138832,27105,Ed Helms,Brad Gurdlinger,4
138832,17039,Nick Offerman,Don Fitzgerald,5
138832,17696,Kathryn Hahn,Edie Fitzgerald,6
138832,96349,Molly C. Quinn,Melissa Fitzgerald,7
138832,25089,Tomer Sisley,Pablo Chacon,8
138832,92617,Matthew Willig,One-Eye,9
27576,11701,Angelina Jolie,Evelyn Salt,0
27576,23626,Liev Schreiber,Theodore Winter,1
27576,5294,Chiwetel Ejiofor,Darryl Peabody,2
27576,7107,Daniel Olbrychski,Oleg Vasilyevich Orlov,3
27576,6091,August Diehl,Mike Krause,4
27576,1116905,Daniel Pearce,Young Orlov,5
27576,44826,Hunt Block,US President Howard Lewis,6
27576,6861,Andre Braugher,Secretary of Defense,7
27576,53573,Olek Krupa,Russian President Matveyev,8
27576,118377,Cassidy Hinkle,Young Salt,9
116745,7399,Ben Stiller,Walter Mitty,0
116745,41091,Kristen Wiig,Cheryl Melhoff,1
116745,2228,Sean Penn,Sean O'Connell,2
116745,4090,Shirley MacLaine,Edna Mitty,3
116745,36801,Adam Scott,Ted Hendricks,4
116745,17696,Kathryn Hahn,Odessa Mitty,5
116745,10872,Patton Oswalt,Todd Maher,6
116745,94432,Adrian Martinez,Hernando,7
116745,110902,Ólafur Darri Ólafsson,Helicopter Pilot,8
116745,545130,Gunnar Helgason,Hotel Keeper,9
10395,514,Jack Nicholson,Will Randall,0
10395,1160,Michelle Pfeiffer,Laura Alden,1
10395,13548,James Spader,Stewart Swinton,2
10395,18794,Kate Nelligan,Charlotte Randall,3
10395,28633,Richard Jenkins,Detective Carl Bridger,4
10395,290,Christopher Plummer,Raymond Alden,5
10395,20300,Eileen Atkins,Mary,6
10395,11076,David Hyde Pierce,Roy McCallister,7
10395,11851,Om Puri,Dr. Vijay Alezais,8
10395,12122,Ron Rifkin,Doctor,9
381284,40036,Taraji P. Henson,Katherine G. Johnson,0
381284,6944,Octavia Spencer,Dorothy Vaughan,1
381284,1005852,Janelle Monáe,Mary Jackson,2
381284,1269,Kevin Costner,Al Harrison,3
381284,205,Kirsten Dunst,Vivian Mitchell,4
381284,5374,Jim Parsons,Paul Stafford,5
381284,932967,Mahershala Ali,Jim Johnson,6
381284,83271,Glen Powell,John Glenn,7
381284,1141877,Ariana Neal,Joylette Johnson,8
381284,1607523,Saniyya Sidney,Constance Johnson,9
7350,514,Jack Nicholson,Edward Periman Cole,0
7350,192,Morgan Freeman,Carter Chambers,1
7350,52601,Sean Hayes,Thomas,2
7350,18292,Beverly Todd,Virginia Chambers,3
7350,52603,Alfonso Freeman,Roger Chambers,4
7350,86175,Dawn Lewis,Flight Attendant,5
7350,52602,Rob Morrow,Dr. Hollins,6
7350,1073870,Brian Copeland,Lee,7
7350,47669,Rowena King,Angelica,8
7350,1073868,Annton Berry Jr.,Kai,9
9550,43661,Takeshi Kaneshiro,Jin,0
9550,25246,Andy Lau,Liu,1
9550,1339,Zhang Ziyi,Xiao Mei,2
9550,57912,Song Dandan,Yee,3
9550,1517431,Zhao Hongfei,Xiao Bu Kuai,4
9550,1571927,Guo Jun,Police Officer,5
9550,1620869,Zhang Shu,,6
9550,1620870,Wang Jiusheng,,7
9550,1620872,Zhang Zhengyong,,8
9550,1620873,Yongxin Wang,,9
9384,7399,Ben Stiller,David Starsky,0
9384,887,Owen Wilson,Ken Hutchinson,1
9384,19767,Snoop Dogg,Huggy Bear,2
9384,4937,Vince Vaughn,Reese Feldman,3
9384,9811,Fred Williamson,Captain Doby,4
9384,3196,Juliette Lewis,Kitty,5
9384,23532,Jason Bateman,Kevin,6
9384,20189,Amy Smart,Holly,7
9384,28639,Carmen Electra,Staci,8
9384,16580,George Cheung,Chau,9
978,287,Brad Pitt,Heinrich Harrer,0
978,14591,Jamyang Jamtsho Wangchuk,"Dalai Lama, 14 Years Old",1
978,11207,David Thewlis,Peter Aufschnaiter,2
978,14592,BD Wong,Ngawang Jigme,3
978,10134,Mako,Kungo Tsarong,4
978,14594,Lhakpa Tsamchoe,Pema Lhaki,5
978,14593,Ingeborga Dapkūnaitė,Ingrid Harrer,6
978,14595,Duncan Fraser,British Officer,7
978,14596,Danny Denzongpa,Regent,8
978,11395,Victor Wong,Chinese 'Amban',9
8491,37041,Andrew McCarthy,Larry Wilson,0
8491,55265,Jonathan Silverman,Richard Parker,1
8491,55266,Catherine Mary Stewart,Gwen Saunders,2
8491,55267,Terry Kiser,Bernie Lomax,3
8491,41262,Don Calfa,"Paulie, Vito's Hit Man",4
8491,55268,Catherine Parks,"Tina, Vito's Girl",5
8491,55269,Eloise DeJoria,Tawny,6
8491,1221149,Gregory Salata,Marty,7
8491,168320,Louis Giambalvo,Vito,8
8491,16544,Ted Kotcheff,Jack Parker,9
9306,3084,Marlon Brando,Dr. Moreau,0
9306,5576,Val Kilmer,Montgomery,1
9306,11207,David Thewlis,Douglas,2
9306,826,Fairuza Balk,Aissa,3
9306,2372,Ron Perlman,Sayer of the Law,4
9306,23797,Marco Hofschneider,M'Ling,5
9306,7242,Temuera Morrison,Azazello,6
9306,663,William Hootkins,Kiril,7
9306,141987,Daniel Rigney,Hyena-Swine,8
9306,590489,Nelson de la Rosa,Majai,9
11321,2888,Will Smith,Ben,0
11321,5916,Rosario Dawson,Emily,1
11321,57755,Woody Harrelson,Ezra Turner,2
11321,8177,Michael Ealy,Ben's Brother,3
11321,12834,Barry Pepper,Dan,4
11321,1102,Elpidia Carrillo,Connie,5
11321,55258,Robinne Lee,Sarah,6
11321,17200,Bill Smitrovich,George Ristuccia,7
11321,54696,Joe Nuñez,Larry,8
11321,70304,Sarah Jane Morris,Susan,9
9090,723,Patrick Swayze,Vida Boheme,0
9090,10814,Wesley Snipes,Noxeema Jackson,1
9090,5723,John Leguizamo,Chi-Chi Rodriguez,2
9090,8893,Stockard Channing,Carol Ann,3
9090,10401,Blythe Danner,Beatrice,4
9090,3229,Arliss Howard,Virgil,5
9090,52474,Jason London,Bobby Ray,6
9090,2969,Chris Penn,Sheriff Dollard,7
9090,4778,Melinda Dillon,Merna,8
9090,5151,Beth Grant,Loretta,9
5876,11155,Thomas Jane,David Drayton,0
5876,8332,Laurie Holden,Amanda Dunfrey,1
5876,13014,Toby Jones,Ollie Weeks,2
5876,4726,Marcia Gay Harden,Mrs. Carmody,3
5876,6861,Andre Braugher,Brent Norton,4
5876,6573,William Sadler,Jim,5
5876,12645,Jeffrey DeMunn,Dan Miller,6
5876,36926,Frances Sternhagen,Irene Reppler,7
5876,46362,Sam Witwer,Private Jessup,8
5876,28109,Alexa Davalos,Sally,9
8373,10959,Shia LaBeouf,Sam Witwicky,0
8373,19537,Megan Fox,Mikaela Banes,1
8373,19540,Peter Cullen,Optimus Prime (voice),2
8373,1331,Hugo Weaving,Megatron (voice),3
8373,19384,Tony Todd,Fallen (voice),4
8373,19536,Josh Duhamel,Major Lennox,5
8373,8169,Tyrese Gibson,USAF Chief Master Sergeant Epps,6
8373,1241,John Turturro,Simmons,7
8373,72985,Ramón Rodríguez,Leo Spitz,8
8373,14721,Kevin Dunn,Ron Witwicky,9
6068,3,Harrison Ford,Quinn Harris,0
6068,8256,Anne Heche,Robin Monroe,1
6068,14409,David Schwimmer,Frank Martin,2
6068,49818,Jacqueline Obradors,Angelica,3
6068,7242,Temuera Morrison,Jager,4
6068,19,Allison Janney,Marjorie,5
6068,7248,Cliff Curtis,Kip,6
6068,11160,Danny Trejo,Pierce,7
6068,1060194,Douglas Weston,"Philippe Sinclair, Resort Manager",8
6068,144165,Ben Bode,"Tom Marlowe, Helicopter Pilot",9
127380,14,Ellen DeGeneres,Dory (voice),0
127380,13,Albert Brooks,Marlin (voice),1
127380,18977,Ed O'Neill,Hank (voice),2
127380,1559638,Hayden Rolence,Nemo (voice),3
127380,3092,Diane Keaton,Jenny (voice),4
127380,26510,Eugene Levy,Charlie (voice),5
127380,15232,Ty Burrell,Bailey (voice),6
127380,95102,Kaitlin Olson,Destiny (voice),7
127380,17605,Idris Elba,Fluke (voice),8
127380,17287,Dominic West,Rudder (voice),9
123,16270,Christopher Guard,Frodo (voice),0
123,16271,William Squire,Gandalf (voice),1
123,16272,Michael Scholes,Sam (voice),2
123,5049,John Hurt,Aragorn (voice),3
123,16273,Simon Chandler,Merry (voice),4
123,16274,Dominic Guard,Pippin (voice),5
123,16380,Michael Graham Cox,Boromir (voice),6
123,6,Anthony Daniels,Legolas (voice),7
123,16381,David Buck,Gimli (voice),8
123,16275,Norman Bird,Bilbo (voice),9
290,1241,John Turturro,Barton Fink,0
290,1230,John Goodman,Charlie Meadows,1
290,351,Judy Davis,Audrey Taylor,2
290,4250,Michael Lerner,Jack Lipnick,3
290,4251,John Mahoney,W.P. Mayhew,4
290,4252,Tony Shalhoub,Ben Geisler,5
290,4253,Jon Polito,Lou Breeze,6
290,884,Steve Buscemi,Chet,7
290,4254,David Warrilow,Garland Stanford,8
290,4255,Richard Portnow,Detective Mastrionotti,9
10122,63871,Joey Cramer,David Scott Freeman,0
10122,5129,Paul Reubens,Max (voice),1
10122,5047,Veronica Cartwright,Helen Freeman,2
10122,44301,Cliff DeYoung,Bill Freeman,3
10122,520,Sarah Jessica Parker,Carolyn McAdams,4
10122,92623,Matt Adler,Jeff (16 years),5
10122,35516,Howard Hesseman,Dr. Louis Faraday,6
10122,1116654,Robert Small,Troy,7
10122,15901,Jonathan Sanger,Dr. Carr,8
10122,54858,Richard Liberty,Mr. Howard,9
9623,3416,Demi Moore,Annie,0
9623,7447,Alec Baldwin,Teacher,1
9623,24045,Joseph Gordon-Levitt,Oliver,2
9623,8256,Anne Heche,Juliet,3
9623,4691,James Gandolfini,Eddie,4
9623,32225,Lindsay Crouse,Tallow,5
9623,15183,Tony Lo Bianco,Louie Boffano,6
9623,14884,Michael Constantine,Judge Weitzel,7
9623,13525,Matt Craven,Boone,8
9623,148635,Todd Susman,Bozeman,9
9560,6384,Keanu Reeves,Paul Sutton,0
9560,37946,Aitana Sánchez-Gijón,Victoria Aragón,1
9560,5401,Anthony Quinn,Don Pedro Aragón,2
9560,7353,Angélica Aragón,María José Aragón,3
9560,1194312,Evangelina Elizondo,Guadelupe Aragón,4
9560,23959,Debra Messing,Betty Sutton,5
9560,3753,Giancarlo Giannini,Alberto Aragón,6
9560,6862,Freddy Rodríguez,"Pedro Aragón, Jr.",7
9560,15800,Don Amendolia,Father Coturri,8
9560,2950336,Juan Jiménez,Jose Maria,9
10547,6952,Charlie Sheen,Zane Zaminski,0
10547,32225,Lindsay Crouse,Ilana Green,1
10547,31028,Richard Schiff,Calvin,2
10547,21399,Ron Silver,Gordian,3
10547,10399,Teri Polo,Char,4
10547,1400838,Phyllis Applegate,Mrs. Roosevelt,5
10547,197960,Tony T. Johnson,Kiki,6
10547,1400839,Alan Coates,Terraformer,7
10547,15374,Leon Rippy,DOD #1,8
10547,8432,Buddy Joe Hooker,DOD #2,9
44896,85,Johnny Depp,Rango / Lars (voice),0
44896,52848,Isla Fisher,Beans (voice),1
44896,13726,Ned Beatty,Mayor (voice),2
44896,2440,Bill Nighy,Rattlesnake Jake (voice),3
44896,17140,Abigail Breslin,Priscilla (voice),4
44896,658,Alfred Molina,Roadkill (voice),5
44896,17401,Stephen Root,Doc / Merrimack / Mr. Snuggles (voice),6
44896,5048,Harry Dean Stanton,Balthazar (voice),7
44896,18082,Timothy Olyphant,Spirit of the West (voice),8
44896,5538,Ray Winstone,Bad Bill (voice),9
2288,9642,Jude Law,Dan,0
2288,524,Natalie Portman,Alice,1
2288,1204,Julia Roberts,Anna,2
2288,2296,Clive Owen,Larry,3
2288,23608,Colin Stinton,Customs Officer,4
2288,23607,Nick Hobbs,Taxi Driver,5
2288,1220476,Steve Benham,Car Driver (uncredited),6
2288,1232670,Elizabeth Bower,Chatty Exhibition Guest (uncredited),7
2288,1402622,Daniel Dresner,Coughing Man (uncredited),8
2288,1402625,Rrenford Junior Fagan,Bus Passenger (uncredited),9
698,10222,Roger Moore,James Bond,0
698,10475,Lois Chiles,Dr. Holly Goodhead,1
698,2369,Michael Lonsdale,Hugo Drax,2
698,10460,Richard Kiel,Jaws,3
698,10476,Corinne Cléry,Corinne Dufour,4
698,9874,Bernard Lee,M,5
698,10462,Geoffrey Keen,Sir Frederick Gray,6
698,9906,Desmond Llewelyn,Q,7
698,9878,Lois Maxwell,Miss Moneypenny,8
698,10479,Toshirô Suga,Cha,9
49049,1372,Karl Urban,Judge Dredd,0
49049,52442,Olivia Thirlby,Cassandra Anderson,1
49049,17286,Lena Headey,Ma-Ma,2
49049,65829,Wood Harris,Kay,3
49049,37093,Langley Kirkwood,Judge Lex,4
49049,1838215,Tamer Burjaq,Ma-Ma Bodyguard,5
49049,137463,Joe Vaz,Big Joe,6
49049,195575,Rakie Ayola,Chief Judge,7
49049,587562,Junior Singo,Amos,8
49049,934796,Luke Tyler,Freel,9
490132,110,Viggo Mortensen,Tony Lip,0
490132,932967,Mahershala Ali,Dr. Don Shirley,1
490132,1817,Linda Cardellini,Dolores,2
490132,299743,Sebastian Maniscalco,Johnny Venere,3
490132,1613744,Dimiter D. Marinov,Oleg,4
490132,130532,Mike Hatton,George,5
490132,1211946,P.J. Byrne,Record Exec,6
490132,830,Joe Cortese,Gio Loscudo,7
490132,5907315,Mary Agnes Nixon,Copa Coat Check Girl,8
490132,2256705,Von Lewis,Bobby Rydell,9
10909,287,Brad Pitt,Early Grayce,0
10909,12640,David Duchovny,Brian Kessler,1
10909,3196,Juliette Lewis,Adele Corners,2
10909,41820,Michelle Forbes,Carrie Laughlin,3
10909,170074,Sierra Pecheur,Mrs. Musgrave,4
10909,101432,John Dullaghan,Mr. Musgrave,5
10909,1569421,Kathy Larson,Teenage Girl,6
10909,1569422,David Milford,Driver,7
10909,1381096,Judson Vaughn,Parole Officer,8
10909,151335,John Zarchen,Peter,9
80274,77996,Asa Butterfield,Ender Wiggin,0
80274,130640,Hailee Steinfeld,Petra Arkanian,1
80274,3,Harrison Ford,Colonel Hyrum Graff,2
80274,19492,Viola Davis,Major Gwen Anderson,3
80274,2282,Ben Kingsley,Mazer Rackham,4
80274,17140,Abigail Breslin,Valentine Wiggin,5
80274,204191,Aramis Knight,Bean,6
80274,57412,Moisés Arias,Bonzo Madrid,7
80274,43547,Nonso Anozie,Sergeant Dap,8
80274,1266195,Suraj Partha,Alai,9
1607,380,Robert De Niro,Lorenzo Anello,0
1607,9046,Chazz Palminteri,Sonny LoSpecchio,1
1607,17917,Lillo Brancato,Calogero 'C' Anello (Age 17),2
1607,17918,Francis Capra,Calogero 'C' Anello (Age 9),3
1607,17919,Taral Hicks,Jane Williams,4
1607,17920,Kathrine Narducci,Rosina Anello,5
1607,17921,Clem Caserta,Jimmy Whispers,6
1607,17922,"Alfred Sauchelli, Jr.",Bobby Bars,7
1607,17923,Frank Pietrangolare,Danny K.O.,8
1607,4517,Joe Pesci,Carmine,9
2022,19292,Adam Sandler,Longfellow Deeds,0
2022,1920,Winona Ryder,Babe Bennett,1
2022,1241,John Turturro,Emilio Lopez,2
2022,20818,Allen Covert,Marty,3
2022,8212,Peter Gallagher,Chuck Cedar,4
2022,15440,Jared Harris,Mac McGrath,5
2022,18917,Erick Avari,Cecil Anderson,6
2022,20819,Peter Dante,Murph,7
2022,1909,Conchata Ferrell,Jan,8
2022,3907,Harve Presnell,Preston Blake,9
1996,11701,Angelina Jolie,Lara Croft,0
1996,17276,Gerard Butler,Terry Sheridan,1
1996,8785,Ciarán Hinds,Jonathan Reiss,2
1996,20511,Chris Barrie,Hillary,3
1996,1284,Noah Taylor,Bryce,4
1996,938,Djimon Hounsou,Kosa,5
1996,1844,Til Schweiger,Sean,6
1996,20519,Simon Yam,Chen Lo,7
1996,74196,Terence Yin Chi-Wai,Xien,8
1996,19875,Daniel Caltagirone,Nicholas Petraki,9
97630,83002,Jessica Chastain,Maya,0
97630,76512,Jason Clarke,Dan,1
97630,33192,Joel Edgerton,Patrick - Squadron Team Leader,2
97630,49971,Jennifer Ehle,Jessica,3
97630,2983,Mark Strong,George,4
97630,3497,Kyle Chandler,Joseph Bradley,5
97630,25616,Edgar Ramírez,Larry from Ground Branch,6
97630,4691,James Gandolfini,C.I.A. Director,7
97630,73457,Chris Pratt,Justin - DEVGRU,8
97630,208296,Callan Mulvey,Saber - DEVGRU,9
10502,2461,Mel Gibson,Justin McLeod,0
10502,6408,Nick Stahl,Charles E. 'Chuck' Norstadt,1
10502,60700,Margaret Whitton,Catherine Palin,2
10502,65409,Fay Masterson,Gloria Norstadt,3
10502,12930,Gaby Hoffmann,Megan Norstadt,4
10502,18071,Geoffrey Lewis,Chief Wayne Stark,5
10502,15416,Richard Masur,Prof. Carl Hartley,6
10502,55557,Michael DeLuise,"Douglas Hall, Gloria's Boyfriend",7
10502,29445,Ethan Phillips,Todd Lansing,8
10502,78518,Jean De Baer,Mrs. Lansing,9
8130,2165,Rosanna Arquette,Roberta Glass,0
8130,3125,Madonna,Susan,1
8130,18992,Aidan Quinn,Dez,2
8130,14103,Mark Blum,Gary Glass,3
8130,19976,Robert Joy,Jim,4
8130,12133,Laurie Metcalf,Leslie Glass,5
8130,3711,Anna Thomson,Crystal,6
8130,883,Will Patton,Wayne Nolan,7
8130,3214,Steven Wright,Larry Stillman D.D.S.,8
8130,1241,John Turturro,Ray,9
10307,4687,Patricia Arquette,Frankie Paige,0
10307,5168,Gabriel Byrne,Father Andrew Kiernan,1
10307,378,Jonathan Pryce,Cardinal Daniel Houseman,2
10307,9781,Nia Long,Donna Chadway,3
10307,9284,Thomas Kopache,Father Durning,4
10307,1118,Rade Šerbedžija,Marion Petrocelli,5
10307,15029,Enrico Colantoni,Father Dario,6
10307,131879,Dick Latessa,Father Gianni Delmonico,7
10307,62010,Portia De Rossi,Jennifer Kelliho,8
10307,41687,Patrick Muldoon,Steven,9
11529,368,Reese Witherspoon,Melanie Smooter,0
11529,6164,Josh Lucas,Jake Perry,1
11529,18352,Patrick Dempsey,Andrew Hennings,2
11529,11850,Candice Bergen,Mayor Kate Hennings,3
11529,5960,Mary Kay Place,Pearl Smooter,4
11529,10430,Fred Ward,Earl Smooter,5
11529,5376,Jean Smart,Stella Kay Perry,6
11529,58019,Ethan Embry,Bobby Ray,7
11529,15091,Melanie Lynskey,Lurlynn,8
11529,18708,Courtney Gains,Sheriff Wade,9
4824,62,Bruce Willis,The Jackal,0
4824,1205,Richard Gere,Declan Mulqueen,1
4824,16897,Sidney Poitier,Carter Preston,2
4824,6200,Diane Venora,Major Valentina Koslova,3
4824,18999,J.K. Simmons,FBI Agent T. I. Witherspoon,4
4824,44233,Mathilda May,Isabella Zanconia,5
4824,167561,John Cunningham,FBI Director Donald Brown,6
4824,70851,Jack Black,Ian Lamont,7
4824,57093,Stephen Spinella,Douglas,8
4824,41249,Tess Harper,The First Lady,9
215,2144,Tobin Bell,Jigsaw / John,0
215,2680,Donnie Wahlberg,Eric Matthews,1
215,2138,Shawnee Smith,Amanda,2
215,2681,Erik Knudsen,Daniel Matthews,3
215,2682,Franky G,Xavier,4
215,2683,Glenn Plummer,Jonas,5
215,2684,Emmanuelle Vaugier,Addison,6
215,2685,Beverley Mitchell,Laura,7
215,33668,Noam Jenkins,Michael,8
215,2686,Timothy Burd,Obi,9
206647,8784,Daniel Craig,James Bond,0
206647,27319,Christoph Waltz,Blofeld,1
206647,121529,Léa Seydoux,Madeleine,2
206647,5469,Ralph Fiennes,M,3
206647,28782,Monica Bellucci,Lucia,4
206647,17064,Ben Whishaw,Q,5
206647,2038,Naomie Harris,Moneypenny,6
206647,543530,Dave Bautista,Hinx,7
206647,125660,Andrew Scott,C,8
206647,139549,Rory Kinnear,Tanner,9
85350,931944,Ellar Coltrane,Mason,0
85350,4687,Patricia Arquette,Mom,1
85350,569,Ethan Hawke,Dad,2
85350,1327009,Lorelei Linklater,Samantha,3
85350,2857,Libby Villari,Grandma,4
85350,994259,Marco Perella,Professor Bill Welbrock,5
85350,144077,Brad Hawkins,Jim,6
85350,1467528,Jamie Howard,Mindy,7
85350,1467529,Andrew Villarreal,Randy,8
85350,955807,Jenni Tooley,Annie,9
2142,16483,Sylvester Stallone,Sheriff Freddy Heflin,0
2142,1037,Harvey Keitel,Ray Donlan,1
2142,11477,Ray Liotta,"Gary ""Figgsy"" Figgis",2
2142,380,Robert De Niro,Lt. Moe Tilden,3
2142,36602,Peter Berg,Joey Randone,4
2142,21197,Janeane Garofalo,Deputy Cindy Betts,5
2142,418,Robert Patrick,Jack Rucker,6
2142,4688,Michael Rapaport,"Murray ""Superboy"" Babitch",7
2142,18750,Annabella Sciorra,Liz Randone,8
2142,11315,Noah Emmerich,Deputy Bill Geisler,9
9012,9656,Johnny Knoxville,Self,0
9012,56584,Bam Margera,Self,1
9012,56585,Steve-O,Self,2
9012,56586,Chris Pontius,Self,3
9012,110068,Ryan Dunn,Self,4
9012,78840,Jason 'Wee Man' Acuña,Self,5
9012,76365,Preston Lacy,Self,6
9012,86627,Dave England,Self,7
9012,220241,Ehren McGhehey,Self,8
9012,117289,Brandon DiCamillo,Self,9
107985,11108,Simon Pegg,Gary King,0
107985,11109,Nick Frost,Andrew Knightley,1
107985,14887,Paddy Considine,Steven Prince,2
107985,7060,Martin Freeman,Oliver Chamberlain,3
107985,1665,Eddie Marsan,Peter Page,4
107985,10882,Rosamund Pike,Sam Chamberlain,5
107985,11180,David Bradley,Basil,6
107985,517,Pierce Brosnan,Guy Shepherd,7
107985,17078,Michael Smiley,Reverend Green,8
107985,17123,Darren Boyd,Shane Hawkins,9
203801,73968,Henry Cavill,Napoleon Solo,0
203801,53807,Armie Hammer,Illya Kuryakin,1
203801,227454,Alicia Vikander,Gaby Teller,2
203801,1133349,Elizabeth Debicki,Victoria Vinciguerra,3
203801,90325,Luca Calvani,Alexander,4
203801,41965,Sylvester Groth,Uncle Rudi,5
203801,3291,Hugh Grant,Waverly,6
203801,15440,Jared Harris,Sanders,7
203801,7803,Christian Berkel,Udo,8
203801,1255887,Misha Kuznetsov,Oleg,9
975,2090,Kirk Douglas,Col. Dax,0
975,14562,Ralph Meeker,Cpl. Philippe Paris,1
975,14563,Adolphe Menjou,Gen. George Broulard,2
975,14564,George Macready,Gen. Paul Mireau,3
975,14565,Wayne Morris,Lt. Roget/Singing man,4
975,12312,Richard Anderson,Maj. Saint-Auban,5
975,592,Joe Turkel,Pvt. Pierre Arnaud,6
975,1019259,Christiane Kubrick,German Singer,7
975,117671,Jerry Hausner,Proprietor of Cafe,8
975,3476,Peter Capell,Narrator of Opening Sequence,9
8986,29369,Melanie Griffith,V,0
8986,228,Ed Harris,Dad,1
8986,56486,Michael Patrick Carter,Frank,2
8986,56890,Malcolm McDowell,Waltzer,3
8986,8256,Anne Heche,Betty,4
8986,1953,Casey Siemaszko,Cash,5
8986,6541,Philip Bosco,Jerry,6
8986,1449695,Brian Christopher,Kevin,7
8986,56487,Adam LaVorgna,Brad,8
8986,92280,Kevin Scannell,Mr. Clean,9
914,13848,Charlie Chaplin,"Adenoid Hynkel, Dictator of Tomania / A Jewish Barber",0
914,14027,Paulette Goddard,Hannah,1
914,14028,Jack Oakie,"Benzino Napaloni, Dictator of Bacteria",2
914,14029,Reginald Gardiner,Commander Schultz,3
914,10924,Henry Daniell,Garbitsch,4
914,5464,Billy Gilbert,Field Marshal Herring,5
914,14030,Grace Hayle,Madame Napaloni,6
914,14019,Carter DeHaven,Spook,7
914,14032,Maurice Moscovitch,Mr. Jaeckel,8
914,14033,Emma Dunn,Mrs. Jaeckel,9
681,738,Sean Connery,James Bond,0
681,10190,Jill St. John,Tiffany Case,1
681,10074,Charles Gray,Ernst Stavro Blofeld,2
681,10191,Lana Wood,Plenty O'Toole,3
681,10192,Jimmy Dean,Willard Whyte,4
681,3244,Bruce Cabot,Albert R. Saxby,5
681,10193,Putter Smith,M. Kidd,6
681,10194,Bruce Glover,M. Wint,7
681,10195,Norman Burton,Felix Leiter,8
681,10196,Joseph Fürst,Professeur Docteur Metz,9
11843,12446,Peter Sellers,Inspector Clouseau,0
11843,290,Christopher Plummer,Sir Charles Litton,1
11843,18915,Catherine Schell,Claudine,2
11843,14503,Herbert Lom,Chief Inspector Dreyfus,3
11843,14955,Peter Arne,Colonel Sharki,4
11843,82549,Peter Jeffrey,General Wadafi,5
11843,53819,Grégoire Aslan,Chief of Lugash Police,6
11843,95125,David Lodge,Mac,7
11843,14107,Graham Stark,Pepe,8
11843,21609,Eric Pohlmann,Fat Man,9
9344,57387,Leo Fitzpatrick,Telly,0
9344,57389,Justin Pierce,Casper,1
9344,2838,Chloë Sevigny,Jennie,2
9344,5916,Rosario Dawson,Ruby,3
9344,2102585,Yakira Peguero,Darcy,4
9344,2490488,Atabey Rodriguez,Misha,5
9344,1658247,Harold Hunter,Harold,6
9344,17866,Jon Abrahams,Steven,7
9344,1187713,Sajan Bhagat,Paul,8
9344,57388,Sarah Henderson,Girl #1,9
18203,6613,Minnie Driver,Phyllis,0
18203,65,Ian Holm,Pascal,1
18203,6588,Isabella Rossellini,Gabriella,2
18203,4252,Tony Shalhoub,Primo,3
18203,2283,Stanley Tucci,Secondo,4
18203,1910,Caroline Aaron,Woman in Restaurant,5
18203,47775,Marc Anthony,Cristiano,6
18203,19,Allison Janney,Ann,7
18203,77254,Larry Block,Man in Restaurant,8
18203,212651,Andre Belgrader,Stash,9
39939,52049,Jay Chandrasekhar,Thorny,0
39939,56251,Kevin Heffernan,Farva,1
39939,52051,Steve Lemme,Mac,2
39939,56253,Paul Soter,Foster,3
39939,56252,Erik Stolhanske,Rabbit,4
39939,1248,Brian Cox,Captain O'Hagen,5
39939,1473,Daniel von Bargen,Chief Grady,6
39939,56595,Marisa Coughlan,Ursula,7
39939,44935,Lynda Carter,Governor Jessman,8
39939,1935252,André Vippolis,College Boy 1,9
928,16170,Zach Galligan,Billy Peltzer,0
928,16171,Phoebe Cates,Kate Beringer,1
928,5589,John Glover,Daniel Clamp,2
928,10360,Robert Prosky,Grandpa Fred,3
928,16180,Robert Picardo,Forster,4
928,113,Christopher Lee,Doctor Catheter,5
928,16181,Haviland Morris,Marla Bloodstone,6
928,102441,Dick Miller,Murray Futterman,7
928,16182,Jackie Joseph,Sheila Futterman,8
928,16183,Gedde Watanabe,Mr. Katsuji,9
615,8767,Jim Caviezel,Jesus,0
615,8768,Maia Morgenstern,Maria,1
615,8769,Christo Jivkov,Juan,2
615,8770,Francesco De Vito,Pedro,3
615,28782,Monica Bellucci,Magdalena,4
615,8772,Mattia Sbragia,Caifás,5
615,44650,Toni Bertorelli,Anás,6
615,8774,Luca Lionello,Judas,7
615,8775,Hristo Shopov,Poncio Pilato,8
615,8776,Claudia Gerini,Claudia Procles,9
254320,72466,Colin Farrell,David,0
254320,3293,Rachel Weisz,Short Sighted Woman,1
254320,39187,Olivia Colman,Hotel Manager,2
254320,121529,Léa Seydoux,Loner Leader,3
254320,17078,Michael Smiley,Loner Swimmer,4
254320,235125,Ariane Labed,The Maid,5
254320,4764,John C. Reilly,Lisping Man,6
254320,17064,Ben Whishaw,Limping Man,7
254320,122426,Angeliki Papoulia,Heartless Woman,8
254320,550552,Jessica Barden,Nosebleed Woman,9
22794,19278,Bill Hader,Flint Lockwood (voice),0
22794,1772,Anna Faris,Sam Sparks (voice),1
22794,3085,James Caan,Tim Lockwood (voice),2
22794,62861,Andy Samberg,"""Baby"" Brent (voice)",3
22794,11357,Bruce Campbell,Mayor Shelbourne (voice),4
22794,16619,Mr. T,Earl Devereaux (voice),5
22794,75633,Bobb'e J. Thompson,Cal Devereaux (voice),6
22794,4589,Benjamin Bratt,Manny (voice),7
22794,41686,Neil Patrick Harris,Steve (voice),8
22794,111875,Al Roker,Patrick Patrickson (voice),9
96721,74568,Chris Hemsworth,James Hunt,0
96721,3872,Daniel Brühl,Niki Lauda,1
96721,59315,Olivia Wilde,Suzy Miller,2
96721,5644,Alexandra Maria Lara,Marlene Lauda,3
96721,17839,Pierfrancesco Favino,Clay Regazzoni,4
96721,10779,David Calder,Louis Stanley,5
96721,58502,Natalie Dormer,Nurse Gemma,6
96721,21345,Stephen Mangan,Alastair Caldwell,7
96721,28478,Christian McKay,Lord Hesketh,8
96721,56100,Alistair Petrie,Stirling Moss,9
4523,9273,Amy Adams,Giselle,0
4523,18352,Patrick Dempsey,Robert Philip,1
4523,11006,James Marsden,Prince Edward,2
4523,9191,Timothy Spall,Nathaniel,3
4523,19394,Idina Menzel,Nancy Tremaine,4
4523,38192,Rachel Covey,Morgan Philip,5
4523,4038,Susan Sarandon,Queen Narissa,6
4523,5823,Julie Andrews,Narrator (voice),7
4523,34982,Jeff Bennett,Pip in Andalasia (voice),8
4523,15775,Kevin Lima,Pip in New York (voice),9
1552,67773,Steve Martin,Gil Buckman,0
1552,2453,Mary Steenburgen,Karen Buckman,1
1552,1902,Dianne Wiest,Helen Buckman Lampkin Bowman,2
1552,4765,Jason Robards,Frank Buckman,3
1552,8872,Rick Moranis,Nathan Huffner,4
1552,3999,Tom Hulce,Larry Buckman,5
1552,17495,Martha Plimpton,Julie Buckman-Lampkin Higgins,6
1552,6384,Keanu Reeves,Tod Higgins,7
1552,27106,Harley Jane Kozak,Susan Buckman,8
1552,73421,Joaquin Phoenix,Garry Buckman-Lampkin,9
10660,2963,Nicolas Cage,Charlie Lang,0
10660,2233,Bridget Fonda,Yvonne Biasi,1
10660,4810,Rosie Perez,Muriel Lang,2
10660,17859,Wendell Pierce,Bo Williams,3
10660,6542,Isaac Hayes,Angel Dupree,4
10660,2813365,Víctor Rojas,Jesu,5
10660,5950,Seymour Cassel,Jack Gross,6
10660,2283,Stanley Tucci,Eddie Biasi,7
10660,5169,J.E. Freeman,Sal Bontempo,8
10660,7503,Red Buttons,Walter Zakuto,9
11808,2176,Tommy Lee Jones,Samuel Gerard,0
11808,10814,Wesley Snipes,Sheridan,1
11808,3223,Robert Downey Jr.,Royce,2
11808,532,Joe Pantoliano,Renfro,3
11808,18794,Kate Nelligan,Walsh,4
11808,43774,Daniel Roebuck,Biggs,5
11808,43772,Tom Wood,Newman,6
11808,61010,LaTanya Richardson Jackson,Cooper,7
11808,8979,Patrick Malahide,Lamb,8
11808,1350,Irène Jacob,Marie,9
13997,58198,Chris Farley,Mike Donnelly,0
13997,60950,David Spade,Steve Dodds,1
13997,21561,Tim Matheson,Al Donnelly,2
13997,2048,Gary Busey,Drake Sabitch,3
13997,26999,Chris Owen,Hal,4
13997,14888,Bruce McGill,Neuschwander,5
13997,20196,Boyd Banks,Clyde Spinoza,6
13997,31511,Grant Heslov,Robbie Mieghem,7
13997,1598,David St. James,Motorcycle Cop,8
13997,17396,Timothy Carhart,Roger Kovary,9
1653,258,Gael García Bernal,"Ernesto ""Che"" Guevara de la Serna",0
1653,18478,Rodrigo de la Serna,Alberto Granado,1
1653,18499,Mercedes Morán,Celia de la Serna,2
1653,6859,Mía Maestro,Chichina Ferreyra,3
1653,105738,Jean Pierre Noher,Ernesto Guevara Lynch,4
1653,1313067,Lucas Oro,Roberto Guevara,5
1653,64772,Marina Glezer,Celita Guevara,6
1653,929483,Sofia Bertolotto,Ana María Guevara,7
1653,1313068,Franco Solazzi,Juan Martín Guevara,8
1653,1313069,Ricardo Díaz Mourelle,Uncle Jorge,9
1581,6941,Cameron Diaz,Amanda,0
1581,204,Kate Winslet,Iris,1
1581,9642,Jude Law,Graham,2
1581,70851,Jack Black,Miles,3
1581,3265,Eli Wallach,Arthur,4
1581,12833,Edward Burns,Ethan,5
1581,17328,Rufus Sewell,Jasper,6
1581,17691,Miffy Englefield,Sophie,7
1581,17692,Emma Pritchard,Olivia,8
1581,17693,Sarah Parish,Hannah,9
11050,4090,Shirley MacLaine,Aurora Greenway,0
11050,26513,Debra Winger,Emma Greenway Horton,1
11050,514,Jack Nicholson,Garrett Breedlove,2
11050,518,Danny DeVito,Vernon Dahlart,3
11050,8447,Jeff Daniels,Flap Horton,4
11050,12074,John Lithgow,Sam Burns,5
11050,1367884,Lisa Hart Carroll,Patsy Clark,6
11050,1367885,Betty King,Rosie Dunlop,7
11050,150974,Huckleberry Fox,Teddy Horton,8
11050,189740,Troy Bishop,Tommy Horton,9
9574,2157,Robin Williams,Professor Philip Brainard,0
9574,4726,Marcia Gay Harden,Dr. Sara Jean Reynolds,1
9574,4443,Christopher McDonald,Wilson Croft,2
9574,10361,Raymond J. Barry,Chester Hoenicker,3
9574,6574,Clancy Brown,Smith,4
9574,8631,Nancy Olson,Secretary at Ford Motor Company,5
9574,15854,Ted Levine,Wesson,6
9574,3033,Wil Wheaton,Bennett Hoenicker,7
9574,3202,Edie McClurg,Martha George,8
9574,63978,Jodi Benson,Weebo (voice),9
10948,1937,Mickey Rooney,Tod (voice),0
10948,6856,Kurt Russell,Copper (voice),1
10948,20157,Pearl Bailey,Big Mama (voice),2
10948,3461,Jack Albertson,Amos Slade (voice),3
10948,88947,Sandy Duncan,Vixey (voice),4
10948,7520,Jeanette Nolan,Widow Tweed (voice),5
10948,21460,Pat Buttram,Chief (voice),6
10948,12299,Richard Bakalyan,Dinky (voice),7
10948,77548,Paul Winchell,Boomer (voice),8
10948,5247,John Fiedler,Porcupine (voice),9
7095,2157,Robin Williams,Jack Powell,0
7095,2882,Diane Lane,Karen Powell,1
7095,50464,Brian Kerwin,Brian Powell,2
7095,16866,Jennifer Lopez,Miss Marquez,3
7095,51962,Bill Cosby,Lawrence Woodruff,4
7095,53122,Fran Drescher,Dolores Durante,5
7095,53123,Adam Zolotin,Louis Durante,6
7095,28035,Irwin Corey,Poppy,7
7095,59017,Jurnee Smollett-Bell,Phoebe,8
7095,1509841,Ashlee Lauren,Allison,9
551,193,Gene Hackman,Reverend Scott,0
551,7502,Ernest Borgnine,Mike Rogo,1
551,7631,Stella Stevens,Linda Rogo,2
551,7632,Shelley Winters,Belle Rosen,3
551,3461,Jack Albertson,Manny Rosen,4
551,7503,Red Buttons,James Martin,5
551,7505,Roddy McDowall,Acres,6
551,7504,Carol Lynley,Nonnie Parry,7
551,7634,Pamela Sue Martin,Susan Shelby,8
551,7635,Eric Shea,Robin Shelby,9
11371,380,Robert De Niro,Nick Wells,0
11371,819,Edward Norton,Jack Teller,1
11371,3084,Marlon Brando,Max,2
11371,9780,Angela Bassett,Diane,3
11371,15439,Gary Farmer,Burt,4
11371,86919,Jamie Harrold,Steven,5
11371,1215283,Paul Soles,Danny,6
11371,543212,Martin Drainville,Jean-Claude,7
11371,41746,Serge Houde,Laurent,8
11371,125837,Jean-René Ouellet,André,9
6073,287,Brad Pitt,Jerry,0
6073,1204,Julia Roberts,Samantha,1
6073,4691,James Gandolfini,Leroy,2
6073,18999,J.K. Simmons,Ted,3
6073,12438,Bob Balaban,Nayman,4
6073,92309,Sherman Augustus,Well Dressed Black Man,5
6073,49827,Michael Cerveris,Frank,6
6073,193,Gene Hackman,Margolese,7
6073,157609,Richard Coca,Car Thief,8
6073,38582,David Krumholtz,Beck,9
11663,70147,Robert Arkins,Jimmy Rabbitte,0
11663,70148,Michael Aherne,Steven Clifford,1
11663,63358,Angeline Ball,Imelda Quirke,2
11663,33394,Maria Doyle Kennedy,Natalie Murphy,3
11663,931883,Dave Finnegan,Mickah Wallace,4
11663,33399,Bronagh Gallagher,Bernie McGloughlin,5
11663,931884,Félim Gormley,Dean Fay,6
11663,45124,Glen Hansard,Outspan Foster,7
11663,931886,Dick Massey,Billy Mooney,8
11663,931885,Johnny Murphy,Joey 'The Lips' Fagan,9
10586,3392,Michael Douglas,Charles Remington,0
10586,5576,Val Kilmer,Col. John Henry Patterson,1
10586,207,Tom Wilkinson,Sir Robert Beaumont,2
10586,51878,John Kani,Samuel,3
10586,1246,Emily Mortimer,Helena Patterson,4
10586,1369,Bernard Hill,Dr. David Hawthorne,5
10586,18280,Brian McCardie,Angus Starling,6
10586,11851,Om Puri,Abdullah,7
10586,1156168,Jack Devnarain,Nervous Sikh Orderly,8
10586,143476,Henry Cele,Mahina,9
606,4135,Robert Redford,Denys Finch Hatton,0
606,5064,Meryl Streep,Karen Blixen,1
606,10647,Klaus Maria Brandauer,Bror / Hans von Blixen-Finecke,2
606,10648,Michael Kitchen,Berkeley Cole,3
606,10649,Malick Bowens,Farah Aden,4
606,3796,Michael Gough,Lord Delamere,5
606,10652,Suzanna Hamilton,Felicity Spurway,6
606,10653,Rachel Kempson,Lady Belfield,7
606,10654,Graham Crowden,Lord Belfield,8
606,10655,Leslie Phillips,Sir Joseph,9
10468,18277,Sandra Bullock,Gwen Cummings,0
10468,110,Viggo Mortensen,Eddie Boone,1
10468,17287,Dominic West,Jasper,2
10468,20,Elizabeth Perkins,Lily Cummings,3
10468,31715,Azura Skye,Andrea,4
10468,884,Steve Buscemi,Cornell,5
10468,21088,Alan Tudyk,Gerhardt,6
10468,87192,Mike O'Malley,Oliver,7
10468,17352,Marianne Jean-Baptiste,Roshanda,8
10468,14784,Reni Santoni,Daniel,9
9778,3036,John Cusack,Jonathan Trager,0
9778,3967,Kate Beckinsale,Sara Thomas,1
9778,28640,Molly Shannon,Eve,2
9778,12799,Jeremy Piven,Dean Kansky,3
9778,38405,John Corbett,Lars Hammond,4
9778,18354,Bridget Moynahan,Halley Buchanan,5
9778,26510,Eugene Levy,Bloomingdale's Salesman,6
9778,40385,Marcia Bennett,Mrs. Louis Trager,7
9778,8347,Eve Crawford,Mrs. Buchanan,8
9778,57387,Leo Fitzpatrick,Leasing Office Temp,9
3021,3036,John Cusack,Mike Enslin,0
3021,2231,Samuel L. Jackson,Gerald Olin,1
3021,1980,Mary McCormack,Lilly Enslin,2
3021,29612,Jasmine Jessica Anthony,Katie,3
3021,4252,Tony Shalhoub,Sam Farrell,4
3021,41247,Len Cariou,Mike's Father,5
3021,17490,Isiah Whitlock Jr.,Hotel Engineer,6
3021,29615,Noah Lee Margetts,Bellboy,7
3021,29616,William Armstrong,Clay,8
3021,29617,Paul Birchard,Mr. Innkeeper,9
11549,34597,Kevin McCarthy,Dr. Miles J. Bennell,0
11549,69810,Dana Wynter,Becky Driscoll,1
11549,69811,King Donovan,Jack Belicec,2
11549,19109,Carolyn Jones,Theodora 'Teddy' Belicec,3
11549,3640,Larry Gates,Dr. Dan 'Danny' Kauffman,4
11549,101483,Kenneth Patterson,Stanley Driscoll,5
11549,101481,Virginia Christine,Wilma Lentz,6
11549,101479,Jean Willes,Nurse Sally Withers,7
11549,83801,Ralph Dumke,Police Chief Nick Grivett,8
11549,101484,Guy Way,Officer Sam Janzek,9
96,776,Eddie Murphy,Axel Foley,0
96,777,Judge Reinhold,Billy Rosewood,1
96,778,John Ashton,John Taggart,2
96,920,Jürgen Prochnow,Maxwell Dent,3
96,780,Ronny Cox,Andrew Bogomil,4
96,921,Brigitte Nielsen,Karla Fry,5
96,922,Allen Garfield,Harold Lutz,6
96,923,Dean Stockwell,Chip Cain,7
96,781,Paul Reiser,Jeffrey Friedman,8
96,787,Gilbert R. Hill,Inspector Todd,9
438631,1190668,Timothée Chalamet,Paul Atreides,0
438631,933238,Rebecca Ferguson,Lady Jessica Atreides,1
438631,25072,Oscar Isaac,Duke Leto Atreides,2
438631,117642,Jason Momoa,Duncan Idaho,3
438631,1640,Stellan Skarsgård,Baron Vladimir Harkonnen,4
438631,196179,Stephen McKinley Henderson,Thufir Hawat,5
438631,16851,Josh Brolin,Gurney Halleck,6
438631,3810,Javier Bardem,Stilgar,7
438631,195666,Sharon Duncan-Brewster,Dr. Liet Kynes,8
438631,1622,Chang Chen,Dr. Wellington Yueh,9
11704,70286,Elizabeth Hartman,Mrs. Brisby (voice),0
11704,937,Derek Jacobi,Nicodemus (voice),1
11704,13392,Arthur Malet,Mr. Ages (voice),2
11704,6844,Dom DeLuise,Jeremy (voice),3
11704,5827,Hermione Baddeley,Auntie Shrew (voice),4
11704,19144,Shannen Doherty,Teresa (voice),5
11704,3033,Wil Wheaton,Martin (voice),6
11704,1554694,Jodi Hicks,Cynthia (voice),7
11704,16621,Ina Fried,Timothy (voice),8
11704,8516,John Carradine,Great Owl (voice),9
9531,20006,Christopher Reeve,Clark Kent / Superman,0
9531,9309,Richard Pryor,August 'Gus' Gorman,1
9531,1734,Annette O'Toole,Lana Lang,2
9531,14060,Robert Vaughn,Ross Webster,3
9531,37368,Annie Ross,Vera Webster,4
9531,43805,Pamela Stephenson,Lorelei Ambrosia,5
9531,12660,Gavan O'Herlihy,Brad Wilson,6
9531,3227070,Paul Kaethler,Ricky Lang,7
9531,55278,Jackie Cooper,Perry White,8
9531,20011,Margot Kidder,Lois Lane,9
11881,70035,Maureen O'Hara,Doris Walker,0
11881,70820,John Payne,Fred Gailey,1
11881,22600,Edmund Gwenn,Kris Kringle,2
11881,30234,Gene Lockhart,Judge Harper,3
11881,2769,Natalie Wood,Susan Walker,4
11881,14975,Porter Hall,Granville Sawyer,5
11881,34285,William Frawley,Charlie Halloran,6
11881,14452,Jerome Cowan,Thomas Mara,7
11881,10928,Philip Tonge,Julian Shellhammer,8
11881,89703,James Seay,Dr. Pierce (uncredited),9
16538,22226,Paul Rudd,Peter Klaven,0
16538,41088,Jason Segel,Sydney Fife,1
16538,80591,Rashida Jones,Zooey Rice,2
16538,62861,Andy Samberg,Robbie Klaven,3
16538,18999,J.K. Simmons,Oswald Klaven,4
16538,58184,Jane Curtin,Joyce Klaven,5
16538,15277,Jon Favreau,Barry,6
16538,56824,Jaime Pressly,Denise,7
16538,80595,Rob Huebel,Tevin Downey,8
16538,539,Thomas Lennon,Doug,9
297761,2888,Will Smith,Deadshot,0
297761,7499,Jared Leto,The Joker,1
297761,234352,Margot Robbie,Harley Quinn,2
297761,92404,Joel Kinnaman,Rick Flag,3
297761,19492,Viola Davis,Amanda Waller,4
297761,224181,Jai Courtney,Boomerang,5
297761,19487,Jay Hernandez,Diablo,6
297761,31164,Adewale Akinnuoye-Agbaje,Killer Croc,7
297761,1289968,Cara Delevingne,June Moone / Enchantress,8
297761,198150,Ike Barinholtz,Griggs,9
8818,3125,Madonna,Eva Perón,0
8818,3131,Antonio Banderas,Ché,1
8818,378,Jonathan Pryce,Juan Perón,2
8818,18065,Jimmy Nail,Agustín Magaldi,3
8818,1306206,Victoria Sus,Doña Juana,4
8818,1403819,Julian Littman,Brother Juan,5
8818,53937,Olga Merediz,Blanca,6
8818,1242153,Laura Pallas,Elisa,7
8818,1278498,Julia Worsley,Erminda,8
8818,1403820,María Luján Hidalgo,Young Eva,9
14181,1771,Giovanni Ribisi,Seth Davis,0
14181,12835,Vin Diesel,Chris Varick,1
14181,9781,Nia Long,Abbie Halpert,2
14181,18070,Nicky Katt,Greg Weinstein,3
14181,1894,Scott Caan,Richie O'Flaherty,4
14181,12122,Ron Rifkin,Judge Marty Davis,5
14181,6213,Jamie Kennedy,Adam,6
14181,4944,Taylor Nichols,Harry Reynard,7
14181,32029,Bill Sage,FBI Agent David Drew,8
14181,16857,Tom Everett Scott,Michael Brantley,9
660,738,Sean Connery,James Bond,0
660,9919,Claudine Auger,Dominique 'Domino' Derval,1
660,9920,Adolfo Celi,Emilio Largo,2
660,9921,Luciana Paluzzi,Fiona Volpe,3
660,9922,Rik Van Nutter,Felix Leiter,4
660,9923,Guy Doleman,Count Lippe,5
660,9924,Molly Peters,Patricia Fearing,6
660,9925,Martine Beswick,Paula Caplan,7
660,9874,Bernard Lee,M,8
660,9906,Desmond Llewelyn,Q,9
4978,40348,Phillip Glasser,Fievel Mousekewitz (voice),0
4978,40349,Erica Yohn,Mama Mousekewitz (voice),1
4978,3160,Nehemiah Persoff,Papa Mousekewitz (voice),2
4978,40350,Amy Green,Tanya Mousekewitz (voice),3
4978,290,Christopher Plummer,Henri (voice),4
4978,40351,John Finnegan,Warren T. Rat (voice),5
4978,40352,Will Ryan,Digit (voice),6
4978,25627,Hal Smith,Moe (voice),7
4978,35349,Pat Musick,Tony Toponi (voice),8
4978,1232101,Cathianne Blore,Bridget (voice),9
5550,31512,Robert John Burke,Robocop,0
5550,44038,Nancy Allen,Anne Lewis,1
5550,9626,Rip Torn,The CEO,2
5550,15198,John Castle,McDaggett,3
5550,50877,Jill Hennessy,Dr. Marie Lazarus,4
5550,30485,CCH Pounder,Bertha,5
5550,10134,Mako,Kanemitsu,6
5550,30615,Robert DoQui,Sergeant Reed,7
5550,44058,Remy Ryan Hernandez,Nikko,8
5550,35244,Bruce Locke,Otomo,9
11393,4135,Robert Redford,Roy Hobbs,0
11393,3087,Robert Duvall,Max Mercy,1
11393,515,Glenn Close,Iris Gaines,2
11393,326,Kim Basinger,Memo Paris,3
11393,11065,Wilford Brimley,Pop Fisher,4
11393,10767,Barbara Hershey,Harriet Bird,5
11393,10360,Robert Prosky,The Judge,6
11393,5605,Richard Farnsworth,Red Blow,7
11393,10671,Joe Don Baker,The Whammer,8
11393,147,Michael Madsen,Bump Bailey,9
2277,2157,Robin Williams,Andrew,0
2277,6368,Embeth Davidtz,Little Miss / Portia,1
2277,4783,Sam Neill,Sir,2
2277,17485,Oliver Platt,Rupert Burns,3
2277,23504,Kiersten Warren,Galatea Robotic / Human,4
2277,19957,Wendy Crewson,Ma'am,5
2277,15674,Hallie Eisenberg,Little Miss 7 yrs. old,6
2277,90423,Lindze Letherman,Miss 9 yrs. old,7
2277,156933,Angela Landis,Miss,8
2277,8265,John Michael Higgins,Bill Feingold,9
5924,13565,Steve McQueen,"Henri ""Papillon"" Charriere",0
5924,4483,Dustin Hoffman,Louis Dega,1
5924,15666,Victor Jory,Indian Chief,2
5924,14062,Don Gordon,Julot,3
5924,2516,Anthony Zerbe,Toussaint,4
5924,49356,Robert Deman,Maturette,5
5924,13263,Woodrow Parfrey,Clusiot,6
5924,49357,Bill Mumy,Lariot,7
5924,11028,George Coulouris,Dr. Chatal,8
5924,993183,Ratna Assan,Zoraima,9
55931,6384,Keanu Reeves,"Neo (""Kid's Story"") (voice)",0
55931,530,Carrie-Anne Moss,"Trinity (""Kid's Story"" and ""A Detective Story"") (voice)",1
55931,56347,Clayton Watson,"The Kid (""Kid's Story"") (voice)",2
55931,21063,Pamela Adlon,"Jue (""Final Flight of the Osiris"") / Manabu (""Beyond"") (voice)",3
55931,89251,Melinda Clarke,"Alexa (""Matriculated"") (voice)",4
55931,31531,John DiMaggio,"Crew Man (""Final Flight of the Osiris"") / Kaiser (""Program"") (voice)",5
55931,24362,Kevin Michael Richardson,"Thadeus (""Final Flight of Osiris"") / Cop (""Kid's Story"") / Agent #2 (""World Record"")",6
55931,78798,Tom Kenny,"Operator (""Final Flight of Osiris"")",7
55931,123532,Rick Gomez,"Pilot (""Final Flight of Osiris"")",8
55931,15762,Tara Strong,"Crew Woman (""Final Flight of Osiris"") / Nurse (""World Record"") / Misha (""Beyond"")",9
10414,2880,Emilio Estevez,Gordon Bombay,0
10414,14324,Joss Ackland,Hans,1
10414,65019,Lane Smith,Jack Reilly,2
10414,65038,Heidi Kling,Casey Conway,3
10414,14792,Josef Sommer,Mr. Ducksworth,4
10414,11866,Joshua Jackson,Charlie Conway,5
10414,147499,Shaun Weiss,Greg Goldberg,6
10414,148641,Vincent Larusso,Adam Banks,7
10414,20220,Elden Henson,Fulton Reed,8
10414,277101,Danny Tamberelli,Tommy Duncan,9
11831,192,Morgan Freeman,Theodore Joadson,0
11831,15788,Nigel Hawthorne,Martin Van Buren,1
11831,4173,Anthony Hopkins,John Quincy Adams,2
11831,938,Djimon Hounsou,Cinque,3
11831,10297,Matthew McConaughey,Roger Sherman Baldwin,4
11831,19839,David Paymer,Secretary John Forsyth,5
11831,4935,Pete Postlethwaite,Holabird,6
11831,1640,Stellan Skarsgård,Tappan,7
11831,12801,Razaaq Adoti,Yamba,8
11831,2119737,Abu Bakaar Fofanah,Fala,9
4836,8784,Daniel Craig,XXXX,0
4836,23459,Sienna Miller,Tammy,1
4836,2524,Tom Hardy,Clarkie,2
4836,17782,Colm Meaney,Gene,3
4836,2247,George Harris,Morty,4
4836,39658,Sally Hawkins,Slasher,5
4836,26258,Kenneth Cranham,Jimmy Price,6
4836,3543,Jamie Foreman,Duke,7
4836,5658,Michael Gambon,Eddie Temple,8
4836,17064,Ben Whishaw,Sidney,9
9040,1158,Al Pacino,Officer Frank Serpico,0
9040,18649,John Randolph,Sidney Green,1
9040,1273,Jack Kehoe,Tom Keough,2
9040,13947,Biff McGuire,Captain McClain,3
9040,56779,Barbara Eda-Young,Laurie,4
9040,56780,Cornelia Sharpe,Leslie Lane,5
9040,10555,Tony Roberts,Bob Blair,6
9040,1330739,John Medici,Pasquale,7
9040,568531,Allan Rich,D. A. Tauber,8
9040,1757711,Norman Ornellas,Rubello,9
99,953,Cecilia Roth,Manuela,0
99,954,Marisa Paredes,Huma Rojo,1
99,958,Candela Peña,Nina,2
99,961,Antonia San Juan,Agrado,3
99,955,Penélope Cruz,Rosa,4
99,962,Rosa María Sardà,Rosa's Mother,5
99,965,Fernando Fernán Gómez,Rosa's Father,6
99,3651,Fernando Guillén,Doctor in 'A Streetcar Named Desire',7
99,963,Toni Cantó,Lola,8
99,3650,Carlos Lozano,Mario,9
9536,64998,Pauly Shore,Bud Macintosh,0
9536,9045,Stephen Baldwin,Doyle Johnson,1
9536,7676,William Atherton,Dr. Noah Faulkner,2
9536,16484,Joey Lauren Adams,Monique,3
9536,43433,Teresa Hill,Jen,4
9536,19439,Henry Gibson,William Leaky,5
9536,57869,Kevin West,T.C. Romulus,6
9536,23970,Denise Dowse,Olivia Biggs,7
9536,57868,Dara Tomanovich,Mimi Simkins,8
9536,16850,Rose McGowan,Denise,9
9452,6449,Warren Beatty,Jay Bulworth,0
9452,4587,Halle Berry,Nina,1
9452,1643527,Kimberly Deauna Adams,Denisha,2
9452,100592,Vinny Argiro,Debate Director,3
9452,1328,Sean Astin,Gary,4
9452,3206,Kirk Baltz,Debate Producer,5
9452,94752,Ernie Lee Banks,Leroy,6
9452,545358,Amiri Baraka,Rastaman,7
9452,11870,Christine Baranski,Constance Bulworth,8
9452,154114,Adilah Barnes,Mrs. Brown,9
504,6885,Charlize Theron,Aileen Wuornos,0
504,6886,Christina Ricci,Selby Wall,1
504,6905,Bruce Dern,Thomas,2
504,6906,Lee Tergesen,Vincent Corey,3
504,6907,Annie Corley,Donna,4
504,3201,Pruitt Taylor Vince,"Gene / Stuttering ""John""",5
504,94182,Marco St. John,"Evan / Undercover ""John""",6
504,6908,Marc Macaulay,"Will / Daddy ""John""",7
504,6914,Scott Wilson,"Horton / Last ""John""",8
504,52483,Rus Blackwell,Cop,9
10778,879,Billy Bob Thornton,Ed Crane,0
10778,3910,Frances McDormand,Doris Crane,1
10778,1010,Michael Badalucco,Frank,2
10778,4691,James Gandolfini,Big Dave Brewster,3
10778,171379,Katherine Borowitz,Ann Nirdlinger Brewster,4
10778,4253,Jon Polito,Creighton Tolliver,5
10778,1245,Scarlett Johansson,Birdy Abundas,6
10778,28633,Richard Jenkins,Walter Abundas,7
10778,4252,Tony Shalhoub,Freddy Riedenschneider,8
10778,37255,Christopher Kriesa,Officer Persky,9
12429,78346,Yuria Kozuki,Ponyo (voice),0
12429,78347,Hiroki Doi,Sosuke (voice),1
12429,78348,George Tokoro,Fujimoto (voice),2
12429,78349,Tomoko Yamaguchi,Risa (voice),3
12429,78350,Yuki Amami,Gran Mamare (voice),4
12429,78351,Kazushige Nagashima,Koichi (voice),5
12429,78352,Akiko Yano,Ponyo's Sister (voice),6
12429,78353,Shin'ichi Hatori,Anchorman (voice),7
12429,78354,Tokie Hidari,Kayo (voice),8
12429,19587,Rumi Hiiragi,Young Mother (voice),9
12160,1269,Kevin Costner,Wyatt Earp,0
12160,6065,Dennis Quaid,Doc Holliday,1
12160,193,Gene Hackman,Nicholas Earp,2
12160,7219,David Andrews,James Earp,3
12160,57251,Linden Ashby,Morgan Earp,4
12160,20495,Jeff Fahey,Ike Clanton,5
12160,59662,Joanna Going,Josie Marcus,6
12160,19728,Mark Harmon,Sheriff Johnny Behan,7
12160,147,Michael Madsen,Virgil Earp,8
12160,11514,Catherine O'Hara,Allie Earp,9
13685,36422,Luke Wilson,Anthony Adams,0
13685,887,Owen Wilson,Dignan,1
13685,52797,Robert Musgrave,Bob Mapplethorpe,2
13685,74940,Lumi Cavazos,Inez,3
13685,3085,James Caan,Mr. Abe Henry,4
13685,71555,Andrew Wilson,"John ""Future Man"" Mapplethorpe",5
13685,2674324,Teddy Wilson,Hector Mapplethorpe,6
13685,2086069,Donny Caicedo,Rocky,7
13685,42006,Ned Dowd,Dr. Nichols,8
13685,955807,Jenni Tooley,Stacy Sinclair,9
900,6598,Katharine Hepburn,Susan,0
900,2638,Cary Grant,David,1
900,2436,Charles Ruggles,Major Applegate,2
900,13819,Walter Catlett,Slocum,3
900,13820,Barry Fitzgerald,Mr. Gogarty,4
900,13816,May Robson,Aunt Elizabeth,5
900,13821,Fritz Feld,Dr. Lehman,6
900,13822,Leona Roberts,Mrs. Gogarty,7
900,13823,George Irving,Mr. Peabody,8
900,13824,Tala Birell,Mrs. Lehman,9
1495,114,Orlando Bloom,Balian de Ibelin,0
1495,10912,Eva Green,Sibylla,1
1495,16940,Jeremy Irons,Tiberias,2
1495,11207,David Thewlis,Hospitaler,3
1495,70577,Ghassan Massoud,Saladin,4
1495,3896,Liam Neeson,Godfrey de Ibelin,5
1495,2039,Brendan Gleeson,Reynald de Chatillon,6
1495,20982,Marton Csokas,Guy de Lusignan,7
1495,2957,Alexander Siddig,Nasir,8
1495,3968,Michael Sheen,Priest,9
23210,8893,Stockard Channing,Ouisa,0
23210,2888,Will Smith,Paul,1
23210,55636,Donald Sutherland,Flan,2
23210,1327,Ian McKellen,Geoffrey,3
23210,54782,Mary Beth Hurt,Kitty,4
23210,52374,Bruce Davison,Larkin,5
23210,15416,Richard Masur,Dr. Fine,6
23210,1904,Anthony Michael Hall,Trent,7
23210,69122,Heather Graham,Elizabeth,8
23210,53574,Eric Thal,Rick,9
102651,11701,Angelina Jolie,Maleficent,0
102651,18050,Elle Fanning,Aurora,1
102651,11356,Imelda Staunton,Knotgrass,2
102651,82191,Sharlto Copley,Stefan,3
102651,72305,Lesley Manville,Flittle,4
102651,36594,Juno Temple,Thistletwit,5
102651,32987,Sam Riley,Diaval,6
102651,1017347,Brenton Thwaites,Prince Phillip,7
102651,26258,Kenneth Cranham,King Henry,8
102651,195286,Sarah Flind,Princess Leila's Handmaiden,9
12123,6384,Keanu Reeves,Eddie Kasalivich,0
12123,192,Morgan Freeman,Paul Shannon,1
12123,3293,Rachel Weisz,Dr. Lily Sinclair,2
12123,10430,Fred Ward,FBI Agent Leon Ford,3
12123,14721,Kevin Dunn,FBI Agent Doyle,4
12123,1248,Brian Cox,Lyman Earl Collier,5
12123,593,Joanna Cassidy,Maggie McDermott,6
12123,10486,Chelcie Ross,Ed Rafferty,7
12123,1362093,Nicholas Rudall,Dr. Alistair Barkley,8
12123,21629,Tzi Ma,Lu Chen,9
424694,17838,Rami Malek,Freddie Mercury,0
424694,1220123,Gwilym Lee,Brian May,1
424694,1452045,Ben Hardy,Roger Taylor,2
424694,4787,Joseph Mazzello,John Deacon,3
424694,86232,Lucy Boynton,Mary Austin,4
424694,49735,Aidan Gillen,John Reid,5
424694,85718,Allen Leech,Paul Prenter,6
424694,2441,Tom Hollander,Jim Beach,7
424694,12073,Mike Myers,Ray Foster,8
424694,1227888,Aaron McCusker,Jim Hutton,9
4816,2178,Forest Whitaker,Ghost Dog,0
4816,28002,John Tormey,Louie,1
4816,19183,Cliff Gorman,Sonny Valerio,2
4816,39598,Frank Minucci,Big Angie,3
4816,4255,Richard Portnow,Handsome Frank,4
4816,39596,Tricia Vessey,Louise Vargo,5
4816,14731,Henry Silva,Ray Vargo,6
4816,39599,Gene Ruffini,Old Consigliere,7
4816,4692,Frank Adonis,Valerio's Bodyguard,8
4816,2561,Victor Argo,Vinny,9
691,10222,Roger Moore,James Bond,0
691,10458,Barbara Bach,Major Anya Amasova,1
691,10459,Curd Jürgens,Karl Stromberg,2
691,10460,Richard Kiel,Jaws,3
691,10461,Caroline Munro,Naomi,4
691,6610,Walter Gotell,General Anatol Gogol,5
691,10462,Geoffrey Keen,Sir Frederick Gray,6
691,9874,Bernard Lee,M,7
691,10173,George Baker,Captain Benson,8
691,10463,Michael Billington,Sergei Barsov,9
9896,174838,Gloria Allred,Gloria Allred,0
9896,33654,Breckin Meyer,Nick Schaffer,1
9896,9777,Cuba Gooding Jr.,Owen Templeton,2
9896,206202,Lanei Chapman,Merrill Jennings,3
9896,20189,Amy Smart,Tracy Faucet,4
9896,13922,Seth Green,Duane Cody,5
9896,58381,Vince Vieluf,Blaine Cody,6
9896,2395,Whoopi Goldberg,Vera Baker,7
9896,10730,Rowan Atkinson,Enrico Pollini,8
9896,8930,John Cleese,Donald P. Sinclair,9
10683,209,Jane Adams,Joy Jordan,0
10683,1233,Philip Seymour Hoffman,Allen,1
10683,19152,Dylan Baker,Bill Maplewood,2
10683,6684,Lara Flynn Boyle,Helen Jordan,3
10683,65528,Cynthia Stevenson,Trish Maplewood,4
10683,9565,Louise Lasser,Mona Jordan,5
10683,856,Ben Gazzara,Lenny Jordan,6
10683,20187,Camryn Manheim,Kristina,7
10683,171865,Rufus Read,Billy Maplewood,8
10683,16165,Jon Lovitz,Andy Kornbluth,9
590,2227,Nicole Kidman,Virginia Woolf,0
590,1231,Julianne Moore,Laura Brown,1
590,5064,Meryl Streep,Clarissa Vaughan,2
590,8435,Stephen Dillane,Leonard Woolf,3
590,1310666,Jack Rovello,Richie,4
590,228,Ed Harris,Richard Brown,5
590,8436,Miranda Richardson,Vanessa Bell,6
590,4764,John C. Reilly,Dan Brown,7
590,19,Allison Janney,Sally Lester,8
590,8439,George Loftus,Quentin Bell,9
8974,56442,Gene Barry,Clayton Forrester,0
8974,103079,Ann Robinson,Sylvia Van Buren,1
8974,93625,Lewis Martin,Matthew Collins,2
8974,2648,Les Tremayne,General Mann,3
8974,179462,Frank Kreig,Fiddler Hawkins (uncredited),4
8974,954443,Vernon Rich,Ralph Heffner,5
8974,56445,Sandro Giglio,Dr. Bilderbeck,6
8974,124736,Ann Codee,Dr. Duprey (uncredited),7
8974,56444,Robert Cornthwaite,Dr. Pryor,8
8974,99461,Cedric Hardwicke,Commentary (voice),9
8438,2224,Christian Slater,James Stamphill,0
8438,4724,Kevin Bacon,Henri Young,1
8438,64,Gary Oldman,Associate Milton Glenn,2
8438,6368,Embeth Davidtz,Mary McCasslin,3
8438,3905,William H. Macy,Bill McNeill,4
8438,537,Stephen Tobolowsky,Mr. Henkin,5
8438,1370,Brad Dourif,Byron Stamphill,6
8438,26467,Kyra Sedgwick,Blanche,7
8438,18658,Mia Kirshner,Rosetta Young,8
8438,8655,R. Lee Ermey,Judge Clawson,9
8688,2963,Nicolas Cage,Rick Santoro,0
8688,33,Gary Sinise,Kevin Dunne,1
8688,17832,Carla Gugino,Julia Costello,2
8688,11512,John Heard,Gilbert Powell,3
8688,16936,Stan Shaw,Lincoln Tyler,4
8688,14721,Kevin Dunn,Lou Logan,5
8688,18313,Michael Rispoli,Jimmy George,6
8688,118478,Joel Fabiani,Charles Kirkland,7
8688,40481,Luis Guzmán,Cyrus,8
8688,78102,David Anthony Higgins,Ned Campbell,9
3525,29369,Melanie Griffith,Tess McGill,0
3525,3,Harrison Ford,Jack Trainer,1
3525,10205,Sigourney Weaver,Katharine Parker,2
3525,7447,Alec Baldwin,Mick Dugan,3
3525,3234,Joan Cusack,Cyn,4
3525,6541,Philip Bosco,Oren Trask,5
3525,4496,Nora Dunn,Ginny,6
3525,17485,Oliver Platt,Lutz,7
3525,32493,James Lally,Turkel,8
3525,1979,Kevin Spacey,Bob Speck,9
2135,529,Guy Pearce,Alexander Hartdegen,0
2135,97049,Samantha Mumba,Mara,1
2135,16940,Jeremy Irons,Über-Morlock,2
2135,1470328,Omero Mumba,Kalen,3
2135,7055,Sienna Guillory,Emma,4
2135,18270,Orlando Jones,Vox,5
2135,13633,Mark Addy,David Filby,6
2135,17787,Phyllida Law,Mrs. Watchett,7
2135,21881,Laura Kirk,Flower Seller,8
2135,1470323,John W. Momrow,Fifth Avenue Carriage Driver,9
324786,37625,Andrew Garfield,Desmond T. Doss,0
324786,65731,Sam Worthington,Captain Glover,1
324786,4937,Vince Vaughn,Sgt Howell,2
324786,20374,Teresa Palmer,Dorothy Schuttle,3
324786,972356,Luke Bracey,Smitty Ryker,4
324786,1331,Hugo Weaving,Tom Doss,5
324786,3052,Rachel Griffiths,Bertha Doss,6
324786,1213279,Ryan Corr,Lieutenant Manville,7
324786,12206,Richard Roxburgh,Colonel Stelzer,8
324786,61784,Goran D. Kleut,Andy 'Ghoul' Walker,9
300668,524,Natalie Portman,Lena,0
300668,10431,Jennifer Jason Leigh,Dr Ventress,1
300668,180486,Gina Rodriguez,Anya Thorensen,2
300668,62561,Tessa Thompson,Josie Radek,3
300668,67737,Tuva Novotny,Cass Sheppard,4
300668,25072,Oscar Isaac,Kane,5
300668,30082,Benedict Wong,Lomax,6
300668,1457238,Sonoya Mizuno,Humanoid / Katie (Med Student),7
300668,55411,David Gyasi,Daniel,8
300668,207304,John Schwab,Paramedic,9
10206,56128,Kristy Swanson,Buffy Summers,0
10206,55636,Donald Sutherland,Merrick Jamison-Smythe,1
10206,5129,Paul Reubens,Amilyn,2
10206,585,Rutger Hauer,Lothos,3
10206,8395,Luke Perry,Oliver Pike,4
10206,448,Hilary Swank,Kimberly Hannah,5
10206,77012,Michele Abrams,Jennifer,6
10206,15234,David Arquette,Benny,7
10206,3270,Natasha Gregson Wagner,Cassandra,8
10206,11155,Thomas Jane,Zeph,9
4808,2638,Cary Grant,Peter Joshua,0
4808,1932,Audrey Hepburn,Regina Lampert,1
4808,6837,Walter Matthau,Hamilton Bartholemew,2
4808,5563,James Coburn,Tex Panthollow,3
4808,12950,George Kennedy,Herman Scobie,4
4808,41714,Dominique Minot,Sylvie Gaudel,5
4808,18870,Ned Glass,Leopold Gideon,6
4808,26890,Jacques Marin,Edouard Grandpierre,7
4808,41716,Paul Bonifas,Mr. Felix,8
4808,41717,Thomas Chelimsky,Jean-Louis Gaudel,9
10865,521,Michael J. Fox,Milo (voice),0
10865,34985,Cree Summer,Princess Kida (voice),1
10865,16896,James Garner,Rourke (voice),2
10865,52300,Claudia Christian,Helga (voice),3
10865,35219,Corey Burton,Moliere (voice),4
10865,56853,Phil Morris,Dr. Sweet (voice),5
10865,49818,Jacqueline Obradors,Audrey (voice),6
10865,161860,Don Novello,Vinny (voice),7
10865,12899,Jim Varney,Cookie (voice),8
10865,84323,Florence Stanley,Mrs. Packard (voice),9
1985,5469,Ralph Fiennes,Justin Quayle,0
1985,3293,Rachel Weisz,Tessa Quayle,1
1985,6413,Danny Huston,Sandy Woodrow,2
1985,2440,Bill Nighy,Sir Bernard Pellegrin,3
1985,4935,Pete Postlethwaite,Lorbeer,4
1985,7025,Richard McCabe,Arthur Hammond,5
1985,20425,Donald Sumpter,Tim Donohue,6
1985,18066,Juliet Aubrey,Gloria Woodrow,7
1985,5418,Hubert Koundé,Dr. Arnold Bluhm,8
1985,128645,Archie Panjabi,Ghita Pearson,9
1992,16850,Rose McGowan,Cherry Darling,0
1992,6862,Freddy Rodríguez,Wray,1
1992,6407,Marley Shelton,Dr. Dakota Block,2
1992,16851,Josh Brolin,Dr. William Block,3
1992,20495,Jeff Fahey,J.T. Hague,4
1992,2712,Michael Biehn,Sheriff Hague,5
1992,62,Bruce Willis,Lieutenant Muldoon,6
1992,20499,Rebel Rodriguez,Tony Block,7
1992,5471,Naveen Andrews,Abby,8
1992,17413,Julio Oscar Mechoso,Romey,9
398,1233,Philip Seymour Hoffman,Truman Capote,0
398,2229,Catherine Keener,Harper Lee,1
398,5365,Clifton Collins Jr.,Perry Smith,2
398,21089,Bruce Greenwood,Jack Dunphy,3
398,12438,Bob Balaban,William Shawn,4
398,1236,Mark Pellegrino,Dick Hickock,5
398,3041,Marshall Bell,Warden Marshall Krutch,6
398,39388,Amy Ryan,Marie Dewey,7
398,109899,Bess Meyer,Linda Murchak,8
398,2955,Chris Cooper,Alvin Dewey,9
4566,1461,George Clooney,Michael Clayton,0
4566,207,Tom Wilkinson,Arthur Edens,1
4566,3063,Tilda Swinton,Karen Crowder,2
4566,2226,Sydney Pollack,Marty Bach,3
4566,38085,Michael O'Keefe,Barry Grissom,4
4566,18328,Ken Howard,Don Jeffries,5
4566,104196,Sean Cullen,Gene Clayton,6
4566,28044,Merritt Wever,Anna,7
4566,78144,Austin Williams,Henry Clayton,8
4566,38086,Robert Prescott,Mr. Verne,9
3078,11492,Clark Gable,Peter Warne,0
3078,30155,Claudette Colbert,Ellie Andrews,1
3078,30156,Walter Connolly,Alexander Andrews,2
3078,30157,Roscoe Karns,Oscar Shapeley,3
3078,30158,Jameson Thomas,King Westley,4
3078,8729,Alan Hale,Danker,5
3078,29263,Arthur Hoyt,Zeke,6
3078,30159,Blanche Friderici,Zeke's Wife,7
3078,30160,Charles Cahill Wilson,Joe Gordon,8
3078,34098,Ernie Adams,Bag Thief (uncredited),9
867,4430,Sharon Stone,Carly Norris,0
867,13021,William Baldwin,Zeke Hawkins,1
867,13022,Tom Berenger,Jack Lansford,2
867,6416,Polly Walker,Vida Warren,3
867,13023,Colleen Camp,Judy Marks,4
867,13024,Amanda Foreman,Samantha Moore,5
867,2641,Martin Landau,Alex Parsons,6
867,30485,CCH Pounder,Victoria Hendrix,7
867,13026,Nina Foch,Mrs. McEvoy,8
867,13027,Keene Curtis,Gus Hale,9
5255,31,Tom Hanks,Hero Boy (Adult)/ Father / Conductor / Hobo / Scrooge / Santa Claus,0
5255,42287,Leslie Zemeckis,Sister Sarah / Mother,1
5255,42362,Eddie Deezen,Know-It-All,2
5255,18286,Nona Gaye,Hero Girl (voice),3
5255,42363,Peter Scolari,Billy / Lonely Boy,4
5255,2169,Michael Jeter,Smokey / Steamer,5
5255,27972,Josh Hutcherson,Hero Boy (motion capture),6
5255,57675,Daryl Sabara,Hero Boy (voice),7
5255,6860,Jimmy Bennett,Lonely Boy (voice),8
5255,206100,Tinashe,Hero Girl (motion capture),9
16,47,Björk,Selma Jezkova,0
16,50,Catherine Deneuve,Kathy,1
16,52,David Morse,Bill Houston,2
16,53,Peter Stormare,Jeff,3
16,6748,Joel Grey,Oldrich Novy,4
16,2617,Cara Seymour,Linda Houston,5
16,6749,Vladica Kostic,Gene Jezkova,6
16,1642,Jean-Marc Barr,Norman,7
16,6750,Vincent Paterson,Samuel,8
16,6751,Siobhan Fallon Hogan,Brenda,9
9678,19292,Adam Sandler,Nicky,0
9678,4687,Patricia Arquette,Valerie Veran,1
9678,1037,Harvey Keitel,Dad,2
9678,7026,Rhys Ifans,Adrian,3
9678,8396,Tommy Lister Jr.,Cassius,4
9678,3198,Rodney Dangerfield,Lucifer,5
9678,20818,Allen Covert,Todd,6
9678,20819,Peter Dante,Peter,7
9678,58477,Jonathan Loughran,John,8
9678,53684,Robert Smigel,Beefy,9
14367,1951,Elisabeth Shue,Chris,0
14367,56145,Keith Coogan,Brad,1
14367,139044,Maia Brewton,Sara,2
14367,6165,Anthony Rapp,Daryl,3
14367,32786,John Davis Chandler,Bleak,4
14367,77589,Calvin Levels,Joe Gipp,5
14367,14698,Penelope Ann Miller,Brenda,6
14367,59222,George Newbern,Dan,7
14367,175008,John Ford Noonan,Pruitt,8
14367,11367,Bradley Whitford,Mike,9
5693,193,Gene Hackman,Norman Dale,0
5693,10767,Barbara Hershey,Myra Fleener,1
5693,2778,Dennis Hopper,"Wilbur ""Shooter"" Flatch",2
5693,4080,Sheb Wooley,Cletus Summers,3
5693,1350139,Maris Valainis,Jimmy Chitwood,4
5693,4042,David Neidorf,Everett Flatch (#21),5
5693,5285325,Brad Long,Buddy Walker (#14),6
5693,1769611,Steve Hollar,Rade Butcher (#25),7
5693,5285324,Brad Boyle,Whit Butcher (#43),8
5693,5285326,Kent Poole,Merle Webb (#12),9
25,131,Jake Gyllenhaal,Anthony Swofford,0
25,134,Jamie Foxx,Staff Sgt. Sykes,1
25,133,Peter Sarsgaard,Alan Troy,2
25,132,Scott MacDonald,D.I. Fitch,3
25,2955,Chris Cooper,Lt. Col. Kazinski,4
25,10964,Laz Alonso,Ramon Escobar,5
25,155,Lucas Black,Kruger,6
25,49271,Brian Geraghty,Fergus O'Donnell,7
25,150194,Damion Poitier,Poitier,8
25,107939,Jocko Sims,Julius,9
391713,36592,Saoirse Ronan,Lady Bird McPherson,0
391713,12133,Laurie Metcalf,Marion McPherson,1
391713,72638,Tracy Letts,Larry McPherson,2
391713,1105079,Lucas Hedges,Danny O'Neill,3
391713,1190668,Timothée Chalamet,Kyle Sheible,4
391713,1496393,Beanie Feldstein,Julie Steffans,5
391713,2207,Lois Smith,Sister Sarah Joan,6
391713,196179,Stephen McKinley Henderson,Father Leviatch,7
391713,1121786,Odeya Rush,Jenna Walton,8
391713,1231115,Jordan Rodrigues,Miguel McPherson,9
11878,7450,Toshirō Mifune,Sanjuro Kuwabatake / The Samurai,0
11878,70131,Tatsuya Nakadai,"Unosuke, gunfighter",1
11878,70811,Yōko Tsukasa,Nui,2
11878,33761,Isuzu Yamada,Orin,3
11878,7457,Daisuke Katō,Inokichi,4
11878,83202,Seizaburō Kawazu,Seibê - brothel operator,5
11878,7453,Takashi Shimura,"Tokuemon, sake brewer",6
11878,33763,Hiroshi Tachikawa,Yoichiro,7
11878,131201,Yōsuke Natsuki,Kohei's Son,8
11878,106165,Eijirō Tōno,"Gonji, Tavern Keeper",9
9302,4135,Robert Redford,Warren Justice,0
9302,1160,Michelle Pfeiffer,Tally Atwater,1
9302,8893,Stockard Channing,Marcia McGrath,2
9302,3266,Joe Mantegna,Bucky Terranova,3
9302,18794,Kate Nelligan,Joanna Kennelly,4
9302,2683,Glenn Plummer,Ned Jackson,5
9302,8986,James Rebhorn,John Merino,6
9302,1218088,Scott Bryce,Rob Sullivan,7
9302,58650,Raymond Cruz,Fernando Buttanda,8
9302,91332,Dedee Pfeiffer,Luanne Atwater,9
13701,64,Gary Oldman,Ludwig van Beethoven,0
13701,1924,Jeroen Krabbé,Anton Felix Schindler,1
13701,6588,Isabella Rossellini,Anna Marie Erdödy,2
13701,55851,Johanna ter Steege,Johanna Reiss,3
13701,23797,Marco Hofschneider,Karl van Beethoven,4
13701,6199,Miriam Margolyes,Nanette Streicherová,5
13701,22,Barry Humphries,Clemens Metternich,6
13701,3124,Valeria Golino,Giulietta Guicciardi,7
13701,56101,Gerard Horan,Nikolaus Johann van Beethoven,8
13701,6970,Christopher Fulford,Kaspar Anton Carl van Beethoven,9
1979,65524,Ioan Gruffudd,Reed Richards,0
1979,56731,Jessica Alba,Sue Richards,1
1979,16828,Chris Evans,Johnny Storm,2
1979,19654,Michael Chiklis,Ben Grimm,3
1979,20402,Julian McMahon,Victor Von Doom,4
1979,2975,Laurence Fishburne,Silver Surfer (voice),5
1979,17005,Doug Jones,Silver Surfer,6
1979,11703,Kerry Washington,Alicia Masters,7
1979,6861,Andre Braugher,General Hager,8
1979,20403,Beau Garrett,Captain Raye,9
9437,192,Morgan Freeman,Det. Alex Cross,0
9437,15852,Ashley Judd,Dr. Kate McTiernan,1
9437,2130,Cary Elwes,Det. Nick Ruskin,2
9437,58293,Alex McArthur,Det. Davey Sikes,3
9437,3417,Tony Goldwyn,Dr. Will Rudolph,4
9437,6067,Jay O. Sanders,FBI Agent Kyle Craig,5
9437,5502,Bill Nunn,"Det. John Sampson, LAPD",6
9437,1248,Brian Cox,"Chief Hatfield, Durham PD",7
9437,55755,Richard T. Jones,Seth Samuel,8
9437,21366,Roma Maffia,Dr. Ruocco,9
10634,9778,Ice Cube,Craig,0
10634,66,Chris Tucker,Smokey,1
10634,9781,Nia Long,Debbie,2
10634,8396,Tommy Lister Jr.,Deebo,3
10634,56902,John Witherspoon,Mr. Jones,4
10634,54800,Anna Maria Horsford,Mrs. Jones,5
10634,9788,Regina King,Dana,6
10634,45245,Paula Jai Parker,Joi,7
10634,62066,Faizon Love,Big Worm,8
10634,65134,DJ Pooh,Red,9
12159,2157,Robin Williams,Chris Nielsen,0
12159,9777,Cuba Gooding Jr.,Albert Lewis,1
12159,18750,Annabella Sciorra,Annie Collins-Nielsen,2
12159,2201,Max von Sydow,The Tracker,3
12159,91035,Jessica Brooks Grant,Marie Nielsen,4
12159,197545,Josh Paddock,Ian Nielsen,5
12159,74073,Rosalind Chao,Leona,6
12159,5148,Lucinda Jenney,Mrs. Jacobs,7
12159,1233838,Maggie McCarthy,Stacey Jacobs,8
12159,1576334,Wilma Bonet,Angie,9
1089,6384,Keanu Reeves,Agent Johnny Utah,0
1089,723,Patrick Swayze,Bodhi / Mask President,1
1089,15309,Lori Petty,Tyler Endicott,2
1089,2048,Gary Busey,Agent Angelo Pappas,3
1089,11885,John C. McGinley,SAIC Ben Harp,4
1089,6474,James Le Gros,Roach,5
1089,103011,John Philbin,Nathanial,6
1089,170231,BoJesse Christopher,Grommet,7
1089,6906,Lee Tergesen,Rosie,8
1089,11890,Chris Pedersen,Bunker,9
46838,51383,Tyler Labine,Dale,0
46838,21088,Alan Tudyk,Tucker,1
46838,74618,Katrina Bowden,Allison,2
46838,59926,Jesse Moss,Chad,3
46838,64670,Philip Granger,Sheriff,4
46838,58371,Brandon Jay McLaren,Jason,5
46838,168554,Christie Laing,Naomi,6
46838,27775,Chelan Simmons,Chloe,7
46838,236702,Travis Nelson,Chuck,8
46838,212952,Alex Arsenault,Todd,9
138843,21657,Vera Farmiga,Lorraine Warren,0
138843,17178,Patrick Wilson,Ed Warren,1
138843,3127,Lili Taylor,Carolyn Perron,2
138843,17402,Ron Livingston,Roger Perron,3
138843,63663,Hayley McFarland,Nancy,4
138843,1186840,Sterling Jerins,Judy Warren,5
138843,553504,Shanley Caswell,Andrea,6
138843,851784,Mackenzie Foy,Cindy,7
138843,125025,Joey King,Christine,8
138843,1186839,Kyla Deaver,April,9
1883,5292,Denzel Washington,Malcolm X,0
1883,9780,Angela Bassett,Betty Shabazz,1
1883,8354,Albert Hall,Baines,2
1883,19739,Al Freeman Jr.,Elijah Muhammad,3
1883,18792,Delroy Lindo,West Indian Archie,4
1883,5281,Spike Lee,Shorty,5
1883,4604,Theresa Randle,Laura,6
1883,19740,Kate Vernon,Sophia,7
1883,62127,Lonette McKee,Louise Little,8
1883,159887,Tommy Hollis,Earl Little,9
346364,1274508,Jaeden Martell,Bill Denbrough,0
346364,1559689,Jeremy Ray Taylor,Ben Hanscom,1
346364,1481238,Sophia Lillis,Beverly Marsh,2
346364,1442069,Finn Wolfhard,Richie Tozier,3
346364,1643043,Chosen Jacobs,Mike Hanlon,4
346364,1774679,Jack Dylan Grazer,Eddie Kaspbrak,5
346364,1148455,Wyatt Oleff,Stanley Uris,6
346364,137905,Bill Skarsgård,Pennywise,7
346364,1504947,Nicholas Hamilton,Henry Bowers,8
346364,1131069,Jake Sim,Belch Huggins,9
5491,8891,John Travolta,Terl,0
5491,12834,Barry Pepper,Jonnie Goodboy Tyler,1
5491,2178,Forest Whitaker,Ker,2
5491,8335,Kim Coates,Carlo,3
5491,43611,Sabine Karsenti,Chrissy,4
5491,43612,Christian Tessier,Mickey,5
5491,43613,Sylvain Landry,Sammy,6
5491,742,Michael Byrne,Parson Staffer,7
5491,14700,Richard Tyson,Robert the Fox,8
5491,1288583,Christopher Freeman,Processing Clerk,9
103663,1019,Mads Mikkelsen,Lucas,0
103663,4457,Thomas Bo Larsen,Theo,1
103663,1112385,Annika,Klara,2
103663,1188827,Lasse Fogelstrøm,Marcus,3
103663,47156,Susse Wold,Grethe,4
103663,6122,Anne Louise Hassing,Agnes,5
103663,588175,Lars Ranthe,Bruun,6
103663,92416,Alexandra Rapaport,Nadja,7
103663,1442695,Sebastian Bull Sarning,Torsten,8
103663,1442696,Steen Ordell Guldbrandsen,Lars T,9
1948,976,Jason Statham,Chev,0
1948,20189,Amy Smart,Eve,1
1948,20191,Jose Pablo Cantillo,Verona,2
1948,20190,Efren Ramirez,Kaylo,3
1948,20309,Dwight Yoakam,Doc Miles,4
1948,171136,Carlos Sanz,Carlito,5
1948,117187,Reno Wilson,Orlando,6
1948,39391,Edi Gathegi,Haitian Cabbie,7
1948,77870,Glenn Howerton,Hospital Doctor,8
1948,962169,Jay Xcala,Alex,9
11158,8872,Rick Moranis,Wayne Szalinski,0
11158,57418,Marcia Strassman,Diane Szalinski,1
11158,1908,Robert Oliveri,Nick Szalinski,2
11158,68379,Daniel Shalikar,Adam Szalinski,3
11158,68380,Joshua Shalikar,Adam Szalinski,4
11158,2177,Lloyd Bridges,Clifford Sterling,5
11158,78439,John Shea,Hendrickson,6
11158,41292,Keri Russell,Mandy,7
11158,85170,Ron Canada,Marshall Brooks,8
11158,57420,Amy O'Neill,Amy Szalinski,9
990,3636,Paul Newman,Eddie Felson,0
990,14882,Jackie Gleason,Minnesota Fats,1
990,6721,Piper Laurie,Sarah Packard,2
990,862,George C. Scott,Bert Gordon,3
990,14883,Myron McCormick,Charlie Burns,4
990,8608,Murray Hamilton,Findley,5
990,14884,Michael Constantine,Big John,6
990,52463,Stefan Gierasch,Preacher,7
990,109996,Clifford A. Pellow,Turk,8
990,552081,Jake LaMotta,Bartender,9
8326,10959,Shia LaBeouf,"Stanley ""Caveman"" Yelnats IV",0
8326,54495,Khleo Thomas,"Hector ""Zero"" Zeroni",1
8326,10205,Sigourney Weaver,Louise Walker the Warden,2
8326,10127,Jon Voight,"Marion Sevillo ""Mr. Sir""",3
8326,1462,Tim Blake Nelson,Dr. Pendanski,4
8326,4687,Patricia Arquette,"Katherine ""Kissin' Kate"" Barlow",5
8326,122756,Dulé Hill,Sam the Onion Man,6
8326,31903,Henry Winkler,Stanley Yelnats III,7
8326,6751,Siobhan Fallon Hogan,Tiffany Yelnats,8
8326,70243,Eartha Kitt,Madame Zeroni,9
10141,67773,Steve Martin,Freddy Benson,0
10141,3895,Michael Caine,Lawrence Jamieson,1
10141,21104,Glenne Headly,Janet Colgate,2
10141,28853,Anton Rodgers,Inspector Andre,3
10141,30618,Barbara Harris,Fanny Eubanks,4
10141,27762,Ian McDiarmid,Arthur,5
10141,13314,Dana Ivey,Mrs. Reed,6
10141,82988,Meagen Fay,Lady from Oklahoma,7
10141,4432,Frances Conroy,Lady from Palm Beach,8
10141,93430,Nicole Calfan,Lady in Dining Car,9
27578,16483,Sylvester Stallone,Barney Ross,0
27578,976,Jason Statham,Lee Christmas,1
27578,1336,Jet Li,Yin Yang,2
27578,16644,Dolph Lundgren,Gunner Jensen,3
27578,21315,Eric Roberts,James Monroe,4
27578,74748,Randy Couture,Toll Road,5
27578,77120,Steve Austin,Paine,6
27578,22821,David Zayas,General Garza,7
27578,99414,Giselle Itié,Sandra,8
27578,126502,Charisma Carpenter,Lacy,9
201,2387,Patrick Stewart,Captain Jean-Luc Picard,0
201,2388,Jonathan Frakes,Commander William T. Riker,1
201,1213786,Brent Spiner,Lt. Commander Data,2
201,2390,LeVar Burton,Lt. Commander Geordi La Forge,3
201,2391,Michael Dorn,Lt. Commander Worf,4
201,2392,Gates McFadden,Dr. Beverly Crusher,5
201,2393,Marina Sirtis,Counselor Deanna Troi,6
201,2524,Tom Hardy,Praetor Shinzon,7
201,2372,Ron Perlman,Viceroy Vkruk,8
201,2133,Dina Meyer,Commander Donatra,9
11618,3896,Liam Neeson,Dr. David Marrow,0
11618,3127,Lili Taylor,Nell,1
11618,1922,Catherine Zeta-Jones,Theo,2
11618,887,Owen Wilson,Luke Sanderson,3
11618,6905,Bruce Dern,Mr. Dudley,4
11618,41293,Marian Seldes,Mrs. Dudley,5
11618,14707,Alix Koromzay,Mary Lambetta,6
11618,5010,Todd Field,Todd Hackett,7
11618,12519,Virginia Madsen,Jane,8
11618,101172,Michael Cavanaugh,Dr. Malcolm Keogh,9
20766,110,Viggo Mortensen,Father,0
20766,113505,Kodi Smit-McPhee,Boy,1
20766,6885,Charlize Theron,Mother,2
20766,3087,Robert Duvall,Old Man - Eli,3
20766,529,Guy Pearce,Veteran,4
20766,27125,Molly Parker,Friendly Woman,5
20766,39390,Michael Kenneth Williams,The Thief,6
20766,39520,Garret Dillahunt,Gang Member,7
20766,113506,Bob Jennings,Bearded Man,8
20766,963745,Buddy Sosthand,Archer,9
10449,1271,Andy Garcia,Michael Green,0
10449,5344,Meg Ryan,Alice Green,1
10449,9560,Ellen Burstyn,Emily,2
10449,53930,Tina Majorino,Jess Green,3
10449,52404,Mae Whitman,Casey Green,4
10449,15100,Lauren Tom,Amy,5
10449,1233,Philip Seymour Hoffman,Gary,6
10449,35370,Eugene Roche,Walter,7
10449,42003,Gail Strickland,Pam,8
10449,32593,Steven Brill,Madras Tie Guy,9
4488,37470,Adrienne King,Alice,0
4488,37469,Betsy Palmer,Mrs. Voorhees,1
4488,4724,Kevin Bacon,Jack,2
4488,37473,Jeannine Taylor,Marcie,3
4488,37471,Harry Crosby,Bill,4
4488,37472,Laurie Bartram,Brenda,5
4488,190040,Mark Nelson,Ned,6
4488,1081852,Peter Brouwer,Steve Christy,7
4488,1011510,Robbi Morgan,Annie,8
4488,170970,Rex Everhart,Truck Driver,9
15373,57599,Seann William Scott,Anson Wheeler,0
15373,22226,Paul Rudd,Danny Donahue,1
15373,54691,Christopher Mintz-Plasse,Augie Farks / Blufgan of Xanthia,2
15373,75633,Bobb'e J. Thompson,Ronnie Shields,3
15373,9281,Elizabeth Banks,Beth,4
15373,43775,Jane Lynch,Gayle Sweeny,5
15373,83586,Ken Jeong,King Argotron,6
15373,77089,Ken Marino,Jim Stansel,7
15373,63220,Kerri Kenney,Lynette Farks,8
15373,22225,A.D. Miles,Martin,9
2362,14528,Yul Brynner,The Gunslinger,0
2362,24318,Richard Benjamin,Peter Martin,1
2362,9274,James Brolin,John Blane,2
2362,24319,Norman Bartold,Medieval Knight,3
2362,24320,Alan Oppenheimer,Chief Supervisor,4
2362,24321,Victoria Shaw,Medieval Queen,5
2362,14671,Dick Van Patten,Banker,6
2362,24322,Linda Gaye Scott,Arlette,7
2362,24323,Steve Franken,Technican,8
2362,24324,Michael T. Mikler,Black Knight,9
579,6355,Roy Scheider,Police Chief Martin Brody,0
579,8607,Lorraine Gary,Ellen Brody,1
579,8608,Murray Hamilton,Mayor Larry Vaughn,2
579,6769,Joseph Mascolo,Len Peterson,3
579,8609,Jeffrey Kramer,Hendricks,4
579,8497,Collin Wilcox Paxton,Dr. Lureen Elkins,5
579,16197,Ann Dusenberry,Tina Wilcox,6
579,16198,Mark Gruner,Mike Brody,7
579,16199,Barry Coe,Tom Andrews,8
579,16200,Susan French,Old Lady,9
1586,85,Johnny Depp,Mort Rainey,0
1586,1241,John Turturro,John Shooter,1
1586,49,Maria Bello,Amy Rainey,2
1586,16327,Timothy Hutton,Ted Milner,3
1586,17764,Charles S. Dutton,Ken Karsch,4
1586,41247,Len Cariou,Sheriff Dave Newsome,5
1586,59199,Joan Heney,Mrs. Garvey,6
1586,218899,John Dunn-Hill,Tom Greenleaf,7
1586,58169,Vlasta Vrana,Fire Chief Wickersham,8
1586,108302,Matt Holland,Detective Bradley,9
10139,2228,Sean Penn,Harvey Milk,0
10139,46593,Emile Hirsch,Cleve Jones,1
10139,16851,Josh Brolin,Dan White,2
10139,8688,Diego Luna,Jack Lira,3
10139,17051,James Franco,Scott Smith,4
10139,17486,Alison Pill,Anne Kronenberg,5
10139,8536,Victor Garber,Mayor Moscone,6
10139,81681,Denis O'Hare,John Briggs,7
10139,33528,Joseph Cross,Dick Pabich,8
10139,57093,Stephen Spinella,Rick Stokes,9
10156,14639,Mel Brooks,Moses / Comicus / Torquemada / Jacques / King Louis XVI,0
10156,6844,Dom DeLuise,Emperor Nero,1
10156,29803,Madeline Kahn,Empress Nympho,2
10156,13640,Harvey Korman,Count de Monet,3
10156,9599,Cloris Leachman,Madame Defarge,4
10156,72680,Ron Carey,Swiftus,5
10156,66804,Gregory Hines,Josephus,6
10156,43805,Pamela Stephenson,Mademoiselle Rimbaud,7
10156,27514,Shecky Greene,Marcus Vindictus,8
10156,8902,Sid Caesar,Chief Caveman,9
257211,380,Robert De Niro,Ben Whitaker,0
257211,1813,Anne Hathaway,Jules Ostin,1
257211,14343,Rene Russo,Fiona Farwell,2
257211,521563,Anders Holm,Matt Ostin,3
257211,1561685,JoJo Kushner,Paige Ostin,4
257211,990369,Andrew Rannells,Cameron,5
257211,212604,Adam Devine,Jason,6
257211,130535,Zack Pearlman,Davis,7
257211,1561688,Jason Orley,Lewis,8
257211,1368787,Christina Scherer,Becky,9
699,10222,Roger Moore,James Bond,0
699,10500,Carole Bouquet,Melina Havelock,1
699,10501,Chaim Topol,Milos Columbo,2
699,740,Julian Glover,Aristotle Kristatos,3
699,10502,Lynn-Holly Johnson,Bibi Dahl,4
699,10503,Cassandra Harris,Countess Lisl von Schlaf,5
699,10504,Jill Bennett,Jacoba Brink,6
699,10505,Michael Gothard,Emile Leopold Locque,7
699,10506,John Wyman,Erich Kriegler,8
699,10507,Jack Hedley,Sir Timothy Havelock,9
2085,1336,Jet Li,Han Sing,0
2085,21352,Aaliyah,Trish O'Day,1
2085,21353,Isaiah Washington,Mac,2
2085,21354,Russell Wong,Kai,3
2085,18792,Delroy Lindo,Isaak O'Day,4
2085,21356,D. B. Woodside,Colin O'Day,5
2085,39829,Henry O,Ch'u Sing,6
2085,21358,Jon Kit Lee,Po Sing,7
2085,21359,Edoardo Ballerini,Vincent Roth,8
2085,18471,Anthony Anderson,Maurice,9
49040,17604,Jeremy Renner,Aaron Cross,0
49040,3293,Rachel Weisz,Dr. Marta Shearing,1
49040,819,Edward Norton,Byer,2
49040,825,Stacy Keach,Turso,3
49040,118937,Dennis Boutsikaris,Ward,4
49040,25072,Oscar Isaac,Outcome #3,5
49040,11148,Joan Allen,Pamela Landy,6
49040,3926,Albert Finney,Dr. Albert Hirsch,7
49040,11064,David Strathairn,Noah Vosen,8
49040,349,Scott Glenn,Ezra Kramer,9
11601,4724,Kevin Bacon,Tom Witzky,0
11601,49824,Kathryn Erbe,Maggie Witzky,1
11601,7796,Illeana Douglas,Lisa Weil,2
11601,69979,Zachary David Cope,Jake Witzky,3
11601,14721,Kevin Dunn,Frank McCarthy,4
11601,119521,Conor O'Farrell,Harry Damon,5
11601,55546,Liza Weil,Debbie Kozac,6
11601,19293,Lusia Strus,Sheila McCarthy,7
11601,1060579,Stephen Eugene Walker,Bobby,8
11601,191611,Mary Kay Cook,Vanessa Damon,9
834,3967,Kate Beckinsale,Selene,0
834,100,Scott Speedman,Michael Corvin,1
834,2220,Tony Curran,Marcus Corvinus,2
834,3969,Shane Brolly,Kraven,3
834,937,Derek Jacobi,Alexander Corvinus,4
834,2440,Bill Nighy,Viktor,5
834,978,Steven Mackintosh,Andreas Tanis,6
834,12358,Zita Görög,Amelia,7
834,12359,Brian Steele,William Corvinus,8
834,12367,John Mann,Samuel,9
8197,3036,John Cusack,John Kelso,0
8197,1979,Kevin Spacey,James Williams,1
8197,9642,Jude Law,Billy Carl Hanson,2
8197,389,Alison Eastwood,Mandy Nichols,3
8197,12536,Jack Thompson,Sonny Seiler,4
8197,43853,Irma P. Hall,Minerva,5
8197,54041,Paul Hipp,Joe Odom,6
8197,54042,Lady Chablis,Chablis Deveau,7
8197,1194428,Dorothy Loudon,Serena Dawes,8
8197,11718,Anne Haney,Margaret Williams,9
246741,55936,Jemaine Clement,Vladislav,0
246741,55934,Taika Waititi,Viago,1
246741,586951,Jonny Brugh,Deacon,2
246741,1286794,Cori Gonzalez-Macuer,Nick,3
246741,1286796,Stu Rutherford,Stu,4
246741,1439931,Ben Fransham,Petyr,5
246741,1286797,Jackie van Beek,Jackie,6
246741,1341670,Elena Stejko,Pauline (The Beast),7
246741,1233372,Jason Hoyte,Julian,8
246741,1780262,Karen O'Leary,Policewoman,9
479,2231,Samuel L. Jackson,John Shaft,0
479,27011,Vanessa Williams,Carmen Vasquez,1
479,2954,Jeffrey Wright,Peoples Hernandez,2
479,3894,Christian Bale,"Walter Wade, Jr.",3
479,6485,Busta Rhymes,Rasaan,4
479,6486,Dan Hedaya,Jack Roselli,5
479,3051,Toni Collette,Diane Palmieri,6
479,6487,Richard Roundtree,"""Uncle"" John Shaft",7
479,31839,Ruben Santiago-Hudson,Jimmy Groves,8
479,14792,Josef Sommer,Curt Flemming,9
359724,1892,Matt Damon,Carroll Shelby,0
359724,3894,Christian Bale,Ken Miles,1
359724,19498,Jon Bernthal,Lee Iacocca,2
359724,147056,Caitríona Balfe,Mollie Miles,3
359724,6164,Josh Lucas,Leo Beebe,4
359724,1590759,Noah Jupe,Peter Miles,5
359724,72638,Tracy Letts,Henry Ford II,6
359724,41527,Remo Girone,Enzo Ferrari,7
359724,1472,Ray McKinnon,Phil Remington,8
359724,30710,JJ Feild,Roy Lunn,9
10445,4173,Anthony Hopkins,C. S. 'Jack' Lewis,0
10445,26513,Debra Winger,Joy Gresham,1
10445,3545,Edward Hardwicke,Warnie Lewis,2
10445,8937,John Wood,Christopher Riley,3
10445,85934,Michael Denison,Harry Harrington,4
10445,22109,Peter Firth,Dr Craig,5
10445,69032,Matthew Delamere,Simon Chadwick,6
10445,10747,Julian Fellowes,Desmond Arding,7
10445,93848,Julian Firth,Father John Fisher,8
10445,41958,Robert Flemyng,Claude Bird,9
10480,192,Morgan Freeman,Charlie,0
10480,9137,Renée Zellweger,Betty,1
10480,2632,Chris Rock,Wesley,2
10480,17141,Greg Kinnear,Dr. David Ravell,3
10480,6383,Aaron Eckhart,Del,4
10480,68430,Tia Texada,Rosa,5
10480,1064,Crispin Glover,Roy,6
10480,3201,Pruitt Taylor Vince,Ballard,7
10480,19,Allison Janney,Lyla,8
10480,42335,Kathleen Wilhoite,Sue Ann,9
5156,42416,Lamberto Maggiorani,Antonio,0
5156,42417,Enzo Staiola,Bruno,1
5156,42419,Lianella Carell,Maria,2
5156,944148,Gino Saltamerenda,Baiocco,3
5156,975006,Vittorio Antonucci,"Alfredo Catelli, The Thief",4
5156,42423,Giulio Chiari,The Beggar,5
5156,974973,Elena Altieri,The Charitable Lady,6
5156,42421,Carlo Jachino,A Beggar,7
5156,1077249,Michele Sakara,Secretary of the Charity Organization,8
5156,1077250,Emma Druetti,,9
10603,18269,Brendan Fraser,George of the Jungle,0
10603,41087,Leslie Mann,Ursula Stanhope,1
10603,19159,Thomas Haden Church,Lyle Van de Groot,2
10603,8930,John Cleese,An Ape Named 'Ape' (voice),3
10603,6487,Richard Roundtree,Kwame,4
10603,21132,Abraham Benrubi,Thor,5
10603,11318,Holland Taylor,Beatrice Stanhope,6
10603,20361,John Bennett Perry,Arthur Stanhope,7
10603,58090,Greg Cruttwell,Max,8
10603,1229698,Kelly Miracco,Betsy,9
13053,8891,John Travolta,Bolt (voice),0
13053,76594,Miley Cyrus,Penny (voice),1
13053,56910,Susie Essman,Mittens (voice),2
13053,61423,Mark Walton,Rhino (voice),3
13053,56890,Malcolm McDowell,Dr. Calico (voice),4
13053,58772,James Lipton,The Director (voice),5
13053,19974,Greg Germann,The Agent (voice),6
13053,5727,Diedrich Bader,Veteran Cat (voice),7
13053,32907,Nick Swardson,Blake (voice),8
13053,88702,J.P. Manoux,Tom (voice),9
9820,49265,Lindsay Lohan,Hallie Parker / Annie James,0
9820,6065,Dennis Quaid,Nick Parker,1
9820,20162,Natasha Richardson,Elizabeth James,2
9820,55422,Elaine Hendrix,Meredith Blake,3
9820,4494,Lisa Ann Walter,Chessy,4
9820,10701,Simon Kunz,Martin,5
9820,11715,Polly Holliday,"Marva Kulp, Sr.",6
9820,145345,Maggie Wheeler,"Marva Kulp, Jr.",7
9820,94837,Ronnie Stevens,Grandfather,8
9820,1242306,Erin Mackey,Hallie / Annie Acting Double,9
3085,2638,Cary Grant,Walter Burns,0
3085,30233,Rosalind Russell,Hildy Johnson,1
3085,1208,Ralph Bellamy,Bruce Baldwin,2
3085,30234,Gene Lockhart,Sheriff Hartwell,3
3085,14975,Porter Hall,Murphy,4
3085,34419,Ernest Truex,Bensinger,5
3085,30236,Cliff Edwards,Endicott,6
3085,30237,Clarence Kolb,Mayor,7
3085,30157,Roscoe Karns,McCue,8
3085,30238,Frank Jenks,Wilson,9
4614,880,Ben Affleck,Jack Ryan,0
4614,192,Morgan Freeman,DCI William Cabot,1
4614,2505,James Cromwell,President Fowler,2
4614,23626,Liev Schreiber,John Clark,3
4614,18354,Bridget Moynahan,Dr. Cathy Muller,4
4614,27554,Alan Bates,Dressler,5
4614,8785,Ciarán Hinds,President Nemerov,6
4614,4492,Philip Baker Hall,Defense Secretary Becker,7
4614,12122,Ron Rifkin,Secretary of State Owens,8
4614,14888,Bruce McGill,National Security Advisor Revell,9
3291,11064,David Strathairn,Edward R. Murrow,0
3291,1276,Patricia Clarkson,Shirley Wershba,1
3291,1461,George Clooney,Fred Friendly,2
3291,8447,Jeff Daniels,Sig Mickelson,3
3291,3223,Robert Downey Jr.,Joe Wershba,4
3291,8924,Frank Langella,William Paley,5
3291,6719,Ray Wise,Don Hollenbeck,6
3291,31512,Robert John Burke,Charlie Mack,7
3291,31508,Reed Diamond,John Aaron,8
3291,15455,Tate Donovan,Jesse Zousmer,9
2665,2177,Lloyd Bridges,Steve McCroskey,0
2665,7685,Raymond Burr,Judge D.C. Simonton,1
2665,27747,Chuck Connors,The Sarge,2
2665,9626,Rip Torn,Bud Kruger / President Reagan,3
2665,82863,John Dehner,The Commissioner,4
2665,15013,Chad Everett,Simon Kurtz,5
2665,9111,Peter Graves,Capt. Clarence Oveur,6
2665,14415,Julie Hagerty,Elaine Dickinson,7
2665,14416,Robert Hays,Ted Striker,8
2665,2062,Kent McCord,Dave Unger,9
150,1733,Nick Nolte,Jack Cates,0
150,776,Eddie Murphy,Reggie Hammond,1
150,1734,Annette O'Toole,Elaine,2
150,1735,Frank McRae,Haden,3
150,1736,James Remar,Albert Ganz,4
150,1737,David Patrick Kelly,Luther,5
150,1105,Sonny Landham,Billy Bear,6
150,591,Brion James,Ben Kehoe,7
150,1216889,Kerry Sherman,"Rosalie, Hostage Girl",8
150,783,Jonathan Banks,Algren,9
12101,10017,Charlton Heston,Detective Robert Thorn,0
12101,71240,Leigh Taylor-Young,Shirl,1
12101,27747,Chuck Connors,Tab Fielding,2
12101,7664,Joseph Cotten,William R. Simonson,3
12101,2112,Brock Peters,Chief Hatcher,4
12101,157439,Paula Kelly,Martha Phillips,5
12101,13566,Edward G. Robinson,Sol Roth,6
12101,40551,Stephen Young,Gilbert,7
12101,40595,Mike Henry,Kulozik,8
12101,104907,Lincoln Kilpatrick,The Priest,9
10474,6193,Leonardo DiCaprio,Jim Carroll,0
10474,9257,Bruno Kirby,Swifty,1
10474,11478,Lorraine Bracco,Jim's Mother,2
10474,8874,Ernie Hudson,Reggie,3
10474,186526,Patrick McGaw,Neutron,4
10474,65395,James Madio,Pedro,5
10474,13240,Mark Wahlberg,Mickey,6
10474,79732,Barton Heyman,Confessional Priest,7
10474,1158858,Roy Cooper,Father McNulty,8
10474,11486,Michael Imperioli,Bobby,9
622,85,Johnny Depp,Dean Corso,0
622,8924,Frank Langella,Boris Balkan,1
622,5313,Lena Olin,Liana Telfer,2
622,8925,Emmanuelle Seigner,The Girl,3
622,8926,Barbara Jefford,Baroness Kessler,4
622,8927,Jack Taylor,Victor Fargas,5
622,8928,José López Rodero,Pablo & Pedro Ceniza/1st & 2nd Workmen,6
622,180976,Tony Amoni,Liana's Bodyguard,7
622,785,James Russo,Bernie,8
622,19057,Willy Holt,Andrew Telfer,9
10400,5292,Denzel Washington,"Rubin ""Hurricane"" Carter",0
10400,25868,Vicellous Shannon,Lesra Martin,1
10400,13549,Deborah Kara Unger,Lisa Peters,2
10400,23626,Liev Schreiber,Sam Chaiton,3
10400,10727,John Hannah,Terry,4
10400,6486,Dan Hedaya,Della Pesca,5
10400,88161,Debbi Morgan,Mae Thelma,6
10400,6574,Clancy Brown,Lt. Jimmy Williams,7
10400,19839,David Paymer,Myron Bedlock,8
10400,1166,Harris Yulin,Leon Friedman,9
11816,6598,Katharine Hepburn,Ethel Thayer,0
11816,4958,Henry Fonda,Norman Thayer Jr.,1
11816,6352,Jane Fonda,Chelsea Thayer Wayne,2
11816,70569,Doug McKeon,Billy Ray,3
11816,12850,Dabney Coleman,Bill Ray,4
11816,49941,William Lanteau,Charlie Martin,5
11816,111702,Christopher Rydell,Sumner Todd,6
11816,31711,Troy Garity,Young Boy on Jetty (uncredited),7
553,2227,Nicole Kidman,Grace Margaret Mulligan,0
553,6162,Paul Bettany,Tom Edison,1
553,5049,John Hurt,Narrator (voice),2
553,1640,Stellan Skarsgård,Chuck,3
553,4492,Philip Baker Hall,Tom Edison Sr.,4
553,1276,Patricia Clarkson,Vera,5
553,856,Ben Gazzara,Jack McKay,6
553,2838,Chloë Sevigny,Liz Henson,7
553,6751,Siobhan Fallon Hogan,Martha,8
553,3085,James Caan,The Big Man,9
1090,14886,Craig Bierko,Douglas Hall,0
1090,12647,Armin Mueller-Stahl,Hannon Fuller,1
1090,15370,Gretchen Mol,Jane Fuller,2
1090,7132,Vincent D'Onofrio,Whitney,3
1090,352,Dennis Haysbert,Det. Larry McBain,4
1090,15371,Steven Schub,Det. Zev Bernstein,5
1090,15372,Jeremy Roberts,Tom Jones,6
1090,15373,Rif Hutton,Joe,7
1090,15374,Leon Rippy,Jane's Lawyer,8
1090,15375,Janet MacLachlan,Ellen,9
10950,2228,Sean Penn,Sam Dawson,0
10950,1160,Michelle Pfeiffer,Rita Harrison Williams,1
10950,1902,Dianne Wiest,Annie Cassell,2
10950,501,Dakota Fanning,Lucy Diamond Dawson,3
10950,31028,Richard Schiff,Mr. Turner,4
10950,18284,Loretta Devine,Margaret Calgrove,5
10950,65760,Marin Hinkle,Patricia,6
10950,4784,Laura Dern,Randy Carpenter,7
10950,1235193,Brad Silverman,Brad,8
10950,1407026,Joseph Rosenberg,Joe,9
9271,5292,Denzel Washington,Parker Barnes,0
9271,934,Russell Crowe,Sid 6.7,1
9271,6473,Kelly Lynch,Madison Carter,2
9271,10402,Alanna Ubach,Ella,3
9271,4520,William Forsythe,William Cochran,4
9271,57093,Stephen Spinella,Lindenmeyer,5
9271,7071,Louise Fletcher,Elizabeth Deane,6
9271,886,William Fichtner,Wallace,7
9271,36055,Costas Mandylor,John Donovan,8
9271,18916,Kevin J. O'Connor,Clyde Reilly,9
1672,3829,Jean-Paul Belmondo,Commandant Joss Beaumont,0
1672,14246,Robert Hossein,Commissaire Rosen,1
1672,18557,Elisabeth Margoni,"Jeanne Baumont, épouse de Joss",2
1672,18558,Jean-Louis Richard,Colonel Martin,3
1672,18559,Jean Desailly,Ministre,4
1672,18560,Michel Beaune,Capitaine Édouard Valeras,5
1672,18561,Cyrielle Clair,Alice Ancelin,6
1672,18566,Pierre Vernier,Salvatore Volfoni,7
1672,234715,Marie-Christine Descouard,"Doris Frederiksen, pute présidentielle de Mme Claude",8
1672,38500,Bernard-Pierre Donnadieu,L'inspecteur Farges,9
10154,3291,Hugh Grant,Michael Felgate,0
10154,3085,James Caan,Frank Vitale,1
10154,10478,Jeanne Tripplehorn,Gina Vitale,2
10154,4521,Burt Young,Vito Graziosi,3
10154,1292,James Fox,Philip Cromwell,4
10154,60023,Joe Viterelli,Vinnie D'Agostino,5
10154,19468,Gerry Becker,Agent Connell,6
10154,121757,Maddie Corman,Carol,7
10154,11482,Tony Darrow,Angel,8
10154,138988,Paul Lazar,Ritchie Vitale,9
27581,23659,Will Ferrell,Detective Allen Gamble,0
27581,13240,Mark Wahlberg,Detective Terry Hoitz,1
27581,8170,Eva Mendes,Sheila Gamble,2
27581,2232,Michael Keaton,Captain Gene Mauch,3
27581,4581,Steve Coogan,David Ershon,4
27581,56614,Ray Stevenson,Roger Wesley,5
27581,2231,Samuel L. Jackson,P.K. Highsmith,6
27581,18918,Dwayne Johnson,Christopher Danson,7
27581,41662,Lindsay Sloane,Francine,8
27581,97406,Natalie Zea,Christinith,9
9352,41464,Scott Mechlowicz,Scott Thomas,0
9352,54414,Jacob Pitts,Cooper Harris,1
9352,49961,Michelle Trachtenberg,Jenny,2
9352,57404,Travis Wester,Jamie,3
9352,980,Vinnie Jones,Mad Maynard,4
9352,20584,Lucy Lawless,Madame Vandersexxx,5
9352,946090,Jessica Boehrs,Mieke,6
9352,8979,Patrick Malahide,Arthur Frommer,7
9352,50175,Patrick Rapold,Christoph,8
9352,5727,Diedrich Bader,Mugger,9
1599,17881,Jason Schwartzman,Albert Markovski,0
1599,17882,Isabelle Huppert,Caterine Vauban,1
1599,4483,Dustin Hoffman,Bernard Jaffe,2
1599,10437,Lily Tomlin,Vivian Jaffe,3
1599,9642,Jude Law,Brad Stand,4
1599,13240,Mark Wahlberg,Tommy Corn,5
1599,3489,Naomi Watts,Dawn Campbell,6
1599,2666272,Angela Grillo,Angela Franco,7
1599,981717,Ger Duany,Stephen Nimieri,8
1599,21005,Darlene Hunt,Darlene,9
10705,11181,Kenneth Branagh,Henry V,0
10705,937,Derek Jacobi,Chorus,1
10705,8318,Brian Blessed,Exeter,2
10705,66250,James Larkin,Bedford,3
10705,13324,Paul Scofield,French King,4
10705,7056,Emma Thompson,Katherine,5
10705,5309,Judi Dench,Mistress Quickly,6
10705,47493,Simon Shepherd,Duke Humphrey of Gloucester,7
10705,138412,James Simmons,Duke Edward of York,8
10705,138413,Charles Kay,Archbishop of Canterbury,9
709,10669,Timothy Dalton,James Bond,0
709,10679,Carey Lowell,Pam Bouvier,1
709,2055,Robert Davi,Franz Sanchez,2
709,10680,Talisa Soto,Lupe Lamora,3
709,2516,Anthony Zerbe,Milton Krest,4
709,1735,Frank McRae,Sharkey,5
709,5616,Everett McGill,Killifer,6
709,10681,Wayne Newton,Professor Joe Butcher,7
709,1121,Benicio del Toro,Dario,8
709,10682,Anthony Starke,Truman-Lodge,9
49444,70851,Jack Black,Po (voice),0
49444,11701,Angelina Jolie,Tigress (voice),1
49444,4483,Dustin Hoffman,Master Shifu (voice),2
49444,64,Gary Oldman,Lord Shen (voice),3
49444,18897,Jackie Chan,Monkey (voice),4
49444,140,Lucy Liu,Viper (voice),5
49444,19274,Seth Rogen,Mantis (voice),6
49444,212,David Cross,Crane (voice),7
49444,1620,Michelle Yeoh,The Soothsayer (voice),8
49444,20904,James Hong,Mr. Ping (voice),9
8224,2963,Nicolas Cage,Tom Welles,0
8224,73421,Joaquin Phoenix,Max California,1
8224,4691,James Gandolfini,Eddie Poole,2
8224,53,Peter Stormare,Dino Velvet,3
8224,16293,Anthony Heald,Longdale,4
8224,4445,Chris Bauer,Machine,5
8224,2229,Catherine Keener,Amy Welles,6
8224,54159,Myra Carter,Mrs. Christian,7
8224,26930,Amy Morton,Mrs. Mathews,8
8224,4886,Norman Reedus,Warren Anderson,9
10436,11856,Daniel Day-Lewis,Newland Archer,0
10436,1160,Michelle Pfeiffer,Ellen Olenska,1
10436,1920,Winona Ryder,May Welland,2
10436,65284,Alexis Smith,Louisa van der Luyden,3
10436,400,Geraldine Chaplin,Mrs. Welland,4
10436,378,Jonathan Pryce,Rivière,5
10436,20766,Richard E. Grant,"Lawrence ""Larry"" Lefferts",6
10436,8224,Alec McCowen,Sillerton Jackson,7
10436,54782,Mary Beth Hurt,Regina Beaufort,8
10436,14344,Stuart Wilson,Julius Beaufort,9
653,9839,Max Schreck,Count Orlok,0
653,9840,Gustav von Wangenheim,Hutter,1
653,9841,Greta Schröder,Ellen,2
653,9843,Georg H. Schnell,Harding,3
653,9844,Ruth Landshoff,Ruth,4
653,9846,Gustav Botz,Professor Sievers,5
653,9842,Alexander Granach,Knock,6
653,9845,John Gottowt,Professor Bulwer,7
653,9847,Max Nemetz,A Ship Captain,8
653,9848,Wolfgang Heinz,Sailor 1,9
76170,6968,Hugh Jackman,Logan / Wolverine,0
76170,9195,Hiroyuki Sanada,Shingen Harada / Lord Shingen,1
76170,1156024,Tao Okamoto,Mariko Yashida / Scarlet Samurai,2
76170,1179243,Rila Fukushima,Yukio,3
76170,10696,Famke Janssen,Jean Grey / Phoenix,4
76170,10884,Will Yun Lee,Harada,5
76170,94064,Svetlana Khodchenkova,Madame Hydra / Viper,6
76170,74540,Hal Yamanouchi,Ichiro Yashida / Silver Samurai,7
76170,116278,Brian Tee,Noburo Mori,8
76170,1155715,Ken Yamamura,Young Yashida,9
10806,8945,Kevin Kline,Howard Brackett,0
10806,3234,Joan Cusack,Emily Montgomery,1
10806,15112,Tom Selleck,Peter Malloy,2
10806,2876,Matt Dillon,Cameron Drake,3
10806,8857,Debbie Reynolds,Berniece Brackett,4
10806,11065,Wilford Brimley,Frank Brackett,5
10806,64930,Bob Newhart,Tom Halliwell,6
10806,24360,Gregory Jbara,Walter Brackett,7
10806,92857,Shalom Harlow,Sonya,8
10806,52647,Shawn Hatosy,Jack,9
10872,5724,Denis Leary,Gus,0
10872,351,Judy Davis,Caroline Chasseur,1
10872,1979,Kevin Spacey,Lloyd Chasseur,2
10872,76995,Robert J. Steinmiller Jr.,Jesse Chasseur,3
10872,5826,Glynis Johns,Rose Chasseur,4
10872,10361,Raymond J. Barry,Lt. Huff,5
10872,3174,Richard Bright,Murray,6
10872,11870,Christine Baranski,Connie Chasseur,7
10872,7576,Bill Raymond,George,8
10872,67377,Ellie Raab,Mary,9
1428,3131,Antonio Banderas,El Mariachi,0
1428,85,Johnny Depp,CIA Agent Jeffrey Sands,1
1428,11159,Cheech Marin,Belini,2
1428,3136,Salma Hayek Pinault,Carolina,3
1428,2295,Mickey Rourke,Billy Chambers,4
1428,5293,Willem Dafoe,Armando Barillo,5
1428,8170,Eva Mendes,CIA Agent Ajedrez,6
1428,11160,Danny Trejo,Cucuy,7
1428,2049,Rubén Blades,"Jorge, Retired FBI Agent",8
1428,20231,Enrique Iglesias,Lorenzo,9
3600,33259,Jennifer Love Hewitt,Julie James,0
3600,33260,Freddie Prinze Jr.,Ray Bronson,1
3600,33286,Matthew Settle,Will Benson,2
3600,33285,Brandy Norwood,Karla Wilson,3
3600,327,Mekhi Phifer,Tyrell,4
3600,17348,Muse Watson,Ben Willis,5
3600,18285,Jennifer Esposito,Nancy,6
3600,8854,Bill Cobbs,Estes,7
3600,27993,Jeffrey Combs,Mr. Brooks,8
3600,16861,John Hawkes,Dave,9
75780,500,Tom Cruise,Jack Reacher,0
75780,10882,Rosamund Pike,Helen Rodin,1
75780,28633,Richard Jenkins,D.A. Alex Rodin,2
75780,35013,David Oyelowo,Det. Emerson,3
75780,6818,Werner Herzog,Zec Chelovek,4
75780,224181,Jai Courtney,Charlie,5
75780,3087,Robert Duvall,Martin Cash,6
75780,1132335,Vladimir Sizov,Vlad,7
75780,82631,Joseph Sikora,James Barr,8
75780,165293,Nicole Forester,Nancy Holt,9
9367,20498,Carlos Gallardo,El Mariachi,0
9367,57469,Consuelo Gómez,Domino,1
9367,57470,Jaime de Hoyos,Bigotón,2
9367,57471,Peter Marquardt,Mauricio,3
9367,1192733,Reinol Martinez,Azul,4
9367,1192734,Ramiro Gómez,Cantinero,5
9367,2153289,Jesús López,Viejo Clerk,6
9367,2353378,Luis Baró,Domino's Assistant,7
9367,2353381,Oscar Fabila,The Boy,8
9367,2353382,Poncho Ramon,Azul's Rat,9
14370,5576,Val Kilmer,Chris Knight,0
14370,92808,Gabriel Jarret,Mitch Taylor,1
14370,2885,Michelle Meyrink,Jordan,2
14370,7676,William Atherton,Professor Hathaway,3
14370,38086,Robert Prescott,Kent,4
14370,168320,Louis Giambalvo,Major Carnagle,5
14370,9629,Jon Gries,Lazlo Hollyfeld,6
14370,21523,Ed Lauter,CIA Man Decker,7
14370,4319,Stacy Peralta,Shuttle Pilot,8
14370,20550,Daniel Ades,Laser Ray Victim,9
1965,3392,Michael Douglas,Steven Taylor,0
1965,12052,Gwyneth Paltrow,Emily Bradford Taylor,1
1965,110,Viggo Mortensen,David Shaw,2
1965,20277,David Suchet,Mohamed Karaman,3
1965,20275,Sarita Choudhury,Raquel Martinez,4
1965,1170,Michael P. Moran,Bobby Fain,5
1965,55272,Novella Nelson,Ambassador Alice Wills,6
1965,20276,Constance Towers,Sandra Bradford,7
1965,163671,Will Lyman,Jason Gates,8
1965,1217963,Maeve McGuire,Ann Gates,9
19186,36819,Hayley Mills,Susan Evers / Sharon McKendrick,0
19186,70035,Maureen O'Hara,Margaret 'Maggie' McKendrick,1
19186,32791,Brian Keith,Mitch Evers,2
19186,2436,Charles Ruggles,Charles McKendrick,3
19186,46098,Cathleen Nesbitt,Louise McKendrick,4
19186,13963,Una Merkel,Verbena,5
19186,14506,Joanna Barnes,Vicky Robinson,6
19186,161825,Linda Watkins,Edna Robinson,7
19186,13787,Crahan Denton,Hecky,8
19186,2642,Leo G. Carroll,Rev. Dr. Mosby,9
50544,12111,Justin Timberlake,Dylan Harper,0
50544,18973,Mila Kunis,Jamie Rellis,1
50544,40279,Jenna Elfman,Annie Harper,2
50544,1276,Patricia Clarkson,Lorna,3
50544,57755,Woody Harrelson,Tommy Bollinger,4
50544,28633,Richard Jenkins,Mr. Harper,5
50544,23821,Bryan Greenberg,Parker,6
50544,62861,Andy Samberg,Quincy,7
50544,147710,Nolan Gould,Sammy - Sam the Magnificent,8
50544,127963,Shaun White,Himself,9
31174,1327,Ian McKellen,Richard III,0
31174,516,Annette Bening,Queen Elizabeth,1
31174,388,Jim Broadbent,The Duke of Buckingham,2
31174,3223,Robert Downey Jr.,Earl Rivers,3
31174,5470,Kristin Scott Thomas,Lady Anne,4
31174,42566,Adrian Dunbar,James Tyrrell,5
31174,10978,Maggie Smith,Duchess of York,6
31174,41043,Tim McInnerny,William Catesby,7
31174,3545,Edward Hardwicke,Lord Stanley,8
31174,15788,Nigel Hawthorne,The Duke of Clarence,9
11562,1243,Woody Allen,Cliff Stern,0
11562,2641,Martin Landau,Judah Rosenthal,1
11562,12021,Mia Farrow,Halley Reed,2
11562,21278,Alan Alda,Lester,3
11562,5657,Anjelica Huston,Dolores Paley,4
11562,20747,Joanna Gleason,Wendy Stern,5
11562,8975,Sam Waterston,Ben,6
11562,725,Jerry Orbach,Jack Rosenthal,7
11562,953612,Jenny Nichols,Jenny,8
11562,1910,Caroline Aaron,Barbara,9
9349,15111,Jean-Claude Van Damme,Luc Deveraux / GR44,0
9349,16644,Dolph Lundgren,Andrew Scott / GR13,1
9349,18316,Ally Walker,Veronica Roberts,2
9349,8658,Ed O'Ross,Colonel Perry,3
9349,942,Ralf Moeller,GR76,4
9349,725,Jerry Orbach,Dr. Christopher Gregor,5
9349,15374,Leon Rippy,Woodward,6
9349,103933,Tico Wells,Garth,7
9349,114271,Robert Trebor,Motel Owner,8
9349,8396,Tommy Lister Jr.,GR55,9
10590,2461,Mel Gibson,Lt. Col. Hal Moore,0
10590,289,Madeleine Stowe,Julie Moore,1
10590,17141,Greg Kinnear,Maj. Bruce 'Snake' Crandall,2
10590,16431,Sam Elliott,Sgt. Maj. Basil Plumley,3
10590,21594,Chris Klein,2nd Lt. Jack Geoghegan,4
10590,41292,Keri Russell,Barbara Geoghegan,5
10590,12834,Barry Pepper,Joe Galloway,6
10590,35053,Đơn Dương,Lt. Col. Nguyen Huu An,7
10590,43858,Ryan Hurst,Sgt. Ernie Savage,8
10590,65715,Robert Bagnell,1st Lt. Charlie Hastings,9
1577,63,Milla Jovovich,Alice,0
1577,7055,Sienna Guillory,Jill Valentine,1
1577,18041,Oded Fehr,Carlos Olivera,2
1577,3491,Thomas Kretschmann,Major Cain,3
1577,96787,Sophie Vavasseur,Angie Ashford,4
1577,12801,Razaaq Adoti,Sgt. Peyton Wells,5
1577,15440,Jared Harris,Dr. Ashford,6
1577,51944,Mike Epps,L.J.,7
1577,65345,Sandrine Holt,Terri Morales,8
1577,59198,Matthew G. Taylor,Nemesis,9
246655,5530,James McAvoy,Professor Charles Xavier,0
246655,17288,Michael Fassbender,Erik Lehnsherr / Magneto,1
246655,72129,Jennifer Lawrence,Raven / Mystique,2
246655,3292,Nicholas Hoult,Hank McCoy / Beast,3
246655,25072,Oscar Isaac,En Sabah Nur / Apocalypse,4
246655,9827,Rose Byrne,Moira MacTaggert,5
246655,55089,Evan Peters,Peter Maximoff / Quicksilver,6
246655,1056053,Josh Helman,Col. William Stryker,7
246655,1001657,Sophie Turner,Jean Grey,8
246655,1034681,Tye Sheridan,Scott Summers / Cyclops,9
29193,67773,Steve Martin,Jimmy Dell,0
29193,55152,Campbell Scott,Joe Ross,1
29193,856,Ben Gazzara,Mr. Klein,2
29193,27267,Rebecca Pidgeon,Susan Ricci,3
29193,10743,Ricky Jay,George Lang,4
29193,7427,Felicity Huffman,Pat McCune,5
29193,3541,David Pittu,Resort Manager,6
29193,89461,J.J. Johnston,Doorman,7
29193,18977,Ed O'Neill,FBI Team Leader,8
29193,9048,Clark Gregg,FBI Sniper,9
650,9777,Cuba Gooding Jr.,Tré Styles,0
650,2975,Laurence Fishburne,Furious Styles,1
650,9778,Ice Cube,Doughboy,2
650,9779,Morris Chestnut,Ricky Baker,3
650,9780,Angela Bassett,Reva Styles,4
650,9781,Nia Long,Brandi,5
650,9782,Tyra Ferrell,Mrs. Baker,6
650,9788,Regina King,Shalika,7
650,2617692,Meta King,Brandi's Mom,8
650,156806,Whitman Mayo,The Old Man,9
308,1532,Bill Murray,Don Johnston,0
308,4430,Sharon Stone,Laura,1
308,4431,Jessica Lange,Carmen,2
308,3063,Tilda Swinton,Penny,3
308,4432,Frances Conroy,Dora,4
308,4433,Alexis Dziena,Lolita,5
308,2838,Chloë Sevigny,Carmen's Assistant,6
308,4443,Christopher McDonald,Ron,7
308,1146,Julie Delpy,Sherry,8
308,2954,Jeffrey Wright,Winston,9
966,14528,Yul Brynner,Chris Adams,0
966,3265,Eli Wallach,Calvera,1
966,13565,Steve McQueen,Vin,2
966,4960,Charles Bronson,Bernardo O'Reilly,3
966,14060,Robert Vaughn,Lee,4
966,14529,Brad Dexter,Harry Luck,5
966,5563,James Coburn,Britt,6
966,5789,Horst Buchholz,Chico,7
966,14532,Jorge Martínez de Hoyos,Hilario,8
966,14533,Vladimir Sokoloff,Old Man,9
9691,16483,Sylvester Stallone,Robert Rath,0
9691,3131,Antonio Banderas,Miguel Bain,1
9691,1231,Julianne Moore,Electra,2
9691,58556,Anatoli Davydov,Nicolai Tashlinkov,3
9691,17348,Muse Watson,Ketcham,4
9691,14328,Steve Kahan,Alan Branch,5
9691,47757,Kelly Rowan,"Jennifer, Electra's Neighbor",6
9691,31508,Reed Diamond,Bob,7
9691,42146,Kai Wulff,Remy,8
9691,58557,Kerry Skalsky,Buyer with Remy,9
188927,62064,Chris Pine,Captain James T. Kirk,0
188927,17306,Zachary Quinto,Commander Spock,1
188927,1372,Karl Urban,Dr. Leonard 'Bones' McCoy,2
188927,8691,Zoe Saldaña,Lieutenant Nyota Uhura,3
188927,11108,Simon Pegg,Lieutenant Commander Montgomery 'Scotty' Scott,4
188927,68842,John Cho,Lieutenant Hikaru Sulu,5
188927,21028,Anton Yelchin,Ensign Pavel Chekov,6
188927,17605,Idris Elba,Krall,7
188927,568657,Sofia Boutella,Jaylah,8
188927,592496,Joe Taslim,Manas,9
682,10222,Roger Moore,James Bond,0
682,113,Christopher Lee,Francisco Scaramanga,1
682,10341,Britt Ekland,Mary Goodnight,2
682,10342,Maud Adams,Andrea Anders,3
682,10343,Hervé Villechaize,Nick Nack,4
682,10224,Clifton James,Sheriff J.W. Pepper,5
682,10344,Richard Loo,Hai Fat,6
682,10345,Soon-Tek Oh,Lieutenant Hip,7
682,3140,Marc Lawrence,Rodney,8
682,9874,Bernard Lee,M,9
16619,55636,Donald Sutherland,Calvin Jarrett,0
16619,21277,Mary Tyler Moore,Beth Jarrett,1
16619,6167,Judd Hirsch,Dr. Berger,2
16619,16327,Timothy Hutton,Conrad Jarrett,3
16619,588,M. Emmet Walsh,Swim Coach,4
16619,4513,Elizabeth McGovern,Jeannine Pratt,5
16619,8900,Dinah Manoff,Karen,6
16619,9632,Fredric Lehne,Lazenby,7
16619,65568,James B. Sikking,Ray Hanley,8
16619,91369,Basil Hoffman,Sloan,9
10591,46593,Emile Hirsch,Matthew Kidman,0
10591,25837,Elisha Cuthbert,Danielle,1
10591,18082,Timothy Olyphant,Kelly,2
10591,59238,Christopher Rodriguez Marquette,Eli,3
10591,17142,Paul Dano,Klitz,4
10591,1736,James Remar,Hugo Posh,5
10591,19207,Timothy Bottoms,Mr. Kidman,6
10591,65740,Donna Bullock,Mrs. Kidman,7
10591,65743,Jacob Young,Hunter,8
10591,65738,Brian Kolodziej,Derek,9
11867,6736,Pamela Anderson,Barbara Kopetski / Barb Wire,0
11867,7242,Temuera Morrison,Axel Hood,1
11867,65020,Victoria Rowell,Dr. Corrina Devonshire,2
11867,22133,Jack Noseworthy,Charlie Kopetski,3
11867,1646,Udo Kier,Curly,4
11867,52023,Steve Railsback,Colonel Pryzer,5
11867,3982,Xander Berkeley,Alexander Willis,6
11867,19326,John Paxton,Smooth,7
11867,589761,Joey Sagal,Fred the Bartender,8
11867,1083899,Candace Kita,Dancer,9
12335,14730,Angela Lansbury,Miss Price,0
12335,5825,David Tomlinson,Emelius,1
12335,7505,Roddy McDowall,Mr. Jelk,2
12335,10024,Sam Jaffe,Bookman,3
12335,41231,John Ericson,Col. Heller,4
12335,210620,Bruce Forsyth,Swinburne,5
12335,233563,Cindy O'Callaghan,Carrie,6
12335,1031274,Roy Snart,Paul,7
12335,1073801,Ian Weighill,Charlie,8
12335,123904,Tessie O'Shea,Mrs. Hobday,9
332,4756,Matthew Broderick,Inspector Gadget / Robogadget / John Brown,0
332,4757,Rupert Everett,Sanford Scolex,1
332,4758,Joely Fisher,Brenda / Robobrenda,2
332,49961,Michelle Trachtenberg,Penny,3
332,43120,Andy Dick,Kramer,4
332,60252,Cheri Oteri,Mayor Wilson,5
332,15105,Mike Hagerty,Sikes,6
332,12850,Dabney Coleman,Chief Quimby,7
332,85931,D.L. Hughley,Gadgetmobile (voice),8
332,9807,René Auberjonois,Artemus Bradford,9
4954,10814,Wesley Snipes,Pete Nessip,0
4954,2048,Gary Busey,Ty Moncrief,1
4954,20759,Yancy Butler,Jessie Crossmann,2
4954,2169,Michael Jeter,Earl Leedy,3
4954,21563,Corin Nemec,'Selly' Selkirk,4
4954,40258,Kyle Secor,Swoop,5
4954,29383,Luca Bercovici,Don Jagger,6
4954,40259,Malcolm-Jamal Warner,Terry Nessip,7
4954,16937,Rex Linn,Bobby,8
4954,6465,Grace Zabriskie,Winona,9
39513,11108,Simon Pegg,Graeme Willy,0
39513,11109,Nick Frost,Clive Gollings,1
39513,19274,Seth Rogen,Paul (voice),2
39513,23532,Jason Bateman,Agent Zoil,3
39513,41091,Kristen Wiig,Ruth Buggs,4
39513,19278,Bill Hader,Haggard,5
39513,10401,Blythe Danner,Tara Walton,6
39513,21131,Joe Lo Truglio,O'Reilly,7
39513,3911,John Carroll Lynch,Moses Buggs,8
39513,43775,Jane Lynch,Pat Stevenson,9
1632,193,Gene Hackman,Agent Rupert Anderson,0
1632,5293,Willem Dafoe,Agent Alan Ward,1
1632,3910,Frances McDormand,Mrs. Pell,2
1632,1370,Brad Dourif,Deputy Clinton Pell,3
1632,8655,R. Lee Ermey,Mayor Tilman,4
1632,2886,Gailard Sartain,Sheriff Stuckey,5
1632,537,Stephen Tobolowsky,Townley,6
1632,12132,Michael Rooker,Frank Bailey,7
1632,3201,Pruitt Taylor Vince,Lester Cowens,8
1632,107009,Badja Djola,Agent Monk,9
11041,12899,Jim Varney,Jed Clampett,0
11041,5727,Diedrich Bader,Jethro Bodine,1
11041,23764,Erika Eleniak,Elly May Clampett,2
11041,9599,Cloris Leachman,Granny,3
11041,10437,Lily Tomlin,Miss Jane Hathaway,4
11041,1063,Lea Thompson,Laura Jackson,5
11041,67274,Dolly Parton,Dolly Parton,6
11041,60949,Rob Schneider,Woodrow Tyler,7
11041,12850,Dabney Coleman,Milburn Drysdale,8
11041,1212058,Linda Carlson,Aunt Pearl,9
49948,67773,Steve Martin,Self - Introductory Host,0
49948,166002,Itzhak Perlman,Self - Host,1
49948,13301,Quincy Jones,Self - Host,2
49948,73931,Bette Midler,Self - Host,3
49948,15152,James Earl Jones,Self - Host,4
49948,37221,Penn Jillette,Self - Host,5
49948,74296,Teller,Self - Host,6
49948,1248678,James Levine,Self - Host,7
49948,14730,Angela Lansbury,Self - Host,8
49948,78076,Wayne Allwine,Mickey Mouse (voice),9
4437,6355,Roy Scheider,Dr. Heywood Floyd,0
4437,12074,John Lithgow,Dr. Walter Curnow,1
4437,15735,Helen Mirren,Tanya Kirbuk,2
4437,12438,Bob Balaban,Dr. R. Chandra,3
4437,245,Keir Dullea,Dr. David Bowman,4
4437,253,Douglas Rain,HAL 9000 (voice),5
4437,66079,Madolyn Smith Osborne,Caroline Floyd,6
4437,1190224,Savely Kramarov,Dr. Vladimir Rudenko,7
4437,37713,Taliesin Jaffe,Christopher Floyd,8
4437,37714,James McEachin,Victor Milson,9
10990,1733,Nick Nolte,Max Hoover,0
10990,29369,Melanie Griffith,Katherine Hoover,1
10990,9046,Chazz Palminteri,Elleroy Coolidge,2
10990,147,Michael Madsen,Eddie Hall,3
10990,2969,Chris Penn,Arthur Relyea,4
10990,4515,Treat Williams,Fitzgerald,5
10990,6161,Jennifer Connelly,Allison Pond,6
10990,24516,Daniel Baldwin,McCafferty,7
10990,37041,Andrew McCarthy,Jimmy Fields,8
10990,6949,John Malkovich,General Thomas Timms,9
704,10592,John Lennon,John,0
704,10215,Paul McCartney,Paul,1
704,10593,George Harrison,George,2
704,10594,Ringo Starr,Ringo,3
704,10595,Wilfrid Brambell,Grandfather,4
704,10596,Norman Rossington,Norm,5
704,10597,John Junkin,Shake,6
704,10598,Victor Spinetti,T.V. Director,7
704,10599,Anna Quayle,Millie,8
704,10600,Deryck Guyler,Police Inspector,9
12105,27652,Paul Angelis,Ringo Starr / Chief Blue Meanie / George / Narrator (voice),0
12105,117548,John Clive,John Lennon (voice),1
12105,96179,Dick Emery,"Jeremy Hillary Boob, Ph.D. - Nowhere Man / Lord Mayor / Max (voice)",2
12105,86107,Geoffrey Hughes,Paul McCartney (voice) (as Geoff Hughes),3
12105,94836,Lance Percival,Old Fred (voice),4
12105,2080509,Peter Batten,George (voice) (uncredited),5
12105,10593,George Harrison,George (uncredited),6
12105,10592,John Lennon,John (uncredited),7
12105,10215,Paul McCartney,Paul (uncredited),8
12105,10594,Ringo Starr,Ringo (uncredited),9
5966,7399,Ben Stiller,Reuben Feffer,0
5966,4491,Jennifer Aniston,Polly Prince,1
5966,1233,Philip Seymour Hoffman,Sandy Lyle,2
5966,23959,Debra Messing,Lisa Kramer,3
5966,7447,Alec Baldwin,Stan Indursky,4
5966,5587,Hank Azaria,Claude,5
5966,29092,Bryan Brown,Leland Van Lew,6
5966,13657,Jsu Garcia,Javier,7
5966,46944,Michele Lee,Vivian Feffer,8
5966,19889,Bob Dishy,Irving Feffer,9
11978,380,Robert De Niro,Master Chief Leslie W. Sunday ('Billy'),0
11978,9777,Cuba Gooding Jr.,Senior Chief Carl Brashear,1
11978,6885,Charlize Theron,Gwen Sunday,2
11978,53923,Aunjanue Ellis-Taylor,Jo,3
11978,11066,Hal Holbrook,'Mr. Pappy',4
11978,4688,Michael Rapaport,GM1 Snowhill,5
11978,6280,Powers Boothe,Captain Pullman,6
11978,18181,David Keith,Captain Hartigan,7
11978,122756,Dulé Hill,Red Tail,8
11978,7497,Holt McCallany,MM1 Dylan Rourke,9
11665,4495,Steve Carell,Maxwell Smart,0
11665,1813,Anne Hathaway,Agent 99,1
11665,18918,Dwayne Johnson,Agent 23,2
11665,1903,Alan Arkin,The Chief,3
11665,28641,Terence Stamp,Siegfried,4
11665,3085,James Caan,The President,5
11665,1532,Bill Murray,Agent 13,6
11665,9657,Patrick Warburton,Hymie,7
11665,53256,Terry Crews,Agent 91,8
11665,28638,David Koechner,Larabee,9
922,85,Johnny Depp,William Blake,0
922,15439,Gary Farmer,Nobody,1
922,1064,Crispin Glover,Train Fireman,2
922,2714,Lance Henriksen,Cole Wilson,3
922,7486,Michael Wincott,Conway Twill,4
922,342,Eugene Byrd,Johnny 'The Kid' Pickett,5
922,5049,John Hurt,John Scholfield,6
922,10158,Robert Mitchum,John Dickinson,7
922,13604,Iggy Pop,Salvatore 'Sally' Jenko,8
922,5168,Gabriel Byrne,Charlie Dickinson,9
6038,18897,Jackie Chan,Chon Wang,0
6038,887,Owen Wilson,Roy O'Bannon,1
6038,49734,Fann Wong,Chon Lin,2
6038,49735,Aidan Gillen,Lord Nelson Rathbone,3
6038,1341,Donnie Yen,Wu Chow,4
6038,27678,Tom Fisher,Arthur 'Artie' Doyle,5
6038,27428,Aaron Taylor-Johnson,Charlie Chaplin,6
6038,195562,Alison King,Prostitute,7
6038,27425,Constantine Gregory,The Mayor,8
6038,172790,Anna-Louise Plowman,Debutante,9
86838,72466,Colin Farrell,Marty Faranan,0
86838,6807,Sam Rockwell,Billy Bickle,1
86838,57755,Woody Harrelson,Charlie Costello,2
86838,4690,Christopher Walken,Hans Kieslowski,3
86838,18182,Olga Kurylenko,Angela,4
86838,2887,Tom Waits,Zachariah Rigby,5
86838,37260,Abbie Cornish,Kaya,6
86838,72873,Michael Stuhlbarg,Tommy,7
86838,18472,Kevin Corrigan,Dennis,8
86838,6752,Željko Ivanek,Paolo,9
3033,1327,Ian McKellen,James Whale,0
3033,18269,Brendan Fraser,Clayton Boone,1
3033,29791,Lynn Redgrave,Hanna,2
3033,12139,Lolita Davidovich,Betty,3
3033,29792,David Dukes,David Lewis,4
3033,18916,Kevin J. O'Connor,Harry,5
3033,29794,Mark Kiely,Dwight,6
3033,29795,Jack Plotnick,Edmund Kay,7
3033,29796,Rosalind Ayres,Elsa Lanchester,8
3033,20581,Jack Betts,Boris Karloff,9
363088,22226,Paul Rudd,Scott Lang / Ant-Man,0
363088,19034,Evangeline Lilly,Hope Van Dyne / Wasp,1
363088,3392,Michael Douglas,Dr. Hank Pym,2
363088,1408809,Hannah John-Kamen,Ava / Ghost,3
363088,79082,Randall Park,Jimmy Woo,4
363088,1160,Michelle Pfeiffer,Janet Van Dyne / Wasp,5
363088,2975,Laurence Fishburne,Dr. Bill Foster,6
363088,454,Michael Peña,Luis,7
363088,27740,Walton Goggins,Sonny Burch,8
363088,21127,Bobby Cannavale,Paxton,9
11551,20814,Gregory Smith,Alan Abernathy,0
11551,205,Kirsten Dunst,Christy Fimple,1
11551,5724,Denis Leary,Gil Mars,2
11551,14104,Phil Hartman,Phil Fimple,3
11551,212,David Cross,Irwin Wayfair,4
11551,12217,Jay Mohr,Larry Benson,5
11551,14721,Kevin Dunn,Stuart Abernathy,6
11551,37042,Ann Magnuson,Irene Abernathy,7
11551,37600,Wendy Schaal,Marion Fimple,8
11551,9829,Jacob Smith,Timmy Fimple,9
109414,17051,James Franco,James Franco,0
109414,21007,Jonah Hill,Jonah Hill,1
109414,19274,Seth Rogen,Seth Rogen,2
109414,449,Jay Baruchel,Jay Baruchel,3
109414,62862,Danny McBride,Danny McBride,4
109414,64342,Craig Robinson,Craig Robinson,5
109414,39995,Michael Cera,Michael Cera,6
109414,10990,Emma Watson,Emma Watson,7
109414,125167,Mindy Kaling,Mindy Kaling,8
109414,38582,David Krumholtz,David Krumholtz,9
291805,44735,Jesse Eisenberg,J. Daniel Atlas,0
291805,103,Mark Ruffalo,Dylan Rhodes,1
291805,57755,Woody Harrelson,Merritt McKinney / Chase McKinney,2
291805,54697,Dave Franco,Jack Wilder,3
291805,10980,Daniel Radcliffe,Walter Mabry,4
291805,51988,Lizzy Caplan,Lula,5
291805,192,Morgan Freeman,Thaddeus Bradley,6
291805,17380,Jay Chou,Li,7
291805,5411,Sanaa Lathan,Deputy Director Natalie Austin,8
291805,3895,Michael Caine,Arthur Tressler,9
9334,18918,Dwayne Johnson,Mathayus / The Scorpion King,0
9334,57340,Steven Brand,Memnon,1
9334,61981,Michael Clarke Duncan,Balthazar,2
9334,11024,Kelly Hu,Cassandra,3
9334,1369,Bernard Hill,Philos,4
9334,31511,Grant Heslov,Arpid,5
9334,56857,Peter Facinelli,Takmet,6
9334,942,Ralf Moeller,Thorak,7
9334,106730,Branscombe Richmond,Jesup,8
9334,16407,Roger Rees,King Pheron,9
2289,9642,Jude Law,Inman,0
2289,2227,Nicole Kidman,Ada Monroe,1
2289,9137,Renée Zellweger,Ruby Thewes,2
2289,20300,Eileen Atkins,Maddy,3
2289,2039,Brendan Gleeson,Stobrod Thewes,4
2289,1233,Philip Seymour Hoffman,Reverend Veasey,5
2289,524,Natalie Portman,Sara,6
2289,1771,Giovanni Ribisi,Junior,7
2289,55636,Donald Sutherland,Reverend Monroe,8
2289,5538,Ray Winstone,Teague,9
31011,7499,Jared Leto,Nemo Nobody (Adult / Old),0
31011,98,Sarah Polley,Adult Elise,1
31011,9824,Diane Kruger,Adult Anna,2
31011,19115,Linh-Dan Pham,Adult Jean,3
31011,7026,Rhys Ifans,Nemo's Father,4
31011,110581,Natasha Little,Nemo's Mother,5
31011,116606,Toby Regbo,Nemo age 16,6
31011,36594,Juno Temple,Anna age 15,7
31011,78018,Allan Corduner,Dr. Feldheim,8
31011,1670,Daniel Mays,Young Journalist,9
2295,23629,Brian O'Halloran,Dante,0
2295,23630,Jeff Anderson,Randal,1
2295,5916,Rosario Dawson,Becky,2
2295,19302,Jason Mewes,Jay,3
2295,19303,Kevin Smith,Silent Bob,4
2295,23658,Jennifer Schwalbach Smith,Emma,5
2295,880,Ben Affleck,Gawking Guy,6
2295,23740,Trevor Fehrman,Elias,7
2295,20503,Scott Mosier,Concerned Father,8
2295,11662,Jason Lee,Lance Dowds,9
399055,39658,Sally Hawkins,Elisa Esposito,0
399055,335,Michael Shannon,Richard Strickland,1
399055,28633,Richard Jenkins,Giles,2
399055,6944,Octavia Spencer,Zelda Fuller,3
399055,72873,Michael Stuhlbarg,Dr. Robert Hoffstetler,4
399055,17005,Doug Jones,Amphibian Man,5
399055,5892,David Hewlett,Fleming,6
399055,12538,Nick Searcy,General Hoyt,7
399055,16591,Stewart Arnott,Bernard,8
399055,44208,Nigel Bennett,Mihalkov,9
493922,3051,Toni Collette,Annie Graham,0
493922,934281,Alex Wolff,Peter Graham,1
493922,5168,Gabriel Byrne,Steve Graham,2
493922,1945702,Milly Shapiro,Charlie Graham,3
493922,43366,Ann Dowd,Joan,4
493922,1969994,Mallory Bechtel,Bridget,5
493922,1969995,Brock McKinney,Aaron,6
493922,2064805,Jake Brown,Brendan,7
493922,1853997,Morgan Lund,Mr. Davis,8
493922,146333,Christy Summerhays,Charlie's Teacher,9
6278,3894,Christian Bale,Quinn Abercromby,0
6278,10297,Matthew McConaughey,Denton Van Zan,1
6278,10695,Izabella Scorupco,Alex Jensen,2
6278,17276,Gerard Butler,Creedy,3
6278,2957,Alexander Siddig,Ajay,4
6278,56137,Scott Moutter,Jared Wilke,5
6278,62498,David Kennedy,Eddie Stax,6
6278,63362,Ned Dennehy,Barlow,7
6278,1041731,Rory Keenan,Devon,8
6278,67205,Terence Maynard,Gideon,9
30497,27798,Marilyn Burns,Sally,0
30497,122454,Allen Danziger,Jerry,1
30497,122455,Paul A. Partain,Franklin,2
30497,122456,William Vail,Kirk,3
30497,122457,Teri McMinn,Pam,4
30497,27803,Edwin Neal,Hitchhiker,5
30497,104014,Jim Siedow,Old Man,6
30497,27804,Gunnar Hansen,Leatherface,7
30497,104892,John Dugan,Grandfather,8
30497,1453740,Robert Courtin,Window Washer,9
7518,62,Bruce Willis,RJ (voice),0
7518,52865,Garry Shandling,Verne (voice),1
7518,4495,Steve Carell,Hammy (voice),2
7518,27102,Wanda Sykes,Stella (voice),3
7518,1748,William Shatner,Ozzie (voice),4
7518,1733,Nick Nolte,Vincent (voice),5
7518,19159,Thomas Haden Church,Dwayne (voice),6
7518,19,Allison Janney,Gladys (voice),7
7518,26510,Eugene Levy,Lou (voice),8
7518,11514,Catherine O'Hara,Penny (voice),9
6964,514,Jack Nicholson,Harry Sanborn,0
6964,3092,Diane Keaton,Erica Barry,1
6964,6384,Keanu Reeves,Julian Mercer,2
6964,3910,Frances McDormand,Zoe,3
6964,2956,Amanda Peet,Marin,4
6964,15277,Jon Favreau,Leo,5
6964,12988,Paul Michael Glaser,Dave,6
6964,10768,Rachel Ticotin,Dr. Martinez,7
6964,3415547,Paige Butcher,Beauty,8
6964,3461160,Tanya Sweet,Beauty,9
9563,1158,Al Pacino,Tony D'Amato,0
9563,6941,Cameron Diaz,Christina Pagniacci,1
9563,6065,Dennis Quaid,Jack 'Cap' Rooney,2
9563,4512,James Woods,Dr. Harvey Mandrake,3
9563,134,Jamie Foxx,Willie Beamen,4
9563,36424,LL Cool J,Julian Washington,5
9563,8654,Matthew Modine,Dr. Ollie Powers,6
9563,4774,Jim Brown,Montezuma Monroe,7
9563,185731,Lawrence Taylor,Luther 'Shark' Lavay,8
9563,77896,Bill Bellamy,Jimmy Sanderson,9
11528,4729,Tom Guiry,Scotty Smalls,0
11528,69738,Mike Vitar,Benjamin Franklin Rodriguez,1
11528,69740,Patrick Renna,Hamilton 'Ham' Porter,2
11528,88599,Chauncey Leopardi,Michael 'Squints' Palledorous,3
11528,1644293,Marty York,Alan 'Yeah-Yeah' McClennan,4
11528,148638,Brandon Quintin Adams,Kenny DeNunez,5
11528,23711,Grant Gelt,Bertram Grover Weeks,6
11528,15152,James Earl Jones,Mr. Mertle,7
11528,5724,Denis Leary,Bill,8
11528,650,Karen Allen,Mom,9
76493,6730,Sacha Baron Cohen,Aladeen / Efawadh,0
76493,2282,Ben Kingsley,Tamir,1
76493,1772,Anna Faris,Zoey,2
76493,111683,Jason Mantzoukas,Nadal,3
76493,173810,Sayed Badreya,Omar,4
76493,81840,Adeel Akhtar,Maroush,5
76493,20644,Aasif Mandvi,Doctor,6
76493,1223718,Rizwan Manji,Patient,7
76493,2823308,Rocky Citron,Baby Aladeen,8
76493,1978679,Liam Campora,Aladeen Age 6,9
923,15069,David Emge,"Stephen ""Flyboy"" Andrews",0
923,15070,Ken Foree,Peter Washington,1
923,15071,Scott H. Reiniger,"Roger ""Trooper"" DeMarco",2
923,15072,Gaylen Ross,"Francine ""Fran"" Parker",3
923,15073,David Crawford,Dr. James Foster,4
923,15074,David Early,Sidney Berman,5
923,15075,Richard France,Dr. Milliard Rausch,6
923,15076,Howard Smith,TV Commentator,7
923,15077,Daniel Dietrich,Dan Givens,8
923,15078,Fred Baker,Police Commander,9
11349,8487,Gregory Peck,Sam Bowden,0
11349,10158,Robert Mitchum,Max Cady,1
11349,40175,Polly Bergen,Peggy Bowden,2
11349,1936,Martin Balsam,Police Chief Mark Dutton,3
11349,69103,Lori Martin,Nancy Bowden,4
11349,4094,Jack Kruschen,Attorney Dave Grafton,5
11349,10169,Telly Savalas,Private Detective Charles Sievers,6
11349,127638,Barrie Chase,Diane Taylor,7
11349,153675,Paul Comi,Garner,8
11349,165148,John McKee,Officer Marconi,9
4967,7399,Ben Stiller,Rabbi Jake Schram,0
4967,819,Edward Norton,Father Brian Finn,1
4967,40279,Jenna Elfman,Anna Riley,2
4967,10774,Anne Bancroft,Ruth Schram,3
4967,3265,Eli Wallach,Rabbi Ben Lewis,4
4967,12122,Ron Rifkin,Larry Friedman,5
4967,3974,Miloš Forman,Father Havel,6
4967,11318,Holland Taylor,Bonnie Rose,7
4967,41420,Lisa Edelstein,Ali Decker,8
4967,58511,Brian George,"Paulie Chopra, the Sikh Catholic Muslim with Jewish in-laws who owns an Irish Pub",9
209112,880,Ben Affleck,Bruce Wayne / Batman,0
209112,73968,Henry Cavill,Clark Kent / Superman,1
209112,44735,Jesse Eisenberg,Lex Luthor,2
209112,90633,Gal Gadot,Diana Prince / Wonder Woman,3
209112,9273,Amy Adams,Lois,4
209112,2882,Diane Lane,Martha Kent,5
209112,2975,Laurence Fishburne,Perry White,6
209112,16940,Jeremy Irons,Alfred,7
209112,18686,Holly Hunter,Senator Finch,8
209112,59233,Scoot McNairy,Wallace Keefe,9
15765,9780,Angela Bassett,Anna Mae Bullock / Tina Turner,0
15765,2975,Laurence Fishburne,Ike Turner,1
15765,100653,Vanessa Bell Calloway,Jackie,2
15765,15899,Jenifer Lewis,Zelma Bullock,3
15765,19265,Khandi Alexander,Darlene,4
15765,55755,Richard T. Jones,Ike Turner Jr.,5
15765,18346,Rae'Ven Larrymore Kelly,Young Anna Mae Bullock,6
15765,8687,Chi McBride,Fross,7
15765,1218219,Penny Johnson Jerald,Lorraine Taylor,8
15765,171167,Phyllis Yvonne Stickney,Alline Bullock,9
985,6718,Jack Nance,Henry Spencer,0
985,14794,Charlotte Stewart,Mary X,1
985,14795,Allen Joseph,Mr. X,2
985,14796,Jeanne Bates,Mrs. X,3
985,14797,Judith Roberts,Beautiful Girl Across the Hall,4
985,14798,Laurel Near,Lady in the Radiator,5
985,5632,Jack Fisk,Man in the Planet,6
985,14802,Jean Lange,Grandmother,7
985,3317745,Thomas Coulson,The Boy,8
985,3317746,John Monez,Bum,9
9081,569,Ethan Hawke,Jesse,0
9081,1146,Julie Delpy,Celine,1
9081,56934,Wiley Wiggins,Main Character,2
9081,71658,Bill Wise,Boat Car Guy,3
9081,57970,Alex E. Jones,Man in Car with P.A.,4
9081,1884,Steven Soderbergh,Interviewed on Television,5
9081,56935,Ken Webster,Bartender,6
9081,71659,Charles Gunning,Angry Man in Jail,7
9081,1327009,Lorelei Linklater,Young Girl Playing Paper Game,8
9081,2636535,Trevor Jack Brooks,Young Boy Playing Paper Game,9
8512,5292,Denzel Washington,Easy Rawlins,0
8512,3197,Tom Sizemore,DeWitt Albright,1
8512,3130,Jennifer Beals,Daphne Monet,2
8512,1896,Don Cheadle,Mouse Alexander,3
8512,7868,Maury Chaykin,Matthew Terell,4
8512,11067,Terry Kinney,Todd Carter,5
8512,35038,Mel Winkler,Joppy,6
8512,8354,Albert Hall,Degan Odell,7
8512,55274,Lisa Nicole Carson,Coretta James,8
8512,55275,Jernard Burks,Dupree Brouchard,9
399174,17419,Bryan Cranston,Chief (voice),0
399174,1726151,Koyu Rankin,Atari Kobayashi (voice),1
399174,12438,Bob Balaban,King (voice),2
399174,819,Edward Norton,Rex (voice),3
399174,1532,Bill Murray,Boss (voice),4
399174,4785,Jeff Goldblum,Duke (voice),5
399174,1714579,Kunichi Nomura,Mayor Kobayashi (voice),6
399174,26473,Fisher Stevens,Scrap (voice),7
399174,1333696,Akira Takayama,Major Domo (voice),8
399174,45400,Greta Gerwig,Tracy Walker (voice),9
19931,10075,Tsai Chin,Lindo Jong,0
19931,143432,Kieu Chinh,Suyuan Wong,1
19931,86633,Lisa Lu,An-Mei Hsu,2
19931,16096,France Nuyen,Ying-Ying St. Clair,3
19931,74073,Rosalind Chao,Rose Hsu Jordan,4
19931,15100,Lauren Tom,Lena St. Clair,5
19931,3134,Tamlyn Tomita,Waverly Jong,6
19931,21702,Ming-Na Wen,June Woo,7
19931,17355,Michael Paul Chan,Harold,8
19931,37041,Andrew McCarthy,Ted Jordan,9
11232,5344,Meg Ryan,Kate McKay,0
11232,6968,Hugh Jackman,Leopold,1
11232,23626,Liev Schreiber,Stuart Besser,2
11232,33654,Breckin Meyer,Charlie McKay,3
11232,10871,Natasha Lyonne,Darci,4
11232,11367,Bradley Whitford,J.J. Camden,5
11232,129996,Paxton Whitehead,Uncle Millard,6
11232,8978,Spalding Gray,Dr. Geisler,7
11232,21882,Josh Stamberg,Colleague Bob,8
11232,159869,Matthew Sussman,Ad Executive Phil,9
1649,6384,Keanu Reeves,Ted,0
1649,18355,Alex Winter,Bill / Granny Preston,1
1649,6573,William Sadler,Grim Reaper,2
1649,14324,Joss Ackland,De Nomolos,3
1649,2230,Pam Grier,Ms. Wardroe,4
1649,15903,George Carlin,Rufus,5
1649,18386,Amy Stoch,Missy,6
1649,549532,Jim Martin,Sir James Martin,7
1649,14801,Hal Landon Jr.,Captain Logan,8
1649,192492,Annette Azcuy,Elizabeth,9
16388,12833,Edward Burns,Barry / Finbar McMullen,0
16388,69298,Michael McGlone,Patrick McMullen,1
16388,86310,Connie Britton,Molly McMullen,2
16388,86313,Jack Mulcahy,Jack McMullen,3
16388,86309,Catharine Bolz,Mrs McMullen,4
16388,86308,Shari Albert,Susan,5
16388,21398,Maxine Bahns,Audrey,6
16388,27739,Jennifer Jostyn,Leslie,7
16388,86311,Peter Johansen,Marty,8
16388,86312,Elizabeth McKay,Ann,9
2454,5528,William Moseley,Peter Pevensie,0
2454,5529,Anna Popplewell,Susan Pevensie,1
2454,5527,Skandar Keynes,Edmund Pevensie,2
2454,5526,Georgie Henley,Lucy Pevensie,3
2454,25130,Ben Barnes,Prince Caspian,4
2454,3063,Tilda Swinton,White Witch,5
2454,22970,Peter Dinklage,Trumpkin,6
2454,2166,Sergio Castellitto,King Miraz,7
2454,1926,Suzy Eddie Izzard,Reepicheep,8
2454,3896,Liam Neeson,Aslan (voice),9
19101,84093,Liesel Matthews,Sara Crewe,0
19101,45453,Eleanor Bron,Miss Minchin,1
19101,15498,Liam Cunningham,Capt. Crewe / Prince Rama,2
19101,34407,Rusty Schwimmer,Amelia Minchin,3
19101,4938,Vanessa Lee Chester,Becky,4
19101,26293,Rachael Bella,Betsy,5
19101,38670,Camilla Belle,Jane,6
19101,155864,Kelsey Mulrooney,Lottie,7
19101,1506286,Lauren Blumenfeld,Rosemary,8
19101,3418,Vincent Schiavelli,Mr. Barrow,9
8273,21593,Jason Biggs,Jim Levenstein,0
8273,54586,Molly Cheek,Jim's Mom,1
8273,21595,Alyson Hannigan,Michelle Flaherty,2
8273,31717,January Jones,Cadence Flaherty,3
8273,21403,Thomas Ian Nicholas,Kevin Myers,4
8273,57599,Seann William Scott,Steve Stifler,5
8273,52480,Eddie Kaye Thomas,Paul Finch,6
8273,20753,Fred Willard,Harold Flaherty,7
8273,26510,Eugene Levy,Jim's Dad,8
8273,44830,Deborah Rush,Mary Flaherty,9
5038,1245,Scarlett Johansson,Cristina,0
5038,15556,Rebecca Hall,Vicky,1
5038,3810,Javier Bardem,Juan Antonio Gonzalo,2
5038,955,Penélope Cruz,María Elena,3
5038,60021,Christopher Evan Welch,Narrator (voice),4
5038,61659,Chris Messina,Doug,5
5038,1276,Patricia Clarkson,Judy Nash,6
5038,14721,Kevin Dunn,Mark Nash,7
5038,588323,Julio Perillán,Charles,8
5038,1303727,Ricard Salom,Art Gallery Guest,9
222935,94185,Shailene Woodley,Hazel Grace Lancaster,0
222935,1159982,Ansel Elgort,Augustus Waters,1
222935,232006,Nat Wolff,Isaac,2
222935,4784,Laura Dern,Frannie Lancaster,3
222935,131006,Sam Trammell,Michael Lancaster,4
222935,5293,Willem Dafoe,Peter van Houten,5
222935,133931,Lotte Verbeek,Lidewij Vliegenthart,6
222935,1431805,Ana Dela Cruz,Dr. Maria,7
222935,152902,Randy Kovitz,Dr. Simmons,8
222935,1465967,Toni Saladna,Flight Attendant,9
9663,1229,Jeff Bridges,Starman / Scott Hayden,0
9663,650,Karen Allen,Jenny Hayden,1
9663,1270,Charles Martin Smith,Mark Shermin,2
9663,58423,Richard Jaeckel,George Fox,3
9663,15515,Robert Phalen,Major Bell,4
9663,170644,Tony Edwards,Sergeant Lemon,5
9663,1211987,John Walter Davis,Brad Heinmuller,6
9663,176475,Ted White,Deer Hunter,7
9663,123016,Dirk Blocker,Cop #1,8
9663,22132,M.C. Gainey,Cop #2,9
2771,13242,Paul Giamatti,Harvey Pekar,0
2771,15250,Hope Davis,Joyce Brabner,1
2771,52860,Judah Friedlander,Toby Radloff,2
2771,58528,James Urbaniak,Robert Crumb,3
2771,87119,Earl Billings,Mr. Boats,4
2771,155173,James McCaffrey,Fred,5
2771,82105,Maggie Moore,Alice Quinn,6
2771,77001,Vivienne Benesch,Lana,7
2771,27974,Daniel Tay,Young Harvey,8
2771,27976,Harvey Pekar,Real Harvey,9
59440,33192,Joel Edgerton,Brendan Conlon,0
59440,2524,Tom Hardy,Tommy Conlon,1
59440,1733,Nick Nolte,Paddy Conlon,2
59440,41421,Jennifer Morrison,Tess Conlon,3
59440,81685,Frank Grillo,Frank Campana,4
59440,14721,Kevin Dunn,Principal Zito,5
59440,1018947,Maximiliano Hernández,Colt Boyd,6
59440,78320,Bryan Callen,Bryan Callen,7
59440,972459,Sam Sheridan,Sam Sheridan,8
59440,216782,Fernando Chien,Fenroy,9
508442,134,Jamie Foxx,Joe Gardner (voice),0
508442,56323,Tina Fey,22 (voice),1
508442,78577,Graham Norton,Moonwind (voice),2
508442,15298,Rachel House,Terry (voice),3
508442,8602,Alice Braga,Counselor Jerry (voice),4
508442,98103,Richard Ayoade,Counselor Jerry (voice),5
508442,119598,Phylicia Rashād,Libba Gardner (voice),6
508442,115218,Donnell Rawlings,Dez (voice),7
508442,4719,Questlove,Curly (voice),8
508442,9780,Angela Bassett,Dorothea (voice),9
18971,64,Gary Oldman,Rosencrantz,0
18971,3129,Tim Roth,Guildenstern,1
18971,3037,Richard Dreyfuss,The Player,2
18971,20508,Iain Glen,Hamlet,3
18971,385,Ian Richardson,Polonius,4
18971,20425,Donald Sumpter,Claudius,5
18971,106765,Joanna Miles,Gertrude,6
18971,195471,Joanna Roth,Ophelia,7
18971,79747,John Burgess,Ambassador from England,8
18971,134249,Livio Badurina,Tragedian (Alfred),9
64,1610,Javier Cámara,Benigno,0
64,3618,Darío Grandinetti,Marco,1
64,101,Leonor Watling,Alicia,2
64,398,Rosario Flores,Lydia,3
64,399,Mariola Fuentes,Rosa,4
64,400,Geraldine Chaplin,Katerina Bilova,5
64,402,Pina Bausch,Bailarine,6
64,3619,Malou Airaudo,Bailarine,7
64,3620,Caetano Veloso,Singer at Party,8
64,942471,Roberto Álvarez,Doctor Vega,9
9279,1100,Arnold Schwarzenegger,Howard Langston,0
9279,57119,Sinbad,Myron Larabee,1
9279,14104,Phil Hartman,Ted Maltin,2
9279,33196,Jake Lloyd,Jamie Langston,3
9279,12931,Rita Wilson,Liz Langston,4
9279,129317,Robert Conrad,Officer Hummell,5
9279,80742,Martin Mull,D.J.,6
9279,26485,Jim Belushi,Mall Santa,7
9279,981033,E.J. De la Pena,Johnny,8
9279,35159,Laraine Newman,First Lady,9
2604,500,Tom Cruise,Ron Kovic,0
2604,10361,Raymond J. Barry,Mr. Kovic,1
2604,26466,Caroline Kava,Mrs. Kovic,2
2604,26467,Kyra Sedgwick,Donna,3
2604,5293,Willem Dafoe,Charlie,4
2604,26470,Jerry Levine,Steve Boyer,5
2604,9045,Stephen Baldwin,Billy Vorsovich,6
2604,1044946,Josh Evans,Tommy Kovic,7
2604,26468,Rob Camilletti,Tommy Finnelli,8
2604,2535,Vivica A. Fox,Hooker,9
9362,4724,Kevin Bacon,Valentine McKee,0
9362,10430,Fred Ward,Earl Bassett,1
9362,57453,Finn Carter,Rhonda LeBeck,2
9362,67015,Michael Gross,Burt Gummer,3
9362,21986,Reba McEntire,Heather Gummer,4
9362,11395,Victor Wong,Walter Chang,5
9362,52141,Robert Jayne,Melvin Plug,6
9362,4788,Ariana Richards,Mindy Sterngood,7
9362,14794,Charlotte Stewart,Nancy Sterngood,8
9362,166606,Tony Genaro,Miguel,9
951,1100,Arnold Schwarzenegger,Kimble,0
951,14698,Penelope Ann Miller,Joyce,1
951,14699,Pamela Reed,Phoebe,2
951,12516,Linda Hunt,Miss Schlowski,3
951,14700,Richard Tyson,Crisp,4
951,14701,Carroll Baker,Eleanor Crisp,5
951,14703,Joseph Cousins,Dominic,6
951,73961,Christian Cousins,Dominic,7
951,14702,Cathy Moriarty,Sylvester's Mother,8
951,14704,Park Overall,Samantha's Mother,9
10849,12021,Mia Farrow,Cecilia,0
10849,8447,Jeff Daniels,Tom Baxter / Gil Shepherd,1
10849,1004,Danny Aiello,Monk,2
10849,1902,Dianne Wiest,Emma,3
10849,47137,Milo O'Shea,Father Donnelly,4
10849,37446,Van Johnson,Larry,5
10849,44830,Deborah Rush,Rita,6
10849,937681,Zoe Caldwell,The Countess,7
10849,12857,Irving Metzman,Theater Manager,8
10849,8937,John Wood,Jason,9
11467,1204,Julia Roberts,Kiki Harrison,0
11467,7904,Billy Crystal,Lee Phillips,1
11467,3036,John Cusack,Eddie Thomas,2
11467,1922,Catherine Zeta-Jones,Gwen Harrison,3
11467,5587,Hank Azaria,Hector,4
11467,2283,Stanley Tucci,Dave Kingman,5
11467,4690,Christopher Walken,Hal Weidmann,6
11467,1903,Alan Arkin,Wellness Guide,7
11467,13922,Seth Green,Danny Wax,8
11467,149740,Scot Zeller,Davis,9
156022,5292,Denzel Washington,Robert McCall,0
156022,20982,Marton Csokas,Teddy,1
156022,56734,Chloë Grace Moretz,Teri,2
156022,35029,David Harbour,Masters,3
156022,58754,Haley Bennett,Mandy,4
156022,8984,Bill Pullman,Brian Plummer,5
156022,6832,Melissa Leo,Susan Plummer,6
156022,1224149,David Meunier,Slavi,7
156022,1399659,Johnny Skourtis,Ralphie,8
156022,20563,Alex Veadov,Tevi,9
9486,10730,Rowan Atkinson,Johnny English,0
9486,57669,Natalie Imbruglia,Lorna Campbell,1
9486,18025,Ben Miller,Bough,2
9486,6949,John Malkovich,Pascal Sauvage,3
9486,16700,Greg Wise,Agent One,4
9486,47931,Tasha de Vasconcelos,Exotic Woman,5
9486,61540,Douglas McFerran,Carlos Vendetta,6
9486,55578,Steve Nicolson,Dieter Klein,7
9486,25656,Terence Harvey,Official at Funeral,8
9486,2449,Kevin McNally,Prime Minister,9
11975,1892,Matt Damon,Rudy Baylor,0
11975,6194,Claire Danes,Kelly Riker,1
11975,518,Danny DeVito,Deck Shifflet,2
11975,10127,Jon Voight,Leo F. Drummond,3
11975,5960,Mary Kay Place,Dot Black,4
11975,923,Dean Stockwell,Judge Harvey Hale,5
11975,2295,Mickey Rourke,Bruiser Stone,6
11975,2047,Danny Glover,Richter Tyrone Kipler,7
11975,12519,Virginia Madsen,Jackie Lemancyzk,8
11975,55725,Randy Travis,Billy Porter,9
9411,5292,Denzel Washington,John Hobbes,0
9411,1230,John Goodman,Jonesy,1
9411,55636,Donald Sutherland,Lt. Stanton,2
9411,6368,Embeth Davidtz,Gretta Milano,3
9411,4691,James Gandolfini,Lou,4
9411,13550,Elias Koteas,Edgar Reese,5
9411,18272,Gabriel Casseus,Art,6
9411,19976,Robert Joy,Charles,7
9411,106791,Aida Turturro,Tiffany,8
9411,59018,Michael J. Pagan,Sam,9
36648,10814,Wesley Snipes,Eric Brooks / Blade,0
36648,10860,Jessica Biel,Abigail Whistler,1
36648,10859,Ryan Reynolds,Hannibal King,2
36648,10823,Kris Kristofferson,Abraham Whistler,3
36648,10862,Dominic Purcell,Dracula / Drake,4
36648,7489,Parker Posey,Danica Talos,5
36648,10871,Natasha Lyonne,Sommerfield,6
36648,1736,James Remar,Ray Cumberland,7
36648,8265,John Michael Higgins,Dr. Edgar Vance,8
36648,10872,Patton Oswalt,Hedges,9
2605,12851,Ally Sheedy,Stephanie Speck,0
2605,26472,Steve Guttenberg,Newton Crosby,1
2605,26473,Fisher Stevens,Ben Jabituya,2
2605,6168,Austin Pendleton,Howard Marner,3
2605,27237,G.W. Bailey,Skroeder,4
2605,27238,Brian McNamara,Frank,5
2605,1036563,Tim Blaney,Number 5 (voice),6
2605,13003,Marvin J. McIntyre,Duke,7
2605,950548,John Garber,Otis,8
2605,80599,Penny Santon,Mrs. Cepeda,9
4256,1772,Anna Faris,Cindy,0
4256,35705,Regina Hall,Brenda Meeks,1
4256,35548,Simon Rex,George,2
4256,18471,Anthony Anderson,Mahalik,3
4256,6952,Charlie Sheen,Tom,4
4256,7633,Leslie Nielsen,President Harris,5
4256,55638,Kevin Hart,CJ,6
4256,12799,Jeremy Piven,Ross Giggins,7
4256,6736,Pamela Anderson,Becca,8
4256,35597,Jenny McCarthy,Kate,9
5137,9642,Jude Law,Sky Captain,0
5137,12052,Gwyneth Paltrow,Polly Perkins,1
5137,11701,Angelina Jolie,Franky,2
5137,1771,Giovanni Ribisi,Dex,3
5137,5658,Michael Gambon,Paley,4
5137,39126,Bai Ling,Mysterious Woman,5
5137,41379,Omid Djalili,Kaji,6
5137,3359,Laurence Olivier,Dr. Totenkopf (archive footage),7
5137,62233,Trevor Baxter,Dr Walter Jennings,8
5137,89635,Julian Curry,Dr. Vargas,9
10358,19274,Seth Rogen,Zack,0
10358,9281,Elizabeth Banks,Miri,1
10358,64342,Craig Robinson,Delaney,2
10358,76525,Gerry Bednob,Mr. Surya,3
10358,4183748,Edward Janda,Customer,4
10358,4183753,Nicholas Lombardi,Teen #1,5
10358,4183755,Chris Milan,Teen #2,6
10358,23658,Jennifer Schwalbach Smith,Betsy,7
10358,1229795,Kenny Hotz,Zack II,8
10358,17271,Brandon Routh,Bobby Long,9
1580,854,James Stewart,Rupert Cadell,0
1580,14504,John Dall,Brandon Shaw,1
1580,12497,Farley Granger,Phillip Morgan,2
1580,99461,Cedric Hardwicke,Mr. Henry Kentley,3
1580,17660,Constance Collier,Mrs. Anita Atwater,4
1580,17661,Douglas Dick,Kenneth Lawrence,5
1580,17662,Edith Evanson,Mrs. Wilson,6
1580,17663,Dick Hogan,David Kentley,7
1580,17664,Joan Chandler,Janet Walker,8
1580,2636,Alfred Hitchcock,Man Walking in Street (uncredited),9
198184,82191,Sharlto Copley,Chappie,0
198184,76788,Dev Patel,Deon Wilson,1
198184,6968,Hugh Jackman,Vincent Moore,2
198184,985041,Ninja,Ninja,3
198184,985040,Yo-Landi Visser,Yo-Landi,4
198184,10205,Sigourney Weaver,Michelle Bradley,5
198184,198615,Chris Shields,Journalist,6
198184,1217309,Anderson Cooper,Anderson Cooper,7
198184,20191,Jose Pablo Cantillo,Yankie (Amerika),8
198184,1029029,Brandon Auret,Hippo,9
11622,18269,Brendan Fraser,Adam,0
11622,5588,Alicia Silverstone,Eve,1
11622,4690,Christopher Walken,Calvin,2
11622,5606,Sissy Spacek,Helen,3
11622,21290,Dave Foley,Troy,4
11622,9998,Joey Slotnick,Soda Jerk,5
11622,174600,Dale Raoul,Mom,6
11622,3884688,Hayden Tank,Adam Age 3 1/2,7
11622,60077,Douglas Smith,Adam Age 11,8
11622,2516498,Ryan Sparks,Adam Age 8,9
12244,109,Elijah Wood,#9 (voice),0
12244,290,Christopher Plummer,#1 (voice),1
12244,2641,Martin Landau,#2 (voice),2
12244,4764,John C. Reilly,#5 (voice),3
12244,1064,Crispin Glover,#6 (voice),4
12244,6161,Jennifer Connelly,#7 (voice),5
12244,60279,Fred Tatasciore,#8 / Radio Announcer (voice),6
12244,24320,Alan Oppenheimer,Scientist (voice),7
12244,71535,Tom Kane,Dictator (voice),8
12244,108701,Helen Wilson,Newscaster (voice),9
530385,1373737,Florence Pugh,Dani,0
530385,1007683,Jack Reynor,Christian,1
530385,1410478,William Jackson Harper,Josh,2
530385,93491,Will Poulter,Mark,3
530385,2096149,Vilhelm Blomgren,Pelle,4
530385,2209530,Isabelle Grill,Maja,5
530385,239349,Gunnel Fred,Siv,6
530385,1457454,Ellora Torchia,Connie,7
530385,2249745,Archie Madekwe,Simon,8
530385,64975,Henrik Norlén,Ulf,9
6557,25541,Katherine Heigl,Jane Nichols,0
6557,11006,James Marsden,Kevin Doyle,1
6557,50463,Malin Akerman,Tess Nichols,2
6557,20750,Judy Greer,Casey,3
6557,12833,Edward Burns,George,4
6557,404,Melora Hardin,Maureen,5
6557,50464,Brian Kerwin,Hal Nichols,6
6557,1214403,Maulik Pancholy,Trent,7
6557,50466,David Castro,Pedro,8
6557,78080,Krysten Ritter,Gina the Goth,9
9844,6886,Christina Ricci,Dedee Truitt,0
9844,42993,Martin Donovan,Bill Truitt,1
9844,14406,Lisa Kudrow,Lucia DeLury,2
9844,11059,Lyle Lovett,Carl Tippett,3
9844,16478,Johnny Galecki,Jason Bock,4
9844,10128,William Lee Scott,"Randy ""One Ball"" Cates",5
9844,38583,Ivan Sergei,Matt Mateo,6
9844,111887,Megan Blake,Bobette,7
9844,25146,Colin Ferguson,Tom DeLury,8
9844,87034,Dan Bucatinsky,Timothy,9
9662,35878,Suzy Falk,Triplet (voice),0
9662,58417,Lina Boudreau,Triplet (voice),1
9662,58416,Betty Bonifassi,Triplet (voice),2
9662,58418,Michèle Caucheteux,Triplet (voice),3
9662,58419,Jean-Claude Donda,General Gaulle / Sports Commentators / Homeless (voice),4
9662,58420,Mari-Lou Gauthier,Triplet (voice),5
9662,58422,Charles Linton,Additional Voice (voice),6
9662,3503818,Monica Viegas,Madame Souza (voice),7
9662,32092,Michel Robin,Adult Champion (voice),8
1667,48576,Charles Berling,Father Penguin (voice),0
1667,40938,Romane Bohringer,Mother Penguin (voice),1
1667,24502,Jules Sitruk,Baby Penguin (voice),2
1667,192,Morgan Freeman,Narrator,3
144,2310,Bruno Ganz,Damiel,0
144,2312,Solveig Dommartin,Marion,1
144,2311,Otto Sander,Cassiel,2
144,2313,Curt Bois,Homer,3
144,2314,Peter Falk,The Filmstar,4
144,2315,Hans Martin Stier,The Dying Man,5
144,2317,Elmar Wilms,A Sad Man,6
144,122770,Sigurd Rachman,The Suicide,7
144,2316,Beatrice Manowski,Young Prostitute,8
144,2688448,Bruno Rosaz,The Clown,9
228967,17051,James Franco,Dave Skylark,0
228967,19274,Seth Rogen,Aaron Rapaport,1
228967,51988,Lizzy Caplan,Agent Lacey,2
228967,79082,Randall Park,President Kim Jong-un,3
228967,583051,Diana Bang,Sook,4
228967,1181329,Timothy Simons,Malcolm,5
228967,141774,Reese Alexander,Agent Botwin,6
228967,1400266,James Yi,Officer Koh,7
228967,1406556,Paul Bae,Officer Yu,8
228967,119810,Geoff Gustafson,Cole,9
9955,23659,Will Ferrell,Chazz Michael Michaels,0
9955,53926,Jon Heder,Jimmy MacElroy,1
9955,21200,Will Arnett,Stranz Van Waldenberg,2
9955,56322,Amy Poehler,Fairchild Van Waldenberg,3
9955,51856,Jenna Fischer,Katie Van Waldenberg,4
9955,886,William Fichtner,Darren MacElroy,5
9955,8977,Craig T. Nelson,Coach,6
9955,71530,Romany Malco,Jesse,7
9955,32907,Nick Swardson,Hector,8
9955,60939,Scott Hamilton,Sports Anchor,9
10534,1229,Jeff Bridges,Christopher 'Skipper' Sheldon,0
10534,6692,Caroline Goodall,Alice Sheldon,1
10534,47879,John Savage,McCrea,2
10534,24965,Scott Wolf,Chuck Gieg,3
10534,23958,Jeremy Sisto,Frank Beaumont,4
10534,11864,Ryan Phillippe,Gil Martin,5
10534,153862,David Lascher,Robert Marsh,6
10534,83051,Eric Michael Cole,Dean Preston,7
10534,61983,Jason Marsden,Shay Jennings,8
10534,56930,David Selby,Francis Beaumont,9
4347,5530,James McAvoy,Robbie Turner,0
4347,116,Keira Knightley,Cecilia Tallis,1
4347,36592,Saoirse Ronan,Briony Tallis (Age 13),2
4347,6979,Romola Garai,Briony Tallis (Age 18),3
4347,13333,Vanessa Redgrave,Briony Tallis (Age 77),4
4347,4154,Brenda Blethyn,Grace Turner,5
4347,36594,Juno Temple,Lola Quincey,6
4347,71580,Benedict Cumberbatch,Paul Marshall,7
4347,17477,Harriet Walter,Emily Tallis,8
4347,71586,Alfie Allen,Danny Hardman,9
9374,5064,Meryl Streep,Madeline Ashton Menville,0
9374,18892,Goldie Hawn,Helen Sharp,1
9374,62,Bruce Willis,Dr. Ernest Menville,2
9374,6588,Isabella Rossellini,Lisle von Rhuman,3
9374,51755,Ian Ogilvy,Chagall,4
9374,68528,Adam Storke,Dakota,5
9374,11871,Alaina Reed Hall,Psychologist,6
9374,42168,Nancy Fish,Rose,7
9374,17225,Michelle Johnson,Anna,8
9374,23967,Mary Ellen Trainor,Vivian Adams,9
302946,880,Ben Affleck,Christian Wolff,0
302946,84223,Anna Kendrick,Dana Cummings,1
302946,18999,J.K. Simmons,Ray King,2
302946,19498,Jon Bernthal,Brax,3
302946,4175,Jeffrey Tambor,Francis Silverberg,4
302946,182272,Cynthia Addai-Robinson,Marybeth Medina,5
302946,12074,John Lithgow,Lamar Blackburn,6
302946,5376,Jean Smart,Rita Blackburn,7
302946,142204,Andy Umberger,Ed Chilton,8
302946,1257565,Alison Wright,Justine,9
10402,60949,Rob Schneider,Deuce Bigalow,0
10402,4520,William Forsythe,Det. Chuck Fowler,1
10402,62842,Eddie Griffin,"Tiberius Jefferson ""T.J."" Hicks",2
10402,33432,Arija Bareikis,Kate,3
10402,18041,Oded Fehr,Antoine Laconte,4
10402,26009,Gail O'Grady,Claire,5
10402,18262,Richard Riehle,Bob Bigalow,6
10402,49818,Jacqueline Obradors,Elaine Fowler,7
10402,90149,Big Boy,Fluisa,8
10402,56322,Amy Poehler,Ruth,9
9928,3061,Ewan McGregor,Rodney Copperbottom (voice),0
9928,4587,Halle Berry,Cappy (voice),1
9928,17141,Greg Kinnear,Ratchet (voice),2
9928,14639,Mel Brooks,Bigweld (voice),3
9928,83349,Drew Carey,Crank (voice),4
9928,29220,Amanda Bynes,Piper (voice),5
9928,2157,Robin Williams,Fender (voice),6
9928,388,Jim Broadbent,Madame Gasket (voice),7
9928,2283,Stanley Tucci,Herb Copperbottom (voice),8
9928,1902,Dianne Wiest,Mrs. Copperbottom (voice),9
10136,776,Eddie Murphy,Chandler Jarrell,0
10136,4391,Charles Dance,Sardo Numspa,1
10136,42558,Charlotte Lewis,Kee Nang,2
10136,559312,J.L. Reate,The Golden Child,3
10136,11395,Victor Wong,The Old Man,4
10136,5177,Randall 'Tex' Cobb,Til,5
10136,20904,James Hong,Doctor Hong,6
10136,931994,Shakti Chen,Kala,7
10136,2173217,Tau Logo,Yu,8
10136,1808144,Masanori Toguchi,Khan,9
9942,13022,Tom Berenger,Jake Taylor,0
9942,6952,Charlie Sheen,Rick Vaughn,1
9942,21246,Corbin Bernsen,Roger Dorn,2
9942,60700,Margaret Whitton,Rachel Phelps,3
9942,16433,James Gammon,Lou Brown,4
9942,14343,Rene Russo,Lynn Wells,5
9942,10814,Wesley Snipes,Willie Mays Hayes,6
9942,11786,Charles Cyphers,Charlie Donovan,7
9942,10486,Chelcie Ross,Eddie Harris,8
9942,352,Dennis Haysbert,Pedro Cerrano,9
145,1639,Emily Watson,Bess McNeill,0
145,1640,Stellan Skarsgård,Jan Nyman,1
145,1641,Katrin Cartlidge,Dodo McNeill,2
145,1642,Jean-Marc Barr,Terry,3
145,1643,Adrian Rawlins,Dr. Richardson,4
145,1644,Jonathan Hackett,Priest,5
145,1645,Sandra Voe,Mother,6
145,1646,Udo Kier,Sadistic Sailor,7
145,1647,Mikkel Gaup,Pits,8
145,1648,Roef Ragas,Pim,9
8913,56265,Dale Midkiff,Louis Creed,0
8913,56266,Fred Gwynne,Jud Crandall,1
8913,1743,Denise Crosby,Rachel Creed,2
8913,56267,Brad Greenquist,Victor Pascow,3
8913,13938,Michael Lombard,Irwin Goldman,4
8913,8186,Miko Hughes,Gage Creed,5
8913,175553,Blaze Berdahl,Ellie Creed,6
8913,1913,Susan Blommaert,Missy Dandridge,7
8913,1117928,Mara Clark,Marcy Charlton,8
8913,111710,Kavi Raz,Steve Masterton,9
9392,57574,Shauna Macdonald,Sarah,0
9392,57575,Natalie Mendoza,Juno,1
9392,57576,Alex Reid,Beth,2
9392,57577,Saskia Mulder,Rebecca,3
9392,57578,MyAnna Buring,Sam,4
9392,53998,Nora-Jane Noone,Holly,5
9392,95023,Oliver Milburn,Paul,6
9392,998202,Molly Kayll,Jessica,7
9392,94956,Craig Conway,Crawler - Scar,8
9392,1599262,Tristan Matthiae,Crawler,9
404,5605,Richard Farnsworth,Alvin,0
404,5606,Sissy Spacek,Rose,1
404,5607,Jane Galloway Heitz,Dorothy,2
404,5608,Joseph A. Carpenter,Bud,3
404,5609,Donald Wiegert,Sig,4
404,5610,Tracey Maloney,Nurse,5
404,5611,Dan Flannery,Doctor Gibbons,6
404,3896717,Jennifer Edwards,Brenda,7
404,5612,Ed Grennan,Pete,8
404,5613,Jack Walsh,Apple,9
11299,20664,Koichi Yamadera,Spike Spiegel (voice),0
11299,68916,Unsho Ishizuka,Jet Black (voice),1
11299,68917,Aoi Tada,Edward Wong Hau Pepelu Tivruski IV (voice),2
11299,68918,Ai Kobayashi,Electra (voice),3
11299,40325,Megumi Hayashibara,Faye Valentine (voice),4
11299,28776,Mickey Curtis,Rasheed (voice),5
11299,20661,Tsutomu Isobe,Vincent (voice),6
11299,207804,Jin Hirao,Antonio (voice),7
11299,63706,Renji Ishibashi,Renji (voice),8
11299,126484,Miki Nagasawa,Judy (voice),9
10555,2888,Will Smith,Oscar (voice),0
10555,380,Robert De Niro,Don Lino (voice),1
10555,9137,Renée Zellweger,Angie (voice),2
10555,70851,Jack Black,Lenny (voice),3
10555,11701,Angelina Jolie,Lola (voice),4
10555,154857,Ziggy Marley,Ernie (voice),5
10555,1032,Martin Scorsese,Sykes (voice),6
10555,1077844,David P. Smith,Crazy Joe (voice),7
10555,12975,Doug E. Doug,Bernie (voice),8
10555,11486,Michael Imperioli,Frankie (voice),9
11008,22675,Damon Wayans,Maj. Benson Payne,0
11008,80987,Karyn Parsons,Emily Walburn,1
11008,21282,William Hickey,Dr. Phillips,2
11008,11086,Michael Ironside,Lt. Col. Stone,3
11008,8354,Albert Hall,Gen. Decker,4
11008,204411,Steven Martini,Cadet Alex Stone,5
11008,26999,Chris Owen,Cadet Wuliger,6
11008,173964,Andrew Leeds,Cadet Dotson,7
11008,67786,Joseph Blaire,Cadet Bryan,8
11008,149010,Orlando Brown,Cadet Kevin 'Tiger' Dunne,9
2056,22970,Peter Dinklage,Finbar McBride,0
2056,1276,Patricia Clarkson,Olivia Harris,1
2056,21127,Bobby Cannavale,Joe Oramas,2
2056,1812,Michelle Williams,Emily,3
2056,21128,Raven Goodwin,Cleo,4
2056,15534,Paul Benjamin,Henry Styles,5
2056,21123,Jase Blankfort,Store Customer,6
2056,21124,Paula Garcés,Cashier,7
2056,6181,Josh Pais,Carl,8
2056,21125,Richard Kind,Louis Tiboni,9
577922,1117313,John David Washington,Protagonist,0
577922,11288,Robert Pattinson,Neil,1
577922,1133349,Elizabeth Debicki,Kat,2
577922,11181,Kenneth Branagh,Sator,3
577922,78921,Dimple Kapadia,Priya,4
577922,3895,Michael Caine,Crosby,5
577922,42993,Martin Donovan,Fay,6
577922,204468,Fiona Dourif,Wheeler,7
577922,238130,Yuri Kolokolnikov,Volkov,8
577922,1227717,Himesh Patel,Mahir,9
1551,2628,Kiefer Sutherland,Nelson Wright,0
1551,1204,Julia Roberts,Rachel Mannus,1
1551,4724,Kevin Bacon,David Labraccio,2
1551,13021,William Baldwin,Joe Hurley,3
1551,17485,Oliver Platt,Randy Steckle,4
1551,1984,Kimberly Scott,Winnie Hicks,5
1551,56510,Joshua Rudoy,Billy Mahoney,6
1551,10488,Benjamin Mouton,Rachel's Father,7
1551,51215,Aeryk Egan,Young Nelson,8
1551,1075041,Kesha Reed,Young Winnie,9
422,5676,Marcello Mastroianni,Guido Anselmi,0
422,4959,Claudia Cardinale,Claudia,1
422,5682,Anouk Aimée,Luisa Anselmi,2
422,5683,Sandra Milo,Carla,3
422,5684,Rossella Falk,Rossella,4
422,5685,Barbara Steele,Gloria Morin,5
422,4116,Madeleine Lebeau,"Madeleine, the French Actress",6
422,5686,Caterina Boratto,Mysterious Lady,7
422,5687,Eddra Gale,La Saraghina,8
422,5688,Guido Alberti,"Pace, the Producer",9
1370,16483,Sylvester Stallone,John Rambo,0
1370,16554,Richard Crenna,Trautman,1
1370,255923,Marc de Jonge,Coronel Zaysen,2
1370,2115,Kurtwood Smith,Griggs,3
1370,6783,Spiros Focás,Masoud,4
1370,16604,Sasson Gabai,Mousa,5
1370,16605,Doudi Shoua,Hamid,6
1370,16606,Randy Raney,Kourov,7
1370,11763,Marcus Gilbert,Tomask,8
1370,16607,Alon Aboutboul,Nissem,9
231,1461,George Clooney,Bob Barnes,0
231,1892,Matt Damon,Bryan Woodman,1
231,2954,Jeffrey Wright,Bennett Holiday,2
231,2955,Chris Cooper,Jimmy Pope,3
231,2956,Amanda Peet,Julie Woodman,4
231,227,William Hurt,Stan,5
231,290,Christopher Plummer,Dean Whiting,6
231,2957,Alexander Siddig,Prince Nasir Al-Subaai,7
231,2959,Kayvan Novak,Arash,8
231,2960,Amr Waked,Mohammed Sheik Agiza,9
13363,56112,David Lee Smith,John Oldman,0
13363,19384,Tony Todd,Dan,1
13363,21722,John Billingsley,Harry,2
13363,76463,Ellen Crawford,Edith,3
13363,76464,Annika Peterson,Sandy,4
13363,41504,Alexis Thorpe,Linda Murphy,5
13363,45415,William Katt,Art,6
13363,18262,Richard Riehle,Dr. Will Gruber,7
13363,1321554,Steven Littles,Moving Man #1,8
13363,1321555,Chase Sprague,Moving Man #2,9
11517,10814,Wesley Snipes,John,0
11517,57755,Woody Harrelson,Charlie,1
11517,16866,Jennifer Lopez,Grace Santiago,2
11517,9287,Robert Blake,Donald Patterson,3
11517,2955,Chris Cooper,Torch,4
11517,4887,Joe Grifasi,Riley,5
11517,32287,Scott Sowers,Mr. Brown,6
11517,33658,Skipp Sudduth,Kowalski,7
11517,106791,Aida Turturro,Woman on Platform,8
11517,47774,Vincent Pastore,Gambler,9
12280,2232,Michael Keaton,Henry Hackett,0
12280,3087,Robert Duvall,Bernie White,1
12280,515,Glenn Close,Alicia Clark,2
12280,3141,Marisa Tomei,Martha Hackett,3
12280,1811,Randy Quaid,Michael McDougal,4
12280,1206,Jason Alexander,Marion Sandusky,5
12280,11514,Catherine O'Hara,Susan,6
12280,4765,Jason Robards,Graham Keighley,7
12280,6751,Siobhan Fallon Hogan,Lisa,8
12280,50877,Jill Hennessy,Deanne White,9
102382,37625,Andrew Garfield,Spider-Man / Peter Parker,0
102382,54693,Emma Stone,Gwen Stacy,1
102382,134,Jamie Foxx,Electro / Max Dillon,2
102382,122889,Dane DeHaan,Green Goblin / Harry Osborn,3
102382,10132,Colm Feore,Donald Menken,4
102382,72855,Felicity Jones,Felicia,5
102382,13242,Paul Giamatti,Aleksei Sytsevich,6
102382,35,Sally Field,Aunt May,7
102382,6368,Embeth Davidtz,Mary Parker,8
102382,55152,Campbell Scott,Richard Parker,9
10907,8724,Errol Flynn,Robin Hood,0
10907,8725,Olivia de Havilland,Maid Marian,1
10907,8727,Basil Rathbone,Sir Guy of Gisbourne,2
10907,4113,Claude Rains,Prince John,3
10907,8726,Patric Knowles,Will Scarlett,4
10907,8728,Eugene Pallette,Friar Tuck,5
10907,8729,Alan Hale,Little John,6
10907,8730,Melville Cooper,High Sheriff of Nottingham,7
10907,8731,Ian Hunter,King Richard the Lion-Heart,8
10907,2929,Una O'Connor,Bess,9
9529,12519,Virginia Madsen,Helen Lyle,0
9529,19384,Tony Todd,Candyman,1
9529,3982,Xander Berkeley,Trevor Lyle,2
9529,51864,Kasi Lemmons,Bernadette Walsh,3
9529,543193,Vanessa Williams,Anne-Marie McCoy,4
9529,154095,DeJuan Guy,Jake,5
9529,8445,Michael Culkin,Purcell,6
9529,4171,Stanley DeSantis,Dr. Burke,7
9529,129218,Gilbert Lewis,Detective Frank Valento,8
9529,980863,Marianna Elliott,Clara,9
6623,1461,George Clooney,Lt. Col. Thomas Devoe,0
6623,2227,Nicole Kidman,Dr. Julia Kelly,1
6623,15320,Marcel Iureș,Dusan Gavrich,2
6623,93225,Aleksandr Baluev,General Aleksandr Kodoroff,3
6623,1008309,Rene Medvešek,Vlado Mirich,4
6623,12647,Armin Mueller-Stahl,Dimitri Vertikoff,5
6623,5725,Goran Višnjić,Bazta Sergeant,6
6623,42694,Tamara Tunie,Jody,7
6623,81830,Gary Werntz,Terry Hamilton,8
6623,36631,Randall Batinkoff,Ken,9
11336,4690,Christopher Walken,Johnny Smith,0
11336,69054,Brooke Adams,Sarah Bracknell,1
11336,4139,Tom Skerritt,Sheriff Bannerman,2
11336,14503,Herbert Lom,Dr. Sam Weizak,3
11336,2516,Anthony Zerbe,Roger Stuart,4
11336,10559,Colleen Dewhurst,Henrietta Dodd,5
11336,8349,Martin Sheen,Greg Stillson,6
11336,14902,Nicholas Campbell,Frank Dodd,7
11336,252,Sean Sullivan,Herb Smith,8
11336,61185,Jackie Burroughs,Vera Smith,9
9825,8984,Bill Pullman,Jack Wells,0
9825,2233,Bridget Fonda,Kelly Scott,1
9825,17485,Oliver Platt,Hector Cyr,2
9825,2039,Brendan Gleeson,Sheriff Hank Keough,3
9825,71727,Betty White,Mrs. Delores Bickerman,4
9825,4095,David James Lewis,Walt Lawson,5
9825,87740,Tim Dixon,Stephen Daniels,6
9825,21430,Natassia Malthe,Janine,7
9825,6240,Mariska Hargitay,Myra Okubo,8
9825,18706,Meredith Salenger,Deputy Sharon Gare,9
2011,20710,Chiara Mastroianni,Marjane (voice),0
2011,236016,Danielle Darrieux,Marjane's Grandmother (voice),1
2011,50,Catherine Deneuve,Marjane's Mother (voice),2
2011,10917,Simon Abkarian,Marjane's Father (voice),3
2011,43779,Gabrielle Lopes Benites,Young Marjane (voice),4
2011,43780,François Jérosme,Uncle Anouche (voice),5
2011,585604,Tilly Mandelbrot,Lali (voice),6
2011,1702439,Sophie Arthuys,Walla (voice),7
2011,82302,Arié Elmaleh,Walla (voice),8
2011,82187,Mathias Mlekuz,Walla (voice),9
830,12308,Walter Pidgeon,Dr. Edward Morbius,0
830,12309,Anne Francis,Altaira Morbius,1
830,7633,Leslie Nielsen,Commander John J. Adams,2
830,12310,Warren Stevens,Lt. 'Doc' Ostrow,3
830,12311,Jack Kelly,Lt. Jerry Farman,4
830,12313,Earl Holliman,Cookie,5
830,12312,Richard Anderson,Chief Engineer Quinn,6
830,1273694,George D. Wallace,Bosun,7
830,12315,Robert Dix,Crewman Grey,8
830,1324198,Jimmy Thompson,Crewman Youngerford,9
11040,4483,Dustin Hoffman,Jack Crabb,0
11040,6450,Faye Dunaway,Mrs. Louise Pendrake,1
11040,66670,Chief Dan George,Old Lodge Skins,2
11040,1936,Martin Balsam,Mr. Merriweather,3
11040,58661,Richard Mulligan,Gen. George Armstrong Custer,4
11040,9596,Jeff Corey,Wild Bill Hickok,5
11040,556051,Aimée Eccles,Sunshine,6
11040,157227,Kelly Jean Peters,Olga,7
11040,21282,William Hickey,Historian,8
11040,24320,Alan Oppenheimer,Major,9
1250,2963,Nicolas Cage,Johnny Blaze / Ghost Rider,0
1250,8170,Eva Mendes,Roxanne Simpson,1
1250,16431,Sam Elliott,Carter Slade / Phantom Rider,2
1250,8210,Wes Bentley,Blackheart / Black King,3
1250,8949,Peter Fonda,Mephistopheles / Mephisto,4
1250,16839,Matt Long,Young Johnny Blaze,5
1250,16841,Brett Cullen,Barton Blaze,6
1250,16840,Raquel Alessi,Young Roxanne Simpson,7
1250,10825,Donal Logue,Mack,8
1250,1297400,Tony Ghosthawk,Team Blaze,9
9382,2395,Whoopi Goldberg,Jane Deluca,0
9382,18248,Mary-Louise Parker,Robin,1
9382,69597,Drew Barrymore,Holly Pulchik-Lincoln,2
9382,10297,Matthew McConaughey,Abe Lincoln,3
9382,1736,James Remar,Alex,4
9382,39112,Billy Wirth,Nick,5
9382,20974,Anita Gillette,Elaine,6
9382,118937,Dennis Boutsikaris,Massarelli,7
9382,6461,Estelle Parsons,Louise,8
9382,33457,Amy Aquino,Anna,9
8202,6885,Charlize Theron,Æon Flux,0
8202,20982,Marton Csokas,Trevor Goodchild,1
8202,9012,Jonny Lee Miller,Oren Goodchild,2
8202,2598,Sophie Okonedo,Sithandra,3
8202,3910,Frances McDormand,Handler,4
8202,4935,Pete Postlethwaite,Keeper,5
8202,23496,Amelia Warner,Una Flux,6
8202,25448,Caroline Chikezie,Freya,7
8202,54024,Nikolai Kinski,Claudius,8
8202,19868,Paterson Joseph,Giroux,9
12110,7633,Leslie Nielsen,Count Dracula,0
12110,14639,Mel Brooks,Prof. Abraham Van Helsing,1
12110,1219,Amy Yasbeck,Mina Seward,2
12110,12688,Peter MacNicol,Thomas Renfield,3
12110,12812,Lysette Anthony,Lucy Westenra,4
12110,13640,Harvey Korman,Dr. Jack Seward,5
12110,6106,Steven Weber,Jonathan Harker,6
12110,29709,Mark Blankfield,Martin,7
12110,53570,Megan Cavanagh,Essie,8
12110,170185,Gregg Binkley,Woodbridge,9
353486,18918,Dwayne Johnson,Spencer,0
353486,55638,Kevin Hart,Fridge,1
353486,70851,Jack Black,Bethany,2
353486,543261,Karen Gillan,Martha,3
353486,82666,Rhys Darby,Nigel,4
353486,21127,Bobby Cannavale,Van Pelt,5
353486,130565,Nick Jonas,Alex,6
353486,934281,Alex Wolff,Young Spencer,7
353486,1160181,Ser'Darius Blain,Young Fridge,8
353486,1597855,Madison Iseman,Young Bethany,9
9494,8891,John Travolta,James,0
9494,1796,Kirstie Alley,Mollie,1
9494,3019,Olympia Dukakis,Rosie,2
9494,18364,George Segal,Albert,3
9494,3093,Abe Vigoda,Grandpa,4
9494,62,Bruce Willis,Mikey (voice),5
9494,66160,Twink Caplan,Rona,6
9494,2345553,Jason Schaller,Mikey,7
9494,1760967,Jaryd Waterhouse,Mikey,8
9494,1411716,Jacob Haines,Mikey,9
39538,8293,Marion Cotillard,Leonora Orantes,0
39538,1892,Matt Damon,Mitch Emhoff,1
39538,2975,Laurence Fishburne,Ellis Cheever,2
39538,9642,Jude Law,Alan Krumwiede,3
39538,204,Kate Winslet,Erin Mears,4
39538,49971,Jennifer Ehle,Ally Hextall,5
39538,12052,Gwyneth Paltrow,Beth Emhoff,6
39538,17419,Bryan Cranston,Lyle Haggerty,7
39538,827,Elliott Gould,Ian Sussman,8
39538,101015,Chin Han,Sun Feng,9
9543,131,Jake Gyllenhaal,Prince Dastan,0
9543,59620,Gemma Arterton,Tamina,1
9543,2282,Ben Kingsley,Nizam,2
9543,658,Alfred Molina,Sheik Amar,3
9543,55412,Steve Toussaint,Seso,4
9543,20286,Toby Kebbell,Garsiv,5
9543,52890,Richard Coyle,Tus,6
9543,32556,Ronald Pickup,King Sharaman,7
9543,54810,Reece Ritchie,Bis,8
9543,587354,Gísli Örn Garðarsson,Hassansin Leader,9
9595,6952,Charlie Sheen,Topper Harley / Rhett Butler / Superman,0
9595,2130,Cary Elwes,Kent Gregory,1
9595,3124,Valeria Golino,Ramada Thompson / Scarlett O'Hara / Lois Lane,2
9595,2177,Lloyd Bridges,Admiral Benson,3
9595,14721,Kevin Dunn,Lt. Commander Block,4
9595,69718,Jon Cryer,Jim 'Wash Out' Pfaffenbach,5
9595,4041,William O'Leary,Pete 'Dead Meat' Thompson,6
9595,56128,Kristy Swanson,Kowalski,7
9595,34981,Efrem Zimbalist Jr.,Wilson,8
9595,58549,Bill Irwin,Buzz Harley,9
14756,1341,Donnie Yen,Yip Man,0
14756,20519,Simon Yam,Zhou Qing Quan,1
14756,117760,Lynn Hung Doi-Lam,Zhang Yong Cheng,2
14756,234641,Hiroyuki Ikeuchi,General Miura,3
14756,83820,Gordon Lam Ka-Tung,Captain Li Zhao,4
14756,130598,Louis Fan Siu-Wong,Jin Shan Zhao,5
14756,78878,Xing Yu,Master Zealot Lin / Crazy Lin,6
14756,105422,Wong Yau-Nam,Shao Dan Yuan,7
14756,130597,Dennis To Yu-Hang,Hu Wei,8
14756,1624920,Calvin Cheng,Zhou Guang Yao,9
10466,31,Tom Hanks,"Walter Fielding, Jr.",0
10466,56881,Shelley Long,Anna Crowley,1
10466,7674,Alexander Godunov,Max Beissart,2
10466,21151,Maureen Stapleton,Estelle,3
10466,3266,Joe Mantegna,Art Shirk,4
10466,6541,Philip Bosco,Curly,5
10466,33489,Josh Mostel,Jack Schnittman,6
10466,159755,Yakov Smirnoff,Shatov,7
10466,133853,Carmine Caridi,Brad Shirk,8
10466,118946,Brian Backer,Ethan,9
1788,4724,Kevin Bacon,Ren,0
1788,26456,Lori Singer,Ariel,1
1788,12074,John Lithgow,Rev. Shaw Moore,2
1788,1902,Dianne Wiest,Vi Moore,3
1788,2969,Chris Penn,Willard,4
1788,520,Sarah Jessica Parker,Rusty,5
1788,104342,John Laughlin,Woody,6
1788,119894,Elizabeth Gorcey,Wendy Jo,7
1788,1070,Frances Lee McCain,Ethel McCormack,8
1788,3009,Jim Youngs,Chuck,9
707,10222,Roger Moore,James Bond,0
707,10660,Tanya Roberts,Stacey Sutton,1
707,4690,Christopher Walken,Max Zorin,2
707,10661,Grace Jones,May Day,3
707,10662,Patrick Macnee,Tibbett,4
707,5274,Patrick Bauchau,Scarpine,5
707,696,David Yip,Chuck Lee,6
707,10663,Fiona Fullerton,Pola Ivanova,7
707,99366,Manning Redwood,Bob Conley,8
707,739,Alison Doody,Jenny Flex,9
6878,521,Michael J. Fox,Chance (voice),0
6878,35,Sally Field,Sassy (voice),1
6878,18156,Don Ameche,Shadow (voice),2
6878,51337,Kevin Chevalia,Jamie Seaver,3
6878,1765509,Benj Thall,Peter Burnford,4
6878,76031,Veronica Lauren,Hope Burnford,5
6878,387,Kim Greist,Laura Burnford-Seaver,6
6878,14416,Robert Hays,Bob Seaver,7
6878,5376,Jean Smart,Kate,8
6878,1152489,Gary Taylor,Frank,9
11631,71070,Amanda Seyfried,Sophie Sheridan,0
11631,5064,Meryl Streep,Donna Sheridan,1
11631,517,Pierce Brosnan,Sam Carmichael,2
11631,5472,Colin Firth,Harry Bright,3
11631,1640,Stellan Skarsgård,Bill Anderson,4
11631,11870,Christine Baranski,Tanya Chesham-Leigh,5
11631,477,Julie Walters,Rosie Mulligan,6
11631,55470,Dominic Cooper,Sky Rymand,7
11631,40043,Niall Buggy,Father Alex,8
11631,1240058,Ashley Lilley,Ali,9
10437,3895,Michael Caine,Ebenezer Scrooge,0
10437,64181,Dave Goelz,The Great Gonzo as Charles Dickens / Robert Marley / Dr. Bunsen Honeydew / Betina Cratchit / Rat / Zoot (voice),1
10437,64180,Steve Whitmire,Kermit the Frog as Bob Cratchit / Rizzo the Rat / Beaker / Bean Bunny / Belinda Cratchit / Beetle / Lips / Pig Gentleman (voice),2
10437,68455,Jerry Nelson,Tiny Tim Cratchit / Jacob Marley / Ghost of Christmas Present / Lew Zealand / Ma Bear / Mouse / Mr. Applegate / Penguin / Pig Gentleman / Pops / Rat (voice),3
10437,7908,Frank Oz,Miss Piggy as Emily Cratchit / Fozzie Bear as Fozziewig / Sam the Eagle as Headmaster of Junior High Graduates / Animal / George the Janitor / Horse and Carriage Driver / Vegetable Salesman (voice),4
10437,192632,David Rudman,Rat / Peter Cratchit / Old Joe / Swedish Chef (voice),5
10437,65294,Don Austen,Ghost of Christmas Present (performer) / Ghost of Christmas Yet to Come (performer),6
10437,1221466,Jessica Fox,Ghost of Christmas Past (voice),7
10437,1806669,Robert Tygner,Ghost of Christmas Yet to Come (performer) / Ghost of Christmas Past (performer) / Turkey / Additional Muppets (uncredited) (voice),8
10437,978,Steven Mackintosh,"Fred, Scrooge's Nephew",9
260,3609,Robert Donat,Richard Hannay,0
260,3610,Madeleine Carroll,Pamela,1
260,3611,Lucie Mannheim,Annabella Smith,2
260,3612,Godfrey Tearle,Professor Jordan,3
260,3672,Peggy Ashcroft,The Crofter's Wife Margaret,4
260,3673,John Laurie,John the Crofter,5
260,3674,Helen Haye,Louisa Jordan,6
260,3675,Frank Cellier,Sheriff Watson,7
260,3676,Wylie Watson,Mr. Memory,8
260,553488,Gus McNaughton,Salesman on the Flying Scotsman,9
23048,3036,John Cusack,Adam,0
23048,64342,Craig Robinson,Nick,1
23048,52997,Rob Corddry,Lou,2
23048,54729,Clark Duke,Jacob,3
23048,60898,Sebastian Stan,Blaine,4
23048,54812,Chevy Chase,Repairman,5
23048,1064,Crispin Glover,Phil,6
23048,116882,Lyndsy Fonseca,Jennie,7
23048,51988,Lizzy Caplan,April,8
23048,86624,Collette Wolfe,Kelly,9
147,1653,Jean-Pierre Léaud,Antoine Doinel,0
147,1654,Claire Maurier,Gilberte Doinel,1
147,1655,Albert Rémy,Julien Doinel,2
147,1658,Georges Flamant,Mr. Bigey,3
147,1659,Patrick Auffay,René,4
147,1660,Robert Beauvais,Directeur de l'école,5
147,1661,Yvonne Claudie,Mme Bigey,6
147,1662,Pierre Repp,Professeur d'anglais,7
147,1656,Guy Decomble,Professeur de français,8
147,1077237,Daniel Couturier,Betrand Mauricet,9
527,7241,Rena Owen,Beth Heke,0
527,7242,Temuera Morrison,Jake Heke,1
527,7243,Mamaengaroa Kerr-Bell,Grace Heke,2
527,7244,Julian Arahanga,Nig Heke,3
527,7245,Taungaroa Emile,Mark 'Boogie' Heke,4
527,7246,Rachael Morris Jr.,Polly Heke,5
527,7247,Joseph Kairau,Huata Heke,6
527,7248,Cliff Curtis,Bully,7
527,7249,Pete Smith,Dooley,8
527,7250,George Henare,Bennett,9
11673,16927,Gérard Depardieu,Cyrano de Bergerac,0
11673,70182,Anne Brochet,Madeleine 'Roxane' Robin,1
11673,20239,Vincent Perez,Christian de Neuvillette,2
11673,24683,Jacques Weber,Count of Guiche,3
11673,23735,Roland Bertin,Ragueneau,4
11673,19075,Philippe Morier-Genoud,'Le Bret',5
11673,36915,Pierre Maguelon,Carbon de Castel-Jaloux,6
11673,584439,Josiane Stoléru,The Duenna,7
11673,134757,Alain Rimoux,The Father,8
11673,2879608,Anatole Delalande,The Child,9
270303,1094091,Maika Monroe,Jay Height,0
270303,132712,Keir Gilchrist,Paul,1
270303,1172147,Daniel Zovatto,Greg Hannigan,2
270303,133980,Jake Weary,Hugh,3
270303,1210610,Olivia Luccardi,Yara,4
270303,1361099,Lili Sepe,Kelly Height,5
270303,1361100,Bailey Spry,Annie,6
270303,1588334,Carollette Phillips,Woman with Groceries,7
270303,1329297,Loren Bass,Annie's Father,8
270303,1588357,Charles Gertner,Neighbor Boy,9
1281,10730,Rowan Atkinson,Mr. Bean,0
1281,12688,Peter MacNicol,David Langley,1
1281,14699,Pamela Reed,Alison Langley,2
1281,39596,Tricia Vessey,Jennifer Langley,3
1281,16479,Andrew Lawrence,Kevin Langley,4
1281,1166,Harris Yulin,George Grierson,5
1281,16475,Burt Reynolds,General Newton,6
1281,16662,Richard Gant,Lieutenant Brutus,7
1281,8191,Chris Ellis,Detective Butler,8
1281,77338,Tom McGowan,Walter Merchandise,9
596,4958,Henry Fonda,Tom Joad,0
596,8515,Jane Darwell,Ma Joad,1
596,8516,John Carradine,Casy,2
596,8517,Charley Grapewin,Grandpa Joad,3
596,8518,Dorris Bowdon,Rosasharn,4
596,8519,Russell Simpson,Pa Joad,5
596,8520,O.Z. Whitehead,Al Joad,6
596,4119,John Qualen,Muley Graves,7
596,8521,Eddie Quillan,Connie Rivers,8
596,8522,Zeffie Tilbury,Grandma Joad,9
1375,16483,Sylvester Stallone,Robert 'Rocky' Balboa,0
1375,3094,Talia Shire,Adrianna 'Adrian' Balboa,1
1375,4521,Burt Young,Paulie Pennino,2
1375,16662,Richard Gant,George Washington Duke,3
1375,16661,Tommy Morrison,Tommy 'Machine' Gunn,4
1375,16660,Sage Stallone,Robert 'Rocky' Balboa Jr.,5
1375,16523,Burgess Meredith,Mickey Goldmill,6
1375,16504,Tony Burton,Tony 'Duke' Evers,7
1375,16526,Jimmy Gambina,Jimmy,8
1375,16663,Delia Sheppard,Karen,9
1647,72466,Colin Farrell,James Clayton,0
1647,1158,Al Pacino,Walter Burke,1
1647,18354,Bridget Moynahan,Layla Moore,2
1647,16856,Gabriel Macht,Zack,3
1647,28870,Karl Pruner,Dennis Slayne,4
1647,28871,Eugene Lipinski,Husky Man,5
1647,28869,Mike Realba,Ronnie Gibson,6
1647,180933,Domenico Fiore,Instructor #1,7
1647,44248,Ron Lea,Dell Rep (Bill Rudolph),8
1647,62525,Jeanie Calleja,Co-Ed #1,9
9283,16327,Timothy Hutton,Willie Conway,0
9283,2876,Matt Dillon,"Tommy ""Birdman"" Rowland",1
9283,11315,Noah Emmerich,"Michael ""Mo"" Morris",2
9283,49425,Annabeth Gish,Tracy Stover,3
9283,34485,Lauren Holly,Darian Smalls,4
9283,139,Uma Thurman,Andera,5
9283,23931,Mira Sorvino,Sharon Cassidy,6
9283,4688,Michael Rapaport,Paul Kirkwood,7
9283,12929,Rosie O'Donnell,Gina Barrisano,8
9283,3201,Pruitt Taylor Vince,"Stanley ""Stinky"" Womack",9
8355,15757,Ray Romano,Manny (voice),0
8355,5723,John Leguizamo,Sid (voice),1
8355,5724,Denis Leary,Diego (voice),2
8355,11108,Simon Pegg,Buck (voice),3
8355,57599,Seann William Scott,Crash (voice),4
8355,15760,Josh Peck,Eddie (voice),5
8355,15758,Queen Latifah,Ellie (voice),6
8355,19278,Bill Hader,Gazelle (voice),7
8355,41091,Kristen Wiig,Pudgy Beaver Mom (voice),8
8355,5713,Chris Wedge,Scrat (voice),9
14334,144523,Jeni Courtney,Fiona,0
14334,33398,Eileen Colgan,Tess,1
14334,96671,Mick Lally,Hugh,2
14334,28743,John Lynch,Tadhg,3
14334,1813030,Pat Slowey,Priest,4
14334,199942,Dave Duffy,Jim,5
14334,1508585,Declan Hannigan,Oldest brother,6
14334,1974400,Richard Sheridan,Eamon,7
14334,1974401,Micheal MacCarthaigh,Schoolmaster,8
14334,1872217,Fergal McElherron,Sean Michael,9
8870,5576,Val Kilmer,Robby Gallagher,0
8870,530,Carrie-Anne Moss,Cmdr. Kate Bowman,1
8870,4589,Benjamin Bratt,Lt. Ted Santen,2
8870,3197,Tom Sizemore,Dr. Quinn Burchenal,3
8870,1284159,Simon Baker,Chip Pettengill,4
8870,28641,Terence Stamp,Dr. Bud Chantilas,5
8870,1281449,Jessica Morton,Website Fan,6
8870,72637,Bob Neill,Voice of Houston (voice),7
8870,1470030,Caroline Bossi,Website Fan,8
3035,2923,Colin Clive,Henry Frankenstein,0
3035,29814,Mae Clarke,Elizabeth,1
3035,29815,John Boles,Victor Moritz,2
3035,2922,Boris Karloff,The Monster,3
3035,1550,Edward Van Sloan,Doctor Waldman,4
3035,29816,Frederick Kerr,Baron Frankenstein,5
3035,1549,Dwight Frye,Fritz,6
3035,29817,Lionel Belmore,The Burgomaster,7
3035,1146154,Marilyn Harris,Little Maria,8
3035,2936,Ted Billings,Villager (uncredited),9
299537,60073,Brie Larson,Carol Danvers / Vers / Captain Marvel,0
299537,2231,Samuel L. Jackson,Nick Fury,1
299537,77335,Ben Mendelsohn,Talos / Keller,2
299537,9642,Jude Law,Yon-Rogg,3
299537,516,Annette Bening,Supreme Intelligence / Dr. Wendy Lawson,4
299537,938,Djimon Hounsou,Korath,5
299537,72095,Lee Pace,Ronan,6
299537,1360281,Lashana Lynch,Maria Rambeau,7
299537,97576,Gemma Chan,Minn-Erva,8
299537,9048,Clark Gregg,Agent Coulson,9
16520,20141,Deborah Kerr,Anna Leonowens,0
16520,14528,Yul Brynner,King Mongkut of Siam,1
16520,13299,Rita Moreno,Tuptim,2
16520,9912,Martin Benson,Kralahome,3
16520,80573,Terry Saunders,Lady Thiang,4
16520,80574,Rex Thompson,Louis Leonowens,5
16520,50968,Carlos Rivas,Lun Tha,6
16520,80575,Patrick Adiarte,Prince Chulalongkorn,7
16520,8240,Alan Mowbray,John Hay,8
16520,29546,Geoffrey Toone,Edward Ramsay,9
34544,3896,Liam Neeson,Hannibal,0
34544,51329,Bradley Cooper,Face,1
34544,10860,Jessica Biel,Charisa Sosa,2
34544,78811,Quinton 'Rampage' Jackson,B.A. Baracus,3
34544,82191,Sharlto Copley,Murdock,4
34544,17178,Patrick Wilson,Lynch,5
34544,29512,Gerald McRaney,General Morrison,6
34544,15319,Henry Czerny,Director McCready,7
34544,75604,Yul Vazquez,General Javier Tuco,8
34544,4753,Brian Bloom,Pike,9
10546,20239,Vincent Perez,Ashe Corven / The Crow,0
10546,18658,Mia Kirshner,Sarah,1
10546,13604,Iggy Pop,Curve,2
10546,11155,Thomas Jane,Nemo,3
10546,106753,Richard Brooks,Judah Earl,4
10546,392547,Thuy Trang,Kali,5
10546,177100,Vincent Castellanos,Spider Monkey,6
10546,134061,Tracey Ellis,Sybil,7
10546,2685,Beverley Mitchell,Grace,8
10546,126583,Alan Gelfant,Bassett,9
376867,1650301,Trevante Rhodes,Black,0
376867,459980,André Holland,Kevin,1
376867,1005852,Janelle Monáe,Teresa,2
376867,1152019,Ashton Sanders,Chiron,3
376867,1664716,Jharrel Jerome,Kevin Age 16,4
376867,1688889,Alex R. Hibbert,Little,5
376867,1699116,Jaden Piner,Kevin Age 9,6
376867,2038,Naomie Harris,Paula,7
376867,932967,Mahershala Ali,Juan,8
376867,1723625,Shariff Earp,Terrence,9
10357,2176,Tommy Lee Jones,Mike Roark,0
10357,8256,Anne Heche,Dr. Amy Barnes,1
10357,12930,Gaby Hoffmann,Kelly Roark,2
10357,1896,Don Cheadle,Emmit Reese,3
10357,56485,Jacqueline Kim,Dr. Jaye Calder,4
10357,65827,Keith David,Lt. Ed Fox,5
10357,38405,John Corbett,Norman Calder,6
10357,18313,Michael Rispoli,Gator Harris,7
10357,3911,John Carroll Lynch,Stan Olber,8
10357,59300,Marcello Thedford,Kevin,9
11062,1158,Al Pacino,Mayor John Pappas,0
11062,3036,John Cusack,Kevin Calhoun,1
11062,2233,Bridget Fonda,Marybeth Cogan,2
11062,1004,Danny Aiello,Frank Anselmo,3
11062,2641,Martin Landau,Judge Walter Stern,4
11062,19839,David Paymer,Abe Goodman,5
11062,106179,Anthony Franciosa,Paul Zapatti,6
11062,30083,Lindsay Duncan,Sydney Pappas,7
11062,141610,Luna Lauren Vélez,Elaine Santos,8
11062,31028,Richard Schiff,Larry Schwartz,9
9091,15111,Jean-Claude Van Damme,Darren Francis Thomas McCord,0
9091,6280,Powers Boothe,Joshua Foss,1
9091,10361,Raymond J. Barry,Vice President Daniel Bender,2
9091,79088,Whittni Wright,Emily McCord,3
9091,12928,Ross Malinger,Tyler McCord,4
9091,8656,Dorian Harewood,Matthew Hallmark,5
9091,104873,Kate McNeil,Kathi,6
9091,33241,Michael Gaston,Hickey,7
9091,4162,Audra Lindley,Mrs. Ferrara,8
9091,6579,Brian Delate,Blair,9
10633,16897,Sidney Poitier,Virgil Tibbs,0
10633,522,Rod Steiger,Police Chief Bill Gillespie,1
10633,8255,Warren Oates,Deputy Sam Wood,2
10633,89527,Peter Whitney,Deputy Courtney,3
10633,30123,Lee Grant,Mrs. Leslie Colbert,4
10633,3715,Anthony James,Ralph,5
10633,15992,William Schallert,Mayor Schubert,6
10633,6914,Scott Wilson,Harvey Oberst,7
10633,3640,Larry Gates,Eric Endicott,8
10633,105049,James Patterson,Mr. Purdy,9
17578,478,Jamie Bell,Tintin (voice),0
17578,1333,Andy Serkis,Captain Haddock / Sir Francis Haddock (voice),1
17578,8784,Daniel Craig,Sakharine / Red Rackham (voice),2
17578,11109,Nick Frost,Thomson (voice),3
17578,11108,Simon Pegg,Thompson (voice),4
17578,1670,Daniel Mays,Allan /  Pirate Flunky #1 (voice),5
17578,51100,Gad Elmaleh,Ben Salaad (voice),6
17578,13014,Toby Jones,Silk (voice),7
17578,34904,Enn Reitel,Nestor / Mr. Crabtree (voice),8
17578,1711,Mackenzie Crook,Tom / Pirate Flunky #2 (voice),9
535,3130,Jennifer Beals,Alex Owens,0
535,8699,Michael Nouri,Nick Hurley,1
535,31116,Sunny Johnson,Jeanie Szabo,2
535,31115,Kyle T. Heffner,Richie,3
535,724,Cynthia Rhodes,Tina Tech,4
535,80745,Lee Ving,Johnny C.,5
535,1367324,Ron Karabatsos,Jake Mawby,6
535,31114,Lilia Skala,Hanna Long,7
535,31117,Philip Bruns,Frank Szabo,8
535,21202,Micole Mercurio,Rosemary Szabo,9
843,1338,Maggie Cheung,Su Li-zhen,0
843,1337,Tony Leung Chiu-wai,Chow Mo-wan,1
843,12674,Siu Ping-Lam,Ah Ping,2
843,12462,Rebecca Pan,Mrs. Suen,3
843,12463,Kelly Lai Chen,Mr. Ho,4
843,1002925,Joe Cheung Tung-Cho,Man Living in Mr. Koo's Apartment,5
843,12464,Chan Man-Lei,Mr. Koo,6
843,12465,Koo Kam-Wah,Mrs. Koo,7
843,12467,Mama Hung,Amah,8
843,12470,Paulyn Sun,Mrs. Chow (voice),9
11374,10297,Matthew McConaughey,Ed 'Eddie' Pekurny,0
11374,57755,Woody Harrelson,Ray Pekurny,1
11374,12134,Sally Kirkland,Jeanette,2
11374,40279,Jenna Elfman,Shari,3
11374,2641,Martin Landau,Al,4
11374,14,Ellen DeGeneres,Cynthia Topping,5
11374,3026,Rob Reiner,Mr. Whitaker,6
11374,2778,Dennis Hopper,Henry 'Hank' Pekurny,7
11374,13918,Elizabeth Hurley,Jill,8
11374,6163,Adam Goldberg,John,9
87502,5292,Denzel Washington,Whip Whitaker,0
87502,1896,Don Cheadle,Hugh Lang,1
87502,17521,Kelly Reilly,Nicole,2
87502,1230,John Goodman,Harling Mays,3
87502,21089,Bruce Greenwood,Charlie Anderson,4
87502,49271,Brian Geraghty,Ken Evans,5
87502,42694,Tamara Tunie,Margaret Thomason,6
87502,65196,Nadine Velazquez,Katerina Marquez,7
87502,1986,Peter Gerety,Avington Carr,8
87502,31647,Garcelle Beauvais,Deana,9
14574,77996,Asa Butterfield,Bruno,0
14574,21657,Vera Farmiga,Mother,1
14574,11207,David Thewlis,Father,2
14574,36669,Rupert Friend,Lieutenant Kotler,3
14574,54014,David Hayman,Pavel,4
14574,224188,Jack Scanlon,Shmuel,5
14574,234072,Amber Beattie,Gretel,6
14574,93839,Sheila Hancock,Grandma,7
14574,20510,Richard Johnson,Grandpa,8
14574,77997,Zac Mattoon O'Brien,Leon,9
10765,18892,Goldie Hawn,Judy Benjamin,0
10765,39015,Eileen Brennan,Capt. Doreen Lewis,1
10765,23346,Armand Assante,Henrí Trémont,2
10765,5255,Robert Webber,Col. Clay Thornbush,3
10765,21520,Sam Wanamaker,Teddy Benjamin,4
10765,1216876,Barbara Barrie,Harriet Benjamin,5
10765,5960,Mary Kay Place,Pvt. Mary Lou Glass,6
10765,5048,Harry Dean Stanton,Sgt. Jim Ballard,7
10765,13,Albert Brooks,Yale Goodman,8
10765,24320,Alan Oppenheimer,Rabbi,9
9637,33260,Freddie Prinze Jr.,Fred,0
9637,11863,Sarah Michelle Gellar,Daphne,1
9637,26457,Matthew Lillard,Shaggy,2
9637,1817,Linda Cardellini,Velma,3
9637,58271,Neil Fanning,Scooby Voice (voice),4
9637,10730,Rowan Atkinson,Mondavarious,5
9637,52848,Isla Fisher,Mary Jane,6
9637,74354,Miguel A. Núñez Jr.,Voodoo Maestro,7
9637,53591,Steven Grives,N' Goo Tuana,8
9637,2632078,Charles Stan Frazier,Sugar Ray,9
14412,227,William Hurt,Ned Racine,0
14412,3391,Kathleen Turner,Matty Walker,1
14412,16554,Richard Crenna,Edmund Walker,2
14412,12836,Ted Danson,Peter Lowenstein,3
14412,1352413,J.A. Preston,Oscar Grace,4
14412,2295,Mickey Rourke,Teddy Lewis,5
14412,156237,Kim Zimmer,Mary Ann,6
14412,184793,Jane Hallaren,Stella,7
14412,1233508,Lanna Saunders,Roz Kraft,8
14412,1934387,Carola McGuinness,Heather Kraft,9
9620,880,Ben Affleck,Michael Jennings,0
9620,6383,Aaron Eckhart,James Rethrick,1
9620,139,Uma Thurman,Rachel Porter,2
9620,13242,Paul Giamatti,Shorty,3
9620,10132,Colm Feore,John Wolfe,4
9620,3977,Joe Morton,Agent Dodge,5
9620,53820,Michael C. Hall,Agent Klein,6
9620,54246,Peter Friedman,Attorney General Brown,7
9620,2208,Kathryn Morris,Rita Dunne,8
9620,29930,Ivana Miličević,Maya-Rachel,9
11963,4135,Robert Redford,Joseph Turner,0
11963,6450,Faye Dunaway,Kathy Hale,1
11963,19153,Cliff Robertson,J. Higgins,2
11963,2201,Max von Sydow,G. Joubert,3
11963,11783,John Houseman,Mr. Wabash,4
11963,13948,Addison Powell,Leonard Atwood,5
11963,81734,Walter McGinn,Sam Barber,6
11963,44550,Tina Chen,Janice Chon,7
11963,6758,John Randolph Jones,Beefy Man,8
11963,72659,Michael Kane,S.W. Wicks,9
22803,134,Jamie Foxx,Nick Rice,0
22803,17276,Gerard Butler,Clyde Alexander Shelton,1
22803,17782,Colm Meaney,Detective Dunnigan,2
22803,14888,Bruce McGill,Jonas Cantrell,3
22803,57451,Leslie Bibb,Sarah Lowell,4
22803,124304,Michael Irby,Detective Garza,5
22803,21142,Gregory Itzin,Warden Iger,6
22803,35705,Regina Hall,Kelly Rice,7
22803,124305,Emerald-Angel Young,Denise Rice,8
22803,1577506,Brooke Stacy Mills,Clyde's Wife,9
1088,15293,Keisha Castle-Hughes,Paikea Apirana,0
1088,15294,Rawiri Paratene,Koro,1
1088,15295,Vicky Haughton,Nanny Flowers,2
1088,7248,Cliff Curtis,Porourangi,3
1088,15296,Grant Roa,Uncle Rawiri,4
1088,15297,Mana Taumaunu,Hemi,5
1088,15298,Rachel House,Shilo,6
1088,7245,Taungaroa Emile,Willie,7
1088,15299,Tammy Davis,Dog,8
1088,15300,Mabel Wharekawa,Maka,9
10658,1063,Lea Thompson,Beverly Switzler,0
10658,4004,Jeffrey Jones,Dr. Walter Jenning,1
10658,504,Tim Robbins,Phil Blumburtt,2
10658,1471,Ed Gale,Howard T. Duck,3
10658,90039,Chip Zien,Howard T. Duck (voice),4
10658,114761,Tim Rose,Howard T. Duck,5
10658,4706922,Steve Sleap,Howard T. Duck,6
10658,2596475,Peter Baird,Howard T. Duck,7
10658,4706924,Mary Wells,Howard T. Duck,8
10658,1573112,Lisa Sturz,Howard T. Duck,9
8850,7447,Alec Baldwin,Lamont Cranston / The Shadow,0
8850,11389,John Lone,Shiwan Khan,1
8850,14698,Penelope Ann Miller,Margo Lane,2
8850,1039,Peter Boyle,Moe Shrevnitz,3
8850,1327,Ian McKellen,Dr. Reinhardt Lane,4
8850,13472,Tim Curry,Farley Claymore,5
8850,13593,Jonathan Winters,Wainwright Barth,6
8850,85500,Sab Shimono,Dr. Roy Tam,7
8850,1813086,Brady Tsurutani,Tulku,8
8850,20904,James Hong,Li Peng,9
338766,1229,Jeff Bridges,Marcus Hamilton,0
338766,62064,Chris Pine,Toby Howard,1
338766,11107,Ben Foster,Tanner Howard,2
338766,84225,Gil Birmingham,Alberto Parker,3
338766,164094,Marin Ireland,Debbie Howard,4
338766,114000,Kevin Rankin,Billy Rayburn,5
338766,46814,Dale Dickey,Elsie,6
338766,202830,William Sterchi,Mr. Clauson,7
338766,2090296,Kristin K. Berg,Olney Teller,8
338766,59450,Katy Mixon,Jenny Ann,9
2268,45589,Dakota Blue Richards,Lyra Belacqua,0
2268,2227,Nicole Kidman,Marisa Coulter,1
2268,8784,Daniel Craig,Lord Asriel,2
2268,45585,Ben Walker,Roger Parslow,3
2268,1281,Freddie Highmore,Pantalaimon (voice),4
2268,1327,Ian McKellen,Iorek Byrnison (voice),5
2268,10912,Eva Green,Serafina Pekkala,6
2268,20070,Jim Carter,John Faa,7
2268,14011,Tom Courtenay,Farder Coram,8
2268,6972,Ian McShane,Ragnar Sturlusson (voice),9
50348,10297,Matthew McConaughey,Mickey Haller,0
50348,11864,Ryan Phillippe,Louis Roulet,1
50348,3905,William H. Macy,Frank Levin,2
50348,3141,Marisa Tomei,Maggie McPherson,3
50348,6164,Josh Lucas,Ted Minton,4
50348,5723,John Leguizamo,Val Valenzuela,5
50348,454,Michael Peña,Jesus Martinez,6
50348,4029,Bob Gunton,Cecil Dobbs,7
50348,3713,Frances Fisher,Mary Windsor,8
50348,85477,Trace Adkins,Eddie Vogel,9
10518,4483,Dustin Hoffman,Thomas 'Babe' Levy,0
10518,3359,Laurence Olivier,Dr. Christian Szell,1
10518,6355,Roy Scheider,Henry 'Doc' Levy,2
10518,21416,William Devane,Janeway,3
10518,25282,Marthe Keller,Elsa Opel,4
10518,6839,Fritz Weaver,Professor Biesenthal,5
10518,3174,Richard Bright,Karl,6
10518,3140,Marc Lawrence,Erhard,7
10518,944596,James Wing Woo,Chen,8
10518,19215,Lou Gilbert,Rosenbaum,9
9440,8891,John Travolta,Jack Stanton,0
9440,7056,Emma Thompson,Susan Stanton,1
9440,879,Billy Bob Thornton,Richard Jemmons,2
9440,76215,Adrian Lester,Henry Burton,3
9440,16307,Maura Tierney,Daisy Green,4
9440,925,Paul Guilfoyle,Howard Ferguson,5
9440,6840,Larry Hagman,Gov. Fred Picker,6
9440,8534,Kathy Bates,Libby Holden,7
9440,6587,Diane Ladd,Mamma Stanton,8
9440,2228996,Rebecca Walker,March,9
12107,776,Eddie Murphy,Sherman Klump / Buddy Love / Granny Klump / Mama Klump / Papa Klump / Young Papa Klump / Ernie Klump / Lance Perkins,0
12107,54421,Janet Jackson,Denise,1
12107,1211,Larry Miller,Dean Richmond,2
12107,64343,John Ales,Jason,3
12107,16662,Richard Gant,Denise's Father,4
12107,54800,Anna Maria Horsford,Denise's Mother,5
12107,58692,Melinda McGraw,Leanne Guilford,6
12107,59019,Jamal Mixon,"Ernie Klump, Jr.",7
12107,2882713,Gabriel Williams,Issac,8
12107,1534,Chris Elliott,Restaurant Manager,9
12596,3036,John Cusack,Nick Falzone,0
12596,879,Billy Bob Thornton,Russell Bell,1
12596,112,Cate Blanchett,Connie Falzone,2
12596,11701,Angelina Jolie,Mary Bell,3
12596,4177,Jake Weber,Barry Plotkin,4
12596,29685,Kurt Fuller,Ed Clabes,5
12596,14723,Vicki Lewis,Tina Leary,6
12596,11154,Matt Ross,Ron Hewitt,7
12596,60796,Jerry Grayson,Leo Morton,8
12596,171351,Michael Willis,Pat Feeney,9
11787,854,James Stewart,Elwood P. Dowd,0
11787,2667,Josephine Hull,Veta Louise Simmons,1
11787,70492,Peggy Dow,Miss Kelly,2
11787,15978,Charles Drake,Dr. Sanderson,3
11787,30228,Cecil Kellaway,Dr. Chumley,4
11787,130063,Victoria Horne,Myrtle Mae Simmons,5
11787,93664,Jesse White,Wilson,6
11787,96239,William H. Lynn,Judge Gaffney (as William Lynn),7
11787,35849,Wallace Ford,The Taxi Driver,8
11787,88461,Nana Bryant,Mrs. Hazel Chumley,9
51497,12835,Vin Diesel,Dominic Toretto,0
51497,8167,Paul Walker,Brian O'Conner,1
51497,22123,Jordana Brewster,Mia Toretto,2
51497,8169,Tyrese Gibson,Roman Pearce,3
51497,8171,Ludacris,Tej Parker,4
51497,31841,Matt Schulze,Vince,5
51497,61697,Sung Kang,Han Lue,6
51497,90633,Gal Gadot,Gisele Yashar,7
51497,96321,Tego Calderon,Leo,8
51497,90634,Don Omar,Santos,9
11621,70046,Shūichirō Moriyama,Kurenai no Buta (voice),0
11621,70047,Tokiko Kato,Jina-sama (voice),1
11621,70048,Bunshi Katsura VI,Pikkoro-oyaji (voice),2
11621,20334,Tsunehiko Kamijô,Manmayuto no shachô (voice),3
11621,90133,Akemi Okamura,Fio Pikkoro (voice),4
11621,40451,Akio Otsuka,Donarudo Kâchisu (voice),5
11621,551769,Hiroko Seki,Bâ-chan (voice),6
11621,553785,Reizō Nomoto,Mamma Aiuto Gang (voice),7
11621,83932,Osamu Saka,Mamma Aiuto Gang (voice),8
11621,548004,Yu Shimaka,Mamma Aiuto Gang (voice),9
11329,3036,John Cusack,Nick Easter,0
11329,193,Gene Hackman,Rankin Fitch,1
11329,4483,Dustin Hoffman,Wendell Rohr,2
11329,3293,Rachel Weisz,Marlee,3
11329,52374,Bruce Davison,Durwood Cable,4
11329,14888,Bruce McGill,Judge Harkin,5
11329,12799,Jeremy Piven,Lawrence Green,6
11329,2221,Leland Orser,Lamb,7
11329,12538,Nick Searcy,Doyle,8
11329,14331,Nestor Serrano,Janovich,9
8007,887,Owen Wilson,Lt. Chris 'Longhorn' Burnett,0
8007,193,Gene Hackman,"Admiral Leslie Reigart, Commander Adriatic Battle Group",1
8007,16856,Gabriel Macht,Lt. Jeremy 'Smoke' Stackhouse,2
8007,53573,Olek Krupa,General Miroslav Lokar,3
8007,86151,Vladimir Mashkov,Tracker (Sasha),4
8007,137336,Marko Igonda,Bazda,5
8007,18181,David Keith,Master Chief Tom O'Malley,6
8007,53572,Charles Malik Whitfield,"Capt. Glen Rodway, USMC",7
8007,61855,Eyal Podell,Petty Officer Kennedy,8
8007,22462,Joaquim de Almeida,"Admiral Juan-Miguel Piquet, Commander of NATO Naval Command",9
9422,8891,John Travolta,Jan Schlichtmann,0
9422,3087,Robert Duvall,Jerome Facher,1
9422,4252,Tony Shalhoub,Kevin Conway,2
9422,3905,William H. Macy,James Gordon,3
9422,6752,Željko Ivanek,Bill Crowley,4
9422,11621,Bruce Norris,William Cheeseman,5
9422,12074,John Lithgow,Judge Walter J. Skinner,6
9422,8183,Kathleen Quinlan,Anne Anderson,7
9422,31514,Peter Jacobson,Neil Jacobs,8
9422,96554,Mary Mara,Kathy Boyer,9
15789,84213,Bill Farmer,Goofy (voice),0
15789,61983,Jason Marsden,Max (voice),1
15789,148655,Aaron Lohr,Max Goof (singing voice),2
15789,12077,Jim Cummings,Pete (voice),3
15789,43125,Rob Paulsen,P.J. (voice),4
15789,93663,Kellie Martin,Roxanne (voice),5
15789,265863,Jenna Von Oÿ,Stacey (voice),6
15789,15775,Kevin Lima,Lester (voice),7
15789,51750,Joey Lawrence,Chad (voice),8
15789,40680,Julie Brown,Lisa (voice),9
2623,1205,Richard Gere,Zack Mayo,0
2623,26513,Debra Winger,Paula Pokrifki,1
2623,20959,Louis Gossett Jr.,Sergeant Emil Foley,2
2623,18181,David Keith,Sid Worley,3
2623,1162,Robert Loggia,Byron Mayo,4
2623,27539,Lisa Blount,Lynette Pomeroy,5
2623,779,Lisa Eilbacher,Casey Seeger,6
2623,27540,Harold Sylvester,Perryman,7
2623,16560,David Caruso,Topper Daniels,8
2623,6465,Grace Zabriskie,Esther Pokrifiki,9
10747,190,Clint Eastwood,Josey Wales,0
10747,66670,Chief Dan George,Lone Watie,1
10747,66223,Sondra Locke,Laura Lee,2
10747,16555,Bill McKinney,Terrill,3
10747,17580,John Vernon,Fletcher,4
10747,734,Paula Trueman,Grandma Sarah,5
10747,8350,Sam Bottoms,Jamie,6
10747,1173474,Geraldine Keams,Little Moonlight,7
10747,13263,Woodrow Parfrey,Carpetbagger,8
10747,40381,Joyce Jameson,Rose,9
310131,1397778,Anya Taylor-Joy,Thomasin,0
310131,202032,Ralph Ineson,William,1
310131,71083,Kate Dickie,Katherine,2
310131,1397779,Harvey Scrimshaw,Caleb,3
310131,1397781,Ellie Grainger,Mercy,4
310131,1397780,Lucas Dawson,Jonas,5
310131,2320,Julian Richings,Governor,6
310131,237462,Bathsheba Garnett,The Witch,7
310131,1643002,Sarah Stephens,"The Witch, Young",8
310131,1725093,Daniel Malik,Black Phillip (voice),9
24021,37917,Kristen Stewart,Bella Swan,0
24021,11288,Robert Pattinson,Edward Cullen,1
24021,84214,Taylor Lautner,Jacob Black,2
24021,18997,Bryce Dallas Howard,Victoria,3
24021,501,Dakota Fanning,Jane,4
24021,21029,Billy Burke,Charlie Swan,5
24021,56857,Peter Facinelli,Dr. Carlisle Cullen,6
24021,53755,Elizabeth Reaser,Esme Cullen,7
24021,84215,Jackson Rathbone,Jasper Hale,8
24021,34502,Kellan Lutz,Emmett Cullen,9
526,4756,Matthew Broderick,Phillipe Gaston,0
526,585,Rutger Hauer,Captain Etienne Navarre,1
526,1160,Michelle Pfeiffer,Isabeau d'Anjou,2
526,658,Alfred Molina,Cezar,3
526,8937,John Wood,Bishop of Aquila,4
526,7192,Leo McKern,Father Imperius,5
526,7194,Ken Hutchison,Marquet,6
526,7195,Giancarlo Prete,Fornac,7
526,7196,Loris Loddi,Jehan,8
526,7198,Charles Borromel,Insane Prisoner,9
476,2876,Matt Dillon,Bob,0
476,6473,Kelly Lynch,Dianne,1
476,1736,James Remar,Gentry,2
476,6474,James Le Gros,Rick,3
476,69122,Heather Graham,Nadine,4
476,32774,Beah Richards,Drug Counselor,5
476,6465,Grace Zabriskie,Bob's Mother,6
476,7268,Max Perlich,David,7
476,6471,William S. Burroughs,Tom the Priest,8
476,1391035,Eric Hull,Druggist,9
15764,5064,Meryl Streep,"Zofia ""Sophie"" Zawistowski",0
15764,8945,Kevin Kline,Nathan Landau,1
15764,12688,Peter MacNicol,Stingo,2
15764,135170,Rita Karin,Yetta,3
15764,135171,Stephen D. Newman,Larry,4
15764,1648653,Greta Turken,Leslie Lapidus,5
15764,33489,Josh Mostel,Morris Fink,6
15764,1388506,Marcell Rosenblatt,Astrid Weinstein,7
15764,54345,Moishe Rosenfeld,Moishe Rosenblum,8
15764,11902,Robin Bartlett,Lillian Grossman,9
2642,18277,Sandra Bullock,Lucy Kelson,0
2642,3291,Hugh Grant,George Wade,1
2642,13314,Dana Ivey,Ruth Kelson,2
2642,26715,Robert Klein,Larry Kelson,3
2642,3128,Alicia Witt,June Carter,4
2642,26716,Heather Burns,Meryl Brooks,5
2642,26717,David Haig,Howard Wade,6
2642,26718,Dorian Missick,Tony,7
2642,77092,Joseph Badalucco Jr.,Construction Foreman,8
2642,1571038,Jonathan Dokuchitz,Tom,9
2103,1461,George Clooney,Chris Kelvin,0
2103,11317,Natascha McElhone,Rheya,1
2103,19492,Viola Davis,Gordon,2
2103,4654,Jeremy Davies,Snow,3
2103,8198,Ulrich Tukur,Gibarian,4
2103,1080265,Michael Ensign,Friend,5
2103,68842,John Cho,DBA Emissary,6
2103,155295,Morgan Rusler,DBA Emissary,7
2103,1393682,Shane Skelton,Gibarian's Son,8
2103,1247688,Donna Kimball,Mrs. Gibarian,9
18239,37917,Kristen Stewart,Bella Swan,0
18239,11288,Robert Pattinson,Edward Cullen,1
18239,84214,Taylor Lautner,Jacob Black,2
18239,501,Dakota Fanning,Jane,3
18239,3968,Michael Sheen,Aro,4
18239,45827,Ashley Greene,Alice Cullen,5
18239,58168,Rachelle Lefevre,Victoria,6
18239,21029,Billy Burke,Charlie Swan,7
18239,56857,Peter Facinelli,Dr. Carlisle Cullen,8
18239,53755,Elizabeth Reaser,Esme Cullen,9
11379,27811,Peter Weller,Buckaroo Banzai,0
11379,12074,John Lithgow,Lord John Whorfin,1
11379,6913,Ellen Barkin,Penny Priddy,2
11379,4785,Jeff Goldblum,New Jersey,3
11379,1062,Christopher Lloyd,John Bigboote,4
11379,36041,Lewis Smith,Perfect Tommy,5
11379,43976,Rosalind Cash,John Emdall,6
11379,122154,Robert Ito,Professor Hikita,7
11379,1169,Pepe Serna,Reno Nevada,8
11379,653,Ronald Lacey,President Widmark,9
10495,2877,Ralph Macchio,Daniel,0
10495,23915,Pat Morita,Mr. Miyagi,1
10495,15905,Robyn Lively,Jessica,2
10495,60705,Thomas Ian Griffith,Terry,3
10495,56117,Martin Kove,Kreese,4
10495,65205,Sean Kanan,Mike Barnes,5
10495,1340974,Jonathan Avildsen,Snake,6
10495,1325314,William Christopher Ford,Dennis,7
10495,23916,Randee Heller,Lucille,8
10495,114628,Pat E. Johnson,Referee,9
10110,3894,Christian Bale,Jim,0
10110,6949,John Malkovich,Basie,1
10110,8436,Miranda Richardson,Mrs. Victor,2
10110,53517,Nigel Havers,Dr. Rawlins,3
10110,532,Joe Pantoliano,Frank Demarest,4
10110,10655,Leslie Phillips,Maxton,5
10110,93892,Masatô Ibu,Sgt. Nagata,6
10110,1239914,Emily Richard,Jim's Mother,7
10110,62231,Rupert Frazer,Jim's Father,8
10110,1602690,Peter Gale,Mr. Victor,9
1781,19013,Al Gore,Self,0
1781,23679,Billy West,Various (voice),1
1781,18802,Ronald Reagan,Self (archive footage),2
1781,19011,George W. Bush,Self (archive footage),3
1781,46432,George H. W. Bush,Self (archive footage),4
11597,2157,Robin Williams,Leslie Zevo,0
11597,5658,Michael Gambon,General Zevo,1
11597,3234,Joan Cusack,Alsatia Zevo,2
11597,32,Robin Wright,Gwen Tyler,3
11597,36424,LL Cool J,Patrick Zevo,4
11597,13295,Donald O'Connor,Kenneth Zevo,5
11597,13392,Arthur Malet,Owen Owens,6
11597,5251,Jack Warden,Old General Zevo,7
11597,5578,Debi Mazar,Nurse Debbie,8
11597,34061,Wendy Melvoin,Choir Soloist,9
9493,1100,Arnold Schwarzenegger,Julius Benedict,0
9493,518,Danny DeVito,Vincent Benedict,1
9493,11164,Kelly Preston,Marnie Mason,2
9493,43476,Chloe Webb,Linda Mason,3
9493,32479,Bonnie Bartlett,Mary Ann Benedict,4
9493,3041,Marshall Bell,Webster,5
9493,4039,Trey Wilson,Beetroot McKinley,6
9493,16560,David Caruso,Al Greco,7
9493,39753,Hugh O'Brian,Granger,8
9493,65598,Tony Jay,Werner,9
9816,12041,Julia Stiles,Sara Johnson,0
9816,11868,Sean Patrick Thomas,Derek Reynolds,1
9816,11703,Kerry Washington,Chenille Reynolds,2
9816,59568,Fredro Starr,Malakai,3
9816,11067,Terry Kinney,Roy Johnson,4
9816,36068,Bianca Lawson,Nikki,5
9816,59569,Vince Green,Snookie,6
9816,59570,Garland Whitt,Kenny,7
9816,59571,Elisabeth Oas,Diggy,8
9816,59572,Artel Great,Arvel,9
9801,9137,Renée Zellweger,Bridget,0
9801,5472,Colin Firth,Mark,1
9801,3291,Hugh Grant,Daniel,2
9801,6857,Jacinda Barrett,Rebecca,3
9801,388,Jim Broadbent,Dad,4
9801,9138,Gemma Jones,Mum,5
9801,9144,Sally Phillips,Shazzer,6
9801,9139,Celia Imrie,Una Alconbury,7
9801,9140,James Faulkner,Uncle Geoffrey,8
9801,1834,Shirley Henderson,Jude,9
458156,6384,Keanu Reeves,John Wick,0
458156,4587,Halle Berry,Sofia,1
458156,6972,Ian McShane,Winston,2
458156,2975,Laurence Fishburne,Bowery King,3
458156,18702,Mark Dacascos,Zero,4
458156,1776040,Asia Kate Dillon,The Adjudicator,5
458156,129101,Lance Reddick,Charon,6
458156,5657,Anjelica Huston,The Director,7
458156,5419,Saïd Taghmaoui,The Elder,8
458156,195930,Jerome Flynn,Berrada,9
8649,2963,Nicolas Cage,Frank Pierce,0
8649,4687,Patricia Arquette,Mary Burke,1
8649,1230,John Goodman,Larry Verber,2
8649,10182,Ving Rhames,Marcus,3
8649,3197,Tom Sizemore,Tom Wolls,4
8649,47775,Marc Anthony,Noel,5
8649,54782,Mary Beth Hurt,Nurse Constance,6
8649,7248,Cliff Curtis,Cy Coates,7
8649,106791,Aida Turturro,Nurse Crupp,8
8649,14331,Nestor Serrano,Dr. Hazmat,9
487558,1117313,John David Washington,Ron Stallworth,0
487558,1023139,Adam Driver,Flip Zimmerman,1
487558,17052,Topher Grace,David Duke,2
487558,1606394,Laura Harrier,Patrice Dumas,3
487558,7447,Alec Baldwin,Dr. Kennebrew Beauregard,4
487558,82857,Jasper Pääkkönen,Felix Kendrickson,5
487558,1154054,Corey Hawkins,Kwame Ture,6
487558,1294982,Paul Walter Hauser,Ivanhoe,7
487558,1181353,Ryan Eggold,Walter Breachway,8
487558,17490,Isiah Whitlock Jr.,Mr. Turrentine,9
11302,1243,Woody Allen,Fielding Mellish,0
11302,9565,Louise Lasser,Nancy,1
11302,68934,Carlos Montalbán,General Emilio M. Vargas,2
11302,68935,Nati Abascal,Yolanda,3
11302,941548,Jacobo Morales,Esposito,4
11302,87743,Miguel Ángel Suárez,Luis,5
11302,237034,René Enríquez,Diaz,6
11302,134171,Jack Axelrod,Arroyo,7
11302,153575,Howard Cosell,Himself,8
11302,66071,Charlotte Rae,Mrs. Ruth Mellish,9
353081,500,Tom Cruise,Ethan Hunt,0
353081,73968,Henry Cavill,August Walker,1
353081,10182,Ving Rhames,Luther Stickell,2
353081,11108,Simon Pegg,Benji Dunn,3
353081,933238,Rebecca Ferguson,Ilsa Faust,4
353081,16702,Sean Harris,Solomon Lane,5
353081,9780,Angela Bassett,Erika Sloane,6
353081,556356,Vanessa Kirby,The White Widow,7
353081,11705,Michelle Monaghan,Julia,8
353081,8210,Wes Bentley,Erik,9
9314,5049,John Hurt,Winston Smith,0
9314,5341,Richard Burton,O'Brien,1
9314,10652,Suzanna Hamilton,Julia,2
9314,4973,Cyril Cusack,Charrington,3
9314,7053,Gregor Fisher,Parsons,4
9314,208920,James Walker,Syme,5
9314,26861,Andrew Wilde,Tillotson,6
9314,193340,David Cann,Martin,7
9314,201587,Peter Frye,Rutherford,8
9314,81024,Roger Lloyd Pack,Waiter,9
12614,5823,Julie Andrews,Victoria Grant / Count Victor Grazinsky,0
12614,16896,James Garner,King Marchand,1
12614,40202,Robert Preston,Carroll 'Toddy' Todd,2
12614,21818,Lesley Ann Warren,Norma Cassady,3
12614,73234,Alex Karras,'Squash' Bernstein,4
12614,655,John Rhys-Davies,André Cassell,5
12614,14107,Graham Stark,Waiter,6
12614,14955,Peter Arne,Labisse,7
12614,557524,Herb Tanney,Charles Bovin,8
12614,84359,Michael Robbins,Manager of Victoria's Hotel,9
16614,44735,Jesse Eisenberg,James Brennan,0
16614,37917,Kristen Stewart,Em Lewin,1
16614,41089,Martin Starr,Joel,2
16614,41091,Kristen Wiig,Paulette,3
16614,19278,Bill Hader,Bobby,4
16614,59237,Margarita Levieva,Lisa P.,5
16614,77023,Jack Gilpin,Mr. Brennan,6
16614,6181,Josh Pais,Mr. Lewin,7
16614,61980,Wendie Malick,Mrs. Brennan,8
16614,63232,Mary Birdsong,Francy,9
5689,15110,Brooke Shields,Emmeline,0
5689,42740,Christopher Atkins,Richard,1
5689,7192,Leo McKern,Paddy Button,2
5689,10775,William Daniels,Arthur Lestrange,3
5689,44841,Jeffrey Kleiser,Lookout,4
5689,44843,Gus Mercurio,Officer,5
5689,136853,Elva Josephson,Young Emmeline,6
5689,136854,Glenn Kohan,Young Richard,7
5689,1037039,Bradley Pryce,Little Paddy,8
5689,1296157,Chad Timmerman,Infant Paddy,9
10548,65605,Muhammad Ali,Self,0
10548,65606,George Foreman,Self,1
10548,65607,Don King,Self,2
10548,7172,James Brown,Self,3
10548,44999,B.B. King,Self,4
10548,5281,Spike Lee,Self,5
10548,1577029,Mobutu Sese Seko,Self,6
10548,143280,Norman Mailer,Self,7
10548,95741,George Plimpton,Self,8
10548,10649,Malick Bowens,Self,9
11498,11181,Kenneth Branagh,Roman Strauss / Mike Church,0
11498,1271,Andy Garcia,Gray Baker,1
11498,7056,Emma Thompson,Grace / Margaret Strauss,2
11498,69642,Lois Hall,Sister Constance,3
11498,172705,Richard Easton,Father Timothy,4
11498,158422,Jo Anderson,Sister Madeleine / Starlet,5
11498,2673156,Patrick MontesDeOca,Pickup Driver,6
11498,58650,Raymond Cruz,Clerk,7
11498,2157,Robin Williams,Cozy Carlisle,8
11498,4201,Wayne Knight,Piccolo Pete,9
11593,3636,Paul Newman,Sully Sullivan,0
11593,62,Bruce Willis,Carl Roebuck,1
11593,29369,Melanie Griffith,Toby Roebuck,2
11593,5698,Jessica Tandy,Beryl Peoples,3
11593,21043,Dylan Walsh,Peter Sullivan,4
11593,3201,Pruitt Taylor Vince,Rub Squeers,5
11593,69300,Gene Saks,Wirf Wirfley,6
11593,14792,Josef Sommer,Clive Peoples Jr.,7
11593,1233,Philip Seymour Hoffman,Officer Raymer,8
11593,6541,Philip Bosco,Judge Flatt,9
10501,11181,Kenneth Branagh,Miguel  (voice),0
10501,8945,Kevin Kline,Tulio (voice),1
10501,4810,Rosie Perez,Chel (voice),2
10501,23346,Armand Assante,Tzekel-Kan (voice),3
10501,587,Edward James Olmos,Chief (voice),4
10501,12077,Jim Cummings,Cortes (voice),5
10501,15831,Frank Welker,Altivo (voice),6
10501,2144,Tobin Bell,Zaragoza (voice),7
10501,11370,Elton John,Narrator (voice),8
10501,1552486,Duncan Marjoribanks,Acolyte (voice),9
901,13848,Charlie Chaplin,A Tramp,0
901,13852,Virginia Cherrill,A Blind Girl,1
901,2913936,Florence Lee,Her Grandmother,2
901,13854,Harry Myers,An Eccentric Millionaire,3
901,13855,Al Ernest Garcia,His Butler,4
901,13856,Hank Mann,A Prizefighter,5
901,21306,Albert Austin,Street Sweeper / Burglar (uncredited),6
901,1041513,Eddie Baker,Boxing Fight Referee (uncredited),7
901,14438,Henry Bergman,Mayor / Blind Girl's Downstairs Neighbor (uncredited),8
901,1130467,Buster Brodie,Bald Party Guest (uncredited),9
545611,1620,Michelle Yeoh,Evelyn Wang,0
545611,1381186,Stephanie Hsu,Joy Wang / Jobu Tupaki,1
545611,690,Ke Huy Quan,Waymond Wang,2
545611,20904,James Hong,Gong Gong,3
545611,8944,Jamie Lee Curtis,Deirdre Beaubeirdre,4
545611,1071151,Tallie Medel,Becky Sregor,5
545611,213001,Jenny Slate,Big Nose,6
545611,232499,Harry Shum Jr.,Chad,7
545611,1367122,Biff Wiff,Rick,8
545611,1375002,Sunita Mani,TV Musical - Queen,9
39254,6968,Hugh Jackman,Charlie Kenton,0
39254,234479,Dakota Goyo,Max Kenton,1
39254,19034,Evangeline Lilly,Bailey Tallet,2
39254,79072,Kevin Durand,Ricky,3
39254,53650,Anthony Mackie,Finn,4
39254,15250,Hope Davis,Aunt Debra,5
39254,8986,James Rebhorn,Marvin,6
39254,19860,Karl Yune,Tak Mashido,7
39254,1126350,Sophie Levy,Big Sister,8
39254,1126351,Tess Levy,Little Sister,9
11239,18056,Koji Yakusho,Shohei Sugiyama,0
11239,68703,Tamiyo Kusakari,Mai Kishikawa,1
11239,68704,Naoto Takenaka,Tomio Aoki,2
11239,68705,Eri Watanabe,Toyoko Takahashi,3
11239,13283,Akira Emoto,Detective Miwa,4
11239,68706,Yuu Tokui,Tokichi Hattori,5
11239,990589,Hiromasa Taguchi,Masahiro Tanaka,6
11239,1052343,Reiko Kusamura,Tamako Tamura,7
11239,109662,Hideko Hara,Masako Sugiyama,8
11239,235921,Hiroshi Miyasaka,Macho,9
20758,12147,Spencer Tracy,Stanley T. Banks,0
20758,7639,Joan Bennett,Ellie Banks,1
20758,3635,Elizabeth Taylor,Kay Banks,2
20758,9108,Don Taylor,Buckley Dunstan,3
20758,9071,Billie Burke,Doris Dunstan,4
20758,2642,Leo G. Carroll,Mr. Massoula,5
20758,18586,Moroni Olsen,Herbert Dunstan,6
20758,8730,Melville Cooper,Mr. Tringle,7
20758,11172,Taylor Holmes,Warner,8
20758,34320,Paul Harvey,Reverend Galsworthy,9
38356,10959,Shia LaBeouf,Sam Witwicky,0
38356,236048,Rosie Huntington-Whiteley,Carly,1
38356,19540,Peter Cullen,Optimus Prime (voice),2
38356,1749,Leonard Nimoy,Sentinel Prime (voice),3
38356,1241,John Turturro,Simmons,4
38356,3910,Frances McDormand,Mearing,5
38356,19536,Josh Duhamel,Lennox,6
38356,8169,Tyrese Gibson,Epps,7
38356,18352,Patrick Dempsey,Dylan,8
38356,1331,Hugo Weaving,Megatron (voice),9
9061,738,Sean Connery,Paul Armstrong,0
9061,2975,Laurence Fishburne,Sheriff Tanny Brown,1
9061,56871,Blair Underwood,Bobby Earl Ferguson,2
9061,689,Kate Capshaw,Laurie Armstrong,3
9061,15532,Ruby Dee,Evangeline Ferguson,4
9061,1245,Scarlett Johansson,Kate Armstrong,5
9061,228,Ed Harris,Blair Sullivan,6
9061,122491,Christopher Murray,Detective T.J. Wilcox,7
9061,36170,Daniel J. Travanti,Warden,8
9061,13726,Ned Beatty,McNair,9
9516,57773,Tyrin Turner,Caine 'Kaydee' Lawson,0
9516,18291,Larenz Tate,Kevin 'O-Dog',1
9516,2683,Glenn Plummer,Pernell,2
9516,9575,Jada Pinkett Smith,Ronnie,3
9516,2231,Samuel L. Jackson,Tat Lawson,4
9516,156015,June Kyoto Lu,Grocery Store Woman,5
9516,156963,Toshi Toda,Grocery Store Man,6
9516,154096,Reginald Ballard,Clyde,7
9516,19265,Khandi Alexander,Karen Lawson,8
9516,170159,Jullian Roy Doster,Anthony,9
44912,10859,Ryan Reynolds,Hal Jordan / Green Lantern,0
44912,59175,Blake Lively,Carol Ferris,1
44912,133,Peter Sarsgaard,Hector Hammond,2
44912,2983,Mark Strong,Sinestro,3
44912,504,Tim Robbins,Senator Hammond,4
44912,6067,Jay O. Sanders,Carl Ferris,5
44912,55934,Taika Waititi,Tom Kalmaku,6
44912,9780,Angela Bassett,Dr. Amanda Waller,7
44912,27107,Mike Doyle,Jack Jordan,8
44912,147719,Nick Jandl,Jim Jordan,9
634649,1136406,Tom Holland,Peter Parker / Spider-Man,0
634649,505710,Zendaya,MJ,1
634649,71580,Benedict Cumberbatch,Doctor Strange,2
634649,1649152,Jacob Batalon,Ned Leeds,3
634649,15277,Jon Favreau,Happy Hogan,4
634649,134,Jamie Foxx,Max Dillon / Electro,5
634649,5293,Willem Dafoe,Norman Osborn / Green Goblin,6
634649,658,Alfred Molina,Dr. Otto Octavius / Doc Ock,7
634649,30082,Benedict Wong,Wong,8
634649,1291350,Tony Revolori,Flash Thompson,9
11846,67773,Steve Martin,George Banks,0
11846,3092,Diane Keaton,Nina Banks,1
11846,70696,Kimberly Williams-Paisley,Annie Banks,2
11846,18793,Kieran Culkin,Matty Banks,3
11846,59222,George Newbern,Bryan MacKenzie,4
11846,519,Martin Short,Franck Eggelhoffer,5
11846,14592,BD Wong,Howard Weinstein,6
11846,20906,Peter Michael Goetz,John MacKenzie,7
11846,54348,Kate McGregor-Stewart,Joanna MacKenzie,8
11846,1128167,Carmen Hayward,Grace,9
9826,1954,Billy Zane,The Phantom / Kit Walker,0
9826,56128,Kristy Swanson,Diana Palmer,1
9826,4515,Treat Williams,Xander Drax,2
9826,1922,Catherine Zeta-Jones,Sala,3
9826,1736,James Remar,Quill,4
9826,4602,Jon Tenney,Jimmy Wells,5
9826,11398,Cary-Hiroyuki Tagawa,The Great Kabai Sengh,6
9826,2463,Patrick McGoohan,Phantom's Dad,7
9826,17200,Bill Smitrovich,Uncle Dave Palmer,8
9826,1953,Casey Siemaszko,Morgan,9
11066,776,Eddie Murphy,Marcus Graham,0
11066,59153,Robin Givens,Jacqueline 'Jackie / Jack' Broyer,1
11066,4587,Halle Berry,Angela Lewis,2
11066,58563,David Alan Grier,Gerard Jackson,3
11066,78029,Martin Lawrence,Tyler,4
11066,10661,Grace Jones,Strangé,5
11066,10225,Geoffrey Holder,Nelson,6
11066,70243,Eartha Kitt,Lady Eloise,7
11066,2632,Chris Rock,Bony T,8
11066,141823,Tisha Campbell,Yvonne,9
9257,2231,Samuel L. Jackson,Sgt. Dan 'Hondo' Harrelson,0
9257,72466,Colin Farrell,Jim Street,1
9257,17647,Michelle Rodriguez,Chris Sanchez,2
9257,36424,LL Cool J,Deacon 'Deke' Kaye,3
9257,2694,Josh Charles,T.J. McCabe,4
9257,17604,Jeremy Renner,Brian Gamble,5
9257,12792,Brian Van Holt,Michael Boxer,6
9257,15533,Olivier Martinez,Alex Montel,7
9257,17941,Domenick Lombardozzi,GQ,8
9257,38951,Reg E. Cathey,Lt. Greg Velasquez,9
10217,65,Ian Holm,Mitchell Stephens,0
10217,98,Sarah Polley,Nicole Burnell,1
10217,64712,Tom McCamus,Sam Burnell,2
10217,58804,Gabrielle Rose,Dolores Driscoll,3
10217,19958,Alberta Watson,Risa Walker,4
10217,213388,Caerthan Banks,Zoe Stephens,5
10217,7868,Maury Chaykin,Wendell Walker,6
10217,139862,Stephanie Morgenstern,Allison,7
10217,21089,Bruce Greenwood,Billy Ansel,8
10217,7708,Arsinée Khanjian,Wanda Otto,9
9836,109,Elijah Wood,Mumble (voice),0
9836,2157,Robin Williams,Ramon / Lovelace (voice),1
9836,328,Brittany Murphy,Gloria (voice),2
9836,6968,Hugh Jackman,Memphis (voice),3
9836,2227,Nicole Kidman,Norma Jean (voice),4
9836,1331,Hugo Weaving,Noah (voice),5
9836,57829,Anthony LaPaglia,Boss Skua (voice),6
9836,15274,E. G. Daily,Baby Mumble (voice),7
9836,45586,Magda Szubanski,Miss Viola (voice),8
9836,6199,Miriam Margolyes,Mrs. Astrakhan (voice),9
983,738,Sean Connery,Daniel Dravot,0
983,3895,Michael Caine,Peachy Carnehan,1
983,290,Christopher Plummer,Rudyard Kipling,2
983,11852,Saeed Jaffrey,Billy Fish,3
983,14754,Doghmi Larbi,Ootah,4
983,14755,Jack May,District Commissioner,5
983,14756,Karroom Ben Bouih,Kafu Selim,6
983,14758,Mohammad Shamsi,Babu,7
983,14759,Albert Moses,Ghulam,8
983,14760,Paul Antrim,Mulvaney,9
11974,31,Tom Hanks,Ray Peterson,0
11974,6905,Bruce Dern,Lt. Mark Rumsfield,1
11974,4,Carrie Fisher,Carol Peterson,2
11974,1538,Rick Ducommun,Art Weingartner,3
11974,37600,Wendy Schaal,Bonnie Rumsfield,4
11974,3034,Corey Feldman,Ricky Butler,5
11974,18708,Courtney Gains,Hans Klopek,6
11974,19439,Henry Gibson,Dr. Werner Klopek,7
11974,83465,Gale Gordon,Walter Seznick,8
11974,102441,Dick Miller,"Vic, Garbageman #1",9
802,2091,James Mason,Prof. Humbert Humbert,0
802,7632,Shelley Winters,Charlotte Haze,1
802,12445,Sue Lyon,"Dolores ""Lolita"" Haze",2
802,12450,Gary Cockrell,"Richard T. ""Dick"" Siller",3
802,12449,Jerry Stovin,John Farlow,4
802,12448,Diana Decker,Jean Farlow,5
802,9878,Lois Maxwell,Nurse Mary Lore,6
802,9913,Cec Linder,Physician,7
802,12451,Bill Greene,George Swine,8
802,12452,Shirley Douglas,Mrs. Starch,9
14506,12642,John Neville,Hieronymus Karl Frederick Baron von Munchausen,0
14506,10713,Eric Idle,Desmond / Berthold,1
14506,98,Sarah Polley,Sally Salt,2
14506,936,Oliver Reed,Vulcan,3
14506,374,Charles McKeown,Rupert / Adolphus,4
14506,215741,Winston Dennis,Bill / Albrecht,5
14506,132538,Jack Purvis,Jeremy / Gustavus,6
14506,24499,Valentina Cortese,Queen Ariadne / Violet,7
14506,378,Jonathan Pryce,The Right Ordinary Horatio Jackson,8
14506,104795,Bill Paterson,Henry Salt,9
4977,40325,Megumi Hayashibara,Paprika / Atsuko Chiba (voice),0
4977,40330,Tohru Emori,Seijiro Inui (voice),1
4977,40329,Katsunosuke Hori,Torataro Shima (voice),2
4977,40327,Toru Furuya,Kosaku Tokita (voice),3
4977,40451,Akio Otsuka,Toshimi Konakawa (voice),4
4977,20664,Koichi Yamadera,Morio Osanai (voice),5
4977,67471,Hideyuki Tanaka,Guy (voice),6
4977,40333,Satoshi Kon,Jinnai (voice),7
4977,40334,Yasutaka Tsutsui,Kuga (voice),8
4977,217924,Satomi Korogi,Japanese Doll (voice),9
13809,17276,Gerard Butler,One-Two,0
13809,207,Tom Wilkinson,Lenny Cole,1
13809,9030,Thandiwe Newton,Stella,2
13809,2983,Mark Strong,Archy,3
13809,17605,Idris Elba,Mumbles,4
13809,2524,Tom Hardy,Handsome Bob,5
13809,10841,Karel Roden,Uri Omovich,6
13809,20286,Toby Kebbell,Johnny Quid,7
13809,12799,Jeremy Piven,Roman,8
13809,8171,Ludacris,Mickey,9
6615,30614,Ryan Gosling,Lars Lindstrom,0
6615,1246,Emily Mortimer,Karin,1
6615,15684,Paul Schneider,Gus,2
6615,44183,R.D. Reid,Reverand Bock,3
6615,17442,Kelli Garner,Margo,4
6615,50774,Nancy Beatty,Mrs. Gruner,5
6615,50775,Doug Lennox,Mr. Hofstedter,6
6615,50776,Joe Bostick,Mr. Shaw,7
6615,50777,Liz Gordon,Mrs. Schindler,8
6615,5889,Nicky Guadagni,Mrs. Petersen,9
1398,28079,Alisa Freyndlikh,Stalker's Wife,0
1398,28078,Aleksandr Kaydanovskiy,Stalker,1
1398,8475,Anatoliy Solonitsyn,Writer,2
1398,1190992,Mykola Hrynko,Professor,3
1398,28080,Natalya Abramova,Marta,4
1398,1073948,Faime Jurno,Writer's Companion,5
1398,1626954,Evgeniy Kostin,"Lyuger, Owner of Cafe",6
1398,2037109,Raimo Rendi,Police Patrol,7
1398,85219,Vladimir Zamanskiy,Professor's Telephone Interlocutor (voice) (uncredited),8
6145,4173,Anthony Hopkins,Ted Crawford,0
6145,30614,Ryan Gosling,Willy Beachum,1
6145,11064,David Strathairn,Joe Lobruto,2
6145,10882,Rosamund Pike,Nikki Gardner,3
6145,6368,Embeth Davidtz,Jennifer Crawford,4
6145,21029,Billy Burke,Rob Nunally,5
6145,7248,Cliff Curtis,Detective Flores,6
6145,10981,Fiona Shaw,Judge Robinson,7
6145,4029,Bob Gunton,Judge Gardner,8
6145,21882,Josh Stamberg,Norman Foster,9
72976,11856,Daniel Day-Lewis,Abraham Lincoln,0
72976,35,Sally Field,Mary Todd Lincoln,1
72976,11064,David Strathairn,William Seward,2
72976,24045,Joseph Gordon-Levitt,Robert Lincoln,3
72976,13548,James Spader,W.N. Bilbo,4
72976,11066,Hal Holbrook,Preston Blair,5
72976,2176,Tommy Lee Jones,Thaddeus Stevens,6
72976,16861,John Hawkes,Robert Latham,7
72976,17183,Jackie Earle Haley,Alexander Stephens,8
72976,14888,Bruce McGill,Edwin Stanton,9
64635,72466,Colin Farrell,Douglas Quaid / Hauser,0
64635,10860,Jessica Biel,Melina,1
64635,3967,Kate Beckinsale,Lori Quaid,2
64635,2440,Bill Nighy,Matthias,3
64635,68842,John Cho,McClane,4
64635,17419,Bryan Cranston,Cohaagen,5
64635,47934,Dylan Smith,Hammond,6
64635,60272,Cam Clarke,Terminal Announcer (voice),7
64635,71913,Bokeem Woodbine,Harry,8
64635,10884,Will Yun Lee,Marek,9
24795,2047,Danny Glover,George Knox,0
24795,18298,Tony Danza,Mel Clark,1
24795,18345,Brenda Fricker,Maggie Nelson,2
24795,8258,Ben Johnson,Hank Murphy,3
24795,24045,Joseph Gordon-Levitt,Roger,4
24795,6067,Jay O. Sanders,Ranch Wilder,5
24795,37043,Taylor Negron,David Montagne,6
24795,1546030,Milton Davis Jr.,J.P.,7
24795,1062,Christopher Lloyd,Al the Angel,8
24795,13644,Tony Longo,Triscuit Messmer,9
11231,23915,Pat Morita,Miyagi,0
11231,448,Hilary Swank,Julie Pierce,1
11231,11086,Michael Ironside,Dugan,2
11231,20276,Constance Towers,Louisa,3
11231,227199,Chris Conrad,Eric,4
11231,1080062,Arsenio Trinidad,Abbot Monk,5
11231,112150,Michael Cavalieri,Ned,6
11231,27740,Walton Goggins,Charlie,7
11231,156196,Jim Ishida,Tall Monk,8
11231,129463,Rodney Kageyama,Monk,9
10997,69637,Leslie Cheung,Cheng Dieyi / Xiao Douzi,0
10997,65277,Zhang Fengyi,Duan Xiaolou / Xiao Shitou,1
10997,643,Gong Li,Juxian,2
10997,67765,Lü Qi,Master Guan,3
10997,109436,Ying Da,Manager,4
10997,76913,Ge You,Master Yuan Shiqing,5
10997,1346210,Lei Han,Xiao Si,6
10997,1358828,Tong Di,Zhang the Eunuch,7
10997,1358833,Yin Zhi,Teenage Douzi,8
10997,1358831,Ma Mingwei,Young Douzi,9
10013,3391,Kathleen Turner,Peggy Sue,0
10013,2963,Nicolas Cage,Charlie Bodell,1
10013,62014,Barry Miller,Richard Norvik,2
10013,2022,Catherine Hicks,Carol Heath,3
10013,11148,Joan Allen,Maddy Nagle,4
10013,18916,Kevin J. O'Connor,Michael Fitzsimmons,5
10013,206,Jim Carrey,Walter Getz,6
10013,9259,Lisa Jane Persky,Delores Dodge,7
10013,5148,Lucinda Jenney,Rosalie Testa,8
10013,151232,Wil Shriner,Arthur Nagle,9
66,190,Clint Eastwood,Luther Whitney,0
66,193,Gene Hackman,President Richmond,1
66,228,Ed Harris,Seth Frank,2
66,350,Laura Linney,Kate Whitney,3
66,351,Judy Davis,Gloria Russell,4
66,349,Scott Glenn,Bill Burton,5
66,352,Dennis Haysbert,Tim Collin,6
66,5249,E.G. Marshall,Walter Sullivan,7
66,404,Melora Hardin,Christy Sullivan,8
66,6074,Kenneth Welsh,Sandy Lord,9
2043,192,Morgan Freeman,Alex Cross,0
2043,2140,Monica Potter,Jezzie Flannigan,1
2043,7486,Michael Wincott,Gary Soneji,2
2043,19152,Dylan Baker,Ollie McArthur,3
2043,21027,Mika Boorem,Megan Rose,4
2043,21028,Anton Yelchin,Dimitri Starodubov,5
2043,116575,Kim Hawthorne,Agent Hickey,6
2043,6067,Jay O. Sanders,Kyle Craig,7
2043,21029,Billy Burke,Ben Devine,8
2043,21030,Michael Moriarty,Senator Hank Rose,9
3175,31070,Ryan O'Neal,Barry Lyndon,0
3175,31071,Marisa Berenson,Lady Lyndon,1
3175,2264,Patrick Magee,The Chevalier,2
3175,37777,Hardy Krüger,Captain Potzdorf,3
3175,782,Steven Berkoff,Lord Ludd,4
3175,31720,Gay Hamilton,Nora,5
3175,31721,Marie Kean,Barry's Mother,6
3175,22703,Diana Körner,German Girl,7
3175,31722,Murray Melvin,Reverend Runt,8
3175,31718,Frank Middlemass,Sir Charles Lyndon,9
9609,6949,John Malkovich,Lennie Small,0
9609,33,Gary Sinise,George Milton,1
9609,4093,Ray Walston,Candy,2
9609,1953,Casey Siemaszko,Curley,3
9609,6681,Sherilyn Fenn,Curley's Wife,4
9609,8659,John Terry,Slim,5
9609,18262,Richard Riehle,Carlson,6
9609,19578,Alexis Arquette,Whitt,7
9609,3977,Joe Morton,Crooks,8
9609,31005,Noble Willingham,The Boss,9
1360,3136,Salma Hayek Pinault,Frida Kahlo,0
1360,658,Alfred Molina,Diego Rivera,1
1360,6859,Mía Maestro,Cristina Kahlo,2
1360,16406,Patricia Reyes Spíndola,Matilde Kahlo,3
1360,819,Edward Norton,Nelson Rockefeller,4
1360,3131,Antonio Banderas,David Alfaro Siqueiros,5
1360,8688,Diego Luna,Alejandro,6
1360,16407,Roger Rees,Guillermo Kahlo,7
1360,15852,Ashley Judd,Tina Modotti,8
1360,9825,Saffron Burrows,Gracie,9
9003,14782,Andrew Robinson,Larry,0
9003,45588,Clare Higgins,Julia,1
9003,56551,Ashley Laurence,Kirsty,2
9003,24737,Oliver Smith,Frank the Monster,3
9003,56552,Sean Chapman,Frank,4
9003,56553,Robert Hines,Steve,5
9003,73040,Doug Bradley,Lead Cenobite,6
9003,56559,Nicholas Vince,Chattering Cenobite,7
9003,56560,Simon Bamford,'Butterball' Cenobite,8
9003,56561,Grace Kirby,Female Cenobite,9
9615,155,Lucas Black,Sean Boswell,0
9615,116277,Nathalie Kelley,Neela,1
9615,61697,Sung Kang,Han Lue,2
9615,58197,Shad Moss,Twinkie,3
9615,116278,Brian Tee,D.K.,4
9615,24200,Leonardo Nam,Morimoto,5
9615,80978,Brian Goodman,Major Boswell,6
9615,52477,Zachery Ty Bryan,Clay,7
9615,88677,Nikki Griffin,Cindy (Clay's Girlfriend),8
9615,162367,Jason Tobin,Earl,9
10911,8487,Gregory Peck,Capt. Keith Mallory,0
10911,14261,David Niven,Cpl. John Anthony Miller,1
10911,5401,Anthony Quinn,Col. Andrea Stavros,2
10911,67449,Stanley Baker,Pvt. 'Butcher' Brown,3
10911,14371,Anthony Quayle,Maj. Roy Franklin,4
10911,100318,James Darren,Pvt. Spyros Pappadimos,5
10911,18847,Irene Papas,Maria Pappadimos,6
10911,91639,Gia Scala,Anna,7
10911,11130,James Robertson Justice,Commodore Jensen / Prologue Narrator,8
10911,194,Richard Harris,Squadron Leader Howard Barnsby RAAF,9
10157,26472,Steve Guttenberg,Carey Mahoney,0
10157,57349,Bubba Smith,Moses Hightower,1
10157,57353,David Graf,Tackleberry,2
10157,14672,Michael Winslow,Larvell Jones,3
10157,57356,Bruce Mahler,Doug Fackler,4
10157,186816,Marion Ramsey,Laverne Hooks,5
10157,13023,Colleen Camp,Kirkland,6
10157,35516,Howard Hesseman,Pete Lassard,7
10157,15212,Art Metrano,Lieutenant Mauser,8
10157,57351,George Gaynes,Commandant Lassard,9
3529,32428,William Powell,Nick Charles,0
3529,13577,Myrna Loy,Nora Charles,1
3529,41516,Maureen O'Sullivan,Dorothy Wynant,2
3529,32430,Nat Pendleton,Inspector Guild,3
3529,32431,Minna Gombell,Mimi Wynant,4
3529,14975,Porter Hall,Herbert MacCaulay,5
3529,32433,Henry Wadsworth,Tommy,6
3529,32434,William Henry,Gilbert Wynant,7
3529,32435,Harold Huber,Arthur Nunheim,8
3529,4355,Cesar Romero,Chris Jorgenson,9
76726,122889,Dane DeHaan,Andrew Detmer,0
76726,558466,Alex Russell,Matt Garetty,1
76726,135651,Michael B. Jordan,Steve Montgomery,2
76726,50217,Michael Kelly,Richard Detmer,3
76726,589098,Ashley Hinshaw,Casey Letter,4
76726,1888327,Bo Petersen,Karen Detmer,5
76726,213044,Anna Wood,Monica,6
76726,4387933,Rudi Malcolm,Wayne,7
76726,934796,Luke Tyler,Sean,8
76726,231651,Crystal-Donna Roberts,Samantha,9
11678,5577,Chris O'Donnell,Peter Garrett,0
11678,17346,Robin Tunney,Annie Garrett,1
11678,2053,Bill Paxton,Elliot Vaughn,2
11678,349,Scott Glenn,Montgomery Wick,3
11678,10695,Izabella Scorupco,Monique Aubertine,4
11678,42706,Nicholas Lea,Tom McLaren,5
11678,7242,Temuera Morrison,Major Rasul,6
11678,2957,Alexander Siddig,Kareem Nazir,7
11678,14344,Stuart Wilson,Royce Garrett,8
11678,1079558,Augie Davis,Aziz,9
11973,1269,Kevin Costner,Kenneth O'Donnell,0
11973,21089,Bruce Greenwood,John F. Kennedy,1
11973,63544,Steven Culp,Robert F. Kennedy,2
11973,19152,Dylan Baker,Robert McNamara,3
11973,84707,Michael Fairman,Adlai Stevenson,4
11973,131120,Henry Strozier,Dean Rusk,5
11973,52021,Frank Wood,McGeorge Bundy,6
11973,27116,Kevin Conway,Gen. Curtis LeMay,7
11973,72864,Tim Kelleher,Ted Sorensen,8
11973,41247,Len Cariou,Dean Acheson,9
576,8252,William Holden,Pike Bishop,0
576,7502,Ernest Borgnine,Dutch Engstrom,1
576,8253,Robert Ryan,Deke Thornton,2
576,8257,Jaime Sánchez,Angel,3
576,8255,Warren Oates,Lyle Gorch,4
576,8254,Edmond O'Brien,Freddie Sykes,5
576,8258,Ben Johnson,Tector Gorch,6
576,2755,Albert Dekker,Pat Harrigan,7
576,8260,Strother Martin,Coffer,8
576,8259,Emilio Fernández,Gen. Mapache,9
9037,101908,Maxwell Caulfield,Michael Carrington,0
9037,1160,Michelle Pfeiffer,Stephanie Zinone,1
9037,56752,Lorna Luft,Paulette Rebchuck,2
9037,56753,Maureen Teefy,Sharon Cooper,3
9037,56754,Alison Price,Rhonda Ritter,4
9037,21063,Pamela Adlon,Dolores Rebchuck,5
9037,36039,Adrian Zmed,Johnny Nogerelli,6
9037,5300,Peter Frechette,Louis DiMucci,7
9037,4443,Christopher McDonald,Goose McKenzie,8
9037,119580,Leif Green,Davey Jaworski,9
227,2878,C. Thomas Howell,Ponyboy Curtis,0
227,2876,Matt Dillon,Dallas Winston,1
227,2877,Ralph Macchio,Johnny Cade,2
227,723,Patrick Swayze,Darrel Curtis,3
227,2879,Rob Lowe,Sodapop Curtis,4
227,2880,Emilio Estevez,Two-Bit Matthews,5
227,500,Tom Cruise,Steve Randle,6
227,2881,Glenn Withrow,Tim Shepard,7
227,2882,Diane Lane,Cherry Valance,8
227,2883,Leif Garrett,Bob Sheldon,9
13804,12835,Vin Diesel,Dominic Toretto,0
13804,8167,Paul Walker,Brian O'Conner,1
13804,17647,Michelle Rodriguez,Letty Ortiz,2
13804,22123,Jordana Brewster,Mia Toretto,3
13804,40543,John Ortiz,Ramon Campos,4
13804,10964,Laz Alonso,Fenix Calderon,5
13804,90633,Gal Gadot,Gisele Yashar,6
13804,21675,Jack Conley,Penning,7
13804,74242,Shea Whigham,Michael Stasiak,8
13804,51998,Liza Lapira,Trinh,9
4477,3,Harrison Ford,Tom O'Meara,0
4477,287,Brad Pitt,Rory Devaney,1
4477,8985,Margaret Colin,Sheila O'Meara,2
4477,2049,Rubén Blades,Edwin Diaz,3
4477,4515,Treat Williams,Billy Burke,4
4477,38337,George Hearn,Peter Fitzsimmons,5
4477,14312,Mitchell Ryan,Chief Jim Kelly,6
4477,11317,Natascha McElhone,Megan Doherty,7
4477,38339,Paul Ronan,Sean Phelan,8
4477,37891,Simon Jones,Harry Sloan,9
39452,7026,Rhys Ifans,Narrator,0
39452,131830,Thierry Guetta,Self,1
39452,131617,Banksy,Self,2
39452,97515,Shepard Fairey,Self,3
39452,2618879,INVADER,Self,4
39452,2665595,Debora Guetta,Self,5
39452,2665596,Monsieur André,Self,6
39452,2665597,Zeus,Self,7
39452,2665599,Swoon,Self,8
39452,2665600,Borf,Self,9
11815,10226,David Hedison,Andre Delambre,0
11815,70564,Patricia Owens,Helene Delambre,1
11815,1905,Vincent Price,François Delambre,2
11815,2435,Herbert Marshall,Insp. Charas,3
11815,7210,Kathleen Freeman,Emma,4
11815,71779,Betty Lou Gerson,Nurse Andersone,5
11815,16764,Charles Herbert,Philippe Delambre,6
11815,120545,Eugene Borden,Dr. Ejoute (uncredited),7
11815,1159359,George Calliga,Club Member (uncredited),8
11815,233321,Harry Carter,Orderly (uncredited),9
10210,8945,Kevin Kline,Nick Bottom,0
10210,1160,Michelle Pfeiffer,Titania,1
10210,4757,Rupert Everett,Oberon,2
10210,2283,Stanley Tucci,Puck,3
10210,49148,Calista Flockhart,Helena,4
10210,58016,Anna Friel,Hermia,5
10210,3894,Christian Bale,Demetrius,6
10210,17287,Dominic West,Lysander,7
10210,11064,David Strathairn,Theseus,8
10210,1957,Sophie Marceau,Hippolyta,9
588,8329,Radha Mitchell,Rose Da Silva,0
588,48,Sean Bean,Christopher Da Silva,1
588,8338,Jodelle Ferland,Sharon / Alessa,2
588,8332,Laurie Holden,Cybil Bennett,3
588,13549,Deborah Kara Unger,Dahlia Gillespie,4
588,8335,Kim Coates,Officer Thomas Gucci,5
588,8336,Tanya Allen,Anna,6
588,2506,Alice Krige,Christabella,7
588,5889,Nicky Guadagni,Distressed Woman,8
588,8359,Maxine Dumont,Christabella's Aide,9
343668,1303037,Taron Egerton,Eggsy,0
343668,5472,Colin Firth,Harry Hart,1
343668,1231,Julianne Moore,Poppy,2
343668,2983,Mark Strong,Merlin,3
343668,931785,Hanna Alström,Princess Tilde,4
343668,4587,Halle Berry,Ginger,5
343668,1253360,Pedro Pascal,Whiskey,6
343668,38673,Channing Tatum,Tequila,7
343668,1322314,Edward Holcroft,Charlie,8
343668,1229,Jeff Bridges,Champ,9
13776,26472,Steve Guttenberg,Edward 'Eddie' Simmons,0
13776,11511,Daniel Stern,Laurence 'Shrevie' Schreiber,1
13776,2295,Mickey Rourke,Robert 'Boogie' Sheftell,2
13776,4724,Kevin Bacon,Timothy Fenwick Jr.,3
13776,68122,Tim Daly,William 'Billy' Howard,4
13776,6913,Ellen Barkin,Beth Schreiber,5
13776,781,Paul Reiser,Modell,6
13776,75194,Kathryn Dowling,Barbara,7
13776,56695,Michael Tucker,Bagel,8
13776,75195,Jessica James,Mrs. Simmons,9
19959,62,Bruce Willis,Tom Greer,0
19959,8329,Radha Mitchell,Jennifer Peters,1
19959,10882,Rosamund Pike,Maggie Greer,2
19959,2505,James Cromwell,Dr. Lionel Canter,3
19959,10182,Ving Rhames,Prophet,4
19959,113676,Helena Mattsson,JJ the Blonde,5
19959,80758,Boris Kodjoe,Andrew Stone,6
19959,587701,Ian Novick,Andre,7
19959,11516,Devin Ratray,Bobby Saunders,8
19959,22133,Jack Noseworthy,Miles Strickland,9
372058,225730,Ryunosuke Kamiki,Taki Tachibana (voice),0
372058,1369100,Mone Kamishiraishi,Mitsuha Miyamizu (voice),1
372058,1668610,Ryo Narita,Katsuhiko Teshigawara (voice),2
372058,936275,Aoi Yuuki,Sayaka Natori (voice),3
372058,1210634,Nobunaga Shimazaki,Tsukasa Fujii (voice),4
372058,1324666,Kaito Ishikawa,Shinta Takagi (voice),5
372058,1344919,Kanon Tani,Yotsuha Miyamizu (voice),6
372058,219659,Masaki Terasoma,Toshiki Miyamizu (voice),7
372058,148447,Sayaka Ohara,Futaha Miyamizu (voice),8
372058,89968,Kazuhiko Inoue,Taki's Father (voice),9
5723,45124,Glen Hansard,Guy,0
5723,45127,Markéta Irglová,Girl,1
5723,231753,Hugh Walsh,Timmy Drummer,2
5723,231754,Gerard Hendrick,Lead Guitarist,3
5723,45129,Alaistair Foley,Bassist,4
5723,45130,Geoff Minogue,Eamon,5
5723,45131,Bill Hodnett,Guy's Dad,6
5723,45132,Danuse Ktrestova,Girl's Mother,7
5723,143859,Darren Healy,Heroin Addict,8
5723,188433,Mal Whyte,Bill,9
238713,55536,Melissa McCarthy,Susan Cooper,0
238713,9827,Rose Byrne,Raina Boyanov,1
238713,976,Jason Statham,Rick Ford,2
238713,9642,Jude Law,Bradley Fine,3
238713,62965,Miranda Hart,Nancy B. Artingstall,4
238713,19,Allison Janney,Elaine Crocker,5
238713,21127,Bobby Cannavale,Sergio De Luca,6
238713,11115,Peter Serafinowicz,Aldo,7
238713,54882,Morena Baccarin,Karen Walker,8
238713,73710,Raad Rawi,Tihomir Boyanov,9
14462,5292,Denzel Washington,Major Bennett Ezekiel Marco,0
14462,5064,Meryl Streep,Senator Eleanor Prentiss Shaw (D-VA),1
14462,23626,Liev Schreiber,Congressman Raymond Prentiss Shaw (D-NY),2
14462,16358,Simon McBurney,Dr. Atticus Noyle,3
14462,55314,Kimberly Elise,Rosie,4
14462,2310,Bruno Ganz,Delp,5
14462,10127,Jon Voight,Senator Thomas Jordan (D-CT),6
14462,2954,Jeffrey Wright,CPL Al Melvin,7
14462,53650,Anthony Mackie,PFC Robert Baker III,8
14462,15854,Ted Levine,Colonel Howard,9
14052,62036,Robert Carradine,Lewis Skolnick,0
14052,11085,Anthony Edwards,Gilbert Lowell,1
14052,23881,Timothy Busfield,Arnold Poindexter,2
14052,87003,Curtis Armstrong,'Booger' Dawson,3
14052,67893,Larry B. Scott,Lamar Latrell,4
14052,92809,Andrew Cassese,Harold Wormser,5
14052,16060,Brian Tochi,Toshiro Takashi,6
14052,92810,Julia Montgomery,Betty Childs,7
14052,2885,Michelle Meyrink,Judy,8
14052,18982,Ted McGinley,Stan Gable,9
4442,1892,Matt Damon,Wilhelm Grimm,0
4442,1810,Heath Ledger,Jacob Grimm,1
4442,17286,Lena Headey,Angelika,2
4442,53,Peter Stormare,Cavaldi,3
4442,28782,Monica Bellucci,Mirror Queen,4
4442,1711,Mackenzie Crook,Hidlick,5
4442,20243,Roger Ashton-Griffiths,Mayor,6
4442,378,Jonathan Pryce,Delatombe,7
4442,6645,Richard Ridings,Bunst,8
4442,37296,Barbara Lukešová,Mother Grimm,9
87421,12835,Vin Diesel,Riddick,0
87421,82819,Nolan Gerard Funk,Luna,1
87421,123879,Matt Nable,Boss Johns,2
87421,51798,Katee Sackhoff,Dahl,3
87421,31384,Jordi Mollà,Santana,4
87421,543530,Dave Bautista,Diaz,5
87421,1372,Karl Urban,Lord Vaako,6
87421,71913,Bokeem Woodbine,Moss,7
87421,102852,Andreas Apergis,Krone,8
87421,172915,Noah Dalton Danby,Nunez,9
11418,54812,Chevy Chase,Clark Griswold,0
11418,821,Beverly D'Angelo,Ellen Griswold,1
11418,69344,Dana Hill,Audrey Griswold,2
11418,69345,Jason Lively,Rusty Griswold,3
11418,25180,Victor Lanoux,Thief,4
11418,10713,Eric Idle,The Bike Rider,5
11418,41230,John Astin,Kent,6
11418,101377,Paul Bartel,Mr. Froeger,7
11418,6638,Maureen Lipman,Lady in the Bed,8
11418,46234,Willy Millowitsch,Fritz Spritz,9
11335,2157,Robin Williams,Popeye,0
11335,10409,Shelley Duvall,Olive Oyl,1
11335,4093,Ray Walston,Poopdeck Pappy,2
11335,15900,Paul Dooley,Wimpy,3
11335,39782,Paul L. Smith,Bluto,4
11335,20163,Richard Libertini,Geezil,5
11335,15417,Donald Moffat,The Taxman,6
11335,81557,MacIntyre Dixon,Cole Oyl,7
11335,10362,Roberta Maxwell,Nana Oyl,8
11335,57350,Donovan Scott,Castor Oyl,9
7007,738,Sean Connery,Capt. John Connor,0
7007,10814,Wesley Snipes,Lt. Webster Smith,1
7007,13445,Tia Carrere,Jingo Asakuma,2
7007,11398,Cary-Hiroyuki Tagawa,Eddie Sakamura,3
7007,1037,Harvey Keitel,Lt. Tom Graham,4
7007,10134,Mako,Yoshida-san,5
7007,51806,Stan Egi,Ishihara,6
7007,51805,Kevin Anderson,Bob Richmond,7
7007,2249,Clyde Kusatsu,Tanaka,8
7007,6719,Ray Wise,Senator John Morton,9
23827,90596,Katie Featherston,Katie Featherston,0
23827,90597,Micah Sloat,Micah Sloat,1
23827,90598,Mark Fredrichs,The Psychic,2
23827,967678,Amber Armstrong,Amber,3
23827,967721,Ashley Palmer,Diane,4
23827,2053114,Crystal Cartwright,Exorcism Nanny (uncredited),5
23827,2053115,Spencer Marks,Dr. Johann Averies (uncredited),6
23827,304848,Randy McDowell,Lt. Randy Hudson (uncredited),7
23827,567623,James Piper,Richard (uncredited),8
11397,69210,Chyler Leigh,Janey Briggs,0
11397,16828,Chris Evans,Jake Wyler,1
11397,56824,Jaime Pressly,Priscilla,2
11397,29020,Eric Christian Olsen,Austin,3
11397,18658,Mia Kirshner,Catherine Wyler,4
11397,35596,Deon Richmond,Malik,5
11397,37005,Eric Jungmann,Ricky Lipman,6
11397,77174,Ron Lester,Reggie Ray,7
11397,154038,Cody McMains,Mitch Briggs,8
11397,53492,Sam Huntington,Ox,9
140420,8020,John Kahrs,George (voice),0
140420,116315,Kari Wahlgren,Meg (voice),1
140420,1112515,Jeff Turley,Boss (voice) (uncredited),2
140420,1381547,Jack Goldenberg,Finster (voice) (uncredited),3
74643,56024,Jean Dujardin,George Valentin,0
74643,82923,Bérénice Bejo,Peppy Miller,1
74643,1230,John Goodman,Al Zimmer,2
74643,2505,James Cromwell,Clifton,3
74643,14698,Penelope Ann Miller,Doris Valentin,4
74643,1294,Missi Pyle,Constance Gray,5
74643,5151,Beth Grant,Peppy's Maid,6
74643,21523,Ed Lauter,Peppy's Butler,7
74643,155649,Joel Murray,Policeman Fire,8
74643,74577,Elizabeth Tulloch,Norma,9
1687,7505,Roddy McDowall,Cornelius,0
1687,10539,Kim Hunter,Dr. Zira,1
1687,18647,Bradford Dillman,Dr. Lewis Dixon,2
1687,18648,Natalie Trundy,Dr. Stephanie 'Stevie' Branton,3
1687,8544,Eric Braeden,Dr. Otto Hasslein,4
1687,8499,William Windom,The President,5
1687,2770,Sal Mineo,Dr. Milo,6
1687,12692,Albert Salmi,E-1,7
1687,16089,Jason Evers,E-2,8
1687,18649,John Randolph,Committee Chairman,9
13203,64998,Pauly Shore,Crawl,0
13203,17832,Carla Gugino,Rebecca Warner,1
13203,65019,Lane Smith,Walter Warner,2
13203,19187,Tiffani-Amber Thiessen,Tracy,3
13203,74276,Cindy Pickett,Connie Warner,4
13203,59945,Mason Adams,Walter Warner Sr.,5
13203,69740,Patrick Renna,Zack Warner,6
13203,83362,Dennis Burkley,Theo,7
13203,93321,Dan Gauthier,Travis,8
13203,107489,Garret Sato,Male Hairdresser,9
396,3635,Elizabeth Taylor,Martha,0
396,5341,Richard Burton,George,1
396,18364,George Segal,Nick,2
396,18365,Sandy Dennis,Honey,3
396,17672,Agnes Flanagan,Roadhouse Waitress (uncredited),4
396,18372,Frank Flanagan,Roadhouse Manager (uncredited),5
10661,19292,Adam Sandler,Zohan Dvir,0
10661,59192,Emmanuelle Chriqui,Dalia Hakbarah,1
10661,1241,John Turturro,Fatoush 'The Phantom' Hakbarah,2
10661,32907,Nick Swardson,Michael Klayman,3
10661,53647,Lainie Kazan,Gail Klayman,4
10661,60949,Rob Schneider,Salim Yousfobdal,5
10661,58478,Kevin Nealon,Kevin,6
10661,66586,Mariah Carey,Mariah Carey,7
10661,1245993,Yamit Sol,Dorit,8
10661,166976,Adria Tennor,Kids' Salon Owner,9
7555,16483,Sylvester Stallone,John Rambo,0
7555,35551,Julie Benz,Sarah,1
7555,12793,Matthew Marsden,School Boy,2
7555,95047,Graham McTavish,Lewis,3
7555,52946,Reynaldo Gallegos,Diaz,4
7555,52947,Tim Kang,En-Joo,5
7555,52409,Jake La Botz,Reese,6
7555,1816649,Maung Maung Khin,Tint,7
7555,36189,Paul Schulze,Michael Burnett,8
7555,97551,Cameron Pearson,Jeff,9
10784,66776,Liza Minnelli,Sally Bowles,0
10784,13919,Michael York,Brian Roberts,1
10784,32059,Helmut Griem,Maximilian von Heune,2
10784,6748,Joel Grey,Master of Ceremonies,3
10784,36027,Fritz Wepper,Fritz Wendel,4
10784,31071,Marisa Berenson,Natalia Landauer,5
10784,1364175,Elisabeth Neumann-Viertel,Fräulein Schneider,6
10784,36841,Helen Vita,Fräulein Kost,7
10784,46687,Sigrid von Richthofen,Fräulein Mayr,8
10784,1121276,Gerd Vespermann,Bobby,9
8011,38559,Christopher Lambert,Connor 'The Highlander' MacLeod,0
8011,16214,Mario Van Peebles,Kane,1
8011,13549,Deborah Kara Unger,Alex Johnson / Sarah,2
8011,10134,Mako,Nakano,3
8011,53596,Martin Neufeld,Lt. John Stenn,4
8011,53597,Daniel Dõ,Takamura,5
8011,29069,Michael Jayston,Jack Donovan,6
8011,53598,Louis Bertignac,Pierre Bouchet,7
8011,2633721,Lisa Vitello,Nurse,8
8011,32887,Christopher Heyerdahl,Ponytail,9
12154,15112,Tom Selleck,Peter Mitchell,0
12154,26472,Steve Guttenberg,Michael Kellam,1
12154,12836,Ted Danson,Jack Holden,2
12154,8985,Margaret Colin,Rebecca,3
12154,10607,Celeste Holm,Jack's Mother,4
12154,18331,Nancy Travis,Sylvia Bennington,5
12154,6541,Philip Bosco,Det. Sgt. Melkowitz,6
12154,925,Paul Guilfoyle,Vince,7
12154,159816,Cynthia Harris,Mrs. Hathaway,8
12154,1967769,Alexandra Amini,Patty,9
10464,2395,Whoopi Goldberg,Corrina Washington,0
10464,11477,Ray Liotta,Manny Singer,1
10464,53930,Tina Majorino,Molly Singer,2
10464,19957,Wendy Crewson,Jenny Davis,3
10464,1211,Larry Miller,Sid,4
10464,40349,Erica Yohn,Grandma Eva,5
10464,15899,Jenifer Lewis,Jevina,6
10464,3234,Joan Cusack,Jonesy,7
10464,27540,Harold Sylvester,Frank,8
10464,51579,Steven Williams,Anthony T. Williams,9
11319,64930,Bob Newhart,Bernard (voice),0
11319,44714,Eva Gabor,Miss Bianca (voice),1
11319,41283,Geraldine Page,Madame Medusa (voice),2
11319,23586,Joe Flynn,Mr. Snoops (voice),3
11319,7520,Jeanette Nolan,Ellie Mae (voice),4
11319,21460,Pat Buttram,Luke (voice),5
11319,145529,Jim Jordan,Orville (voice),6
11319,53010,John McIntire,Rufus (voice),7
11319,166120,Michelle Stacy,Penny (voice),8
11319,8545,Bernard Fox,The Chairman (voice),9
11873,3636,Paul Newman,Eddie Felson,0
11873,500,Tom Cruise,Vincent Lauria,1
11873,1161,Mary Elizabeth Mastrantonio,Carmen,2
11873,4160,Helen Shaver,Janelle,3
11873,1241,John Turturro,Julian,4
11873,8854,Bill Cobbs,Orvis,5
11873,2178,Forest Whitaker,Amos,6
11873,1264489,Keith McCready,Grady Seasons,7
11873,54887,Elizabeth Bracco,Diane at Bar,8
11873,1277,Vito D'Ambrosio,Lou in Child World,9
7737,63,Milla Jovovich,Alice,0
7737,18041,Oded Fehr,Carlos Olivera,1
7737,17303,Ali Larter,Claire,2
7737,20508,Iain Glen,Dr. Isaacs,3
7737,57172,Ashanti,Betty,4
7737,1312315,Christopher Egan,Mikey,5
7737,57192,Spencer Locke,K-Mart,6
7737,12793,Matthew Marsden,Slater,7
7737,57251,Linden Ashby,Chase,8
7737,183812,Jason O'Mara,Albert Wesker,9
8816,56391,Anton Glanzelius,Ingemar Johansson,0
8816,56392,Tomas von Brömssen,Ingemar's Uncle Gunnar,1
8816,56393,Anki Lidén,Ingemar's Mother,2
8816,231318,Melinda Kinnaman,Saga,3
8816,56394,Kicki Rundgren,Gunnar's Wife Ulla,4
8816,92422,Lennart Hjulström,The Artist,5
8816,74712,Ing-Marie Carlsson,Berit,6
8816,1778139,Leif Ericson,Uncle Sandberg,7
8816,1265160,Christina Carlwind,Mrs. Sandberg,8
8816,114580,Ralph Carlsson,Harry,9
348350,71375,Alden Ehrenreich,Han Solo,0
348350,1709041,Joonas Suotamo,Chewbacca,1
348350,57755,Woody Harrelson,Tobias Beckett,2
348350,1223786,Emilia Clarke,Qi'ra,3
348350,119589,Donald Glover,Lando Calrissian,4
348350,9030,Thandiwe Newton,Val,5
348350,1023483,Phoebe Waller-Bridge,L3-37,6
348350,6162,Paul Bettany,Dryden Vos,7
348350,15277,Jon Favreau,Rio Durant (voice),8
348350,1672504,Erin Kellyman,Enfys Nest,9
7300,1160,Michelle Pfeiffer,Melanie Parker,0
7300,1461,George Clooney,Jack Taylor,1
7300,52404,Mae Whitman,"Maggie Taylor, Jack's daughter",2
7300,15789,Alex D. Linz,"Sammy Parker, Melanie's son",3
7300,1466,Charles Durning,"Lew, Jack's boss",4
7300,69697,Jon Robin Baitz,"Mr. Yates, Jr.",5
7300,13420,Ellen Greene,Mrs. Elaine Lieberman,6
7300,2956,Amanda Peet,Celia,7
7300,4887,Joe Grifasi,Manny Feldstein,8
7300,138243,Pete Hamill,Frank Burroughs,9
13370,12438,Bob Balaban,Jonathan Steinbloom,0
13370,13524,Christopher Guest,Alan Barrows,1
13370,8265,John Michael Higgins,Terry Bohner,2
13370,26510,Eugene Levy,Mitch Cohen,3
13370,43775,Jane Lynch,Laurie Bohner,4
13370,21731,Michael McKean,Jerry Palter,5
13370,11514,Catherine O'Hara,Mickey Crabbe,6
13370,7489,Parker Posey,Sissy Knox,7
13370,6008,Harry Shearer,Mark Shubb,8
13370,20753,Fred Willard,Mike LaFontaine,9
16996,29222,Zac Efron,Mike O'Donnell,0
16996,41087,Leslie Mann,Scarlett O'Donnell,1
16996,539,Thomas Lennon,Ned Gold,2
16996,49961,Michelle Trachtenberg,Maggie O'Donnell,3
16996,87741,Sterling Knight,Alex O'Donnell,4
16996,14408,Matthew Perry,Mike O'Donnell (Adult),5
16996,42289,Tyler Steelman,Ned Gold (Teen),6
16996,17270,Allison Miller,Scarlett (Teen),7
16996,1239467,Adam Gregory,Dom,8
16996,35236,Hunter Parrish,Stan,9
9461,19429,Bruce Lee,Lee,0
9461,11163,John Saxon,Roper,1
9461,82832,Jim Kelly,Williams,2
9461,65971,Shih Kien,Han,3
9461,161795,Ahna Capri,Tania,4
9461,131170,Robert Wall,Oharra,5
9461,115916,Angela Mao Ying,Su Lin,6
9461,230538,Betty Chung,Mei Ling,7
9461,58123,Bolo Yeung,Bolo,8
9461,544964,Geoffrey Weeks,Braithwaite,9
11976,500,Tom Cruise,Jack,0
11976,29091,Mia Sara,Princess Lili,1
11976,13472,Tim Curry,"Lord of ""Darkness""",2
11976,10256,David Bennent,Honeythorn Gump,3
11976,80165,Alice Playten,Blix,4
11976,12659,Billy Barty,Screwball,5
11976,83839,Cork Hubbert,Brown Tom,6
11976,94020,Peter O'Farrell,Pox,7
11976,5531,Kiran Shah,Blunder,8
11976,126533,Annabelle Lanyon,Oona,9
10860,35,Sally Field,M'Lynn Eatenton,0
10860,67274,Dolly Parton,Truvy Jones,1
10860,4090,Shirley MacLaine,Ouiser Boudreaux,2
10860,589,Daryl Hannah,Annelle Dupuy,3
10860,3019,Olympia Dukakis,Clairee Belcher,4
10860,1204,Julia Roberts,Shelby Eatenton Latcherie,5
10860,4139,Tom Skerritt,Drum Eatenton,6
10860,9880,Sam Shepard,Spud Jones,7
10860,32597,Dylan McDermott,Jackson Latcherie,8
10860,18916,Kevin J. O'Connor,Sammy Desoto,9
3594,206,Jim Carrey,Walter Sparrow / Fingerling,0
3594,12519,Virginia Madsen,Agatha Sparrow / Fabrizia,1
3594,33235,Logan Lerman,Robin Sparrow,2
3594,6413,Danny Huston,Isaac French / Dr. Miles Phoenix,3
3594,21044,Lynn Collins,Suicide Blonde / Mrs. Dobkins / Young Fingerling's Mother,4
3594,25702,Rhona Mitra,Laura Tollins,5
3594,1236,Mark Pellegrino,Kyle Finch,6
3594,21523,Ed Lauter,Father Sebastian,7
3594,33707,David Stifel,Hotel Clerk,8
3594,74541,Corey Stoll,Sergeant Burns,9
12573,72873,Michael Stuhlbarg,Larry Gopnik,0
12573,21125,Richard Kind,Uncle Arthur,1
12573,105303,Fred Melamed,Sy Ableman,2
12573,105304,Sari Lennick,Judith Gopnik,3
12573,105305,Aaron Wolff,Danny Gopnik,4
12573,105306,Jessica McManus,Sarah Gopnik,5
12573,159454,Peter Breitmayer,Mr. Brandt,6
12573,1015643,Brent Braunschweig,Mitch Brandt,7
12573,965140,David Kang,Clive Park,8
12573,1015644,Benjamin Portnoe,Danny's Reefer Buddy,9
10404,643,Gong Li,Songlian,0
10404,64987,He Saifei,Meishan,1
10404,64988,Cao Cuifen,Zhuoyun,2
10404,1183504,Kong Lin,Yan'er,3
10404,1183505,Jin Shuyuan,Yuru,4
10404,64989,Ma Jingwu,Chen Zuoqian,5
10404,1623398,Cui Zhigang,Doctor Gao,6
10404,6060717,Zhao Qi,Housekeeper,7
10404,1623396,Chu Xiao,Feipu,8
10404,1342859,Cao Zengyin,Old Servant,9
10796,1336,Jet Li,Gabe Law / Gabriel Yulaw / Lawless,0
10796,17832,Carla Gugino,T.K. Law / Massie Walsh,1
10796,18792,Delroy Lindo,MVA Agent Harry Roedecker / Gas Station Attendant,2
10796,976,Jason Statham,MVA Agent Evan Funsch,3
10796,62003,James Morrison,LAPD Officer Bobby Aldrich / 'A' World Inmate #1,4
10796,52476,Dylan Bruno,Yates,5
10796,129124,Richard Steinmetz,D'Antoni,6
10796,10137,Steve Rankin,MVA Supervisor,7
10796,92777,Tucker Smallwood,Prison Warden,8
10796,538,Harriet Sansom Harris,Nurse Besson,9
10427,2963,Nicolas Cage,Michael Williams,0
10427,2778,Dennis Hopper,Lyle from Dallas,1
10427,6684,Lara Flynn Boyle,Suzanne Brown,2
10427,22131,J.T. Walsh,Wayne Brown,3
10427,17396,Timothy Carhart,Deputy Matt Greytack,4
10427,2550,Dan Shor,Deputy Russ Bowman,5
10427,20309,Dwight Yoakam,Truck Driver,6
10427,65253,Craig Reay,Jim,7
10427,1641242,Vance Johnson,Mr. Johnson,8
10427,1641243,Robert Apel,Howard,9
16219,6717,James Marshall,Tommy Riley,0
16219,521717,T.E. Russell,Spits (Leroy),1
16219,9777,Cuba Gooding Jr.,Abraham Lincoln Haines,2
16219,1162,Robert Loggia,Pappy Jack,3
16219,6197,Brian Dennehy,Jimmy Horn,4
16219,15531,Ossie Davis,Noah,5
16219,20047,Cara Buono,Dawn,6
16219,1376090,Richard Lexsee,Father in Park,7
16219,11512,John Heard,John Riley,8
16219,288,Jon Seda,Romano,9
11411,20006,Christopher Reeve,Clark Kent / Superman,0
11411,20011,Margot Kidder,Lois Lane,1
11411,193,Gene Hackman,Lex Luthor,2
11411,10447,Mariel Hemingway,Lacy Warfield,3
11411,55278,Jackie Cooper,Perry White,4
11411,1067,Marc McClure,Jimmy Olsen,5
11411,69718,Jon Cryer,Lenny,6
11411,21520,Sam Wanamaker,David Warfield,7
11411,1062160,Mark Pillow,Nuclear Man,8
11411,1458949,Damian McLawhorn,Jeremy,9
124905,27428,Aaron Taylor-Johnson,Ford Brody,0
124905,550843,Elizabeth Olsen,Elle Brody,1
124905,1137,Juliette Binoche,Sandra Brody,2
124905,17419,Bryan Cranston,Joe Brody,3
124905,3899,Ken Watanabe,Dr. Ishiro Serizawa,4
124905,39658,Sally Hawkins,Dr. Vivienne Graham,5
124905,154917,Al Sapienza,Huddleston,6
124905,11064,David Strathairn,Admiral William Stenz,7
124905,134609,James Pizzinato,HALO Jumper,8
124905,1107800,CJ Adams,Young Ford,9
1251,3899,Ken Watanabe,General Tadamichi Kuribayashi,0
1251,33515,Kazunari Ninomiya,Private Saigo,1
1251,33516,Tsuyoshi Ihara,Colonel Baron Nishi,2
1251,33517,Ryo Kase,Private Shimizu,3
1251,72202,Shido Nakamura,Lieutenant Ito,4
1251,33519,Hiroshi Watanabe,Lieutenant Fujita,5
1251,1011669,Takumi Bando,Captain Tanida,6
1251,77955,Yuki Matsuzaki,Private Nozaki,7
1251,1857018,Takashi Yamaguchi,Kashiwara,8
1251,33520,Eijiro Ozaki,Lieutenant Okubo,9
76492,77948,Selena Gomez,Mavis Dracula (voice),0
76492,19292,Adam Sandler,Count Dracula (voice),1
76492,62861,Andy Samberg,Jonathan Loughran (voice),2
76492,32895,Kevin James,Frankenstein (voice),3
76492,53122,Fran Drescher,Eunice (voice),4
76492,884,Steve Buscemi,Wayne (voice),5
76492,28640,Molly Shannon,Wanda (voice),6
76492,60950,David Spade,Griffin (voice),7
76492,458843,Cee Lo Green,Murray the Mummy (voice),8
76492,16165,Jon Lovitz,Quasimodo Wilson (voice),9
1439,1038,Jodie Foster,Anna,0
1439,1619,Chow Yun-Fat,King Mongkut,1
1439,39126,Bai Ling,Tuptim,2
1439,10993,Tom Felton,Louis,3
1439,17154,Syed Alwi,The Kralahome,4
1439,9462,Randall Duk Kim,General Alak,5
1439,17155,Lim Kay Siu,Prince Chowfa,6
1439,17156,Melissa Campbell,Princess Fa-Ying,7
1439,17157,Keith Chin,Prince Chulalongkorn,8
1439,17158,Mano Maniam,Moonshee,9
8069,6352,Jane Fonda,Barbarella,0
8069,29426,John Phillip Law,Pygar,1
8069,53768,Anita Pallenberg,The Great Tyrant,2
8069,39690,Marcel Marceau,Professor Ping,3
8069,20113,Claude Dauphin,President of Earth,4
8069,47137,Milo O'Shea,Concierge / Durand-Durand,5
8069,44439,Véronique Vendell,Captain Moon,6
8069,38915,Serge Marquand,Captain Sun,7
8069,53769,Catherine Chevallier,Stomoxys,8
8069,53770,Marie Therese Chevallier,Glossina,9
4912,6807,Sam Rockwell,Chuck Barris,0
4912,69597,Drew Barrymore,Penny,1
4912,1461,George Clooney,Jim Byrd,2
4912,1204,Julia Roberts,Patricia Watson,3
4912,585,Rutger Hauer,Keeler,4
4912,1579,Maggie Gyllenhaal,Debbie,5
4912,31512,Robert John Burke,Instructor Jenks,6
4912,170880,Jennifer Hall,Georgia,7
4912,31029,Kristen Wilson,Loretta,8
4912,54563,J. Todd Anderson,Stud Bachelor,9
9714,15789,Alex D. Linz,Alex Pruitt,0
9714,53573,Olek Krupa,Peter Beaupre,1
9714,58724,Rya Kihlstedt,Alice Ribbons,2
9714,15799,Lenny Von Dohlen,Burton Jernigan,3
9714,76526,David Thornton,Earl Unger,4
9714,16181,Haviland Morris,Karen Pruitt,5
9714,114021,Kevin Kilner,Jack Pruitt,6
9714,41293,Marian Seldes,Mrs. Hess,7
9714,134712,Seth Smith,Stan Pruitt,8
9714,1245,Scarlett Johansson,Molly Pruitt,9
2637,1205,Richard Gere,John Klein,0
2637,350,Laura Linney,Connie Mills,1
2637,883,Will Patton,Gordon Smallwood,2
2637,23959,Debra Messing,Mary Klein,3
2637,27552,David Eigenberg,Ed Fleischman,4
2637,27554,Alan Bates,Alexander Leek,5
2637,5148,Lucinda Jenney,Denise Smallwood,6
2637,21152,Nesbitt Blaisdell,Chief Josh Jarrett,7
2637,27553,Bill Laing,Indrid Cold,8
2637,27688,Dan Callahan,C.J.,9
18480,6730,Sacha Baron Cohen,Brüno,0
18480,11040,Gustaf Hammarsten,Lutz,1
18480,232055,Clifford Bañagale,Diesel,2
18480,124471,Josh Meyers,Kookus,3
18480,179882,Toby Holguin,Mexican Gardener #1,4
18480,2475792,Robert Huerta,Mexican Gardener #2,5
18480,179887,Gilbert Rosales,Mexican Gardener #3,6
18480,43010,Thomas Rosales Jr.,Mexican Gardener #4,7
18480,2475793,Marco Xavier,Mexican Gardener #5,8
18480,33684,Bono,Self - 'Dove of Peace',9
9016,24045,Joseph Gordon-Levitt,Jim Hawkins (voice),0
9016,56618,Brian Murray,John Silver (voice),1
9016,7056,Emma Thompson,Captain Amelia (voice),2
9016,11076,David Hyde Pierce,Doctor Doppler (voice),3
9016,519,Martin Short,B.E.N. (voice),4
9016,9349,Dane A. Davis,Morph (voice),5
9016,7486,Michael Wincott,Scroop (voice),6
9016,12133,Laurie Metcalf,Sarah (voice),7
9016,24368,Roscoe Lee Browne,Mr. Arrow (voice),8
9016,2463,Patrick McGoohan,Billy Bones (voice),9
9600,78029,Martin Lawrence,Malcolm Turner,0
9600,9781,Nia Long,Sherry Pierce,1
9600,13242,Paul Giamatti,John,2
9600,58147,Jascha Washington,Trent Pierce,3
9600,18288,Terrence Howard,Lester Vesco,4
9600,18471,Anthony Anderson,Nolan,5
9600,1226697,Carl Wright,Ben Rawley,6
9600,1400838,Phyllis Applegate,Sadie,7
9600,44822,Starletta DuPois,Miss Patterson,8
9600,149425,Nicole Prescott,Lena,9
2074,7399,Ben Stiller,Mel Coplin,0
2074,4687,Patricia Arquette,Nancy Coplin,1
2074,4939,Téa Leoni,Tina Kalb,2
2074,21277,Mary Tyler Moore,Pearl Coplin,3
2074,18364,George Segal,Ed Coplin,4
2074,21278,Alan Alda,Richard Schlichting,5
2074,10437,Lily Tomlin,Mary Schlichting,6
2074,28633,Richard Jenkins,Paul Harmon,7
2074,16851,Josh Brolin,Tony Kent,8
2074,1989,Celia Weston,Valerie Swaney,9
4512,287,Brad Pitt,Jesse James,0
4512,1893,Casey Affleck,Robert Ford,1
4512,6807,Sam Rockwell,Charley Ford,2
4512,15684,Paul Schneider,Dick Liddil,3
4512,17604,Jeremy Renner,Wood Hite,4
4512,39520,Garret Dillahunt,Ed Miller,5
4512,9880,Sam Shepard,Frank James,6
4512,18248,Mary-Louise Parker,Zee James,7
4512,11664,Zooey Deschanel,Dorothy Evans,8
4512,15854,Ted Levine,Sheriff Timberlake,9
473033,19292,Adam Sandler,Howard Ratner,0
473033,1200864,LaKeith Stanfield,Demany,1
473033,2371446,Julia Fox,Julia De Flore,2
473033,1177652,Kevin Garnett,Kevin Garnett,3
473033,19394,Idina Menzel,Dinah Ratner,4
473033,10866,Eric Bogosian,Arno Moradian,5
473033,6167,Judd Hirsch,Gooey,6
473033,2410045,Keith William Richards,Phil,7
473033,1315479,Mike Francesa,Gary,8
473033,2371447,Jonathan Aranbayev,Eddie Ratner,9
49529,60900,Taylor Kitsch,John Carter,0
49529,21044,Lynn Collins,Dejah Thoris,1
49529,2206,Samantha Morton,Sola,2
49529,2983,Mark Strong,Matai Shang,3
49529,8785,Ciarán Hinds,Tardos Mors,4
49529,17287,Dominic West,Sab Than,5
49529,17648,James Purefoy,Kantos Kan,6
49529,17419,Bryan Cranston,Powell,7
49529,6416,Polly Walker,Sarkoja,8
49529,57675,Daryl Sabara,Edgar Rice Burroughs,9
10439,65309,Omri Katz,Max Dennison,0
10439,2155,Thora Birch,Dani Dennison,1
10439,5025,Vinessa Shaw,Allison,2
10439,73931,Bette Midler,Winifred Sanderson,3
10439,520,Sarah Jessica Parker,Sarah Sanderson,4
10439,11074,Kathy Najimy,Mary Sanderson,5
10439,951643,Tobias Jelinek,Jay,6
10439,426,Larry Bagby,Ernie / 'Ice',7
10439,17005,Doug Jones,Billy Butcherson,8
10439,2175565,Amanda Shepherd,Emily,9
9335,976,Jason Statham,Frank Martin,0
9335,38425,Amber Valletta,Audrey Billings,1
9335,57345,Alessandro Gassmann,Gianni Chellini,2
9335,57346,Kate Nauta,Lola,3
9335,8654,Matthew Modine,Jefferson Billings,4
9335,973,Jason Flemyng,Dimitri,5
9335,65827,Keith David,Stappleton,6
9335,205263,Hunter Clary,Jack Billings,7
9335,1340888,Shannon Briggs,Max,8
9335,7693,François Berléand,Inspector Tarconi,9
593,1190211,Natalya Bondarchuk,Hari,0
593,1190206,Donatas Banionis,Kris Kelvin,1
593,8474,Jüri Järvet,Dr. Snaut,2
593,8476,Vladislav Dvorzhetsky,Henri Berton,3
593,1190992,Mykola Hrynko,Kelvin's Father,4
593,8475,Anatoliy Solonitsyn,Dr. Sartorius,5
593,8479,Olga Barnet,Kelvin's Mother,6
593,4974482,Vitalik Kerdimun,Henri Berton's Son,7
593,2579448,Olga Kizilova,Guest of Dr. Gibarian,8
593,4974486,Tatyana Malykh,Kris Kelvin's Niece,9
9102,27811,Peter Weller,Colonel Hendricksson,0
9102,56978,Jennifer Rubin,Jessica,1
9102,56977,Roy Dupuis,Becker,2
9102,56979,Andrew Lauer,Ace Jefferson,3
9102,25689,Liliana Komorowska,Landowska,4
9102,1229549,Michael Caloz,David,5
9102,30617,Jason Cavalier,Leone,6
9102,1242148,Ron White,Chuck Elbarak,7
9102,90461,Leni Parker,Cpl. McDonald,8
9102,1298077,Sylvain Massé,N.E.B. Soldier,9
15037,33259,Jennifer Love Hewitt,Amanda Beckett,0
15037,58019,Ethan Embry,Preston Meyers,1
15037,13389,Charlie Korsmo,William Lichter,2
15037,54470,Lauren Ambrose,Denise Fleming,3
15037,56857,Peter Facinelli,Mike Dexter,4
15037,13922,Seth Green,Kenny Fisher,5
15037,154481,Michelle Brookhurst,Molly Stinson,6
15037,87309,Alexander Martin,Olaf,7
15037,43902,Erik Palladino,Cousin Ron,8
15037,76314,Channon Roe,Jake,9
20156,21089,Bruce Greenwood,Francis,0
20156,18658,Mia Kirshner,Christina,1
20156,20173,Don McKellar,Thomas,2
20156,98,Sarah Polley,Tracey,3
20156,8536,Victor Garber,Harold,4
20156,58805,David Hemblen,Inspector,5
20156,123320,Peter Krantz,Man in Taxi,6
20156,7708,Arsinée Khanjian,Zoe,7
20156,13550,Elias Koteas,Eric,8
20156,123319,Calvin Green,Customs Officer,9
10644,11856,Daniel Day-Lewis,Tomas,0
10644,1137,Juliette Binoche,Tereza,1
10644,5313,Lena Olin,Sabina,2
10644,9128,Derek de Lint,Franz,3
10644,1640,Stellan Skarsgård,The Engineer,4
10644,38127,Erland Josephson,The Ambassador,5
10644,47837,Pavel Landovský,Pavel,6
10644,15417,Donald Moffat,Chief Surgeon,7
10644,7107,Daniel Olbrychski,Interior Ministry Official,8
10644,1139763,Tomasz Borkowy,Jiri,9
9404,18897,Jackie Chan,Chan Ka-Kui,0
9404,120418,Jackson Liu,Tsui Kit,1
9404,120419,Annie Wu,Annie,2
9404,44922,Bill Tung Biu,Uncle Bill,3
9404,90358,Yuri Petrov,Gregor,4
9404,86866,Nonna Grishaeva,Natasha,5
9404,1277939,Ailen Sit Chun-Wai,Allen,6
9404,1277940,Chan Man-Ching,Golden Dragon Club Member,7
9404,1277941,Rocky Lai Keung-Ken,Golden Dragon Club Member,8
9404,1277942,Chan Wai-To,Golden Dragon Club Member,9
9464,22461,Vincent Gallo,Billy Brown,0
9464,6886,Christina Ricci,Layla,1
9464,856,Ben Gazzara,Jimmy Brown,2
9464,5657,Anjelica Huston,Jan Brown,3
9464,2295,Mickey Rourke,The Bookie,4
9464,2165,Rosanna Arquette,Wendy Balsam,5
9464,83037,Jan-Michael Vincent,Sonny,6
9464,18472,Kevin Corrigan,Rocky the Goon,7
9464,7166,Kevin Pollak,TV Sportscaster,8
9464,73234,Alex Karras,TV Sportscaster,9
10388,28641,Terence Stamp,Wilson,0
10388,21818,Lesley Ann Warren,Elaine,1
10388,40481,Luis Guzmán,Eduardo Roel,2
10388,27860,Barry Newman,Jim Avery,3
10388,29915,Joe Dallesandro,Uncle John,4
10388,18070,Nicky Katt,Stacy the Hitman,5
10388,8949,Peter Fonda,Terry Valentine,6
10388,91384,Amelia Heinle,Adhara,7
10388,27755,Melissa George,Jennifer 'Jenny' Wilson,8
10388,131725,William Lucking,Warehouse Foreman,9
22660,83130,Tommy Kirk,Travis Coates,0
22660,24815,Dorothy McGuire,Katie Coates,1
22660,50571,Fess Parker,Jim Coates,2
22660,83131,Kevin Corcoran,Arliss Coates,3
22660,34470,Jeff York,Bud Searcy,4
22660,15983,Beverly Washburn,Lisbeth Searcy,5
22660,27747,Chuck Connors,Sanderson,6
11770,57607,Stephen Chow,Mighty Steel Leg / Sing,0
11770,70437,Richard Ng Man-Tat,Fung,1
11770,77304,Zhao Wei,Mui,2
11770,70439,Patrick Tse Yin,Hung,3
11770,57831,Karen Mok Man-Wai,Team Moustache Player #2,4
11770,956575,Wong Yat-Fei,Iron Head,5
11770,2112672,Mo Meilin,Hooking Leg,6
11770,1136808,Tenky Tin Kai-Man,Iron Shirt,7
11770,1173223,Danny Chan,Empty Hands,8
11770,545277,Lam Tze-Chung,Weight Vest,9
2616,7180,John Candy,Buck Russell,0
2616,26495,Jean Louisa Kelly,Tia Russell,1
2616,12930,Gaby Hoffmann,Maizy Russell,2
2616,11510,Macaulay Culkin,Miles Russell,3
2616,23882,Amy Madigan,Chanice Kobolowski,4
2616,27491,Elaine Bromka,Cindy Russell,5
2616,27492,Garrett M. Brown,Bob Russell,6
2616,12133,Laurie Metcalf,Marcie Dahlgren-Frost,7
2616,27493,Jay Underwood,Bug,8
2616,4890,Brian Tarantina,E. Roger Coswell,9
65057,1461,George Clooney,Matt King,0
65057,94185,Shailene Woodley,Alexandra King,1
65057,933002,Amara Miller,Scottie King,2
65057,931945,Nick Krause,Sid,3
65057,1237498,Patricia Hastie,Elizabeth King,4
65057,1394480,Grace A. Cruz,Scottie's Teacher,5
65057,1394479,Kim Gennaula,School Counselor,6
65057,1394481,Karen Kuioka Hironaga,Barb Higgins,7
65057,1394482,Carmen Kaichi,Lani Higgins,8
65057,1123795,Kaui Hart Hemmings,Matt's Secretary Noe,9
62215,205,Kirsten Dunst,Justine,0
62215,4273,Charlotte Gainsbourg,Claire,1
62215,2628,Kiefer Sutherland,John,2
62215,28846,Alexander Skarsgård,Michael,3
62215,234986,Cameron Spurr,Leo,4
62215,1640,Stellan Skarsgård,Jack,5
62215,5049,John Hurt,Dexter,6
62215,55493,Brady Corbet,Tim,7
62215,2244,Jesper Christensen,Little Father,8
62215,44079,Charlotte Rampling,Gaby,9
14811,10501,Chaim Topol,Tevye,0
14811,129550,Norma Crane,Golde,1
14811,112253,Leonard Frey,Motel,2
14811,129551,Molly Picon,Yente,3
14811,1075028,Paul Mann,Lazar Wolf,4
14811,975522,Rosalind Harris,Tzeitel,5
14811,161806,Michele Marsh,Hodel,6
14811,163645,Neva Small,Chava,7
14811,12988,Paul Michael Glaser,Perchik,8
14811,105337,Ray Lovelock,Fyedka,9
1427,17064,Ben Whishaw,Jean-Baptiste Grenouille,0
1427,4566,Alan Rickman,Richis,1
1427,129050,Rachel Hurd-Wood,Laura,2
1427,4483,Dustin Hoffman,Giuseppe Baldini,3
1427,5049,John Hurt,Narrator (voice),4
1427,17067,Karoline Herfurth,The Plum Girl,5
1427,10779,David Calder,Bishop of Grasse,6
1427,16273,Simon Chandler,Mayor of Grasse,7
1427,17069,Sian Thomas,Madame Gaillard,8
1427,17068,Jessica Schwarz,Natalie,9
9559,1269,Kevin Costner,Robert 'Butch' Haynes,0
9559,190,Clint Eastwood,Chief Red Garnett,1
9559,4784,Laura Dern,Sally Gerber,2
9559,64025,T.J. Lowther,Phillip 'Buzz' Perry,3
9559,11367,Bradley Whitford,Bobby Lee,4
9559,87957,Keith Szarabajka,Terry Pugh,5
9559,30151,Leo Burmester,Tom Adler,6
9559,177049,Paul Hewitt,Dick Suttle,7
9559,1472,Ray McKinnon,Bradley,8
9559,159381,Jennifer Griffin,Gladys Perry,9
20927,2224,Christian Slater,Lewis Farrell,0
20927,31140,Mary Stuart Masterson,Lisa Walker,1
20927,21063,Pamela Adlon,Kim,2
20927,16851,Josh Brolin,Danny,3
20927,4890,Brian Tarantina,Randy,4
20927,10386,Debra Monk,Lewis' Mom,5
20927,9572,Mary Alice,Alice,6
20927,26258,Kenneth Cranham,Simon,7
20927,18316,Ally Walker,Wendy,8
20927,38691,Anne Pitoniak,Grandma Jean,9
7303,16866,Jennifer Lopez,Marisa Ventura,0
7303,5469,Ralph Fiennes,Christopher Marshall,1
7303,20162,Natasha Richardson,Caroline Lane,2
7303,2283,Stanley Tucci,Jerry Siegel,3
7303,53280,Tyler Posey,Ty Ventura,4
7303,1411183,Marissa Matrone,Stephanie Kehoe,5
7303,4432,Frances Conroy,Paula Burns,6
7303,78190,Chris Eigeman,John Bextrum,7
7303,12110,Amy Sedaris,Rachel Hoffberg,8
7303,170918,Priscilla Lopez,Veronica Ventura,9
8848,976,Jason Statham,Terry Leather,0
8848,9825,Saffron Burrows,Martine Love,1
8848,55467,Stephen Campbell Moore,Kevin Swain,2
8848,1670,Daniel Mays,Dave Shilling,3
8848,9140,James Faulkner,Guy Singer,4
8848,202760,Andrew Brooke,Quinn,5
8848,56098,Michael Jibson,Eddie Burton,6
8848,55473,Georgia Taylor,Ingrid,7
8848,2968,Richard Lintern,Tim Everett,8
8848,15202,Peter Bowles,Miles Urquhart,9
492188,1023139,Adam Driver,Charlie Barber,0
492188,1245,Scarlett Johansson,Nicole Barber,1
492188,4784,Laura Dern,Nora Fanshaw,2
492188,21278,Alan Alda,Bert Spitz,3
492188,11477,Ray Liotta,Jay Marotta,4
492188,14415,Julie Hagerty,Sandra,5
492188,28044,Merritt Wever,Cassie,6
492188,1939366,Azhy Robertson,Henry Barber,7
492188,12900,Wallace Shawn,Frank,8
492188,1572541,Martha Kelly,The Evaluator,9
458723,1267329,Lupita Nyong'o,Adelaide Wilson / Red,0
458723,1447932,Winston Duke,Gabe Wilson / Abraham,1
458723,32798,Elisabeth Moss,Kitty Tyler / Dahlia,2
458723,132856,Tim Heidecker,Josh Tyler / Tex,3
458723,1915962,Shahadi Wright Joseph,Zora Wilson / Umbrae,4
458723,2201802,Evan Alex,Jason Wilson / Pluto,5
458723,1639847,Yahya Abdul-Mateen II,Russell Thomas / Weyland,6
458723,1425924,Anna Diop,Rayne Thomas / Eartha,7
458723,1226497,Cali Sheldon,Becca Tyler / Io,8
458723,1226500,Noelle Sheldon,Lindsey Tyler / Nix,9
12151,518,Danny DeVito,Sam Stone,0
12151,73931,Bette Midler,Barbara Stone,1
12151,777,Judge Reinhold,Ken Kessler,2
12151,33488,Helen Slater,Sandy Kessler,3
12151,159753,Anita Morris,Carol Dodsworth,4
12151,8984,Bill Pullman,Earl James Mott,5
12151,544816,William G. Schilling,Chief Henry Benton,6
12151,56183,Art Evans,Lt. Bender,7
12151,72408,Clarence Felder,Lt. Walters,8
12151,5169,J.E. Freeman,Bedroom Killer,9
2539,19292,Adam Sandler,John Clasky,0
2539,4939,Téa Leoni,Deborah Clasky,1
2539,3627,Paz Vega,Flor Moreno,2
2539,9599,Cloris Leachman,Evelyn Wright,3
2539,25907,Shelbie Bruce,Christina,4
2539,25908,Sarah Steele,Bernice,5
2539,25909,Ian Hyland,Georgie,6
2539,25910,Victoria Luna,Cristina (6 Years Old),7
2539,25911,Cecilia Suárez,Monica,8
2539,25912,Ricardo Molina,Flor's Husband,9
32513,20300,Eileen Atkins,Judith Starkadder,0
32513,3967,Kate Beckinsale,Flora Poste,1
32513,127913,Sheila Burrell,Ada Doom,2
32513,11275,Stephen Fry,Mybug,3
32513,12517,Freddie Jones,Adam Lambsbreath,4
32513,34901,Joanna Lumley,Mary Smiling,5
32513,1327,Ian McKellen,Amos Starkadder,6
32513,6199,Miriam Margolyes,Mrs. Beetle,7
32513,17328,Rufus Sewell,Seth Starkadder,8
32513,39683,Ivan Kaye,Reuben Starkadder,9
1923,6726,Sheryl Lee,Laura Palmer,0
1923,6719,Ray Wise,Leland Palmer,1
1923,6714,Mädchen Amick,Shelly Johnson,2
1923,6715,Dana Ashbrook,Bobby Briggs,3
1923,15796,Phoebe Augustine,Ronette Pulaski,4
1923,7487,David Bowie,Phillip Jeffries,5
1923,9323,Eric DaRe,Leo Johnson,6
1923,15860,Miguel Ferrer,Albert Rosenfield,7
1923,59789,Pamela Gidley,Teresa Banks,8
1923,69122,Heather Graham,Annie Blackburn,9
2671,27776,Nanako Matsushima,Reiko Asakawa,0
2671,9195,Hiroyuki Sanada,Ryuji Takayama,1
2671,27784,Rikiya Ôtaka,Yoichi Asakawa,2
2671,27778,Miki Nakatani,Mai Takano,3
2671,27779,Yuko Takeuchi,Tomoko Oishi,4
2671,27780,Hitomi Sato,Masami Kurahashi,5
2671,27782,Yutaka Matsushige,Yoshino,6
2671,27781,Yōichi Numata,Takashi Yamamura,7
2671,27783,Katsumi Muramatsu,Koichi Asakawa,8
2671,117465,Masako,Shizuko Yamamura,9
2698,4495,Steve Carell,Evan Baxter,0
2698,192,Morgan Freeman,God,1
2698,16858,Lauren Graham,Joan Baxter,2
2698,27104,Johnny Simmons,Dylan Baxter,3
2698,27103,Graham Phillips,Jordan Baxter,4
2698,6860,Jimmy Bennett,Ryan Baxter,5
2698,1230,John Goodman,Congressman Long,6
2698,27102,Wanda Sykes,Rita,7
2698,8265,John Michael Higgins,Marty,8
2698,21007,Jonah Hill,Eugene,9
214,2144,Tobin Bell,Jigsaw / John,0
214,2138,Shawnee Smith,Amanda,1
214,2464,Angus Macfadyen,Jeff,2
214,2677,Bahar Soomekh,Lynn,3
214,2680,Donnie Wahlberg,Eric Matthews,4
214,2133,Dina Meyer,Kerry,5
214,2128,Leigh Whannell,Adam,6
214,59713,Mpho Koaho,Timothy,7
214,43429,Barry Flatman,Judge Halden,8
214,2687,Lyriq Bent,Rigg,9
11104,56830,Brigitte Lin,Woman in Blonde Wig,0
11104,43661,Takeshi Kaneshiro,He Zhiwu / Cop 223,1
11104,1337,Tony Leung Chiu-wai,Cop 663,2
11104,12671,Faye Wong,Faye,3
11104,119875,Valerie Chow,Air Hostess,4
11104,119876,Piggy Chan Kam-Chuen,Owner of Eatery,5
11104,119877,Kwan Lee-Na,May,6
11104,1407506,Leung San,K Store Clerk,7
11104,4015733,Zhiming Huang,Man,8
11104,4015734,Liang Zhen,The 2nd May,9
2614,6065,Dennis Quaid,Lt. Tuck Pendleton,0
2614,519,Martin Short,Jack Putter,1
2614,5344,Meg Ryan,Lydia Maxwell,2
2614,34597,Kevin McCarthy,Victor Eugene Scrimshaw,3
2614,26490,Fiona Lewis,Dr. Margaret Canker,4
2614,26491,Vernon Wells,Mr. Igoe,5
2614,16180,Robert Picardo,The Cowboy,6
2614,37600,Wendy Schaal,Wendy,7
2614,27540,Harold Sylvester,Pete Blanchard,8
2614,15992,William Schallert,Dr. Greenbush,9
11054,70233,Ricki Lake,Tracy Turnblad,0
11054,10369,Divine,Edna Turnblad / Arvin Hodgepile,1
11054,102,Debbie Harry,Velma Von Tussle,2
11054,62521,Vitamin C,Amber von Tussle,3
11054,67949,Sonny Bono,Franklin von Tussle,4
11054,2654399,Leslie Ann Powers,Penny Pingleton,5
11054,67950,Ruth Brown,Motormouth Maybelle,6
11054,26042,Jerry Stiller,Wilbur Turnblad,7
11054,95090,Michael St. Gerard,Link Larkin,8
11054,176655,Clayton Prince,Seaweed,9
522627,10297,Matthew McConaughey,Michael Pearson,0
522627,56365,Charlie Hunnam,Ray,1
522627,70904,Michelle Dockery,Rosalind Pearson,2
522627,239271,Jeremy Strong,Matthew,3
522627,45753,Lyne Renee,Jackie,4
522627,72466,Colin Farrell,Coach,5
522627,1807132,Henry Golding,Dry Eye,6
522627,67212,Tom Wu,Lord George,7
522627,1285754,Chidi Ajufo,Bunny,8
522627,3291,Hugh Grant,Fletcher,9
4480,2565,Yves Montand,"César Soubeyran, aka 'le Papet'",0
4480,16927,Gérard Depardieu,"Jean Cadoret, hunchback, son of Florette",1
4480,6012,Daniel Auteuil,"Ugolin Soubeyran, nephew of Papet",2
4480,38351,Elisabeth Depardieu,"Aimée Cadoret, wife of Jean",3
4480,16314,Margarita Lozano,"Baptistine, Piedmontese of the cave",4
4480,38385,Ernestine Mazurowna,"Manon Cadoret, daughter of Jean & Aimée",5
4480,38386,Armand Meffre,"Philoxène, mayor",6
4480,1110334,André Dupon,"Pamphile,  joiner",7
4480,1892946,Pierre Nougaro,Casimir,8
4480,38387,Jean Maurel,"Anglade, believer",9
168259,12835,Vin Diesel,Dominic Toretto,0
168259,8167,Paul Walker,Brian O'Conner,1
168259,18918,Dwayne Johnson,Luke Hobbs,2
168259,17647,Michelle Rodriguez,Letty Ortiz,3
168259,8169,Tyrese Gibson,Roman Pearce,4
168259,8171,Ludacris,Tej Parker,5
168259,22123,Jordana Brewster,Mia Toretto,6
168259,976,Jason Statham,Deckard Shaw,7
168259,6856,Kurt Russell,Mr. Nobody,8
168259,1251069,Nathalie Emmanuel,Ramsey,9
11557,37041,Andrew McCarthy,Kevin Dolenz,0
11557,2880,Emilio Estevez,Kirby Keger,1
11557,2879,Rob Lowe,Billy Hicks,2
11557,3416,Demi Moore,Jules,3
11557,21624,Judd Nelson,Alec Newbary,4
11557,12851,Ally Sheedy,Leslie Hunter,5
11557,51544,Mare Winningham,Wendy Beamish,6
11557,1936,Martin Balsam,Mr. Beamish,7
11557,1533,Andie MacDowell,Dale Biberman,8
11557,14108,Joyce Van Patten,Mrs. Beamish,9
9073,18259,Jason James Richter,Jesse,0
9073,147,Michael Madsen,Glen Greenwood,1
9073,18261,Jayne Atkinson,Annie Greenwood,2
9073,18260,August Schellenberg,Randolph Johnson,3
9073,8184,Mary Kate Schellhardt,Nadine,4
9073,17918,Francis Capra,Elvis,5
9073,34,Mykelti Williamson,Dwight Mercer,6
9073,7430,Elizabeth Peña,Kate Haley,7
9073,4602,Jon Tenney,John Milner,8
9073,588,M. Emmet Walsh,Bill Wilcox,9
94329,113732,Iko Uwais,Rama,0
94329,592496,Joe Taslim,Jaka,1
94329,1202416,Donny Alamsyah,Andi,2
94329,142019,Yayan Ruhian,Mad Dog,3
94329,1001665,Pierre Gruno,Wahyu,4
94329,592495,Ray Sahetapy,Tama,5
94329,1001666,Tegar Satrya,Bowo,6
94329,1103310,Iang Darmawan,Gofar,7
94329,1398995,Eka 'Piranha' Rahmadia,Dagu,8
94329,1001667,Verdi Solaiman,Budi,9
24803,5064,Meryl Streep,Julia Child,0
24803,9273,Amy Adams,Julie Powell,1
24803,2283,Stanley Tucci,Paul Child,2
24803,61659,Chris Messina,Eric Powell,3
24803,58643,Linda Emond,Simone Beck,4
24803,17185,Helen Carey,Louisette Bertholle,5
24803,25884,Mary Lynn Rajskub,Sarah,6
24803,43775,Jane Lynch,Dorothy McWilliams,7
24803,1123818,Joan Juliet Buck,Madame Brassart,8
24803,967452,Crystal McCreary,Ernestine,9
406,1925,Vincent Cassel,Vinz,0
406,5418,Hubert Koundé,Hubert,1
406,5419,Saïd Taghmaoui,Saïd,2
406,5420,Abdel Ahmed Ghili,Abdel,3
406,5422,Solo,Santo,4
406,5423,Joseph Momo,Ordinary Man,5
406,5424,Héloïse Rauth,Sarah,6
406,1347614,Rywka Wajsbrot,Vinz's Grandmother,7
406,1347615,Olga Abrego,Vinz's Aunt,8
406,579488,Laurent Labasse,Cook,9
11858,518,Danny DeVito,Bill Rago,0
11858,66804,Gregory Hines,Sergeant Cass,1
11858,1736,James Remar,Captain Tom Murdoch,2
11858,42157,Ed Begley Jr.,Jack Markin,3
11858,17917,Lillo Brancato,Soldat Donnie Benitez,4
11858,58150,Stacey Dash,Soldat Miranda Myers,5
11858,66554,Kadeem Hardison,Soldat Jamaal Montgomery,6
11858,19153,Cliff Robertson,Colonel James,7
11858,55755,Richard T. Jones,Pvt. Jackson Leroy,8
11858,79538,Khalil Kain,Pvt. Roosevelt Nathaniel Hobbs,9
13811,2963,Nicolas Cage,John Koestler,0
13811,9827,Rose Byrne,Diana Wayland,1
13811,77334,Chandler Canterbury,Caleb Koestler,2
13811,77335,Ben Mendelsohn,Phil Bergman,3
13811,77336,Nadia Townsend,Grace Koestler,4
13811,18359,Terry Camilleri,Cashier,5
13811,84964,Lara Robinson,Lucinda Embry / Abby Wayland,6
13811,37292,Adrienne Pickering,Allison,7
13811,84966,Danielle Carter,Miss Taylor (1959),8
13811,79106,Alethea McGrath,Miss Taylor (2009),9
18444,11859,John Mills,Father,0
18444,24815,Dorothy McGuire,Mother,1
18444,83128,James MacArthur,Fritz,2
18444,83129,Janet Munro,Roberta 'Bertie',3
18444,12249,Sessue Hayakawa,"Kuala, Pirate Chief",4
18444,83130,Tommy Kirk,Ernst,5
18444,83131,Kevin Corcoran,Francis,6
18444,14300,Cecil Parker,Captain Moreland,7
18444,83132,Andy Ho,Auban,8
18444,83133,Milton Reid,Big Pirate,9
11114,68130,Sean Marshall,Pete,0
11114,553509,Helen Reddy,Nora,1
11114,40945,Jim Dale,Dr. Terminus,2
11114,1937,Mickey Rooney,Lampie,3
11114,7503,Red Buttons,Hoagy,4
11114,7632,Shelley Winters,Lena Gogan,5
11114,142726,Jane Kean,Miss Taylor,6
11114,2771,Jim Backus,The Mayor,7
11114,4974,Charles Tyner,Merle,8
11114,1217505,Gary Morgan,Grover,9
6312,49025,Samuel Le Bihan,Grégoire de Fronsac,0
6312,1925,Vincent Cassel,Jean-François de Morangias,1
6312,23671,Émilie Dequenne,Marianne de Morangias,2
6312,28782,Monica Bellucci,Sylvia,3
6312,51325,Jérémie Renier,Thomas d'Apcher,4
6312,18702,Mark Dacascos,Mani,5
6312,24381,Jean Yanne,Le Comte de Morangias,6
6312,6304,Jean-François Stévenin,Sardis,7
6312,53904,Johan Leysen,Beauterne,8
6312,20030,Jacques Perrin,Thomas Agé,9
10493,2227,Nicole Kidman,Rae Ingram,0
10493,4783,Sam Neill,John Ingram,1
10493,1954,Billy Zane,Hughie Warriner,2
10493,148899,George Shevtsov,Doctor,3
10493,75397,Rod Mullinar,Russell Bellows,4
10493,1698604,Joshua Tilden,Danny,5
10493,117365,Michael Long,Specialist Doctor,6
10493,936813,Lisa Collins,'Orpheus' Cruise Girl,7
10493,2883089,Paula Hudson-Brinkley,'Orpheus' Cruise Girl,8
10493,2883091,Sharon Cook,'Orpheus' Cruise Girl,9
10198,15563,Anika Noni Rose,Tiana (voice),0
10198,66252,Bruno Campos,Prince Naveen (voice),1
10198,12077,Jim Cummings,Ray (voice),2
10198,110884,Michael-Leon Wooley,Louis (voice),3
10198,65827,Keith David,Dr. Facilier (voice),4
10198,110885,Jennifer Cody,Charlotte (voice),5
10198,163711,Peter Bartlett,Lawrence (voice),6
10198,15899,Jenifer Lewis,Mama Odie (voice),7
10198,13309,Oprah Winfrey,Eudora (voice),8
10198,1230,John Goodman,"""Big Daddy"" La Bouff (voice)",9
3580,11701,Angelina Jolie,Christine Collins,0
3580,6949,John Malkovich,Rev. Gustav Briegleb,1
3580,52886,Jeffrey Donovan,Captain J.J. Jones,2
3580,50217,Michael Kelly,Detective Lester Ybarra,3
3580,10132,Colm Feore,Chief James E. Davis,4
3580,142294,Jason Butler Harner,Gordon Northcott,5
3580,39388,Amy Ryan,Carol Dexter,6
3580,25879,Geoff Pierson,S.S. Hahn,7
3580,81681,Denis O'Hare,Dr. Jonathan Steele,8
3580,52021,Frank Wood,Ben Harris,9
10440,1243,Woody Allen,Larry Lipton,0
10440,3092,Diane Keaton,Carol Lipton,1
10440,24292,Jerry Adler,Paul House,2
10440,21278,Alan Alda,Ted,3
10440,5657,Anjelica Huston,Marcia Fox,4
10440,8792,Lynn Cohen,Lilian House,5
10440,371587,Melanie Norris,Helen Moss,6
10440,5367,Zach Braff,Nick Lipton,7
10440,166772,Joy Behar,Marilyn,8
10440,12122,Ron Rifkin,Sy,9
9358,17236,A.J. Cook,Kimberly Corman,0
9358,17303,Ali Larter,Clear Rivers,1
9358,57428,Michael Landes,Thomas Burke,2
9358,33293,David Paetkau,Evan Lewis,3
9358,58374,James Kirk,Tim Carpenter,4
9358,20188,Lynda Boyd,Nora Carpenter,5
9358,42710,Keegan Connor Tracy,Kat,6
9358,51937,Jonathan Cherry,Rory,7
9358,233191,Terrence 'T.C.' Carson,Eugene Dix,8
9358,95517,Justina Machado,Isabella Hudson,9
9333,62,Bruce Willis,John Smith,0
9333,6905,Bruce Dern,Sheriff Ed Galt,1
9333,590,William Sanderson,Joe Monday,2
9333,4690,Christopher Walken,Hickey,3
9333,1737,David Patrick Kelly,Doyle,4
9333,11068,Karina Lombard,Felina,5
9333,137529,Ned Eisenberg,Fredo Strozzi,6
9333,11486,Michael Imperioli,Giorgio Carmonte,7
9333,49832,R. D. Call,Jack McCool,8
9333,131183,Alexandra Powers,Lucy Kolinski,9
9716,1243,Woody Allen,Joe Berlin,0
9716,10871,Natasha Lyonne,Djuna 'D.J.' Berlin,1
9716,18892,Goldie Hawn,Steffi Dandridge,2
9716,21278,Alan Alda,Bob Dandridge,3
9716,69597,Drew Barrymore,Skylar Dandridge,4
9716,819,Edward Norton,Holden Spence,5
9716,1204,Julia Roberts,Von Sidell,6
9716,526,Lukas Haas,Scott Dandridge,7
9716,12930,Gaby Hoffmann,Lane Dandridge,8
9716,524,Natalie Portman,Laura Dandridge,9
8337,44240,Roddy Piper,John Nada,0
8337,65827,Keith David,Frank Armitage,1
8337,41229,Meg Foster,Holly Thompsen,2
8337,54564,George Buck Flower,Drifter,3
8337,6916,Peter Jason,Gilbert,4
8337,54565,Raymond St. Jacques,Street Preacher,5
8337,1172156,Jason Robards III,Family Man,6
8337,86345,John Lawrence,Bearded Man,7
8337,104059,Susan Barnes,Brown Haired Woman,8
8337,58623,Sy Richardson,Black Revolutionary,9
11499,8924,Frank Langella,Richard Nixon,0
11499,3968,Michael Sheen,David Frost,1
11499,4724,Kevin Bacon,Jack Brennan,2
11499,15556,Rebecca Hall,Caroline Cushing,3
11499,13014,Toby Jones,Swifty Lazar,4
11499,15576,Matthew Macfadyen,John Birt,5
11499,17485,Oliver Platt,Bob Zelnick,6
11499,6807,Sam Rockwell,James Reston Jr.,7
11499,15661,Clint Howard,Lloyd Davis,8
11499,125026,Patty McCormack,Pat Nixon,9
398978,380,Robert De Niro,Frank Sheeran,0
398978,1158,Al Pacino,Jimmy Hoffa,1
398978,4517,Joe Pesci,Russell Bufalino,2
398978,1037,Harvey Keitel,Angelo Bruno,3
398978,15757,Ray Romano,Bill Bufalino,4
398978,21127,Bobby Cannavale,Skinny Razor,5
398978,10690,Anna Paquin,Older Peggy Sheeran,6
398978,1115,Stephen Graham,Anthony 'Tony Pro' Provenzano,7
398978,204651,Stephanie Kurtzuba,Irene Sheeran,8
398978,54738,Jack Huston,Robert Kennedy / RFK,9
4961,23931,Mira Sorvino,Susan Tyler,0
4961,18325,Jeremy Northam,Peter Mann,1
4961,3753,Giancarlo Giannini,Manny,2
4961,17764,Charles S. Dutton,Leonard,3
4961,16851,Josh Brolin,Josh,4
4961,40271,Alexander Goodwin,Chuy,5
4961,14707,Alix Koromzay,Remy,6
4961,1164,F. Murray Abraham,Dr. Gates,7
4961,176594,James Costa,Ricky,8
4961,1114788,Javon Barnwell,Davis,9
4958,1892,Matt Damon,Rannulph Junuh,0
4958,2888,Will Smith,Bagger Vance,1
4958,6885,Charlize Theron,Adele Invergordon,2
4958,14888,Bruce McGill,Walter Hagen,3
4958,25376,Joel Gretsch,Bobby Jones,4
4958,40253,J. Michael Moncrief,Hardy Greaves,5
4958,1986,Peter Gerety,Neskaloosa,6
4958,41019,Wilbur Fitzgerald,Roy,7
4958,65019,Lane Smith,Grantland Rice,8
4958,3151,Jack Lemmon,Narrator (voice),9
2752,2299,Josh Hartnett,Matt Sulivan,0
2752,27855,Shannyn Sossamon,Erica Sutton,1
2752,57133,Paulo Costanzo,Ryan,2
2752,5025,Vinessa Shaw,Nicole,3
2752,1579,Maggie Gyllenhaal,Sam,4
2752,27858,Adam Trese,John Sullivan,5
2752,2171,Griffin Dunne,Jerry Anderson,6
2752,2684,Emmanuelle Vaugier,Susie,7
2752,1498692,Lorin Heath,Diana,8
2752,1573611,Aaron Trainor,Walter,9
50456,36592,Saoirse Ronan,Hanna,0
50456,8783,Eric Bana,Erik,1
50456,112,Cate Blanchett,Marissa,2
50456,2441,Tom Hollander,Isaacs,3
50456,550552,Jessica Barden,Sophie,4
50456,11616,Olivia Williams,Rachel,5
50456,973,Jason Flemyng,Sebastian,6
50456,550553,Aldo Maland,Miles,7
50456,550550,Tim Beckmann,Walt,8
50456,550549,John Macmillan,Lewis,9
81310,34759,Sterling Holloway,Winnie the Pooh (voice),0
81310,5247,John Fiedler,Piglet (voice),1
81310,77548,Paul Winchell,Tigger (voice),2
81310,25627,Hal Smith,Owl (voice),3
81310,1225463,Jon Walmsley,Chistopher Robin (voice),4
81310,148822,Ralph Wright,Eeyore (voice),5
81310,21877,Sebastian Cabot,Narrator (voice),6
81310,27517,Howard Morris,Gopher (voice),7
81310,64871,Barbara Luddy,Kanga (voice),8
81310,15661,Clint Howard,Roo (voice),9
2652,27578,Elliot Page,Hayley Stark,0
2652,17178,Patrick Wilson,Jeff Kohlver,1
2652,25540,Sandra Oh,Judy Tokuda,2
2652,27579,Odessa Rae,Janelle Rogers,3
2652,27580,G.J. Echternkamp,Nighthawks Clerk,4
2652,3113536,Cori Bright,Girl in Nighthawks (uncredited),5
10327,368,Reese Witherspoon,Elle Woods,0
10327,35,Sally Field,Victoria Rudd,1
10327,9788,Regina King,Grace Rossiter,2
10327,38334,Jennifer Coolidge,Paulette,3
10327,14888,Bruce McGill,Stanford Marks,4
10327,13314,Dana Ivey,Libby Hauser,5
10327,25884,Mary Lynn Rajskub,Reena Giuliani,6
10327,22126,Jessica Cauffiel,Margot,7
10327,10402,Alanna Ubach,Serena,8
10327,36422,Luke Wilson,Emmett Richmond,9
82695,6968,Hugh Jackman,Jean Valjean,0
82695,934,Russell Crowe,Javert,1
82695,71070,Amanda Seyfried,Cosette,2
82695,1813,Anne Hathaway,Fantine,3
82695,37632,Eddie Redmayne,Marius Pontmercy,4
82695,6730,Sacha Baron Cohen,Monsieur Thénardier,5
82695,1283,Helena Bonham Carter,Madame Thénardier,6
82695,143425,Aaron Tveit,Enjolras,7
82695,145116,Samantha Barks,Éponine Thénardier,8
82695,1133684,Daniel Huttlestone,Gavroche,9
10326,2461,Mel Gibson,Capt. Daniel McCormick,0
10326,8944,Jamie Lee Curtis,Claire Cooper,1
10326,109,Elijah Wood,Nat Cooper,2
10326,64826,Isabel Glasser,Helen,3
10326,66606,George Wendt,Harry Finley,4
10326,3977,Joe Morton,Cameron,5
10326,82433,Nicolas Surovy,John,6
10326,24535,David Marshall Grant,Lt. Col. Wilcox USAF,7
10326,84598,Robert Hy Gorman,Felix,8
10326,49424,Michael A. Goorjian,Steven,9
9873,29092,Bryan Brown,Roland 'Rollie' Tyler,0
9873,6197,Brian Dennehy,Lt. Leo McCarthy,1
9873,6200,Diane Venora,Ellen,2
9873,44301,Cliff DeYoung,Lipton,3
9873,59945,Mason Adams,Col. Mason,4
9873,725,Jerry Orbach,Nicholas DeFranco,5
9873,4887,Joe Grifasi,Mickey,6
9873,79007,Martha Gehman,Andy,7
9873,4039,Trey Wilson,Lt. Murdoch,8
9873,90776,Roscoe Orman,Captain Wallenger,9
334541,1893,Casey Affleck,Lee Chandler,0
334541,1105079,Lucas Hedges,Patrick Chandler,1
334541,1812,Michelle Williams,Randi Chandler,2
334541,3497,Kyle Chandler,Joe Chandler,3
334541,1363367,C.J. Wilson,George,4
334541,15370,Gretchen Mol,Elise Henderson,5
334541,4756,Matthew Broderick,Jeffrey Garner,6
334541,1724137,Anna Baryshnikov,Sandy,7
334541,26716,Heather Burns,Jill,8
334541,1730737,Ivy O'Brien,Young Patrick Chandler,9
2086,85,Johnny Depp,Gene Watson,0
2086,21365,Courtney Chase,Lynn Watson,1
2086,17764,Charles S. Dutton,Hucy,2
2086,4690,Christopher Walken,Mr. Smith,3
2086,21366,Roma Maffia,Ms. Jones,4
2086,21368,Peter Strauss,Brendan Grant,5
2086,21369,Gloria Reuben,Krista Brooks,6
2086,19131,Marsha Mason,Gov. Eleanor Grant,7
2086,203762,Miguel Nájera,Franco (Governor's Bodyguard),8
2086,17200,Bill Smitrovich,Officer Trust,9
11327,69010,Brad Davis,Billy Hayes,0
11327,69011,Irene Miracle,Susan,1
11327,12410,Bo Hopkins,Tex,2
11327,4819,Paolo Bonacelli,Rifki,3
11327,39782,Paul L. Smith,Hamidou,4
11327,1811,Randy Quaid,Jimmy Booth,5
11327,6701,Norbert Weisser,Erich,6
11327,5049,John Hurt,Max,7
11327,50762,Mike Kellin,Mr. Hayes,8
11327,100937,Franco Diogene,Yesil,9
2019,15111,Jean-Claude Van Damme,Chance Boudreaux,0
2019,16743,Arnold Vosloo,Pik van Cleef,1
2019,2714,Lance Henriksen,Emil Fouchon,2
2019,20759,Yancy Butler,Natasha Binder,3
2019,20761,Sven-Ole Thorsen,Stephan,4
2019,11065,Wilford Brimley,Uncle Douvee,5
2019,11769,Ted Raimi,Man on the Street,6
2019,51864,Kasi Lemmons,Det. Marie Mitchell,7
2019,20760,Willie C. Carpenter,Elijah Roper,8
2019,9173,Eliott Keener,Randal Poe,9
12519,3291,Hugh Grant,Anthony Campion,0
12519,47615,Tara Fitzgerald,Estella Campion,1
12519,4783,Sam Neill,Norman Lindsay,2
12519,5590,Elle Macpherson,Sheela,3
12519,62010,Portia De Rossi,Giddy,4
12519,100518,Tziporah Malkah,Pru,5
12519,217137,Pamela Rabe,Rose Lindsay,6
12519,77335,Ben Mendelsohn,Lewis,7
12519,15337,John Polson,Tom,8
12519,186418,Mark Gerber,Devlin,9
23629,70456,Emily Browning,Babydoll,0
23629,37260,Abbie Cornish,Sweet Pea,1
23629,20089,Jena Malone,Rocket,2
23629,67599,Vanessa Hudgens,Blondie,3
23629,78324,Jamie Chung,Amber,4
23629,17832,Carla Gugino,Dr. Vera Gorski,5
23629,25072,Oscar Isaac,Blue Jones,6
23629,65717,Jon Hamm,High Roller / Doctor,7
23629,349,Scott Glenn,Wise Man,8
23629,12371,Richard Cetrone,CJ,9
11775,1461,George Clooney,Miles,0
11775,1922,Catherine Zeta-Jones,Marilyn,1
11775,118,Geoffrey Rush,Donovan Donaly,2
11775,5726,Cedric the Entertainer,Gus Petch,3
11775,52995,Edward Herrmann,Rex Rexroth,4
11775,17342,Paul Adelstein,Wrigley,5
11775,28633,Richard Jenkins,Freddy Bender,6
11775,879,Billy Bob Thornton,Howard D. Doyle,7
11775,100602,Julia Duffy,Sarah Sorkin,8
11775,122245,Jonathan Hadary,"Heinz, the Baron Krauss von Espy",9
445571,23532,Jason Bateman,Max,0
445571,53714,Rachel McAdams,Annie,1
445571,3497,Kyle Chandler,Brooks,2
445571,21676,Sharon Horgan,Sarah,3
445571,141034,Billy Magnussen,Ryan,4
445571,1181327,Lamorne Morris,Kevin,5
445571,999346,Kylie Bunbury,Michelle,6
445571,88124,Jesse Plemons,Gary,7
445571,53820,Michael C. Hall,The Bulgarian,8
445571,6413,Danny Huston,Donald Anderton,9
363676,31,Tom Hanks,Chesley 'Sully' Sullenberger,0
363676,6383,Aaron Eckhart,Jeff Skiles,1
363676,134531,Anna Gunn,Elizabeth Davis,2
363676,7497,Holt McCallany,Mike Cleary,3
363676,87192,Mike O'Malley,Charles Porter,4
363676,2977,Jamey Sheridan,Ben Edwards,5
363676,99351,Valerie Mahaffey,Diane Higgins,6
363676,1193526,Delphi Harrington,Lucille Palmer,7
363676,1615594,Ahmed Lucan,Egyptian Driver,8
363676,350,Laura Linney,Lorrie Sullenberger,9
23631,11160,Danny Trejo,Machete,0
23631,17647,Michelle Rodriguez,Luz,1
23631,56731,Jessica Alba,Sartana Rivera,2
23631,380,Robert De Niro,Senator John McLaughlin,3
23631,23880,Steven Seagal,Rogelio Torrez,4
23631,11159,Cheech Marin,Padre Cortez,5
23631,49265,Lindsay Lohan,April Booth,6
23631,567627,Electra Avellan,Nurse Mona,7
23631,1569850,Elise Avellan,Nurse Lisa,8
23631,11161,Tom Savini,Osiris Amanpour,9
668,10167,George Lazenby,James Bond,0
668,10168,Diana Rigg,Tracy Di Vicenzo,1
668,10169,Telly Savalas,Ernst Stavro Blofeld,2
668,4961,Gabriele Ferzetti,Marc Ange Draco,3
668,10170,Ilse Steppat,Irma Bunt,4
668,9874,Bernard Lee,M,5
668,9878,Lois Maxwell,Miss Moneypenny,6
668,10173,George Baker,Sir Hilary Bray,7
668,10174,Bernard Horsfall,Campbell,8
668,9906,Desmond Llewelyn,Q,9
1970,11863,Sarah Michelle Gellar,Karen Davis,0
1970,20386,Jason Behr,Doug McCarthy,1
1970,20329,Takako Fuji,Kayako Saeki,2
1970,552504,Yuya Ozeki,Toshio Saeki,3
1970,15338,William Mapother,Matthew Williams,4
1970,20387,Clea DuVall,Jennifer Williams,5
1970,20388,KaDee Strickland,Susan Williams,6
1970,6465,Grace Zabriskie,Emma Williams,7
1970,8984,Bill Pullman,Peter Kirk,8
1970,20389,Rosa Blasi,Maria Kirk,9
3586,5676,Marcello Mastroianni,Sergei (Sergio),0
3586,16757,Sophia Loren,Isabella de la Fontaine,1
3586,19162,Jean-Pierre Cassel,Olivier de la Fontaine,2
3586,326,Kim Basinger,Kitty Potter,3
3586,20710,Chiara Mastroianni,Sophie Choiset,4
3586,9029,Stephen Rea,Milo O'Brannigan,5
3586,5682,Anouk Aimée,Simone Lowenthal,6
3586,4757,Rupert Everett,Jack Lowenthal,7
3586,25258,Rossy de Palma,Pilar,8
3586,33158,Tara Leon,Kiki Simpson,9
11314,68812,Ed Asner,Self (archive footage),0
11314,154782,Pat Benatar,Self,1
11314,141028,Johnny Carson,Self (archive footage),2
11314,10565,Dick Cavett,Self (archive footage),3
11314,92969,Marilyn Chambers,Self (archive footage),4
11314,20156,Sammy Davis Jr.,Self (archive footage),5
11314,104598,Lou Dobbs,Self (archive footage),6
11314,192772,Linda Ellerbee,Self (archive footage),7
11314,12446,Peter Sellers,Self (archive footage),8
11314,228814,Thomas Dolby,Self (archive footage),9
18215,6104,Julian Sands,Dr. Nick Cavanaugh,0
18215,6681,Sherilyn Fenn,Helena,1
18215,2053,Bill Paxton,Ray O'Malley,2
18215,64928,Art Garfunkel,Dr. Lawrence Augustine,3
18215,112748,Betsy Clark,Anne Garrett,4
18215,2115,Kurtwood Smith,Dr. Alan Harrison,5
18215,106731,Nicolette Scorsese,Fantasy Lover / Nurse,6
18215,102168,Meg Register,Marion Cavanaugh,7
18215,569897,Marla Levine,Patricia,8
18215,152767,Kim Lentz,Nurse Diane,9
2310,5538,Ray Winstone,Beowulf / Golden Man / Dragon,0
2310,11701,Angelina Jolie,Grendel's Mother (Motion Capture) (Voice),1
2310,4173,Anthony Hopkins,Hrothgar (Voice),2
2310,6949,John Malkovich,Unferth (Voice),3
2310,32,Robin Wright,Wealthow (Voice),4
2310,2039,Brendan Gleeson,Wiglaf (Voice),5
2310,1064,Crispin Glover,Grendel (Voice),6
2310,8291,Alison Lohman,Ursula (Voice),7
2310,2795429,Paul Baker,Musician #1,8
2310,1504584,John Bilezikjian,Musician #2,9
4478,4135,Robert Redford,John Gage,0
4478,3416,Demi Moore,Diana Murphy,1
4478,57755,Woody Harrelson,David Murphy,2
4478,5950,Seymour Cassel,Mr. Shackleford,3
4478,17485,Oliver Platt,Jeremy,4
4478,879,Billy Bob Thornton,Day Tripper,5
4478,9188,Billy Connolly,Auction M.C.,6
4478,37438,Rip Taylor,Mr. Langford,7
4478,37439,Pierre Epstein,Van Buren,8
4478,72421,Joel Brooks,Realtor,9
11356,3151,Jack Lemmon,Felix Ungar,0
11356,6837,Walter Matthau,Oscar Madison,1
11356,5247,John Fiedler,Vinnie,2
11356,14832,Herb Edelman,Murray,3
11356,51348,David Sheiner,Roy,4
11356,143770,Monica Evans,Cecily,5
11356,58770,Carole Shelley,Gwendolyn,6
11356,34509,Iris Adrian,Waitress,7
11356,140778,Billie Bird,Chambermaid (uncredited),8
11356,98241,Angelique Pettyjohn,Go-go Dancer (uncredited),9
763,11332,Timothy Balme,Lionel,0
763,11333,Diana Peñalver,Paquita,1
763,11334,Elizabeth Moody,Mum,2
763,11335,Ian Watkin,Uncle Les,3
763,11336,Brenda Kendall,Nurse McTavish,4
763,81876,Stuart Devenie,Father McGruder,5
763,173451,Jed Brophy,Void,6
763,3551746,Elizabeth Brimilcombe,Zombie Mum,7
763,11338,Stephen Papps,Zombie McGruder,8
763,11340,Murray Keane,Scroat,9
11228,16483,Sylvester Stallone,Kit Latura,0
11228,15851,Amy Brenneman,Madelyne Thompson,1
11228,110,Viggo Mortensen,Roy Nord,2
11228,16936,Stan Shaw,George Tyrell,3
11228,27860,Barry Newman,Norman Bassett,4
11228,6486,Dan Hedaya,Frank Kraft,5
11228,6067,Jay O. Sanders,Steven Crighton,6
11228,16215,Karen Young,Sarah Crighton,7
11228,29545,Claire Bloom,Eleanor Trilling,8
11228,100653,Vanessa Bell Calloway,Grace Calloway,9
12207,18897,Jackie Chan,Wong Fei-hung,0
12207,69636,Ti Lung,Wong Kei-Ying,1
12207,44917,Anita Mui Yim-Fong,Ling,2
12207,1083956,Ram Chiang Chi-Kwong,Tso,3
12207,26775,Lau Kar-leung,Fu Wen-Chi,4
12207,70690,Ken Lo Wai-Kwong,John,5
12207,84876,Pak Ho-Sung,Henry,6
12207,71655,Felix Wong Yat-Wah,Fishmonger Tsan,7
12207,1610527,Hoh Wing-Fong,Fun,8
12207,148884,Chin Ka-Lok,Fo Sang,9
9882,5292,Denzel Washington,Anthony 'Hub' Hubbard,0
9882,516,Annette Bening,Elise Kraft / Sharon Bridger,1
9882,62,Bruce Willis,Major-General William Devereaux,2
9882,4252,Tony Shalhoub,Agent Frank Haddad,3
9882,20667,Sami Bouajila,Samir Nazhde,4
9882,20644,Aasif Mandvi,Khalil Saleh,5
9882,136530,Mark Valley,FBI Agent Mike Johanssen,6
9882,159850,Jack Gwaltney,Fred Darius,7
9882,2555,David Proval,Danny Sussman,8
9882,129101,Lance Reddick,FBI Agent Floyd Rose,9
7452,5658,Michael Gambon,Albert Spica,0
7452,1977,Richard Bohringer,Richard Boarst,1
7452,15735,Helen Mirren,Georgina Spica,2
7452,1367,Alan Howard,Michael,3
7452,3129,Tim Roth,Mitchel,4
7452,8785,Ciarán Hinds,Cory,5
7452,7320,Liz Smith,Grace,6
7452,53349,Gary Olsen,Spangler,7
7452,3071,Ewan Stewart,Harris,8
7452,20243,Roger Ashton-Griffiths,Turpin,9
15512,368,Reese Witherspoon,Susan Murphy / Ginormica (voice),0
15512,19274,Seth Rogen,B.O.B. (voice),1
15512,41419,Hugh Laurie,Dr. Cockroach Ph.D. (voice),2
15512,11678,Rainn Wilson,Gallaxhar (voice),3
15512,21200,Will Arnett,The Missing Link (voice),4
15512,2628,Kiefer Sutherland,General W.R. Monger (voice),5
15512,22226,Paul Rudd,Derek Dietl (voice),6
15512,58769,Stephen Colbert,President Hathaway (voice),7
15512,24305,Julie White,Wendy Murphy (voice),8
15512,4175,Jeffrey Tambor,Carl Murphy (voice),9
10567,61962,D. B. Sweeney,Aladar (voice),0
10567,1981,Alfre Woodard,Plio (voice),1
10567,15531,Ossie Davis,Yar (voice),2
10567,7133,Max Casella,Zini (voice),3
10567,17265,Hayden Panettiere,Suri (voice),4
10567,67392,Samuel E. Wright,Kron (voice),5
10567,25654,Julianna Margulies,Neera (voice),6
10567,154693,Peter Siragusa,Bruton (voice),7
10567,23709,Joan Plowright,Baylene (voice),8
10567,56950,Della Reese,Eema (voice),9
9270,24045,Joseph Gordon-Levitt,Brendan Frye,0
9270,34070,Nora Zehetner,Laura Dannon,1
9270,71467,Matt O'Leary,The Brain,2
9270,57286,Noah Fleiss,Tugger,3
9270,526,Lukas Haas,The Pin,4
9270,22122,Meagan Good,Kara,5
9270,28660,Emilie de Ravin,Emily Kostich,6
9270,48312,Noah Segan,Dode,7
9270,31137,Brian J. White,Brad Bramish,8
9270,6487,Richard Roundtree,Assistant V.P. Trueman,9
9622,58198,Chris Farley,Haru,0
9622,37045,Nicollette Sheridan,Allison Page / Sally Jones,1
9622,57250,Robin Shou,Gobei,2
9622,27631,Nathaniel Parker,Martin Tanley,3
9622,2632,Chris Rock,Joey,4
9622,10345,Soon-Tek Oh,Sensei,5
9622,57255,Keith Cooke,Nobu,6
9622,60851,François Chau,Izumo,7
9622,99849,Dale Ishimoto,Old Japanese Man,8
9622,236360,Daming Chen,Head Kobudosai,9
4722,11067,Terry Kinney,Steve Malone,0
4722,39117,Meg Tilly,Carol Malone,1
4722,5503,Gabrielle Anwar,Marti Malone,2
4722,39115,Reilly Murphy,Andy Malone,3
4722,39112,Billy Wirth,Tim Young,4
4722,39113,Christine Elise,Jenn Platt,5
4722,8655,R. Lee Ermey,General Platt,6
4722,39114,Kathleen Doyle,Mrs. Platt,7
4722,2178,Forest Whitaker,Major Collins,8
4722,39116,G. Elvis Phillips,Pete,9
10393,6384,Keanu Reeves,Shane Falco,0
10393,193,Gene Hackman,Jimmy McGinty,1
10393,35980,Brooke Langton,Annabelle Farrell,2
10393,18270,Orlando Jones,Clifford Franklin,3
10393,62066,Faizon Love,Jamal Jackson,4
10393,15277,Jon Favreau,Daniel Bateman,5
10393,7026,Rhys Ifans,Nigel 'The Leg' Gruff,6
10393,65827,Keith David,Lindell,7
10393,1532981,Ace Yonamine,Jumbo,8
10393,76476,Troy Winbush,Walter Cochran,9
49849,8784,Daniel Craig,Jake Lonergan,0
49849,3,Harrison Ford,Woodrow Dolarhyde,1
49849,59315,Olivia Wilde,Ella Swenson,2
49849,6807,Sam Rockwell,Doc,3
49849,33527,Adam Beach,Nat Colorado,4
49849,17142,Paul Dano,Percy Dolarhyde,5
49849,88816,Noah Ringer,Emmet Taggart,6
49849,30613,Keith Carradine,Sheriff John Taggart,7
49849,6574,Clancy Brown,Meacham,8
49849,27740,Walton Goggins,Hunt,9
